date,BRL,MXN,CLP,HUF,JPY,EUR,CAD,CNH,KRW,INR,IDR,PHP,THB,TWD,SGD,MYR,US
2013-02-01,6.15,3.25,1.59,3.7,-0.3,2.0,0.5,2.0,1.6,9.99,3.84,2.8,3.38,1.11,3.6,1.3,1.6
2013-02-08,6.15,3.25,1.59,3.7,-0.3,2.0,0.5,2.0,1.6,9.99,3.84,2.8,3.38,1.11,3.6,1.3,1.6
2013-02-15,6.15,3.25,1.59,3.7,-0.3,2.0,0.5,2.0,1.6,9.99,3.84,2.8,3.38,1.11,3.6,1.3,1.6
2013-02-22,6.15,3.25,1.59,3.7,-0.3,2.0,0.5,2.0,1.6,9.99,3.84,2.8,3.38,1.11,3.6,1.3,1.6
2013-03-01,6.31,3.55,1.31,2.8,-0.7,1.9,1.2,3.2,1.6,10.26,4.6,2.9,3.23,2.96,4.9,1.5,2.0
2013-03-08,6.31,3.55,1.31,2.8,-0.7,1.9,1.2,3.2,1.6,10.26,4.6,2.9,3.23,2.96,4.9,1.5,2.0
2013-03-15,6.31,3.55,1.31,2.8,-0.7,1.9,1.2,3.2,1.6,10.26,4.6,2.9,3.23,2.96,4.9,1.5,2.0
2013-03-22,6.31,3.55,1.31,2.8,-0.7,1.9,1.2,3.2,1.6,10.26,4.6,2.9,3.23,2.96,4.9,1.5,2.0
2013-03-29,6.31,3.55,1.31,2.8,-0.7,1.9,1.2,3.2,1.6,10.26,4.6,2.9,3.23,2.96,4.9,1.5,2.0
2013-04-05,6.59,4.25,1.53,2.2,-0.9,1.7,1.0,2.1,1.5,9.44,5.02,2.7,2.69,1.35,3.5,1.6,1.5
2013-04-12,6.59,4.25,1.53,2.2,-0.9,1.7,1.0,2.1,1.5,9.44,5.02,2.7,2.69,1.35,3.5,1.6,1.5
2013-04-19,6.59,4.25,1.53,2.2,-0.9,1.7,1.0,2.1,1.5,9.44,5.02,2.7,2.69,1.35,3.5,1.6,1.5
2013-04-26,6.59,4.25,1.53,2.2,-0.9,1.7,1.0,2.1,1.5,9.44,5.02,2.7,2.69,1.35,3.5,1.6,1.5
2013-05-03,6.49,4.65,1.0,1.7,-0.7,1.2,0.4,2.4,1.3,8.49,4.86,2.2,2.42,1.05,1.5,1.7,1.1
2013-05-10,6.49,4.65,1.0,1.7,-0.7,1.2,0.4,2.4,1.3,8.49,4.86,2.2,2.42,1.05,1.5,1.7,1.1
2013-05-17,6.49,4.65,1.0,1.7,-0.7,1.2,0.4,2.4,1.3,8.49,4.86,2.2,2.42,1.05,1.5,1.7,1.1
2013-05-24,6.49,4.65,1.0,1.7,-0.7,1.2,0.4,2.4,1.3,8.49,4.86,2.2,2.42,1.05,1.5,1.7,1.1
2013-05-31,6.5,4.63,0.95,1.8,-0.3,1.4,0.7,2.1,1.1,8.42,4.9,2.3,2.27,0.73,1.6,1.8,1.4
2013-06-07,6.5,4.63,0.95,1.8,-0.3,1.4,0.7,2.1,1.1,8.42,4.9,2.3,2.27,0.73,1.6,1.8,1.4
2013-06-14,6.5,4.63,0.95,1.8,-0.3,1.4,0.7,2.1,1.1,8.42,4.9,2.3,2.27,0.73,1.6,1.8,1.4
2013-06-21,6.5,4.63,0.95,1.8,-0.3,1.4,0.7,2.1,1.1,8.42,4.9,2.3,2.27,0.73,1.6,1.8,1.4
2013-06-28,6.5,4.63,0.95,1.8,-0.3,1.4,0.7,2.1,1.1,8.42,4.9,2.3,2.27,0.73,1.6,1.8,1.4
2013-07-05,6.7,4.09,1.89,1.9,0.2,1.6,1.2,2.7,1.2,9.52,5.41,2.5,2.25,0.6,1.8,1.8,1.8
2013-07-12,6.7,4.09,1.89,1.9,0.2,1.6,1.2,2.7,1.2,9.52,5.41,2.5,2.25,0.6,1.8,1.8,1.8
2013-07-19,6.7,4.09,1.89,1.9,0.2,1.6,1.2,2.7,1.2,9.52,5.41,2.5,2.25,0.6,1.8,1.8,1.8
2013-07-26,6.7,4.09,1.89,1.9,0.2,1.6,1.2,2.7,1.2,9.52,5.41,2.5,2.25,0.6,1.8,1.8,1.8
2013-08-02,6.27,3.47,2.18,1.8,0.7,1.6,1.3,2.7,1.6,9.79,7.98,2.4,2.01,0.06,1.9,2.0,2.0
2013-08-09,6.27,3.47,2.18,1.8,0.7,1.6,1.3,2.7,1.6,9.79,7.98,2.4,2.01,0.06,1.9,2.0,2.0
2013-08-16,6.27,3.47,2.18,1.8,0.7,1.6,1.3,2.7,1.6,9.79,7.98,2.4,2.01,0.06,1.9,2.0,2.0
2013-08-23,6.27,3.47,2.18,1.8,0.7,1.6,1.3,2.7,1.6,9.79,7.98,2.4,2.01,0.06,1.9,2.0,2.0
2013-08-30,6.27,3.47,2.18,1.8,0.7,1.6,1.3,2.7,1.6,9.79,7.98,2.4,2.01,0.06,1.9,2.0,2.0
2013-09-06,6.09,3.46,2.19,1.3,0.9,1.3,1.1,2.6,1.5,9.98,8.18,1.8,1.59,-0.78,2.0,1.9,1.5
2013-09-13,6.09,3.46,2.19,1.3,0.9,1.3,1.1,2.6,1.5,9.98,8.18,1.8,1.59,-0.78,2.0,1.9,1.5
2013-09-20,6.09,3.46,2.19,1.3,0.9,1.3,1.1,2.6,1.5,9.98,8.18,1.8,1.59,-0.78,2.0,1.9,1.5
2013-09-27,6.09,3.46,2.19,1.3,0.9,1.3,1.1,2.6,1.5,9.98,8.18,1.8,1.59,-0.78,2.0,1.9,1.5
2013-10-04,5.86,3.39,1.97,1.4,1.1,1.1,1.1,3.0,1.0,10.5,7.9,2.3,1.43,0.85,1.6,2.6,1.2
2013-10-11,5.86,3.39,1.97,1.4,1.1,1.1,1.1,3.0,1.0,10.5,7.9,2.3,1.43,0.85,1.6,2.6,1.2
2013-10-18,5.86,3.39,1.97,1.4,1.1,1.1,1.1,3.0,1.0,10.5,7.9,2.3,1.43,0.85,1.6,2.6,1.2
2013-10-25,5.86,3.39,1.97,1.4,1.1,1.1,1.1,3.0,1.0,10.5,7.9,2.3,1.43,0.85,1.6,2.6,1.2
2013-11-01,5.84,3.36,1.54,0.9,1.1,0.7,0.7,3.2,0.9,10.81,7.93,2.4,1.46,0.65,2.0,2.8,1.0
2013-11-08,5.84,3.36,1.54,0.9,1.1,0.7,0.7,3.2,0.9,10.81,7.93,2.4,1.46,0.65,2.0,2.8,1.0
2013-11-15,5.84,3.36,1.54,0.9,1.1,0.7,0.7,3.2,0.9,10.81,7.93,2.4,1.46,0.65,2.0,2.8,1.0
2013-11-22,5.84,3.36,1.54,0.9,1.1,0.7,0.7,3.2,0.9,10.81,7.93,2.4,1.46,0.65,2.0,2.8,1.0
2013-11-29,5.84,3.36,1.54,0.9,1.1,0.7,0.7,3.2,0.9,10.81,7.93,2.4,1.46,0.65,2.0,2.8,1.0
2013-12-06,5.77,3.62,2.38,0.9,1.5,0.9,0.9,3.0,1.2,11.51,8.07,2.9,1.92,0.67,2.6,2.9,1.2
2013-12-13,5.77,3.62,2.38,0.9,1.5,0.9,0.9,3.0,1.2,11.51,8.07,2.9,1.92,0.67,2.6,2.9,1.2
2013-12-20,5.77,3.62,2.38,0.9,1.5,0.9,0.9,3.0,1.2,11.51,8.07,2.9,1.92,0.67,2.6,2.9,1.2
2013-12-27,5.77,3.62,2.38,0.9,1.5,0.9,0.9,3.0,1.2,11.51,8.07,2.9,1.92,0.67,2.6,2.9,1.2
2014-01-03,5.91,3.97,3.02,0.4,1.6,0.8,1.2,2.5,1.1,9.46,8.08,3.8,1.67,0.33,1.5,3.2,1.5
2014-01-10,5.91,3.97,3.02,0.4,1.6,0.8,1.2,2.5,1.1,9.46,8.08,3.8,1.67,0.33,1.5,3.2,1.5
2014-01-17,5.91,3.97,3.02,0.4,1.6,0.8,1.2,2.5,1.1,9.46,8.08,3.8,1.67,0.33,1.5,3.2,1.5
2014-01-24,5.91,3.97,3.02,0.4,1.6,0.8,1.2,2.5,1.1,9.46,8.08,3.8,1.67,0.33,1.5,3.2,1.5
2014-01-31,5.59,4.48,3.02,0.0,1.4,0.8,1.5,2.5,1.1,8.6,8.22,3.7,1.93,0.82,1.4,3.4,1.6
2014-02-07,5.59,4.48,3.02,0.0,1.4,0.8,1.5,2.5,1.1,8.6,8.22,3.7,1.93,0.82,1.4,3.4,1.6
2014-02-14,5.59,4.48,3.02,0.0,1.4,0.8,1.5,2.5,1.1,8.6,8.22,3.7,1.93,0.82,1.4,3.4,1.6
2014-02-21,5.59,4.48,3.02,0.0,1.4,0.8,1.5,2.5,1.1,8.6,8.22,3.7,1.93,0.82,1.4,3.4,1.6
2014-02-28,5.68,4.23,3.39,0.1,1.5,0.7,1.1,2.0,1.0,7.88,7.75,3.6,1.96,-0.04,0.4,3.5,1.1
2014-03-07,5.68,4.23,3.39,0.1,1.5,0.7,1.1,2.0,1.0,7.88,7.75,3.6,1.96,-0.04,0.4,3.5,1.1
2014-03-14,5.68,4.23,3.39,0.1,1.5,0.7,1.1,2.0,1.0,7.88,7.75,3.6,1.96,-0.04,0.4,3.5,1.1
2014-03-21,5.68,4.23,3.39,0.1,1.5,0.7,1.1,2.0,1.0,7.88,7.75,3.6,1.96,-0.04,0.4,3.5,1.1
2014-03-28,5.68,4.23,3.39,0.1,1.5,0.7,1.1,2.0,1.0,7.88,7.75,3.6,1.96,-0.04,0.4,3.5,1.1
2014-04-04,6.15,3.76,3.86,0.1,1.6,0.5,1.5,2.4,1.3,8.25,7.32,3.5,2.1,1.61,1.2,3.5,1.5
2014-04-11,6.15,3.76,3.86,0.1,1.6,0.5,1.5,2.4,1.3,8.25,7.32,3.5,2.1,1.61,1.2,3.5,1.5
2014-04-18,6.15,3.76,3.86,0.1,1.6,0.5,1.5,2.4,1.3,8.25,7.32,3.5,2.1,1.61,1.2,3.5,1.5
2014-04-25,6.15,3.76,3.86,0.1,1.6,0.5,1.5,2.4,1.3,8.25,7.32,3.5,2.1,1.61,1.2,3.5,1.5
2014-05-02,6.28,3.5,5.01,-0.1,3.4,0.7,2.0,1.8,1.5,8.48,7.25,3.6,2.46,1.65,2.3,3.4,2.0
2014-05-09,6.28,3.5,5.01,-0.1,3.4,0.7,2.0,1.8,1.5,8.48,7.25,3.6,2.46,1.65,2.3,3.4,2.0
2014-05-16,6.28,3.5,5.01,-0.1,3.4,0.7,2.0,1.8,1.5,8.48,7.25,3.6,2.46,1.65,2.3,3.4,2.0
2014-05-23,6.28,3.5,5.01,-0.1,3.4,0.7,2.0,1.8,1.5,8.48,7.25,3.6,2.46,1.65,2.3,3.4,2.0
2014-05-30,6.28,3.5,5.01,-0.1,3.4,0.7,2.0,1.8,1.5,8.48,7.25,3.6,2.46,1.65,2.3,3.4,2.0
2014-06-06,6.37,3.51,5.38,-0.1,3.7,0.5,2.3,2.5,1.7,8.33,7.32,4.0,2.61,1.62,2.3,3.2,2.1
2014-06-13,6.37,3.51,5.38,-0.1,3.7,0.5,2.3,2.5,1.7,8.33,7.32,4.0,2.61,1.62,2.3,3.2,2.1
2014-06-20,6.37,3.51,5.38,-0.1,3.7,0.5,2.3,2.5,1.7,8.33,7.32,4.0,2.61,1.62,2.3,3.2,2.1
2014-06-27,6.37,3.51,5.38,-0.1,3.7,0.5,2.3,2.5,1.7,8.33,7.32,4.0,2.61,1.62,2.3,3.2,2.1
2014-07-04,6.52,3.75,4.77,-0.3,3.6,0.5,2.4,2.3,1.7,6.77,6.7,3.8,2.35,1.63,1.9,3.3,2.1
2014-07-11,6.52,3.75,4.77,-0.3,3.6,0.5,2.4,2.3,1.7,6.77,6.7,3.8,2.35,1.63,1.9,3.3,2.1
2014-07-18,6.52,3.75,4.77,-0.3,3.6,0.5,2.4,2.3,1.7,6.77,6.7,3.8,2.35,1.63,1.9,3.3,2.1
2014-07-25,6.52,3.75,4.77,-0.3,3.6,0.5,2.4,2.3,1.7,6.77,6.7,3.8,2.35,1.63,1.9,3.3,2.1
2014-08-01,6.5,4.07,4.73,0.1,3.4,0.4,2.1,2.3,1.6,7.39,4.53,4.2,2.16,1.75,1.3,3.2,2.0
2014-08-08,6.5,4.07,4.73,0.1,3.4,0.4,2.1,2.3,1.6,7.39,4.53,4.2,2.16,1.75,1.3,3.2,2.0
2014-08-15,6.5,4.07,4.73,0.1,3.4,0.4,2.1,2.3,1.6,7.39,4.53,4.2,2.16,1.75,1.3,3.2,2.0
2014-08-22,6.5,4.07,4.73,0.1,3.4,0.4,2.1,2.3,1.6,7.39,4.53,4.2,2.16,1.75,1.3,3.2,2.0
2014-08-29,6.5,4.07,4.73,0.1,3.4,0.4,2.1,2.3,1.6,7.39,4.53,4.2,2.16,1.75,1.3,3.2,2.0
2014-09-05,6.51,4.15,4.81,0.2,3.3,0.4,2.1,2.0,1.4,7.03,3.99,4.2,2.09,2.08,1.0,3.3,1.7
2014-09-12,6.51,4.15,4.81,0.2,3.3,0.4,2.1,2.0,1.4,7.03,3.99,4.2,2.09,2.08,1.0,3.3,1.7
2014-09-19,6.51,4.15,4.81,0.2,3.3,0.4,2.1,2.0,1.4,7.03,3.99,4.2,2.09,2.08,1.0,3.3,1.7
2014-09-26,6.51,4.15,4.81,0.2,3.3,0.4,2.1,2.0,1.4,7.03,3.99,4.2,2.09,2.08,1.0,3.3,1.7
2014-10-03,6.75,4.22,5.13,-0.5,3.2,0.3,2.0,1.6,1.1,5.63,4.53,3.9,1.75,0.71,0.7,2.6,1.7
2014-10-10,6.75,4.22,5.13,-0.5,3.2,0.3,2.0,1.6,1.1,5.63,4.53,3.9,1.75,0.71,0.7,2.6,1.7
2014-10-17,6.75,4.22,5.13,-0.5,3.2,0.3,2.0,1.6,1.1,5.63,4.53,3.9,1.75,0.71,0.7,2.6,1.7
2014-10-24,6.75,4.22,5.13,-0.5,3.2,0.3,2.0,1.6,1.1,5.63,4.53,3.9,1.75,0.71,0.7,2.6,1.7
2014-10-31,6.59,4.3,6.08,-0.4,2.9,0.4,2.4,1.6,1.2,4.62,4.83,3.7,1.48,1.06,0.2,2.8,1.7
2014-11-07,6.59,4.3,6.08,-0.4,2.9,0.4,2.4,1.6,1.2,4.62,4.83,3.7,1.48,1.06,0.2,2.8,1.7
2014-11-14,6.59,4.3,6.08,-0.4,2.9,0.4,2.4,1.6,1.2,4.62,4.83,3.7,1.48,1.06,0.2,2.8,1.7
2014-11-21,6.59,4.3,6.08,-0.4,2.9,0.4,2.4,1.6,1.2,4.62,4.83,3.7,1.48,1.06,0.2,2.8,1.7
2014-11-28,6.59,4.3,6.08,-0.4,2.9,0.4,2.4,1.6,1.2,4.62,4.83,3.7,1.48,1.06,0.2,2.8,1.7
2014-12-05,6.56,4.17,5.7,-0.7,2.4,0.3,2.0,1.4,1.0,3.27,6.23,3.0,1.26,0.85,-0.3,3.0,1.3
2014-12-12,6.56,4.17,5.7,-0.7,2.4,0.3,2.0,1.4,1.0,3.27,6.23,3.0,1.26,0.85,-0.3,3.0,1.3
2014-12-19,6.56,4.17,5.7,-0.7,2.4,0.3,2.0,1.4,1.0,3.27,6.23,3.0,1.26,0.85,-0.3,3.0,1.3
2014-12-26,6.56,4.17,5.7,-0.7,2.4,0.3,2.0,1.4,1.0,3.27,6.23,3.0,1.26,0.85,-0.3,3.0,1.3
2015-01-02,6.41,4.08,4.64,-0.9,2.4,-0.2,1.5,1.5,0.8,4.28,8.36,1.9,0.6,0.61,-0.1,2.7,0.8
2015-01-09,6.41,4.08,4.64,-0.9,2.4,-0.2,1.5,1.5,0.8,4.28,8.36,1.9,0.6,0.61,-0.1,2.7,0.8
2015-01-16,6.41,4.08,4.64,-0.9,2.4,-0.2,1.5,1.5,0.8,4.28,8.36,1.9,0.6,0.61,-0.1,2.7,0.8
2015-01-23,6.41,4.08,4.64,-0.9,2.4,-0.2,1.5,1.5,0.8,4.28,8.36,1.9,0.6,0.61,-0.1,2.7,0.8
2015-01-30,6.41,4.08,4.64,-0.9,2.4,-0.2,1.5,1.5,0.8,4.28,8.36,1.9,0.6,0.61,-0.1,2.7,0.8
2015-02-06,7.14,3.07,4.54,-1.4,2.4,-0.6,1.0,0.8,1.0,5.19,6.96,1.5,-0.4,-0.93,-0.4,1.0,-0.1
2015-02-13,7.14,3.07,4.54,-1.4,2.4,-0.6,1.0,0.8,1.0,5.19,6.96,1.5,-0.4,-0.93,-0.4,1.0,-0.1
2015-02-20,7.14,3.07,4.54,-1.4,2.4,-0.6,1.0,0.8,1.0,5.19,6.96,1.5,-0.4,-0.93,-0.4,1.0,-0.1
2015-02-27,7.14,3.07,4.54,-1.4,2.4,-0.6,1.0,0.8,1.0,5.19,6.96,1.5,-0.4,-0.93,-0.4,1.0,-0.1
2015-03-06,7.7,3.0,4.39,-1.0,2.2,-0.3,1.0,1.4,0.6,5.37,6.29,1.5,-0.53,-0.2,-0.3,0.1,0.0
2015-03-13,7.7,3.0,4.39,-1.0,2.2,-0.3,1.0,1.4,0.6,5.37,6.29,1.5,-0.53,-0.2,-0.3,0.1,0.0
2015-03-20,7.7,3.0,4.39,-1.0,2.2,-0.3,1.0,1.4,0.6,5.37,6.29,1.5,-0.53,-0.2,-0.3,0.1,0.0
2015-03-27,7.7,3.0,4.39,-1.0,2.2,-0.3,1.0,1.4,0.6,5.37,6.29,1.5,-0.53,-0.2,-0.3,0.1,0.0
2015-04-03,8.13,3.14,4.19,-0.6,2.3,-0.1,1.2,1.4,0.5,5.25,6.38,1.5,-0.56,-0.62,-0.3,0.9,-0.1
2015-04-10,8.13,3.14,4.19,-0.6,2.3,-0.1,1.2,1.4,0.5,5.25,6.38,1.5,-0.56,-0.62,-0.3,0.9,-0.1
2015-04-17,8.13,3.14,4.19,-0.6,2.3,-0.1,1.2,1.4,0.5,5.25,6.38,1.5,-0.56,-0.62,-0.3,0.9,-0.1
2015-04-24,8.13,3.14,4.19,-0.6,2.3,-0.1,1.2,1.4,0.5,5.25,6.38,1.5,-0.56,-0.62,-0.3,0.9,-0.1
2015-05-01,8.17,3.06,4.13,-0.3,0.6,0.2,0.8,1.5,0.4,4.87,6.79,1.4,-1.04,-0.82,-0.5,1.8,-0.2
2015-05-08,8.17,3.06,4.13,-0.3,0.6,0.2,0.8,1.5,0.4,4.87,6.79,1.4,-1.04,-0.82,-0.5,1.8,-0.2
2015-05-15,8.17,3.06,4.13,-0.3,0.6,0.2,0.8,1.5,0.4,4.87,6.79,1.4,-1.04,-0.82,-0.5,1.8,-0.2
2015-05-22,8.17,3.06,4.13,-0.3,0.6,0.2,0.8,1.5,0.4,4.87,6.79,1.4,-1.04,-0.82,-0.5,1.8,-0.2
2015-05-29,8.17,3.06,4.13,-0.3,0.6,0.2,0.8,1.5,0.4,4.87,6.79,1.4,-1.04,-0.82,-0.5,1.8,-0.2
2015-06-05,8.47,2.88,3.97,0.5,0.5,0.6,0.9,1.2,0.6,5.01,7.15,0.9,-1.27,-0.73,-0.4,2.1,0.0
2015-06-12,8.47,2.88,3.97,0.5,0.5,0.6,0.9,1.2,0.6,5.01,7.15,0.9,-1.27,-0.73,-0.4,2.1,0.0
2015-06-19,8.47,2.88,3.97,0.5,0.5,0.6,0.9,1.2,0.6,5.01,7.15,0.9,-1.27,-0.73,-0.4,2.1,0.0
2015-06-26,8.47,2.88,3.97,0.5,0.5,0.6,0.9,1.2,0.6,5.01,7.15,0.9,-1.27,-0.73,-0.4,2.1,0.0
2015-07-03,8.89,2.87,4.42,0.6,0.4,0.5,1.0,1.4,0.7,5.4,7.26,0.6,-1.06,-0.56,-0.3,2.5,0.1
2015-07-10,8.89,2.87,4.42,0.6,0.4,0.5,1.0,1.4,0.7,5.4,7.26,0.6,-1.06,-0.56,-0.3,2.5,0.1
2015-07-17,8.89,2.87,4.42,0.6,0.4,0.5,1.0,1.4,0.7,5.4,7.26,0.6,-1.06,-0.56,-0.3,2.5,0.1
2015-07-24,8.89,2.87,4.42,0.6,0.4,0.5,1.0,1.4,0.7,5.4,7.26,0.6,-1.06,-0.56,-0.3,2.5,0.1
2015-07-31,9.56,2.74,4.62,0.4,0.2,0.6,1.3,1.7,0.7,3.69,7.26,0.2,-1.05,-0.63,-0.4,3.3,0.2
2015-08-07,9.56,2.74,4.62,0.4,0.2,0.6,1.3,1.7,0.7,3.69,7.26,0.2,-1.05,-0.63,-0.4,3.3,0.2
2015-08-14,9.56,2.74,4.62,0.4,0.2,0.6,1.3,1.7,0.7,3.69,7.26,0.2,-1.05,-0.63,-0.4,3.3,0.2
2015-08-21,9.56,2.74,4.62,0.4,0.2,0.6,1.3,1.7,0.7,3.69,7.26,0.2,-1.05,-0.63,-0.4,3.3,0.2
2015-08-28,9.56,2.74,4.62,0.4,0.2,0.6,1.3,1.7,0.7,3.69,7.26,0.2,-1.05,-0.63,-0.4,3.3,0.2
2015-09-04,9.53,2.59,5.0,0.0,0.2,0.4,1.3,2.0,0.7,3.74,7.18,0.0,-1.19,-0.45,-0.8,3.1,0.2
2015-09-11,9.53,2.59,5.0,0.0,0.2,0.4,1.3,2.0,0.7,3.74,7.18,0.0,-1.19,-0.45,-0.8,3.1,0.2
2015-09-18,9.53,2.59,5.0,0.0,0.2,0.4,1.3,2.0,0.7,3.74,7.18,0.0,-1.19,-0.45,-0.8,3.1,0.2
2015-09-25,9.53,2.59,5.0,0.0,0.2,0.4,1.3,2.0,0.7,3.74,7.18,0.0,-1.19,-0.45,-0.8,3.1,0.2
2015-10-02,9.49,2.52,4.64,-0.4,0.0,0.2,1.0,1.6,0.5,4.41,6.83,-0.4,-1.07,0.29,-0.6,2.6,0.0
2015-10-09,9.49,2.52,4.64,-0.4,0.0,0.2,1.0,1.6,0.5,4.41,6.83,-0.4,-1.07,0.29,-0.6,2.6,0.0
2015-10-16,9.49,2.52,4.64,-0.4,0.0,0.2,1.0,1.6,0.5,4.41,6.83,-0.4,-1.07,0.29,-0.6,2.6,0.0
2015-10-23,9.49,2.52,4.64,-0.4,0.0,0.2,1.0,1.6,0.5,4.41,6.83,-0.4,-1.07,0.29,-0.6,2.6,0.0
2015-10-30,9.49,2.52,4.64,-0.4,0.0,0.2,1.0,1.6,0.5,4.41,6.83,-0.4,-1.07,0.29,-0.6,2.6,0.0
2015-11-06,9.93,2.48,3.99,0.1,0.3,0.4,1.0,1.3,0.8,5.0,6.25,-0.2,-0.77,0.3,-0.8,2.5,0.2
2015-11-13,9.93,2.48,3.99,0.1,0.3,0.4,1.0,1.3,0.8,5.0,6.25,-0.2,-0.77,0.3,-0.8,2.5,0.2
2015-11-20,9.93,2.48,3.99,0.1,0.3,0.4,1.0,1.3,0.8,5.0,6.25,-0.2,-0.77,0.3,-0.8,2.5,0.2
2015-11-27,9.93,2.48,3.99,0.1,0.3,0.4,1.0,1.3,0.8,5.0,6.25,-0.2,-0.77,0.3,-0.8,2.5,0.2
2015-12-04,10.48,2.21,3.94,0.5,0.3,0.1,1.4,1.5,0.8,5.41,4.89,0.3,-0.98,0.54,-0.8,2.6,0.5
2015-12-11,10.48,2.21,3.94,0.5,0.3,0.1,1.4,1.5,0.8,5.41,4.89,0.3,-0.98,0.54,-0.8,2.6,0.5
2015-12-18,10.48,2.21,3.94,0.5,0.3,0.1,1.4,1.5,0.8,5.41,4.89,0.3,-0.98,0.54,-0.8,2.6,0.5
2015-12-25,10.48,2.21,3.94,0.5,0.3,0.1,1.4,1.5,0.8,5.41,4.89,0.3,-0.98,0.54,-0.8,2.6,0.5
2016-01-01,10.67,2.13,4.39,0.9,0.2,0.2,1.6,1.6,1.1,5.61,3.35,0.7,-0.86,0.13,-0.6,2.7,0.7
2016-01-08,10.67,2.13,4.39,0.9,0.2,0.2,1.6,1.6,1.1,5.61,3.35,0.7,-0.86,0.13,-0.6,2.7,0.7
2016-01-15,10.67,2.13,4.39,0.9,0.2,0.2,1.6,1.6,1.1,5.61,3.35,0.7,-0.86,0.13,-0.6,2.7,0.7
2016-01-22,10.67,2.13,4.39,0.9,0.2,0.2,1.6,1.6,1.1,5.61,3.35,0.7,-0.86,0.13,-0.6,2.7,0.7
2016-01-29,10.67,2.13,4.39,0.9,0.2,0.2,1.6,1.6,1.1,5.61,3.35,0.7,-0.86,0.13,-0.6,2.7,0.7
2016-02-05,10.71,2.61,4.79,0.9,-0.1,0.3,2.0,1.8,0.6,5.69,4.14,0.7,-0.54,0.8,-0.6,3.5,1.4
2016-02-12,10.71,2.61,4.79,0.9,-0.1,0.3,2.0,1.8,0.6,5.69,4.14,0.7,-0.54,0.8,-0.6,3.5,1.4
2016-02-19,10.71,2.61,4.79,0.9,-0.1,0.3,2.0,1.8,0.6,5.69,4.14,0.7,-0.54,0.8,-0.6,3.5,1.4
2016-02-26,10.71,2.61,4.79,0.9,-0.1,0.3,2.0,1.8,0.6,5.69,4.14,0.7,-0.54,0.8,-0.6,3.5,1.4
2016-03-04,10.36,2.87,4.71,0.3,0.2,-0.1,1.4,2.3,1.1,5.26,4.42,0.5,-0.5,2.41,-0.8,4.2,1.0
2016-03-11,10.36,2.87,4.71,0.3,0.2,-0.1,1.4,2.3,1.1,5.26,4.42,0.5,-0.5,2.41,-0.8,4.2,1.0
2016-03-18,10.36,2.87,4.71,0.3,0.2,-0.1,1.4,2.3,1.1,5.26,4.42,0.5,-0.5,2.41,-0.8,4.2,1.0
2016-03-25,10.36,2.87,4.71,0.3,0.2,-0.1,1.4,2.3,1.1,5.26,4.42,0.5,-0.5,2.41,-0.8,4.2,1.0
2016-04-01,9.39,2.6,4.45,-0.2,0.0,0.0,1.3,2.3,0.8,4.83,4.45,0.6,-0.46,2.01,-1.0,2.6,0.9
2016-04-08,9.39,2.6,4.45,-0.2,0.0,0.0,1.3,2.3,0.8,4.83,4.45,0.6,-0.46,2.01,-1.0,2.6,0.9
2016-04-15,9.39,2.6,4.45,-0.2,0.0,0.0,1.3,2.3,0.8,4.83,4.45,0.6,-0.46,2.01,-1.0,2.6,0.9
2016-04-22,9.39,2.6,4.45,-0.2,0.0,0.0,1.3,2.3,0.8,4.83,4.45,0.6,-0.46,2.01,-1.0,2.6,0.9
2016-04-29,9.39,2.6,4.45,-0.2,0.0,0.0,1.3,2.3,0.8,4.83,4.45,0.6,-0.46,2.01,-1.0,2.6,0.9
2016-05-06,9.28,2.54,4.2,0.2,-0.3,-0.3,1.7,2.3,1.0,5.47,3.6,0.7,0.06,1.88,-0.5,2.1,1.1
2016-05-13,9.28,2.54,4.2,0.2,-0.3,-0.3,1.7,2.3,1.0,5.47,3.6,0.7,0.06,1.88,-0.5,2.1,1.1
2016-05-20,9.28,2.54,4.2,0.2,-0.3,-0.3,1.7,2.3,1.0,5.47,3.6,0.7,0.06,1.88,-0.5,2.1,1.1
2016-05-27,9.28,2.54,4.2,0.2,-0.3,-0.3,1.7,2.3,1.0,5.47,3.6,0.7,0.06,1.88,-0.5,2.1,1.1
2016-06-03,9.32,2.6,4.25,-0.2,-0.5,-0.1,1.5,2.0,0.8,5.76,3.33,0.9,0.46,1.23,-1.6,2.0,1.0
2016-06-10,9.32,2.6,4.25,-0.2,-0.5,-0.1,1.5,2.0,0.8,5.76,3.33,0.9,0.46,1.23,-1.6,2.0,1.0
2016-06-17,9.32,2.6,4.25,-0.2,-0.5,-0.1,1.5,2.0,0.8,5.76,3.33,0.9,0.46,1.23,-1.6,2.0,1.0
2016-06-24,9.32,2.6,4.25,-0.2,-0.5,-0.1,1.5,2.0,0.8,5.76,3.33,0.9,0.46,1.23,-1.6,2.0,1.0
2016-07-01,8.84,2.54,4.2,-0.2,-0.4,0.1,1.5,1.9,0.7,5.77,3.45,1.3,0.39,0.9,-0.7,1.6,1.0
2016-07-08,8.84,2.54,4.2,-0.2,-0.4,0.1,1.5,1.9,0.7,5.77,3.45,1.3,0.39,0.9,-0.7,1.6,1.0
2016-07-15,8.84,2.54,4.2,-0.2,-0.4,0.1,1.5,1.9,0.7,5.77,3.45,1.3,0.39,0.9,-0.7,1.6,1.0
2016-07-22,8.84,2.54,4.2,-0.2,-0.4,0.1,1.5,1.9,0.7,5.77,3.45,1.3,0.39,0.9,-0.7,1.6,1.0
2016-07-29,8.84,2.54,4.2,-0.2,-0.4,0.1,1.5,1.9,0.7,5.77,3.45,1.3,0.39,0.9,-0.7,1.6,1.0
2016-08-05,8.74,2.65,4.01,-0.3,-0.4,0.2,1.3,1.8,0.4,6.07,3.21,1.3,0.11,1.24,-0.6,1.1,0.8
2016-08-12,8.74,2.65,4.01,-0.3,-0.4,0.2,1.3,1.8,0.4,6.07,3.21,1.3,0.11,1.24,-0.6,1.1,0.8
2016-08-19,8.74,2.65,4.01,-0.3,-0.4,0.2,1.3,1.8,0.4,6.07,3.21,1.3,0.11,1.24,-0.6,1.1,0.8
2016-08-26,8.74,2.65,4.01,-0.3,-0.4,0.2,1.3,1.8,0.4,6.07,3.21,1.3,0.11,1.24,-0.6,1.1,0.8
2016-09-02,8.97,2.73,3.37,-0.1,-0.5,0.2,1.1,1.3,0.5,5.05,2.79,1.3,0.29,0.57,-0.3,1.5,1.1
2016-09-09,8.97,2.73,3.37,-0.1,-0.5,0.2,1.1,1.3,0.5,5.05,2.79,1.3,0.29,0.57,-0.3,1.5,1.1
2016-09-16,8.97,2.73,3.37,-0.1,-0.5,0.2,1.1,1.3,0.5,5.05,2.79,1.3,0.29,0.57,-0.3,1.5,1.1
2016-09-23,8.97,2.73,3.37,-0.1,-0.5,0.2,1.1,1.3,0.5,5.05,2.79,1.3,0.29,0.57,-0.3,1.5,1.1
2016-09-30,8.48,2.97,3.1,0.6,-0.5,0.4,1.3,1.9,1.3,4.39,3.07,1.7,0.38,0.33,-0.2,1.5,1.5
2016-10-07,8.48,2.97,3.1,0.6,-0.5,0.4,1.3,1.9,1.3,4.39,3.07,1.7,0.38,0.33,-0.2,1.5,1.5
2016-10-14,8.48,2.97,3.1,0.6,-0.5,0.4,1.3,1.9,1.3,4.39,3.07,1.7,0.38,0.33,-0.2,1.5,1.5
2016-10-21,8.48,2.97,3.1,0.6,-0.5,0.4,1.3,1.9,1.3,4.39,3.07,1.7,0.38,0.33,-0.2,1.5,1.5
2016-10-28,8.48,2.97,3.1,0.6,-0.5,0.4,1.3,1.9,1.3,4.39,3.07,1.7,0.38,0.33,-0.2,1.5,1.5
2016-11-04,7.87,3.06,2.84,1.0,0.1,0.5,1.5,2.1,1.5,4.2,3.31,1.8,0.34,1.7,-0.1,1.4,1.6
2016-11-11,7.87,3.06,2.84,1.0,0.1,0.5,1.5,2.1,1.5,4.2,3.31,1.8,0.34,1.7,-0.1,1.4,1.6
2016-11-18,7.87,3.06,2.84,1.0,0.1,0.5,1.5,2.1,1.5,4.2,3.31,1.8,0.34,1.7,-0.1,1.4,1.6
2016-11-25,7.87,3.06,2.84,1.0,0.1,0.5,1.5,2.1,1.5,4.2,3.31,1.8,0.34,1.7,-0.1,1.4,1.6
2016-12-02,6.99,3.31,2.93,1.1,0.5,0.6,1.2,2.2,1.5,3.63,3.58,2.1,0.61,1.97,0.0,1.7,1.7
2016-12-09,6.99,3.31,2.93,1.1,0.5,0.6,1.2,2.2,1.5,3.63,3.58,2.1,0.61,1.97,0.0,1.7,1.7
2016-12-16,6.99,3.31,2.93,1.1,0.5,0.6,1.2,2.2,1.5,3.63,3.58,2.1,0.61,1.97,0.0,1.7,1.7
2016-12-23,6.99,3.31,2.93,1.1,0.5,0.6,1.2,2.2,1.5,3.63,3.58,2.1,0.61,1.97,0.0,1.7,1.7
2016-12-30,6.99,3.31,2.93,1.1,0.5,0.6,1.2,2.2,1.5,3.63,3.58,2.1,0.61,1.97,0.0,1.7,1.7
2017-01-06,6.29,3.36,2.7,1.8,0.3,1.1,1.5,2.1,1.3,3.41,3.02,2.2,1.12,1.69,0.2,1.7,2.1
2017-01-13,6.29,3.36,2.7,1.8,0.3,1.1,1.5,2.1,1.3,3.41,3.02,2.2,1.12,1.69,0.2,1.7,2.1
2017-01-20,6.29,3.36,2.7,1.8,0.3,1.1,1.5,2.1,1.3,3.41,3.02,2.2,1.12,1.69,0.2,1.7,2.1
2017-01-27,6.29,3.36,2.7,1.8,0.3,1.1,1.5,2.1,1.3,3.41,3.02,2.2,1.12,1.69,0.2,1.7,2.1
2017-02-03,5.35,4.72,2.77,2.3,0.4,1.7,2.1,2.5,2.2,3.17,3.49,2.5,1.55,2.24,0.6,3.1,2.5
2017-02-10,5.35,4.72,2.77,2.3,0.4,1.7,2.1,2.5,2.2,3.17,3.49,2.5,1.55,2.24,0.6,3.1,2.5
2017-02-17,5.35,4.72,2.77,2.3,0.4,1.7,2.1,2.5,2.2,3.17,3.49,2.5,1.55,2.24,0.6,3.1,2.5
2017-02-24,5.35,4.72,2.77,2.3,0.4,1.7,2.1,2.5,2.2,3.17,3.49,2.5,1.55,2.24,0.6,3.1,2.5
2017-03-03,4.76,4.86,2.75,2.9,0.3,2.0,2.0,0.8,2.1,3.65,3.83,3.1,1.45,-0.06,0.7,4.5,2.7
2017-03-10,4.76,4.86,2.75,2.9,0.3,2.0,2.0,0.8,2.1,3.65,3.83,3.1,1.45,-0.06,0.7,4.5,2.7
2017-03-17,4.76,4.86,2.75,2.9,0.3,2.0,2.0,0.8,2.1,3.65,3.83,3.1,1.45,-0.06,0.7,4.5,2.7
2017-03-24,4.76,4.86,2.75,2.9,0.3,2.0,2.0,0.8,2.1,3.65,3.83,3.1,1.45,-0.06,0.7,4.5,2.7
2017-03-31,4.57,5.35,2.75,2.7,0.2,1.5,1.6,0.9,2.3,3.89,3.61,3.1,0.76,0.18,0.7,4.9,2.4
2017-04-07,4.57,5.35,2.75,2.7,0.2,1.5,1.6,0.9,2.3,3.89,3.61,3.1,0.76,0.18,0.7,4.9,2.4
2017-04-14,4.57,5.35,2.75,2.7,0.2,1.5,1.6,0.9,2.3,3.89,3.61,3.1,0.76,0.18,0.7,4.9,2.4
2017-04-21,4.57,5.35,2.75,2.7,0.2,1.5,1.6,0.9,2.3,3.89,3.61,3.1,0.76,0.18,0.7,4.9,2.4
2017-04-28,4.57,5.35,2.75,2.7,0.2,1.5,1.6,0.9,2.3,3.89,3.61,3.1,0.76,0.18,0.7,4.9,2.4
2017-05-05,4.08,5.82,2.65,2.2,0.4,1.9,1.6,1.2,2.0,2.99,4.17,3.2,0.38,0.09,0.4,4.3,2.2
2017-05-12,4.08,5.82,2.65,2.2,0.4,1.9,1.6,1.2,2.0,2.99,4.17,3.2,0.38,0.09,0.4,4.3,2.2
2017-05-19,4.08,5.82,2.65,2.2,0.4,1.9,1.6,1.2,2.0,2.99,4.17,3.2,0.38,0.09,0.4,4.3,2.2
2017-05-26,4.08,5.82,2.65,2.2,0.4,1.9,1.6,1.2,2.0,2.99,4.17,3.2,0.38,0.09,0.4,4.3,2.2
2017-06-02,3.6,6.16,2.54,2.1,0.4,1.4,1.3,1.5,2.0,2.18,4.33,2.9,-0.04,0.6,1.4,3.8,1.9
2017-06-09,3.6,6.16,2.54,2.1,0.4,1.4,1.3,1.5,2.0,2.18,4.33,2.9,-0.04,0.6,1.4,3.8,1.9
2017-06-16,3.6,6.16,2.54,2.1,0.4,1.4,1.3,1.5,2.0,2.18,4.33,2.9,-0.04,0.6,1.4,3.8,1.9
2017-06-23,3.6,6.16,2.54,2.1,0.4,1.4,1.3,1.5,2.0,2.18,4.33,2.9,-0.04,0.6,1.4,3.8,1.9
2017-06-30,3.0,6.31,1.7,1.9,0.4,1.3,1.0,1.5,1.8,1.46,4.37,2.5,-0.05,1.0,0.5,3.4,1.6
2017-07-07,3.0,6.31,1.7,1.9,0.4,1.3,1.0,1.5,1.8,1.46,4.37,2.5,-0.05,1.0,0.5,3.4,1.6
2017-07-14,3.0,6.31,1.7,1.9,0.4,1.3,1.0,1.5,1.8,1.46,4.37,2.5,-0.05,1.0,0.5,3.4,1.6
2017-07-21,3.0,6.31,1.7,1.9,0.4,1.3,1.0,1.5,1.8,1.46,4.37,2.5,-0.05,1.0,0.5,3.4,1.6
2017-07-28,3.0,6.31,1.7,1.9,0.4,1.3,1.0,1.5,1.8,1.46,4.37,2.5,-0.05,1.0,0.5,3.4,1.6
2017-08-04,2.71,6.44,1.69,2.1,0.4,1.3,1.2,1.4,2.2,2.36,3.88,2.4,0.16,0.77,0.6,3.1,1.7
2017-08-11,2.71,6.44,1.69,2.1,0.4,1.3,1.2,1.4,2.2,2.36,3.88,2.4,0.16,0.77,0.6,3.1,1.7
2017-08-18,2.71,6.44,1.69,2.1,0.4,1.3,1.2,1.4,2.2,2.36,3.88,2.4,0.16,0.77,0.6,3.1,1.7
2017-08-25,2.71,6.44,1.69,2.1,0.4,1.3,1.2,1.4,2.2,2.36,3.88,2.4,0.16,0.77,0.6,3.1,1.7
2017-09-01,2.46,6.66,1.84,2.6,0.7,1.5,1.4,1.8,2.5,3.28,3.82,2.6,0.32,0.96,0.4,3.6,1.9
2017-09-08,2.46,6.66,1.84,2.6,0.7,1.5,1.4,1.8,2.5,3.28,3.82,2.6,0.32,0.96,0.4,3.6,1.9
2017-09-15,2.46,6.66,1.84,2.6,0.7,1.5,1.4,1.8,2.5,3.28,3.82,2.6,0.32,0.96,0.4,3.6,1.9
2017-09-22,2.46,6.66,1.84,2.6,0.7,1.5,1.4,1.8,2.5,3.28,3.82,2.6,0.32,0.96,0.4,3.6,1.9
2017-09-29,2.46,6.66,1.84,2.6,0.7,1.5,1.4,1.8,2.5,3.28,3.82,2.6,0.32,0.96,0.4,3.6,1.9
2017-10-06,2.54,6.35,1.45,2.5,0.7,1.6,1.6,1.6,2.0,3.28,3.72,3.0,0.86,0.49,0.4,4.2,2.2
2017-10-13,2.54,6.35,1.45,2.5,0.7,1.6,1.6,1.6,2.0,3.28,3.72,3.0,0.86,0.49,0.4,4.2,2.2
2017-10-20,2.54,6.35,1.45,2.5,0.7,1.6,1.6,1.6,2.0,3.28,3.72,3.0,0.86,0.49,0.4,4.2,2.2
2017-10-27,2.54,6.35,1.45,2.5,0.7,1.6,1.6,1.6,2.0,3.28,3.72,3.0,0.86,0.49,0.4,4.2,2.2
2017-11-03,2.7,6.37,1.88,2.2,0.2,1.4,1.4,1.9,1.8,3.58,3.58,3.1,0.86,-0.33,0.4,3.7,2.0
2017-11-10,2.7,6.37,1.88,2.2,0.2,1.4,1.4,1.9,1.8,3.58,3.58,3.1,0.86,-0.33,0.4,3.7,2.0
2017-11-17,2.7,6.37,1.88,2.2,0.2,1.4,1.4,1.9,1.8,3.58,3.58,3.1,0.86,-0.33,0.4,3.7,2.0
2017-11-24,2.7,6.37,1.88,2.2,0.2,1.4,1.4,1.9,1.8,3.58,3.58,3.1,0.86,-0.33,0.4,3.7,2.0
2017-12-01,2.8,6.63,1.92,2.5,0.6,1.5,2.1,1.7,1.2,4.88,3.3,3.0,0.98,0.34,0.6,3.4,2.2
2017-12-08,2.8,6.63,1.92,2.5,0.6,1.5,2.1,1.7,1.2,4.88,3.3,3.0,0.98,0.34,0.6,3.4,2.2
2017-12-15,2.8,6.63,1.92,2.5,0.6,1.5,2.1,1.7,1.2,4.88,3.3,3.0,0.98,0.34,0.6,3.4,2.2
2017-12-22,2.8,6.63,1.92,2.5,0.6,1.5,2.1,1.7,1.2,4.88,3.3,3.0,0.98,0.34,0.6,3.4,2.2
2017-12-29,2.8,6.63,1.92,2.5,0.6,1.5,2.1,1.7,1.2,4.88,3.3,3.0,0.98,0.34,0.6,3.4,2.2
2018-01-05,2.95,6.77,2.27,2.1,1.0,1.3,1.9,1.8,1.4,5.21,3.61,2.9,0.78,1.22,0.4,3.5,2.1
2018-01-12,2.95,6.77,2.27,2.1,1.0,1.3,1.9,1.8,1.4,5.21,3.61,2.9,0.78,1.22,0.4,3.5,2.1
2018-01-19,2.95,6.77,2.27,2.1,1.0,1.3,1.9,1.8,1.4,5.21,3.61,2.9,0.78,1.22,0.4,3.5,2.1
2018-01-26,2.95,6.77,2.27,2.1,1.0,1.3,1.9,1.8,1.4,5.21,3.61,2.9,0.78,1.22,0.4,3.5,2.1
2018-02-02,2.86,5.55,2.19,2.1,1.4,1.3,1.7,1.5,0.8,5.07,3.25,3.4,0.68,0.89,0.0,2.7,2.1
2018-02-09,2.86,5.55,2.19,2.1,1.4,1.3,1.7,1.5,0.8,5.07,3.25,3.4,0.68,0.89,0.0,2.7,2.1
2018-02-16,2.86,5.55,2.19,2.1,1.4,1.3,1.7,1.5,0.8,5.07,3.25,3.4,0.68,0.89,0.0,2.7,2.1
2018-02-23,2.86,5.55,2.19,2.1,1.4,1.3,1.7,1.5,0.8,5.07,3.25,3.4,0.68,0.89,0.0,2.7,2.1
2018-03-02,2.84,5.34,1.99,1.9,1.5,1.1,2.2,2.9,1.3,4.44,3.18,3.7,0.42,2.2,0.5,1.4,2.2
2018-03-09,2.84,5.34,1.99,1.9,1.5,1.1,2.2,2.9,1.3,4.44,3.18,3.7,0.42,2.2,0.5,1.4,2.2
2018-03-16,2.84,5.34,1.99,1.9,1.5,1.1,2.2,2.9,1.3,4.44,3.18,3.7,0.42,2.2,0.5,1.4,2.2
2018-03-23,2.84,5.34,1.99,1.9,1.5,1.1,2.2,2.9,1.3,4.44,3.18,3.7,0.42,2.2,0.5,1.4,2.2
2018-03-30,2.84,5.34,1.99,1.9,1.5,1.1,2.2,2.9,1.3,4.44,3.18,3.7,0.42,2.2,0.5,1.4,2.2
2018-04-06,2.68,5.04,1.8,2.0,1.1,1.4,2.3,2.1,1.2,4.28,3.4,4.3,0.79,1.59,0.2,1.3,2.4
2018-04-13,2.68,5.04,1.8,2.0,1.1,1.4,2.3,2.1,1.2,4.28,3.4,4.3,0.79,1.59,0.2,1.3,2.4
2018-04-20,2.68,5.04,1.8,2.0,1.1,1.4,2.3,2.1,1.2,4.28,3.4,4.3,0.79,1.59,0.2,1.3,2.4
2018-04-27,2.68,5.04,1.8,2.0,1.1,1.4,2.3,2.1,1.2,4.28,3.4,4.3,0.79,1.59,0.2,1.3,2.4
2018-05-04,2.76,4.55,1.9,2.3,0.6,1.2,2.2,1.8,1.5,4.58,3.41,4.3,1.07,2.01,0.1,1.4,2.5
2018-05-11,2.76,4.55,1.9,2.3,0.6,1.2,2.2,1.8,1.5,4.58,3.41,4.3,1.07,2.01,0.1,1.4,2.5
2018-05-18,2.76,4.55,1.9,2.3,0.6,1.2,2.2,1.8,1.5,4.58,3.41,4.3,1.07,2.01,0.1,1.4,2.5
2018-05-25,2.76,4.55,1.9,2.3,0.6,1.2,2.2,1.8,1.5,4.58,3.41,4.3,1.07,2.01,0.1,1.4,2.5
2018-06-01,2.86,4.51,2.04,2.8,0.7,2.0,2.2,1.8,1.5,4.87,3.23,4.6,1.49,1.75,0.4,1.8,2.8
2018-06-08,2.86,4.51,2.04,2.8,0.7,2.0,2.2,1.8,1.5,4.87,3.23,4.6,1.49,1.75,0.4,1.8,2.8
2018-06-15,2.86,4.51,2.04,2.8,0.7,2.0,2.2,1.8,1.5,4.87,3.23,4.6,1.49,1.75,0.4,1.8,2.8
2018-06-22,2.86,4.51,2.04,2.8,0.7,2.0,2.2,1.8,1.5,4.87,3.23,4.6,1.49,1.75,0.4,1.8,2.8
2018-06-29,2.86,4.51,2.04,2.8,0.7,2.0,2.2,1.8,1.5,4.87,3.23,4.6,1.49,1.75,0.4,1.8,2.8
2018-07-06,4.39,4.65,2.54,3.1,0.7,2.0,2.5,1.8,1.5,4.92,3.12,5.0,1.39,1.4,0.6,0.8,2.9
2018-07-13,4.39,4.65,2.54,3.1,0.7,2.0,2.5,1.8,1.5,4.92,3.12,5.0,1.39,1.4,0.6,0.8,2.9
2018-07-20,4.39,4.65,2.54,3.1,0.7,2.0,2.5,1.8,1.5,4.92,3.12,5.0,1.39,1.4,0.6,0.8,2.9
2018-07-27,4.39,4.65,2.54,3.1,0.7,2.0,2.5,1.8,1.5,4.92,3.12,5.0,1.39,1.4,0.6,0.8,2.9
2018-08-03,4.48,4.81,2.67,3.4,0.9,2.2,3.0,2.1,1.1,4.17,3.18,5.8,1.47,1.75,0.6,0.9,2.9
2018-08-10,4.48,4.81,2.67,3.4,0.9,2.2,3.0,2.1,1.1,4.17,3.18,5.8,1.47,1.75,0.6,0.9,2.9
2018-08-17,4.48,4.81,2.67,3.4,0.9,2.2,3.0,2.1,1.1,4.17,3.18,5.8,1.47,1.75,0.6,0.9,2.9
2018-08-24,4.48,4.81,2.67,3.4,0.9,2.2,3.0,2.1,1.1,4.17,3.18,5.8,1.47,1.75,0.6,0.9,2.9
2018-08-31,4.19,4.9,2.64,3.4,1.3,2.1,2.8,2.3,1.4,3.69,3.2,6.6,1.62,1.54,0.7,0.2,2.7
2018-09-07,4.19,4.9,2.64,3.4,1.3,2.1,2.8,2.3,1.4,3.69,3.2,6.6,1.62,1.54,0.7,0.2,2.7
2018-09-14,4.19,4.9,2.64,3.4,1.3,2.1,2.8,2.3,1.4,3.69,3.2,6.6,1.62,1.54,0.7,0.2,2.7
2018-09-21,4.19,4.9,2.64,3.4,1.3,2.1,2.8,2.3,1.4,3.69,3.2,6.6,1.62,1.54,0.7,0.2,2.7
2018-09-28,4.19,4.9,2.64,3.4,1.3,2.1,2.8,2.3,1.4,3.69,3.2,6.6,1.62,1.54,0.7,0.2,2.7
2018-10-05,4.53,5.02,3.14,3.6,1.2,2.1,2.2,2.5,2.1,3.7,2.88,6.9,1.33,1.72,0.7,0.3,2.3
2018-10-12,4.53,5.02,3.14,3.6,1.2,2.1,2.2,2.5,2.1,3.7,2.88,6.9,1.33,1.72,0.7,0.3,2.3
2018-10-19,4.53,5.02,3.14,3.6,1.2,2.1,2.2,2.5,2.1,3.7,2.88,6.9,1.33,1.72,0.7,0.3,2.3
2018-10-26,4.53,5.02,3.14,3.6,1.2,2.1,2.2,2.5,2.1,3.7,2.88,6.9,1.33,1.72,0.7,0.3,2.3
2018-11-02,4.56,4.9,2.91,3.8,1.4,2.3,2.4,2.5,2.0,3.38,3.16,6.9,1.24,1.16,0.7,0.6,2.5
2018-11-09,4.56,4.9,2.91,3.8,1.4,2.3,2.4,2.5,2.0,3.38,3.16,6.9,1.24,1.16,0.7,0.6,2.5
2018-11-16,4.56,4.9,2.91,3.8,1.4,2.3,2.4,2.5,2.0,3.38,3.16,6.9,1.24,1.16,0.7,0.6,2.5
2018-11-23,4.56,4.9,2.91,3.8,1.4,2.3,2.4,2.5,2.0,3.38,3.16,6.9,1.24,1.16,0.7,0.6,2.5
2018-11-30,4.05,4.72,2.82,3.1,0.8,1.9,1.7,2.2,2.0,2.33,3.23,6.1,0.94,0.29,0.3,0.2,2.2
2018-12-07,4.05,4.72,2.82,3.1,0.8,1.9,1.7,2.2,2.0,2.33,3.23,6.1,0.94,0.29,0.3,0.2,2.2
2018-12-14,4.05,4.72,2.82,3.1,0.8,1.9,1.7,2.2,2.0,2.33,3.23,6.1,0.94,0.29,0.3,0.2,2.2
2018-12-21,4.05,4.72,2.82,3.1,0.8,1.9,1.7,2.2,2.0,2.33,3.23,6.1,0.94,0.29,0.3,0.2,2.2
2018-12-28,4.05,4.72,2.82,3.1,0.8,1.9,1.7,2.2,2.0,2.33,3.23,6.1,0.94,0.29,0.3,0.2,2.2
2019-01-04,3.75,4.83,2.57,2.7,0.3,1.5,2.0,1.9,1.3,2.11,3.13,5.2,0.35,-0.06,0.5,0.2,1.9
2019-01-11,3.75,4.83,2.57,2.7,0.3,1.5,2.0,1.9,1.3,2.11,3.13,5.2,0.35,-0.06,0.5,0.2,1.9
2019-01-18,3.75,4.83,2.57,2.7,0.3,1.5,2.0,1.9,1.3,2.11,3.13,5.2,0.35,-0.06,0.5,0.2,1.9
2019-01-25,3.75,4.83,2.57,2.7,0.3,1.5,2.0,1.9,1.3,2.11,3.13,5.2,0.35,-0.06,0.5,0.2,1.9
2019-02-01,3.78,4.37,2.21,2.7,0.2,1.4,1.4,1.7,0.8,1.97,2.82,4.4,0.26,0.18,0.4,-0.7,1.6
2019-02-08,3.78,4.37,2.21,2.7,0.2,1.4,1.4,1.7,0.8,1.97,2.82,4.4,0.26,0.18,0.4,-0.7,1.6
2019-02-15,3.78,4.37,2.21,2.7,0.2,1.4,1.4,1.7,0.8,1.97,2.82,4.4,0.26,0.18,0.4,-0.7,1.6
2019-02-22,3.78,4.37,2.21,2.7,0.2,1.4,1.4,1.7,0.8,1.97,2.82,4.4,0.26,0.18,0.4,-0.7,1.6
2019-03-01,3.89,3.94,2.21,3.1,0.2,1.5,1.5,1.5,0.5,2.57,2.57,3.8,0.73,0.21,0.5,-0.4,1.5
2019-03-08,3.89,3.94,2.21,3.1,0.2,1.5,1.5,1.5,0.5,2.57,2.57,3.8,0.73,0.21,0.5,-0.4,1.5
2019-03-15,3.89,3.94,2.21,3.1,0.2,1.5,1.5,1.5,0.5,2.57,2.57,3.8,0.73,0.21,0.5,-0.4,1.5
2019-03-22,3.89,3.94,2.21,3.1,0.2,1.5,1.5,1.5,0.5,2.57,2.57,3.8,0.73,0.21,0.5,-0.4,1.5
2019-03-29,3.89,3.94,2.21,3.1,0.2,1.5,1.5,1.5,0.5,2.57,2.57,3.8,0.73,0.21,0.5,-0.4,1.5
2019-04-05,4.58,4.0,2.48,3.7,0.5,1.4,1.9,2.3,0.4,2.86,2.48,3.4,1.24,0.56,0.7,0.2,1.9
2019-04-12,4.58,4.0,2.48,3.7,0.5,1.4,1.9,2.3,0.4,2.86,2.48,3.4,1.24,0.56,0.7,0.2,1.9
2019-04-19,4.58,4.0,2.48,3.7,0.5,1.4,1.9,2.3,0.4,2.86,2.48,3.4,1.24,0.56,0.7,0.2,1.9
2019-04-26,4.58,4.0,2.48,3.7,0.5,1.4,1.9,2.3,0.4,2.86,2.48,3.4,1.24,0.56,0.7,0.2,1.9
2019-05-03,4.94,4.41,2.42,3.9,0.9,1.7,2.0,2.5,0.6,2.99,2.83,3.2,1.23,0.66,0.9,0.2,2.0
2019-05-10,4.94,4.41,2.42,3.9,0.9,1.7,2.0,2.5,0.6,2.99,2.83,3.2,1.23,0.66,0.9,0.2,2.0
2019-05-17,4.94,4.41,2.42,3.9,0.9,1.7,2.0,2.5,0.6,2.99,2.83,3.2,1.23,0.66,0.9,0.2,2.0
2019-05-24,4.94,4.41,2.42,3.9,0.9,1.7,2.0,2.5,0.6,2.99,2.83,3.2,1.23,0.66,0.9,0.2,2.0
2019-05-31,4.66,4.28,2.76,3.9,0.7,1.2,2.4,2.7,0.7,3.05,3.32,3.2,1.15,0.93,0.9,0.2,1.8
2019-06-07,4.66,4.28,2.76,3.9,0.7,1.2,2.4,2.7,0.7,3.05,3.32,3.2,1.15,0.93,0.9,0.2,1.8
2019-06-14,4.66,4.28,2.76,3.9,0.7,1.2,2.4,2.7,0.7,3.05,3.32,3.2,1.15,0.93,0.9,0.2,1.8
2019-06-21,4.66,4.28,2.76,3.9,0.7,1.2,2.4,2.7,0.7,3.05,3.32,3.2,1.15,0.93,0.9,0.2,1.8
2019-06-28,4.66,4.28,2.76,3.9,0.7,1.2,2.4,2.7,0.7,3.05,3.32,3.2,1.15,0.93,0.9,0.2,1.8
2019-07-05,3.37,3.95,2.71,3.4,0.7,1.3,2.0,2.7,0.7,3.18,3.28,2.7,0.87,0.85,0.5,1.5,1.6
2019-07-12,3.37,3.95,2.71,3.4,0.7,1.3,2.0,2.7,0.7,3.18,3.28,2.7,0.87,0.85,0.5,1.5,1.6
2019-07-19,3.37,3.95,2.71,3.4,0.7,1.3,2.0,2.7,0.7,3.18,3.28,2.7,0.87,0.85,0.5,1.5,1.6
2019-07-26,3.37,3.95,2.71,3.4,0.7,1.3,2.0,2.7,0.7,3.18,3.28,2.7,0.87,0.85,0.5,1.5,1.6
2019-08-02,3.22,3.78,2.56,3.3,0.5,1.0,2.0,2.8,0.6,3.15,3.32,2.2,0.98,0.39,0.2,1.4,1.8
2019-08-09,3.22,3.78,2.56,3.3,0.5,1.0,2.0,2.8,0.6,3.15,3.32,2.2,0.98,0.39,0.2,1.4,1.8
2019-08-16,3.22,3.78,2.56,3.3,0.5,1.0,2.0,2.8,0.6,3.15,3.32,2.2,0.98,0.39,0.2,1.4,1.8
2019-08-23,3.22,3.78,2.56,3.3,0.5,1.0,2.0,2.8,0.6,3.15,3.32,2.2,0.98,0.39,0.2,1.4,1.8
2019-08-30,3.22,3.78,2.56,3.3,0.5,1.0,2.0,2.8,0.6,3.15,3.32,2.2,0.98,0.39,0.2,1.4,1.8
2019-09-06,3.43,3.16,2.57,3.1,0.3,1.0,1.9,2.8,0.0,3.28,3.49,1.4,0.52,0.43,0.4,1.5,1.7
2019-09-13,3.43,3.16,2.57,3.1,0.3,1.0,1.9,2.8,0.0,3.28,3.49,1.4,0.52,0.43,0.4,1.5,1.7
2019-09-20,3.43,3.16,2.57,3.1,0.3,1.0,1.9,2.8,0.0,3.28,3.49,1.4,0.52,0.43,0.4,1.5,1.7
2019-09-27,3.43,3.16,2.57,3.1,0.3,1.0,1.9,2.8,0.0,3.28,3.49,1.4,0.52,0.43,0.4,1.5,1.7
2019-10-04,2.89,3.0,2.25,2.8,0.2,0.8,1.9,3.0,-0.4,3.99,3.39,0.5,0.32,0.42,0.4,1.1,1.7
2019-10-11,2.89,3.0,2.25,2.8,0.2,0.8,1.9,3.0,-0.4,3.99,3.39,0.5,0.32,0.42,0.4,1.1,1.7
2019-10-18,2.89,3.0,2.25,2.8,0.2,0.8,1.9,3.0,-0.4,3.99,3.39,0.5,0.32,0.42,0.4,1.1,1.7
2019-10-25,2.89,3.0,2.25,2.8,0.2,0.8,1.9,3.0,-0.4,3.99,3.39,0.5,0.32,0.42,0.4,1.1,1.7
2019-11-01,2.54,3.02,2.7,2.9,0.2,0.7,1.9,3.8,0.0,4.62,3.13,0.6,0.11,0.37,0.5,1.1,1.8
2019-11-08,2.54,3.02,2.7,2.9,0.2,0.7,1.9,3.8,0.0,4.62,3.13,0.6,0.11,0.37,0.5,1.1,1.8
2019-11-15,2.54,3.02,2.7,2.9,0.2,0.7,1.9,3.8,0.0,4.62,3.13,0.6,0.11,0.37,0.5,1.1,1.8
2019-11-22,2.54,3.02,2.7,2.9,0.2,0.7,1.9,3.8,0.0,4.62,3.13,0.6,0.11,0.37,0.5,1.1,1.8
2019-11-29,2.54,3.02,2.7,2.9,0.2,0.7,1.9,3.8,0.0,4.62,3.13,0.6,0.11,0.37,0.5,1.1,1.8
2019-12-06,3.27,2.97,2.79,3.4,0.5,1.0,2.2,4.5,0.2,5.54,3.0,1.2,0.2,0.58,0.6,0.9,2.1
2019-12-13,3.27,2.97,2.79,3.4,0.5,1.0,2.2,4.5,0.2,5.54,3.0,1.2,0.2,0.58,0.6,0.9,2.1
2019-12-20,3.27,2.97,2.79,3.4,0.5,1.0,2.2,4.5,0.2,5.54,3.0,1.2,0.2,0.58,0.6,0.9,2.1
2019-12-27,3.27,2.97,2.79,3.4,0.5,1.0,2.2,4.5,0.2,5.54,3.0,1.2,0.2,0.58,0.6,0.9,2.1
2020-01-03,4.31,2.83,2.99,4.0,0.8,1.3,2.2,4.5,0.7,7.35,2.72,2.4,0.88,1.15,0.8,1.0,2.3
2020-01-10,4.31,2.83,2.99,4.0,0.8,1.3,2.2,4.5,0.7,7.35,2.72,2.4,0.88,1.15,0.8,1.0,2.3
2020-01-17,4.31,2.83,2.99,4.0,0.8,1.3,2.2,4.5,0.7,7.35,2.72,2.4,0.88,1.15,0.8,1.0,2.3
2020-01-24,4.31,2.83,2.99,4.0,0.8,1.3,2.2,4.5,0.7,7.35,2.72,2.4,0.88,1.15,0.8,1.0,2.3
2020-01-31,4.19,3.24,3.48,4.7,0.7,1.4,2.4,5.4,1.2,7.59,2.68,3.0,1.06,1.86,0.8,1.6,2.5
2020-02-07,4.19,3.24,3.48,4.7,0.7,1.4,2.4,5.4,1.2,7.59,2.68,3.0,1.06,1.86,0.8,1.6,2.5
2020-02-14,4.19,3.24,3.48,4.7,0.7,1.4,2.4,5.4,1.2,7.59,2.68,3.0,1.06,1.86,0.8,1.6,2.5
2020-02-21,4.19,3.24,3.48,4.7,0.7,1.4,2.4,5.4,1.2,7.59,2.68,3.0,1.06,1.86,0.8,1.6,2.5
2020-02-28,4.19,3.24,3.48,4.7,0.7,1.4,2.4,5.4,1.2,7.59,2.68,3.0,1.06,1.86,0.8,1.6,2.5
2020-03-06,4.01,3.7,3.88,4.4,0.4,1.2,2.2,5.2,0.9,6.58,2.98,2.5,0.74,-0.2,0.3,1.3,2.3
2020-03-13,4.01,3.7,3.88,4.4,0.4,1.2,2.2,5.2,0.9,6.58,2.98,2.5,0.74,-0.2,0.3,1.3,2.3
2020-03-20,4.01,3.7,3.88,4.4,0.4,1.2,2.2,5.2,0.9,6.58,2.98,2.5,0.74,-0.2,0.3,1.3,2.3
2020-03-27,4.01,3.7,3.88,4.4,0.4,1.2,2.2,5.2,0.9,6.58,2.98,2.5,0.74,-0.2,0.3,1.3,2.3
2020-04-03,3.3,3.25,3.73,3.9,0.4,0.7,0.9,4.3,0.8,5.84,2.96,2.2,-0.54,-0.02,0.0,-0.2,1.5
2020-04-10,3.3,3.25,3.73,3.9,0.4,0.7,0.9,4.3,0.8,5.84,2.96,2.2,-0.54,-0.02,0.0,-0.2,1.5
2020-04-17,3.3,3.25,3.73,3.9,0.4,0.7,0.9,4.3,0.8,5.84,2.96,2.2,-0.54,-0.02,0.0,-0.2,1.5
2020-04-24,3.3,3.25,3.73,3.9,0.4,0.7,0.9,4.3,0.8,5.84,2.96,2.2,-0.54,-0.02,0.0,-0.2,1.5
2020-05-01,2.4,2.15,3.42,2.4,0.1,0.3,-0.2,3.3,0.0,7.22,2.67,1.8,-2.99,-0.97,-0.7,-2.9,0.3
2020-05-08,2.4,2.15,3.42,2.4,0.1,0.3,-0.2,3.3,0.0,7.22,2.67,1.8,-2.99,-0.97,-0.7,-2.9,0.3
2020-05-15,2.4,2.15,3.42,2.4,0.1,0.3,-0.2,3.3,0.0,7.22,2.67,1.8,-2.99,-0.97,-0.7,-2.9,0.3
2020-05-22,2.4,2.15,3.42,2.4,0.1,0.3,-0.2,3.3,0.0,7.22,2.67,1.8,-2.99,-0.97,-0.7,-2.9,0.3
2020-05-29,2.4,2.15,3.42,2.4,0.1,0.3,-0.2,3.3,0.0,7.22,2.67,1.8,-2.99,-0.97,-0.7,-2.9,0.3
2020-06-05,1.88,2.84,2.75,2.2,0.1,0.1,-0.4,2.4,-0.2,6.27,2.19,1.6,-3.44,-1.21,-0.8,-2.9,0.1
2020-06-12,1.88,2.84,2.75,2.2,0.1,0.1,-0.4,2.4,-0.2,6.27,2.19,1.6,-3.44,-1.21,-0.8,-2.9,0.1
2020-06-19,1.88,2.84,2.75,2.2,0.1,0.1,-0.4,2.4,-0.2,6.27,2.19,1.6,-3.44,-1.21,-0.8,-2.9,0.1
2020-06-26,1.88,2.84,2.75,2.2,0.1,0.1,-0.4,2.4,-0.2,6.27,2.19,1.6,-3.44,-1.21,-0.8,-2.9,0.1
2020-07-03,2.13,3.33,2.62,2.9,0.1,0.3,0.7,2.5,0.2,6.23,1.96,2.3,-1.58,-0.74,-0.5,-1.9,0.6
2020-07-10,2.13,3.33,2.62,2.9,0.1,0.3,0.7,2.5,0.2,6.23,1.96,2.3,-1.58,-0.74,-0.5,-1.9,0.6
2020-07-17,2.13,3.33,2.62,2.9,0.1,0.3,0.7,2.5,0.2,6.23,1.96,2.3,-1.58,-0.74,-0.5,-1.9,0.6
2020-07-24,2.13,3.33,2.62,2.9,0.1,0.3,0.7,2.5,0.2,6.23,1.96,2.3,-1.58,-0.74,-0.5,-1.9,0.6
2020-07-31,2.31,3.62,2.5,3.8,0.3,0.4,0.1,2.7,0.4,6.73,1.54,2.4,-0.98,-0.51,-0.4,-1.3,1.0
2020-08-07,2.31,3.62,2.5,3.8,0.3,0.4,0.1,2.7,0.4,6.73,1.54,2.4,-0.98,-0.51,-0.4,-1.3,1.0
2020-08-14,2.31,3.62,2.5,3.8,0.3,0.4,0.1,2.7,0.4,6.73,1.54,2.4,-0.98,-0.51,-0.4,-1.3,1.0
2020-08-21,2.31,3.62,2.5,3.8,0.3,0.4,0.1,2.7,0.4,6.73,1.54,2.4,-0.98,-0.51,-0.4,-1.3,1.0
2020-08-28,2.31,3.62,2.5,3.8,0.3,0.4,0.1,2.7,0.4,6.73,1.54,2.4,-0.98,-0.51,-0.4,-1.3,1.0
2020-09-04,2.44,4.05,2.46,3.9,0.2,-0.2,0.1,2.4,0.8,6.69,1.32,2.2,-0.5,-0.33,-0.4,-1.4,1.3
2020-09-11,2.44,4.05,2.46,3.9,0.2,-0.2,0.1,2.4,0.8,6.69,1.32,2.2,-0.5,-0.33,-0.4,-1.4,1.3
2020-09-18,2.44,4.05,2.46,3.9,0.2,-0.2,0.1,2.4,0.8,6.69,1.32,2.2,-0.5,-0.33,-0.4,-1.4,1.3
2020-09-25,2.44,4.05,2.46,3.9,0.2,-0.2,0.1,2.4,0.8,6.69,1.32,2.2,-0.5,-0.33,-0.4,-1.4,1.3
2020-10-02,3.14,4.01,3.09,3.4,0.0,-0.3,0.5,1.7,0.9,7.27,1.42,2.2,-0.7,-0.58,0.0,-1.4,1.4
2020-10-09,3.14,4.01,3.09,3.4,0.0,-0.3,0.5,1.7,0.9,7.27,1.42,2.2,-0.7,-0.58,0.0,-1.4,1.4
2020-10-16,3.14,4.01,3.09,3.4,0.0,-0.3,0.5,1.7,0.9,7.27,1.42,2.2,-0.7,-0.58,0.0,-1.4,1.4
2020-10-23,3.14,4.01,3.09,3.4,0.0,-0.3,0.5,1.7,0.9,7.27,1.42,2.2,-0.7,-0.58,0.0,-1.4,1.4
2020-10-30,3.14,4.01,3.09,3.4,0.0,-0.3,0.5,1.7,0.9,7.27,1.42,2.2,-0.7,-0.58,0.0,-1.4,1.4
2020-11-06,3.92,4.09,2.96,3.0,-0.4,-0.3,0.7,0.5,0.1,7.61,1.44,2.3,-0.5,-0.26,-0.2,-1.5,1.2
2020-11-13,3.92,4.09,2.96,3.0,-0.4,-0.3,0.7,0.5,0.1,7.61,1.44,2.3,-0.5,-0.26,-0.2,-1.5,1.2
2020-11-20,3.92,4.09,2.96,3.0,-0.4,-0.3,0.7,0.5,0.1,7.61,1.44,2.3,-0.5,-0.26,-0.2,-1.5,1.2
2020-11-27,3.92,4.09,2.96,3.0,-0.4,-0.3,0.7,0.5,0.1,7.61,1.44,2.3,-0.5,-0.26,-0.2,-1.5,1.2
2020-12-04,4.31,3.33,2.73,2.7,-0.9,-0.3,1.0,-0.5,0.6,6.93,1.59,3.0,-0.41,0.09,-0.1,-1.7,1.2
2020-12-11,4.31,3.33,2.73,2.7,-0.9,-0.3,1.0,-0.5,0.6,6.93,1.59,3.0,-0.41,0.09,-0.1,-1.7,1.2
2020-12-18,4.31,3.33,2.73,2.7,-0.9,-0.3,1.0,-0.5,0.6,6.93,1.59,3.0,-0.41,0.09,-0.1,-1.7,1.2
2020-12-25,4.31,3.33,2.73,2.7,-0.9,-0.3,1.0,-0.5,0.6,6.93,1.59,3.0,-0.41,0.09,-0.1,-1.7,1.2
2021-01-01,4.52,3.15,2.98,2.7,-1.2,-0.3,0.7,0.2,0.6,4.59,1.68,3.3,-0.27,0.04,0.0,-1.4,1.4
2021-01-08,4.52,3.15,2.98,2.7,-1.2,-0.3,0.7,0.2,0.6,4.59,1.68,3.3,-0.27,0.04,0.0,-1.4,1.4
2021-01-15,4.52,3.15,2.98,2.7,-1.2,-0.3,0.7,0.2,0.6,4.59,1.68,3.3,-0.27,0.04,0.0,-1.4,1.4
2021-01-22,4.52,3.15,2.98,2.7,-1.2,-0.3,0.7,0.2,0.6,4.59,1.68,3.3,-0.27,0.04,0.0,-1.4,1.4
2021-01-29,4.52,3.15,2.98,2.7,-1.2,-0.3,0.7,0.2,0.6,4.59,1.68,3.3,-0.27,0.04,0.0,-1.4,1.4
2021-02-05,4.56,3.54,3.11,2.7,-0.7,0.9,1.0,-0.3,0.9,4.06,1.55,3.7,-0.34,-0.19,0.2,-0.2,1.4
2021-02-12,4.56,3.54,3.11,2.7,-0.7,0.9,1.0,-0.3,0.9,4.06,1.55,3.7,-0.34,-0.19,0.2,-0.2,1.4
2021-02-19,4.56,3.54,3.11,2.7,-0.7,0.9,1.0,-0.3,0.9,4.06,1.55,3.7,-0.34,-0.19,0.2,-0.2,1.4
2021-02-26,4.56,3.54,3.11,2.7,-0.7,0.9,1.0,-0.3,0.9,4.06,1.55,3.7,-0.34,-0.19,0.2,-0.2,1.4
2021-03-05,5.2,3.76,2.84,3.1,-0.5,0.9,1.1,-0.2,1.4,5.03,1.38,4.2,-1.17,1.38,0.7,0.1,1.7
2021-03-12,5.2,3.76,2.84,3.1,-0.5,0.9,1.1,-0.2,1.4,5.03,1.38,4.2,-1.17,1.38,0.7,0.1,1.7
2021-03-19,5.2,3.76,2.84,3.1,-0.5,0.9,1.1,-0.2,1.4,5.03,1.38,4.2,-1.17,1.38,0.7,0.1,1.7
2021-03-26,5.2,3.76,2.84,3.1,-0.5,0.9,1.1,-0.2,1.4,5.03,1.38,4.2,-1.17,1.38,0.7,0.1,1.7
2021-04-02,6.1,4.67,2.89,3.7,-0.4,1.3,2.2,0.4,1.9,5.52,1.37,4.1,-0.08,1.22,1.3,1.7,2.6
2021-04-09,6.1,4.67,2.89,3.7,-0.4,1.3,2.2,0.4,1.9,5.52,1.37,4.1,-0.08,1.22,1.3,1.7,2.6
2021-04-16,6.1,4.67,2.89,3.7,-0.4,1.3,2.2,0.4,1.9,5.52,1.37,4.1,-0.08,1.22,1.3,1.7,2.6
2021-04-23,6.1,4.67,2.89,3.7,-0.4,1.3,2.2,0.4,1.9,5.52,1.37,4.1,-0.08,1.22,1.3,1.7,2.6
2021-04-30,6.76,6.08,3.31,5.1,-1.1,1.6,3.4,0.9,2.5,4.23,1.42,4.1,3.41,2.11,2.1,4.7,4.2
2021-05-07,6.76,6.08,3.31,5.1,-1.1,1.6,3.4,0.9,2.5,4.23,1.42,4.1,3.41,2.11,2.1,4.7,4.2
2021-05-14,6.76,6.08,3.31,5.1,-1.1,1.6,3.4,0.9,2.5,4.23,1.42,4.1,3.41,2.11,2.1,4.7,4.2
2021-05-21,6.76,6.08,3.31,5.1,-1.1,1.6,3.4,0.9,2.5,4.23,1.42,4.1,3.41,2.11,2.1,4.7,4.2
2021-05-28,6.76,6.08,3.31,5.1,-1.1,1.6,3.4,0.9,2.5,4.23,1.42,4.1,3.41,2.11,2.1,4.7,4.2
2021-06-04,8.06,5.89,3.64,5.1,-0.8,2.0,3.6,1.3,2.6,6.3,1.68,4.1,2.44,2.45,2.4,4.4,5.0
2021-06-11,8.06,5.89,3.64,5.1,-0.8,2.0,3.6,1.3,2.6,6.3,1.68,4.1,2.44,2.45,2.4,4.4,5.0
2021-06-18,8.06,5.89,3.64,5.1,-0.8,2.0,3.6,1.3,2.6,6.3,1.68,4.1,2.44,2.45,2.4,4.4,5.0
2021-06-25,8.06,5.89,3.64,5.1,-0.8,2.0,3.6,1.3,2.6,6.3,1.68,4.1,2.44,2.45,2.4,4.4,5.0
2021-07-02,8.35,5.88,3.81,5.3,-0.5,1.9,3.1,1.1,2.3,6.26,1.33,3.7,1.25,1.83,2.4,3.4,5.4
2021-07-09,8.35,5.88,3.81,5.3,-0.5,1.9,3.1,1.1,2.3,6.26,1.33,3.7,1.25,1.83,2.4,3.4,5.4
2021-07-16,8.35,5.88,3.81,5.3,-0.5,1.9,3.1,1.1,2.3,6.26,1.33,3.7,1.25,1.83,2.4,3.4,5.4
2021-07-23,8.35,5.88,3.81,5.3,-0.5,1.9,3.1,1.1,2.3,6.26,1.33,3.7,1.25,1.83,2.4,3.4,5.4
2021-07-30,8.35,5.88,3.81,5.3,-0.5,1.9,3.1,1.1,2.3,6.26,1.33,3.7,1.25,1.83,2.4,3.4,5.4
2021-08-06,8.99,5.81,4.54,4.6,-0.3,2.2,3.7,1.0,2.6,5.59,1.52,3.7,0.45,1.91,2.5,2.2,5.4
2021-08-13,8.99,5.81,4.54,4.6,-0.3,2.2,3.7,1.0,2.6,5.59,1.52,3.7,0.45,1.91,2.5,2.2,5.4
2021-08-20,8.99,5.81,4.54,4.6,-0.3,2.2,3.7,1.0,2.6,5.59,1.52,3.7,0.45,1.91,2.5,2.2,5.4
2021-08-27,8.99,5.81,4.54,4.6,-0.3,2.2,3.7,1.0,2.6,5.59,1.52,3.7,0.45,1.91,2.5,2.2,5.4
2021-09-03,9.68,5.59,4.77,4.9,-0.4,3.0,4.1,0.8,2.6,5.3,1.59,4.4,-0.02,2.34,2.4,2.0,5.3
2021-09-10,9.68,5.59,4.77,4.9,-0.4,3.0,4.1,0.8,2.6,5.3,1.59,4.4,-0.02,2.34,2.4,2.0,5.3
2021-09-17,9.68,5.59,4.77,4.9,-0.4,3.0,4.1,0.8,2.6,5.3,1.59,4.4,-0.02,2.34,2.4,2.0,5.3
2021-09-24,9.68,5.59,4.77,4.9,-0.4,3.0,4.1,0.8,2.6,5.3,1.59,4.4,-0.02,2.34,2.4,2.0,5.3
2021-10-01,10.25,6.0,5.34,5.5,0.2,3.4,4.4,0.7,2.4,4.35,1.6,4.2,1.68,2.6,2.5,2.2,5.4
2021-10-08,10.25,6.0,5.34,5.5,0.2,3.4,4.4,0.7,2.4,4.35,1.6,4.2,1.68,2.6,2.5,2.2,5.4
2021-10-15,10.25,6.0,5.34,5.5,0.2,3.4,4.4,0.7,2.4,4.35,1.6,4.2,1.68,2.6,2.5,2.2,5.4
2021-10-22,10.25,6.0,5.34,5.5,0.2,3.4,4.4,0.7,2.4,4.35,1.6,4.2,1.68,2.6,2.5,2.2,5.4
2021-10-29,10.25,6.0,5.34,5.5,0.2,3.4,4.4,0.7,2.4,4.35,1.6,4.2,1.68,2.6,2.5,2.2,5.4
2021-11-05,10.67,6.24,6.02,6.5,0.1,4.1,4.7,1.5,3.2,4.48,1.66,4.0,2.38,2.55,3.3,2.9,6.2
2021-11-12,10.67,6.24,6.02,6.5,0.1,4.1,4.7,1.5,3.2,4.48,1.66,4.0,2.38,2.55,3.3,2.9,6.2
2021-11-19,10.67,6.24,6.02,6.5,0.1,4.1,4.7,1.5,3.2,4.48,1.66,4.0,2.38,2.55,3.3,2.9,6.2
2021-11-26,10.67,6.24,6.02,6.5,0.1,4.1,4.7,1.5,3.2,4.48,1.66,4.0,2.38,2.55,3.3,2.9,6.2
2021-12-03,10.74,7.37,6.7,7.4,0.6,4.9,4.7,2.3,3.8,4.91,1.75,3.7,2.71,2.84,3.9,3.3,6.8
2021-12-10,10.74,7.37,6.7,7.4,0.6,4.9,4.7,2.3,3.8,4.91,1.75,3.7,2.71,2.84,3.9,3.3,6.8
2021-12-17,10.74,7.37,6.7,7.4,0.6,4.9,4.7,2.3,3.8,4.91,1.75,3.7,2.71,2.84,3.9,3.3,6.8
2021-12-24,10.74,7.37,6.7,7.4,0.6,4.9,4.7,2.3,3.8,4.91,1.75,3.7,2.71,2.84,3.9,3.3,6.8
2021-12-31,10.06,7.36,7.17,7.4,0.8,5.0,4.8,1.5,3.7,5.66,1.87,3.1,2.17,2.63,4.0,3.2,7.0
2022-01-07,10.06,7.36,7.17,7.4,0.8,5.0,4.8,1.5,3.7,5.66,1.87,3.1,2.17,2.63,4.0,3.2,7.0
2022-01-14,10.06,7.36,7.17,7.4,0.8,5.0,4.8,1.5,3.7,5.66,1.87,3.1,2.17,2.63,4.0,3.2,7.0
2022-01-21,10.06,7.36,7.17,7.4,0.8,5.0,4.8,1.5,3.7,5.66,1.87,3.1,2.17,2.63,4.0,3.2,7.0
2022-01-28,10.06,7.36,7.17,7.4,0.8,5.0,4.8,1.5,3.7,5.66,1.87,3.1,2.17,2.63,4.0,3.2,7.0
2022-02-04,10.38,7.07,7.7,7.9,0.5,5.1,5.1,0.9,3.8,6.01,2.18,3.0,3.23,2.83,4.0,2.3,7.5
2022-02-11,10.38,7.07,7.7,7.9,0.5,5.1,5.1,0.9,3.8,6.01,2.18,3.0,3.23,2.83,4.0,2.3,7.5
2022-02-18,10.38,7.07,7.7,7.9,0.5,5.1,5.1,0.9,3.8,6.01,2.18,3.0,3.23,2.83,4.0,2.3,7.5
2022-02-25,10.38,7.07,7.7,7.9,0.5,5.1,5.1,0.9,3.8,6.01,2.18,3.0,3.23,2.83,4.0,2.3,7.5
2022-03-04,10.54,7.28,7.81,8.3,0.9,5.9,5.7,0.9,3.8,6.07,2.06,3.0,5.28,2.33,4.3,2.2,7.9
2022-03-11,10.54,7.28,7.81,8.3,0.9,5.9,5.7,0.9,3.8,6.07,2.06,3.0,5.28,2.33,4.3,2.2,7.9
2022-03-18,10.54,7.28,7.81,8.3,0.9,5.9,5.7,0.9,3.8,6.07,2.06,3.0,5.28,2.33,4.3,2.2,7.9
2022-03-25,10.54,7.28,7.81,8.3,0.9,5.9,5.7,0.9,3.8,6.07,2.06,3.0,5.28,2.33,4.3,2.2,7.9
2022-04-01,11.3,7.45,9.4,8.5,1.2,7.4,6.7,1.5,4.2,6.95,2.64,4.0,5.73,3.27,5.4,2.2,8.5
2022-04-08,11.3,7.45,9.4,8.5,1.2,7.4,6.7,1.5,4.2,6.95,2.64,4.0,5.73,3.27,5.4,2.2,8.5
2022-04-15,11.3,7.45,9.4,8.5,1.2,7.4,6.7,1.5,4.2,6.95,2.64,4.0,5.73,3.27,5.4,2.2,8.5
2022-04-22,11.3,7.45,9.4,8.5,1.2,7.4,6.7,1.5,4.2,6.95,2.64,4.0,5.73,3.27,5.4,2.2,8.5
2022-04-29,11.3,7.45,9.4,8.5,1.2,7.4,6.7,1.5,4.2,6.95,2.64,4.0,5.73,3.27,5.4,2.2,8.5
2022-05-06,12.13,7.68,10.52,9.5,2.5,7.5,6.8,2.1,4.8,7.79,3.47,4.9,4.65,3.37,5.4,2.3,8.3
2022-05-13,12.13,7.68,10.52,9.5,2.5,7.5,6.8,2.1,4.8,7.79,3.47,4.9,4.65,3.37,5.4,2.3,8.3
2022-05-20,12.13,7.68,10.52,9.5,2.5,7.5,6.8,2.1,4.8,7.79,3.47,4.9,4.65,3.37,5.4,2.3,8.3
2022-05-27,12.13,7.68,10.52,9.5,2.5,7.5,6.8,2.1,4.8,7.79,3.47,4.9,4.65,3.37,5.4,2.3,8.3
2022-06-03,11.73,7.65,11.54,10.7,2.5,8.1,7.7,2.1,5.3,7.04,3.55,5.4,7.1,3.39,5.6,2.8,8.6
2022-06-10,11.73,7.65,11.54,10.7,2.5,8.1,7.7,2.1,5.3,7.04,3.55,5.4,7.1,3.39,5.6,2.8,8.6
2022-06-17,11.73,7.65,11.54,10.7,2.5,8.1,7.7,2.1,5.3,7.04,3.55,5.4,7.1,3.39,5.6,2.8,8.6
2022-06-24,11.73,7.65,11.54,10.7,2.5,8.1,7.7,2.1,5.3,7.04,3.55,5.4,7.1,3.39,5.6,2.8,8.6
2022-07-01,11.89,7.99,12.49,11.7,2.4,8.6,8.1,2.5,6.0,7.01,4.35,6.1,7.66,3.59,6.7,3.4,9.1
2022-07-08,11.89,7.99,12.49,11.7,2.4,8.6,8.1,2.5,6.0,7.01,4.35,6.1,7.66,3.59,6.7,3.4,9.1
2022-07-15,11.89,7.99,12.49,11.7,2.4,8.6,8.1,2.5,6.0,7.01,4.35,6.1,7.66,3.59,6.7,3.4,9.1
2022-07-22,11.89,7.99,12.49,11.7,2.4,8.6,8.1,2.5,6.0,7.01,4.35,6.1,7.66,3.59,6.7,3.4,9.1
2022-07-29,11.89,7.99,12.49,11.7,2.4,8.6,8.1,2.5,6.0,7.01,4.35,6.1,7.66,3.59,6.7,3.4,9.1
2022-08-05,10.07,8.15,13.13,13.7,2.6,8.9,7.6,2.7,6.3,6.71,4.94,6.4,7.61,3.35,7.1,4.4,8.5
2022-08-12,10.07,8.15,13.13,13.7,2.6,8.9,7.6,2.7,6.3,6.71,4.94,6.4,7.61,3.35,7.1,4.4,8.5
2022-08-19,10.07,8.15,13.13,13.7,2.6,8.9,7.6,2.7,6.3,6.71,4.94,6.4,7.61,3.35,7.1,4.4,8.5
2022-08-26,10.07,8.15,13.13,13.7,2.6,8.9,7.6,2.7,6.3,6.71,4.94,6.4,7.61,3.35,7.1,4.4,8.5
2022-09-02,8.73,8.7,14.08,15.6,3.0,9.1,7.0,2.5,5.7,7.0,4.69,6.3,7.86,2.68,7.5,4.7,8.3
2022-09-09,8.73,8.7,14.08,15.6,3.0,9.1,7.0,2.5,5.7,7.0,4.69,6.3,7.86,2.68,7.5,4.7,8.3
2022-09-16,8.73,8.7,14.08,15.6,3.0,9.1,7.0,2.5,5.7,7.0,4.69,6.3,7.86,2.68,7.5,4.7,8.3
2022-09-23,8.73,8.7,14.08,15.6,3.0,9.1,7.0,2.5,5.7,7.0,4.69,6.3,7.86,2.68,7.5,4.7,8.3
2022-09-30,7.17,8.7,13.73,20.1,3.0,9.9,6.9,2.8,5.5,7.41,5.95,6.9,6.41,2.76,7.5,4.5,8.2
2022-10-07,7.17,8.7,13.73,20.1,3.0,9.9,6.9,2.8,5.5,7.41,5.95,6.9,6.41,2.76,7.5,4.5,8.2
2022-10-14,7.17,8.7,13.73,20.1,3.0,9.9,6.9,2.8,5.5,7.41,5.95,6.9,6.41,2.76,7.5,4.5,8.2
2022-10-21,7.17,8.7,13.73,20.1,3.0,9.9,6.9,2.8,5.5,7.41,5.95,6.9,6.41,2.76,7.5,4.5,8.2
2022-10-28,7.17,8.7,13.73,20.1,3.0,9.9,6.9,2.8,5.5,7.41,5.95,6.9,6.41,2.76,7.5,4.5,8.2
2022-11-04,6.47,8.41,12.81,21.1,3.7,10.6,6.9,2.1,5.6,6.77,5.71,7.7,5.98,2.74,6.8,4.0,7.7
2022-11-11,6.47,8.41,12.81,21.1,3.7,10.6,6.9,2.1,5.6,6.77,5.71,7.7,5.98,2.74,6.8,4.0,7.7
2022-11-18,6.47,8.41,12.81,21.1,3.7,10.6,6.9,2.1,5.6,6.77,5.71,7.7,5.98,2.74,6.8,4.0,7.7
2022-11-25,6.47,8.41,12.81,21.1,3.7,10.6,6.9,2.1,5.6,6.77,5.71,7.7,5.98,2.74,6.8,4.0,7.7
2022-12-02,5.9,7.8,13.34,22.5,3.8,10.1,6.8,1.6,5.0,5.88,5.42,8.0,5.55,2.35,6.7,4.0,7.1
2022-12-09,5.9,7.8,13.34,22.5,3.8,10.1,6.8,1.6,5.0,5.88,5.42,8.0,5.55,2.35,6.7,4.0,7.1
2022-12-16,5.9,7.8,13.34,22.5,3.8,10.1,6.8,1.6,5.0,5.88,5.42,8.0,5.55,2.35,6.7,4.0,7.1
2022-12-23,5.9,7.8,13.34,22.5,3.8,10.1,6.8,1.6,5.0,5.88,5.42,8.0,5.55,2.35,6.7,4.0,7.1
2022-12-30,5.9,7.8,13.34,22.5,3.8,10.1,6.8,1.6,5.0,5.88,5.42,8.0,5.55,2.35,6.7,4.0,7.1
2023-01-06,5.79,7.82,12.77,24.5,4.0,9.2,6.3,1.8,5.0,5.72,5.51,8.1,5.89,2.71,6.5,3.8,6.5
2023-01-13,5.79,7.82,12.77,24.5,4.0,9.2,6.3,1.8,5.0,5.72,5.51,8.1,5.89,2.71,6.5,3.8,6.5
2023-01-20,5.79,7.82,12.77,24.5,4.0,9.2,6.3,1.8,5.0,5.72,5.51,8.1,5.89,2.71,6.5,3.8,6.5
2023-01-27,5.79,7.82,12.77,24.5,4.0,9.2,6.3,1.8,5.0,5.72,5.51,8.1,5.89,2.71,6.5,3.8,6.5
2023-02-03,5.77,7.91,12.35,25.7,4.3,8.6,5.9,2.1,5.0,6.52,5.1,8.7,5.02,3.05,6.6,3.7,6.4
2023-02-10,5.77,7.91,12.35,25.7,4.3,8.6,5.9,2.1,5.0,6.52,5.1,8.7,5.02,3.05,6.6,3.7,6.4
2023-02-17,5.77,7.91,12.35,25.7,4.3,8.6,5.9,2.1,5.0,6.52,5.1,8.7,5.02,3.05,6.6,3.7,6.4
2023-02-24,5.77,7.91,12.35,25.7,4.3,8.6,5.9,2.1,5.0,6.52,5.1,8.7,5.02,3.05,6.6,3.7,6.4
2023-03-03,5.6,7.62,11.95,25.4,3.3,8.5,5.2,1.0,4.7,6.44,5.38,8.6,3.79,2.42,6.3,3.7,6.0
2023-03-10,5.6,7.62,11.95,25.4,3.3,8.5,5.2,1.0,4.7,6.44,5.38,8.6,3.79,2.42,6.3,3.7,6.0
2023-03-17,5.6,7.62,11.95,25.4,3.3,8.5,5.2,1.0,4.7,6.44,5.38,8.6,3.79,2.42,6.3,3.7,6.0
2023-03-24,5.6,7.62,11.95,25.4,3.3,8.5,5.2,1.0,4.7,6.44,5.38,8.6,3.79,2.42,6.3,3.7,6.0
2023-03-31,4.65,6.85,11.1,25.2,3.2,6.9,4.3,0.7,4.2,5.66,5.01,7.6,2.83,2.35,5.5,3.4,5.0
2023-04-07,4.65,6.85,11.1,25.2,3.2,6.9,4.3,0.7,4.2,5.66,5.01,7.6,2.83,2.35,5.5,3.4,5.0
2023-04-14,4.65,6.85,11.1,25.2,3.2,6.9,4.3,0.7,4.2,5.66,5.01,7.6,2.83,2.35,5.5,3.4,5.0
2023-04-21,4.65,6.85,11.1,25.2,3.2,6.9,4.3,0.7,4.2,5.66,5.01,7.6,2.83,2.35,5.5,3.4,5.0
2023-04-28,4.65,6.85,11.1,25.2,3.2,6.9,4.3,0.7,4.2,5.66,5.01,7.6,2.83,2.35,5.5,3.4,5.0
2023-05-05,4.18,6.25,9.91,24.0,3.5,6.9,4.4,0.1,3.7,4.7,4.35,6.6,2.67,2.35,5.8,3.3,4.9
2023-05-12,4.18,6.25,9.91,24.0,3.5,6.9,4.4,0.1,3.7,4.7,4.35,6.6,2.67,2.35,5.8,3.3,4.9
2023-05-19,4.18,6.25,9.91,24.0,3.5,6.9,4.4,0.1,3.7,4.7,4.35,6.6,2.67,2.35,5.8,3.3,4.9
2023-05-26,4.18,6.25,9.91,24.0,3.5,6.9,4.4,0.1,3.7,4.7,4.35,6.6,2.67,2.35,5.8,3.3,4.9
2023-06-02,3.94,5.84,8.73,21.5,3.2,6.1,3.4,0.2,3.4,4.31,4.09,6.1,0.53,2.02,5.1,2.8,4.0
2023-06-09,3.94,5.84,8.73,21.5,3.2,6.1,3.4,0.2,3.4,4.31,4.09,6.1,0.53,2.02,5.1,2.8,4.0
2023-06-16,3.94,5.84,8.73,21.5,3.2,6.1,3.4,0.2,3.4,4.31,4.09,6.1,0.53,2.02,5.1,2.8,4.0
2023-06-23,3.94,5.84,8.73,21.5,3.2,6.1,3.4,0.2,3.4,4.31,4.09,6.1,0.53,2.02,5.1,2.8,4.0
2023-06-30,3.16,5.06,7.55,20.1,3.3,5.5,2.8,0.0,2.7,4.87,3.54,5.4,0.23,1.75,4.5,2.4,3.0
2023-07-07,3.16,5.06,7.55,20.1,3.3,5.5,2.8,0.0,2.7,4.87,3.54,5.4,0.23,1.75,4.5,2.4,3.0
2023-07-14,3.16,5.06,7.55,20.1,3.3,5.5,2.8,0.0,2.7,4.87,3.54,5.4,0.23,1.75,4.5,2.4,3.0
2023-07-21,3.16,5.06,7.55,20.1,3.3,5.5,2.8,0.0,2.7,4.87,3.54,5.4,0.23,1.75,4.5,2.4,3.0
2023-07-28,3.16,5.06,7.55,20.1,3.3,5.5,2.8,0.0,2.7,4.87,3.54,5.4,0.23,1.75,4.5,2.4,3.0
2023-08-04,3.99,4.79,6.47,17.6,3.3,5.3,3.3,-0.3,2.4,7.44,3.11,4.7,0.38,1.88,4.1,2.0,3.2
2023-08-11,3.99,4.79,6.47,17.6,3.3,5.3,3.3,-0.3,2.4,7.44,3.11,4.7,0.38,1.88,4.1,2.0,3.2
2023-08-18,3.99,4.79,6.47,17.6,3.3,5.3,3.3,-0.3,2.4,7.44,3.11,4.7,0.38,1.88,4.1,2.0,3.2
2023-08-25,3.99,4.79,6.47,17.6,3.3,5.3,3.3,-0.3,2.4,7.44,3.11,4.7,0.38,1.88,4.1,2.0,3.2
2023-09-01,4.61,4.64,5.31,16.4,3.2,5.2,4.0,0.1,3.4,6.83,3.45,5.3,0.88,2.53,4.1,2.0,3.7
2023-09-08,4.61,4.64,5.31,16.4,3.2,5.2,4.0,0.1,3.4,6.83,3.45,5.3,0.88,2.53,4.1,2.0,3.7
2023-09-15,4.61,4.64,5.31,16.4,3.2,5.2,4.0,0.1,3.4,6.83,3.45,5.3,0.88,2.53,4.1,2.0,3.7
2023-09-22,4.61,4.64,5.31,16.4,3.2,5.2,4.0,0.1,3.4,6.83,3.45,5.3,0.88,2.53,4.1,2.0,3.7
2023-09-29,4.61,4.64,5.31,16.4,3.2,5.2,4.0,0.1,3.4,6.83,3.45,5.3,0.88,2.53,4.1,2.0,3.7
2023-10-06,5.19,4.45,5.11,12.2,3.0,4.3,3.8,0.0,3.7,5.02,2.29,6.1,0.3,2.93,4.1,1.9,3.7
2023-10-13,5.19,4.45,5.11,12.2,3.0,4.3,3.8,0.0,3.7,5.02,2.29,6.1,0.3,2.93,4.1,1.9,3.7
2023-10-20,5.19,4.45,5.11,12.2,3.0,4.3,3.8,0.0,3.7,5.02,2.29,6.1,0.3,2.93,4.1,1.9,3.7
2023-10-27,5.19,4.45,5.11,12.2,3.0,4.3,3.8,0.0,3.7,5.02,2.29,6.1,0.3,2.93,4.1,1.9,3.7
2023-11-03,4.82,4.26,5.04,9.9,3.3,2.9,3.1,-0.2,3.8,4.87,2.64,4.9,-0.31,3.04,4.8,1.8,3.2
2023-11-10,4.82,4.26,5.04,9.9,3.3,2.9,3.1,-0.2,3.8,4.87,2.64,4.9,-0.31,3.04,4.8,1.8,3.2
2023-11-17,4.82,4.26,5.04,9.9,3.3,2.9,3.1,-0.2,3.8,4.87,2.64,4.9,-0.31,3.04,4.8,1.8,3.2
2023-11-24,4.82,4.26,5.04,9.9,3.3,2.9,3.1,-0.2,3.8,4.87,2.64,4.9,-0.31,3.04,4.8,1.8,3.2
2023-12-01,4.68,4.32,4.8,7.9,2.8,2.4,3.1,-0.5,3.3,5.55,2.98,4.1,-0.44,2.9,3.6,1.5,3.1
2023-12-08,4.68,4.32,4.8,7.9,2.8,2.4,3.1,-0.5,3.3,5.55,2.98,4.1,-0.44,2.9,3.6,1.5,3.1
2023-12-15,4.68,4.32,4.8,7.9,2.8,2.4,3.1,-0.5,3.3,5.55,2.98,4.1,-0.44,2.9,3.6,1.5,3.1
2023-12-22,4.68,4.32,4.8,7.9,2.8,2.4,3.1,-0.5,3.3,5.55,2.98,4.1,-0.44,2.9,3.6,1.5,3.1
2023-12-29,4.68,4.32,4.8,7.9,2.8,2.4,3.1,-0.5,3.3,5.55,2.98,4.1,-0.44,2.9,3.6,1.5,3.1
2024-01-05,4.62,4.66,3.94,5.5,2.6,2.9,3.4,-0.3,3.2,5.69,2.81,3.9,-0.83,2.7,3.8,1.5,3.4
2024-01-12,4.62,4.66,3.94,5.5,2.6,2.9,3.4,-0.3,3.2,5.69,2.81,3.9,-0.83,2.7,3.8,1.5,3.4
2024-01-19,4.62,4.66,3.94,5.5,2.6,2.9,3.4,-0.3,3.2,5.69,2.81,3.9,-0.83,2.7,3.8,1.5,3.4
2024-01-26,4.62,4.66,3.94,5.5,2.6,2.9,3.4,-0.3,3.2,5.69,2.81,3.9,-0.83,2.7,3.8,1.5,3.4
2024-02-02,4.51,4.88,3.8,3.8,2.2,2.8,2.9,-0.8,2.8,5.1,2.57,2.8,-1.11,1.8,3.1,1.5,3.1
2024-02-09,4.51,4.88,3.8,3.8,2.2,2.8,2.9,-0.8,2.8,5.1,2.57,2.8,-1.11,1.8,3.1,1.5,3.1
2024-02-16,4.51,4.88,3.8,3.8,2.2,2.8,2.9,-0.8,2.8,5.1,2.57,2.8,-1.11,1.8,3.1,1.5,3.1
2024-02-23,4.51,4.88,3.8,3.8,2.2,2.8,2.9,-0.8,2.8,5.1,2.57,2.8,-1.11,1.8,3.1,1.5,3.1
2024-03-01,4.5,4.4,4.48,3.7,2.8,2.6,2.8,0.7,3.1,5.09,2.75,3.4,-0.77,3.08,3.6,1.8,3.2
2024-03-08,4.5,4.4,4.48,3.7,2.8,2.6,2.8,0.7,3.1,5.09,2.75,3.4,-0.77,3.08,3.6,1.8,3.2
2024-03-15,4.5,4.4,4.48,3.7,2.8,2.6,2.8,0.7,3.1,5.09,2.75,3.4,-0.77,3.08,3.6,1.8,3.2
2024-03-22,4.5,4.4,4.48,3.7,2.8,2.6,2.8,0.7,3.1,5.09,2.75,3.4,-0.77,3.08,3.6,1.8,3.2
2024-03-29,4.5,4.4,4.48,3.7,2.8,2.6,2.8,0.7,3.1,5.09,2.75,3.4,-0.77,3.08,3.6,1.8,3.2
2024-04-05,3.93,4.42,3.74,3.6,2.7,2.4,2.9,0.1,3.1,4.85,3.05,3.7,-0.47,2.15,3.0,1.8,3.5
2024-04-12,3.93,4.42,3.74,3.6,2.7,2.4,2.9,0.1,3.1,4.85,3.05,3.7,-0.47,2.15,3.0,1.8,3.5
2024-04-19,3.93,4.42,3.74,3.6,2.7,2.4,2.9,0.1,3.1,4.85,3.05,3.7,-0.47,2.15,3.0,1.8,3.5
2024-04-26,3.93,4.42,3.74,3.6,2.7,2.4,2.9,0.1,3.1,4.85,3.05,3.7,-0.47,2.15,3.0,1.8,3.5
2024-05-03,3.69,4.65,3.97,3.7,2.5,2.4,2.7,0.3,2.9,4.83,3.0,3.8,0.19,1.94,2.6,1.8,3.4
2024-05-10,3.69,4.65,3.97,3.7,2.5,2.4,2.7,0.3,2.9,4.83,3.0,3.8,0.19,1.94,2.6,1.8,3.4
2024-05-17,3.69,4.65,3.97,3.7,2.5,2.4,2.7,0.3,2.9,4.83,3.0,3.8,0.19,1.94,2.6,1.8,3.4
2024-05-24,3.69,4.65,3.97,3.7,2.5,2.4,2.7,0.3,2.9,4.83,3.0,3.8,0.19,1.94,2.6,1.8,3.4
2024-05-31,3.93,4.69,4.13,4.0,2.8,2.6,2.9,0.3,2.7,4.8,2.84,3.9,1.54,2.23,3.1,2.0,3.3
2024-06-07,3.93,4.69,4.13,4.0,2.8,2.6,2.9,0.3,2.7,4.8,2.84,3.9,1.54,2.23,3.1,2.0,3.3
2024-06-14,3.93,4.69,4.13,4.0,2.8,2.6,2.9,0.3,2.7,4.8,2.84,3.9,1.54,2.23,3.1,2.0,3.3
2024-06-21,3.93,4.69,4.13,4.0,2.8,2.6,2.9,0.3,2.7,4.8,2.84,3.9,1.54,2.23,3.1,2.0,3.3
2024-06-28,3.93,4.69,4.13,4.0,2.8,2.6,2.9,0.3,2.7,4.8,2.84,3.9,1.54,2.23,3.1,2.0,3.3
2024-07-05,4.23,4.98,4.19,3.7,2.8,2.5,2.7,0.2,2.4,5.08,2.51,3.7,0.62,2.42,2.5,2.0,3.0
2024-07-12,4.23,4.98,4.19,3.7,2.8,2.5,2.7,0.2,2.4,5.08,2.51,3.7,0.62,2.42,2.5,2.0,3.0
2024-07-19,4.23,4.98,4.19,3.7,2.8,2.5,2.7,0.2,2.4,5.08,2.51,3.7,0.62,2.42,2.5,2.0,3.0
2024-07-26,4.23,4.98,4.19,3.7,2.8,2.5,2.7,0.2,2.4,5.08,2.51,3.7,0.62,2.42,2.5,2.0,3.0
2024-08-02,4.5,5.57,4.6,4.1,2.8,2.6,2.5,0.5,2.6,3.6,2.13,4.4,0.83,2.53,2.5,2.0,2.9
2024-08-09,4.5,5.57,4.6,4.1,2.8,2.6,2.5,0.5,2.6,3.6,2.13,4.4,0.83,2.53,2.5,2.0,2.9
2024-08-16,4.5,5.57,4.6,4.1,2.8,2.6,2.5,0.5,2.6,3.6,2.13,4.4,0.83,2.53,2.5,2.0,2.9
2024-08-23,4.5,5.57,4.6,4.1,2.8,2.6,2.5,0.5,2.6,3.6,2.13,4.4,0.83,2.53,2.5,2.0,2.9
2024-08-30,4.5,5.57,4.6,4.1,2.8,2.6,2.5,0.5,2.6,3.6,2.13,4.4,0.83,2.53,2.5,2.0,2.9
2024-09-06,4.24,4.99,4.74,3.4,3.0,2.2,2.0,0.6,2.0,3.65,2.12,3.3,0.35,2.35,2.2,1.9,2.5
2024-09-13,4.24,4.99,4.74,3.4,3.0,2.2,2.0,0.6,2.0,3.65,2.12,3.3,0.35,2.35,2.2,1.9,2.5
2024-09-20,4.24,4.99,4.74,3.4,3.0,2.2,2.0,0.6,2.0,3.65,2.12,3.3,0.35,2.35,2.2,1.9,2.5
2024-09-27,4.24,4.99,4.74,3.4,3.0,2.2,2.0,0.6,2.0,3.65,2.12,3.3,0.35,2.35,2.2,1.9,2.5
2024-10-04,4.42,4.58,4.13,3.0,2.5,1.7,1.6,0.4,1.6,5.49,1.84,1.9,0.61,1.82,1.9,1.8,2.4
2024-10-11,4.42,4.58,4.13,3.0,2.5,1.7,1.6,0.4,1.6,5.49,1.84,1.9,0.61,1.82,1.9,1.8,2.4
2024-10-18,4.42,4.58,4.13,3.0,2.5,1.7,1.6,0.4,1.6,5.49,1.84,1.9,0.61,1.82,1.9,1.8,2.4
2024-10-25,4.42,4.58,4.13,3.0,2.5,1.7,1.6,0.4,1.6,5.49,1.84,1.9,0.61,1.82,1.9,1.8,2.4
2024-11-01,4.76,4.76,4.68,3.2,2.3,2.0,2.0,0.3,1.3,6.21,1.71,2.3,0.83,1.69,1.2,1.9,2.6
2024-11-08,4.76,4.76,4.68,3.2,2.3,2.0,2.0,0.3,1.3,6.21,1.71,2.3,0.83,1.69,1.2,1.9,2.6
2024-11-15,4.76,4.76,4.68,3.2,2.3,2.0,2.0,0.3,1.3,6.21,1.71,2.3,0.83,1.69,1.2,1.9,2.6
2024-11-22,4.76,4.76,4.68,3.2,2.3,2.0,2.0,0.3,1.3,6.21,1.71,2.3,0.83,1.69,1.2,1.9,2.6
2024-11-29,4.76,4.76,4.68,3.2,2.3,2.0,2.0,0.3,1.3,6.21,1.71,2.3,0.83,1.69,1.2,1.9,2.6
2024-12-06,4.87,4.55,4.17,3.7,2.9,2.2,1.9,0.2,1.5,5.48,1.55,2.5,0.95,2.08,1.6,1.8,2.7
2024-12-13,4.87,4.55,4.17,3.7,2.9,2.2,1.9,0.2,1.5,5.48,1.55,2.5,0.95,2.08,1.6,1.8,2.7
2024-12-20,4.87,4.55,4.17,3.7,2.9,2.2,1.9,0.2,1.5,5.48,1.55,2.5,0.95,2.08,1.6,1.8,2.7
2024-12-27,4.87,4.55,4.17,3.7,2.9,2.2,1.9,0.2,1.5,5.48,1.55,2.5,0.95,2.08,1.6,1.8,2.7
2025-01-03,4.83,4.21,4.53,4.6,3.6,2.4,1.8,0.1,1.9,5.22,1.57,2.9,1.23,2.1,1.5,1.7,2.9
2025-01-10,4.83,4.21,4.53,4.6,3.6,2.4,1.8,0.1,1.9,5.22,1.57,2.9,1.23,2.1,1.5,1.7,2.9
2025-01-17,4.83,4.21,4.53,4.6,3.6,2.4,1.8,0.1,1.9,5.22,1.57,2.9,1.23,2.1,1.5,1.7,2.9
2025-01-24,4.83,4.21,4.53,4.6,3.6,2.4,1.8,0.1,1.9,5.22,1.57,2.9,1.23,2.1,1.5,1.7,2.9
2025-01-31,4.56,3.59,4.94,5.5,4.0,2.5,1.9,0.5,2.2,4.09,0.76,2.9,1.32,2.67,1.2,1.7,3.0
2025-02-07,4.56,3.59,4.94,5.5,4.0,2.5,1.9,0.5,2.2,4.09,0.76,2.9,1.32,2.67,1.2,1.7,3.0
2025-02-14,4.56,3.59,4.94,5.5,4.0,2.5,1.9,0.5,2.2,4.09,0.76,2.9,1.32,2.67,1.2,1.7,3.0
2025-02-21,4.56,3.59,4.94,5.5,4.0,2.5,1.9,0.5,2.2,4.09,0.76,2.9,1.32,2.67,1.2,1.7,3.0
2025-02-28,5.06,3.77,4.73,5.6,3.7,2.3,2.6,-0.7,2.0,3.47,-0.09,2.1,1.08,1.62,0.9,1.5,2.8
2025-03-07,5.06,3.77,4.73,5.6,3.7,2.3,2.6,-0.7,2.0,3.47,-0.09,2.1,1.08,1.62,0.9,1.5,2.8
2025-03-14,5.06,3.77,4.73,5.6,3.7,2.3,2.6,-0.7,2.0,3.47,-0.09,2.1,1.08,1.62,0.9,1.5,2.8
2025-03-21,5.06,3.77,4.73,5.6,3.7,2.3,2.6,-0.7,2.0,3.47,-0.09,2.1,1.08,1.62,0.9,1.5,2.8
2025-03-28,5.06,3.77,4.73,5.6,3.7,2.3,2.6,-0.7,2.0,3.47,-0.09,2.1,1.08,1.62,0.9,1.5,2.8
2025-04-04,5.48,3.8,4.87,4.7,3.6,2.2,2.3,-0.1,2.1,3.58,1.03,1.8,0.84,2.34,0.9,1.4,2.4
2025-04-11,5.48,3.8,4.87,4.7,3.6,2.2,2.3,-0.1,2.1,3.58,1.03,1.8,0.84,2.34,0.9,1.4,2.4
2025-04-18,5.48,3.8,4.87,4.7,3.6,2.2,2.3,-0.1,2.1,3.58,1.03,1.8,0.84,2.34,0.9,1.4,2.4
2025-04-25,5.48,3.8,4.87,4.7,3.6,2.2,2.3,-0.1,2.1,3.58,1.03,1.8,0.84,2.34,0.9,1.4,2.4
2025-05-02,5.53,3.93,4.52,4.2,3.6,2.2,1.7,-0.1,2.1,3.36,1.95,1.4,-0.22,2.03,0.9,1.4,2.3
2025-05-09,5.53,3.93,4.52,4.2,3.6,2.2,1.7,-0.1,2.1,3.36,1.95,1.4,-0.22,2.03,0.9,1.4,2.3
2025-05-16,5.53,3.93,4.52,4.2,3.6,2.2,1.7,-0.1,2.1,3.36,1.95,1.4,-0.22,2.03,0.9,1.4,2.3
2025-05-23,5.53,3.93,4.52,4.2,3.6,2.2,1.7,-0.1,2.1,3.36,1.95,1.4,-0.22,2.03,0.9,1.4,2.3
2025-05-30,5.53,3.93,4.52,4.2,3.6,2.2,1.7,-0.1,2.1,3.36,1.95,1.4,-0.22,2.03,0.9,1.4,2.3
2025-06-06,5.32,4.42,4.44,4.4,3.5,1.9,1.7,-0.1,1.9,3.03,1.6,1.3,-0.57,1.54,0.8,1.2,2.4
2025-06-13,5.32,4.42,4.44,4.4,3.5,1.9,1.7,-0.1,1.9,3.03,1.6,1.3,-0.57,1.54,0.8,1.2,2.4
2025-06-20,5.32,4.42,4.44,4.4,3.5,1.9,1.7,-0.1,1.9,3.03,1.6,1.3,-0.57,1.54,0.8,1.2,2.4
2025-06-27,5.32,4.42,4.44,4.4,3.5,1.9,1.7,-0.1,1.9,3.03,1.6,1.3,-0.57,1.54,0.8,1.2,2.4
2025-07-04,5.35,4.32,4.12,4.6,3.3,2.0,1.9,0.1,2.2,2.3,1.87,1.4,-0.25,1.36,0.8,1.1,2.7
2025-07-11,5.35,4.32,4.12,4.6,3.3,2.0,1.9,0.1,2.2,2.3,1.87,1.4,-0.25,1.36,0.8,1.1,2.7
2025-07-18,5.35,4.32,4.12,4.6,3.3,2.0,1.9,0.1,2.2,2.3,1.87,1.4,-0.25,1.36,0.8,1.1,2.7
2025-07-25,5.35,4.32,4.12,4.6,3.3,2.0,1.9,0.1,2.2,2.3,1.87,1.4,-0.25,1.36,0.8,1.1,2.7
2025-08-01,5.23,3.51,4.25,4.3,3.1,2.0,1.7,0.0,2.1,1.67,2.37,0.9,-0.7,1.53,0.6,1.2,2.7
2025-08-08,5.23,3.51,4.25,4.3,3.1,2.0,1.7,0.0,2.1,1.67,2.37,0.9,-0.7,1.53,0.6,1.2,2.7
2025-08-15,5.23,3.51,4.25,4.3,3.1,2.0,1.7,0.0,2.1,1.67,2.37,0.9,-0.7,1.53,0.6,1.2,2.7
2025-08-22,5.23,3.51,4.25,4.3,3.1,2.0,1.7,0.0,2.1,1.67,2.37,0.9,-0.7,1.53,0.6,1.2,2.7
2025-08-29,5.23,3.51,4.25,4.3,3.1,2.0,1.7,0.0,2.1,1.67,2.37,0.9,-0.7,1.53,0.6,1.2,2.7
2025-09-05,5.13,3.57,4.03,4.3,2.7,2.0,1.9,-0.4,1.7,1.97,2.31,1.5,-0.79,1.6,0.5,1.3,2.9
2025-09-12,5.13,3.57,4.03,4.3,2.7,2.0,1.9,-0.4,1.7,1.97,2.31,1.5,-0.79,1.6,0.5,1.3,2.9
2025-09-19,5.13,3.57,4.03,4.3,2.7,2.0,1.9,-0.4,1.7,1.97,2.31,1.5,-0.79,1.6,0.5,1.3,2.9
2025-09-26,5.13,3.57,4.03,4.3,2.7,2.0,1.9,-0.4,1.7,1.97,2.31,1.5,-0.79,1.6,0.5,1.3,2.9
2025-10-03,5.17,3.76,4.4,4.3,2.9,2.2,2.4,-0.3,2.1,1.37,2.65,1.7,-0.72,1.25,0.7,1.5,3.0
2025-10-10,5.17,3.76,4.4,4.3,2.9,2.2,2.4,-0.3,2.1,1.37,2.65,1.7,-0.72,1.25,0.7,1.5,3.0
2025-10-17,5.17,3.76,4.4,4.3,2.9,2.2,2.4,-0.3,2.1,1.37,2.65,1.7,-0.72,1.25,0.7,1.5,3.0
2025-10-24,5.17,3.76,4.4,4.3,2.9,2.2,2.4,-0.3,2.1,1.37,2.65,1.7,-0.72,1.25,0.7,1.5,3.0
2025-10-31,4.68,3.57,3.44,4.3,3.0,2.1,2.2,0.2,2.4,0.0,2.86,1.7,-0.76,1.47,1.2,1.3,3.0
2025-11-07,4.68,3.57,3.44,4.3,3.0,2.1,2.2,0.2,2.4,0.0,2.86,1.7,-0.76,1.47,1.2,1.3,3.0
2025-11-14,4.68,3.57,3.44,4.3,3.0,2.1,2.2,0.2,2.4,0.0,2.86,1.7,-0.76,1.47,1.2,1.3,3.0
2025-11-21,4.68,3.57,3.44,4.3,3.0,2.1,2.2,0.2,2.4,0.0,2.86,1.7,-0.76,1.47,1.2,1.3,3.0
2025-11-28,4.68,3.57,3.44,4.3,3.0,2.1,2.2,0.2,2.4,0.0,2.86,1.7,-0.76,1.47,1.2,1.3,3.0
2025-12-05,4.46,3.8,3.44,3.8,2.9,2.1,2.2,0.7,2.4,0.48,2.72,1.5,-0.49,1.21,1.2,1.4,2.7
2025-12-12,4.46,3.8,3.44,3.8,2.9,2.1,2.2,0.7,2.4,0.48,2.72,1.5,-0.49,1.21,1.2,1.4,2.7
2025-12-19,4.46,3.8,3.44,3.8,2.9,2.1,2.2,0.7,2.4,0.48,2.72,1.5,-0.49,1.21,1.2,1.4,2.7
2025-12-26,4.46,3.8,3.44,3.8,2.9,2.1,2.2,0.7,2.4,0.48,2.72,1.5,-0.49,1.21,1.2,1.4,2.7
2026-01-02,4.26,3.69,3.45,3.3,2.1,2.0,2.4,0.8,2.3,1.17,2.92,1.8,-0.28,1.3,1.2,1.6,2.7
2026-01-09,4.26,3.69,3.45,3.3,2.1,2.0,2.4,0.8,2.3,1.17,2.92,1.8,-0.28,1.3,1.2,1.6,2.7
2026-01-16,4.26,3.69,3.45,3.3,2.1,2.0,2.4,0.8,2.3,1.17,2.92,1.8,-0.28,1.3,1.2,1.6,2.7
2026-01-23,4.26,3.69,3.45,3.3,2.1,2.0,2.4,0.8,2.3,1.17,2.92,1.8,-0.28,1.3,1.2,1.6,2.7
2026-01-30,4.26,3.69,3.45,3.3,2.1,2.0,2.4,0.8,2.3,1.17,2.92,1.8,-0.28,1.3,1.2,1.6,2.7
2026-02-06,4.44,3.79,2.78,2.1,1.5,1.7,2.3,0.2,2.0,2.73,3.55,2.0,-0.66,0.71,1.4,1.6,2.4
2026-02-13,4.44,3.79,2.78,2.1,1.5,1.7,2.3,0.2,2.0,2.73,3.55,2.0,-0.66,0.71,1.4,1.6,2.4
2026-02-20,4.44,3.79,2.78,2.1,1.5,1.7,2.3,0.2,2.0,2.73,3.55,2.0,-0.66,0.71,1.4,1.6,2.4
2026-02-27,4.44,3.79,2.78,2.1,1.5,1.7,2.3,0.2,2.0,2.73,3.55,2.0,-0.66,0.71,1.4,1.6,2.4
2026-03-06,3.81,4.02,2.37,1.4,1.3,1.9,1.8,1.3,2.0,3.21,4.76,2.4,-0.88,1.75,1.2,1.4,2.4
2026-03-13,3.81,4.02,2.37,1.4,1.3,1.9,1.8,1.3,2.0,3.21,4.76,2.4,-0.88,1.75,1.2,1.4,2.4
2026-03-20,3.81,4.02,2.37,1.4,1.3,1.9,1.8,1.3,2.0,3.21,4.76,2.4,-0.88,1.75,1.2,1.4,2.4
2026-03-27,3.81,4.02,2.37,1.4,1.3,1.9,1.8,1.3,2.0,3.21,4.76,2.4,-0.88,1.75,1.2,1.4,2.4
2026-04-03,4.14,4.59,2.83,1.8,1.5,2.6,2.4,1.0,2.2,3.4,3.48,4.1,-0.08,1.2,1.8,1.7,3.3
2026-04-10,4.14,4.59,2.83,1.8,1.5,2.6,2.4,1.0,2.2,3.4,3.48,4.1,-0.08,1.2,1.8,1.7,3.3
2026-04-17,4.14,4.59,2.83,1.8,1.5,2.6,2.4,1.0,2.2,3.4,3.48,4.1,-0.08,1.2,1.8,1.7,3.3
2026-04-24,4.14,4.59,2.83,1.8,1.5,2.6,2.4,1.0,2.2,3.4,3.48,4.1,-0.08,1.2,1.8,1.7,3.3
2026-05-01,4.39,4.45,3.96,2.1,1.4,3.0,2.8,1.2,2.6,3.48,2.42,7.2,2.89,1.73,1.8,1.9,3.8
2026-05-08,4.39,4.45,3.96,2.1,1.4,3.0,2.8,1.2,2.6,3.48,2.42,7.2,2.89,1.73,1.8,1.9,3.8
2026-05-15,4.39,4.45,3.96,2.1,1.4,3.0,2.8,1.2,2.6,3.48,2.42,7.2,2.89,1.73,1.8,1.9,3.8
2026-05-22,4.39,4.45,3.96,2.1,1.4,3.0,2.8,1.2,2.6,3.48,2.42,7.2,2.89,1.73,1.8,1.9,3.8
2026-05-29,4.39,4.45,3.96,2.1,1.4,3.0,2.8,1.2,2.6,3.48,2.42,7.2,2.89,1.73,1.8,1.9,3.8
2026-06-05,4.72,3.94,3.93,1.8,1.5,3.2,3.2,1.2,3.1,3.94,3.08,6.8,2.79,2.2,1.8,2.0,4.2
2026-06-12,4.72,3.94,3.93,1.8,1.5,3.2,3.2,1.2,3.1,3.94,3.08,6.8,2.79,2.2,1.8,2.0,4.2
2026-06-19,4.72,3.94,3.93,1.8,1.5,3.2,3.2,1.2,3.1,3.94,3.08,6.8,2.79,2.2,1.8,2.0,4.2
2026-06-26,4.72,3.94,3.93,1.8,1.5,3.2,3.2,1.2,3.1,3.94,3.08,6.8,2.79,2.2,1.8,2.0,4.2
