date,CNH,INR,IDR,MYR,PHP,SGD,KRW,THB,TWD
2013-01-04,-23.53,-42.91,-8.26,-5.91,-22.81,-11.86,-33.7,-22.88,-20.12
2013-01-11,-24.01,-43.23,-8.36,-5.64,-23.2,-12.08,-34.25,-23.39,-20.05
2013-01-18,-24.09,-42.51,-9.14,-5.8,-23.42,-12.19,-34.16,-23.33,-20.28
2013-01-25,-24.77,-42.07,-10.09,-6.09,-24.06,-12.58,-34.45,-23.61,-20.75
2013-02-01,-24.73,-41.43,-10.33,-6.09,-24.29,-12.64,-34.29,-23.27,-21.0
2013-02-08,-24.67,-39.71,-11.76,-6.17,-24.52,-12.8,-33.95,-23.07,-20.86
2013-02-15,-24.04,-38.87,-11.77,-5.81,-24.03,-12.46,-33.37,-22.78,-20.34
2013-02-22,-23.67,-38.78,-11.92,-5.9,-23.44,-12.05,-33.05,-22.81,-19.9
2013-03-01,-23.91,-38.77,-11.81,-5.54,-23.65,-12.2,-33.32,-22.91,-19.9
2013-03-08,-23.96,-39.39,-11.78,-5.35,-23.6,-12.18,-33.78,-23.47,-19.68
2013-03-15,-23.7,-39.89,-11.44,-5.26,-23.33,-12.03,-33.64,-23.42,-19.46
2013-03-22,-23.93,-40.23,-11.75,-5.16,-23.81,-12.36,-34.17,-23.75,-19.62
2013-03-29,-23.08,-40.4,-10.54,-4.99,-22.82,-11.69,-33.73,-23.64,-18.97
2013-04-05,-22.96,-39.88,-9.62,-4.67,-22.69,-11.52,-33.79,-23.25,-18.62
2013-04-12,-22.3,-38.28,-10.18,-4.46,-22.21,-11.15,-33.38,-22.98,-18.14
2013-04-19,-22.68,-39.58,-10.75,-4.84,-22.61,-11.6,-33.71,-23.42,-18.42
2013-04-26,-23.04,-40.02,-11.24,-5.18,-22.88,-11.73,-33.85,-23.7,-18.49
2013-05-03,-23.18,-39.74,-10.75,-5.02,-22.87,-11.77,-33.68,-23.33,-18.57
2013-05-10,-23.15,-39.09,-10.94,-4.66,-22.95,-11.82,-33.84,-23.41,-18.5
2013-05-17,-22.81,-39.16,-10.37,-4.53,-22.71,-11.6,-33.8,-23.21,-18.24
2013-05-24,-22.59,-39.0,-10.83,-4.88,-22.26,-11.32,-33.08,-23.09,-18.2
2013-05-31,-23.01,-39.18,-11.73,-4.96,-22.96,-11.81,-33.42,-23.38,-18.49
2013-06-07,-22.66,-39.5,-12.33,-4.84,-23.14,-11.96,-33.33,-23.27,-18.47
2013-06-14,-21.78,-38.25,-12.39,-4.88,-22.26,-11.42,-32.63,-22.69,-18.24
2013-06-21,-21.91,-38.46,-12.71,-5.2,-22.2,-11.57,-32.75,-22.95,-18.23
2013-06-28,-23.37,-38.8,-13.22,-5.3,-23.45,-12.15,-34.02,-23.2,-18.43
2013-07-05,-23.82,-38.8,-14.09,-5.44,-23.88,-12.46,-34.17,-23.59,-18.7
2013-07-12,-24.36,-39.22,-13.64,-5.21,-24.0,-12.6,-34.75,-23.55,-18.82
2013-07-19,-23.78,-38.97,-14.28,-5.92,-23.62,-12.34,-33.94,-23.21,-18.68
2013-07-26,-23.96,-39.34,-15.1,-6.29,-23.76,-12.46,-34.0,-23.42,-18.86
2013-08-02,-24.12,-39.87,-14.11,-6.53,-23.16,-12.13,-34.01,-23.32,-18.89
2013-08-09,-24.71,-41.03,-13.54,-6.32,-23.49,-12.44,-34.79,-24.09,-19.17
2013-08-16,-24.72,-41.17,-13.33,-6.14,-23.53,-12.48,-34.84,-24.2,-19.18
2013-08-23,-24.74,-41.53,-13.59,-5.91,-23.85,-12.67,-35.1,-24.39,-19.56
2013-08-30,-25.06,-42.41,-13.2,-5.93,-24.07,-12.87,-35.6,-24.69,-19.69
2013-09-06,-24.64,-41.44,-12.43,-5.58,-23.71,-12.58,-35.47,-24.44,-19.41
2013-09-13,-24.33,-41.52,-11.78,-5.7,-23.3,-12.3,-35.16,-24.34,-19.19
2013-09-20,-24.04,-41.11,-12.33,-6.26,-23.21,-12.15,-34.71,-24.31,-19.15
2013-09-27,-23.79,-41.41,-12.51,-6.47,-23.22,-12.15,-34.75,-24.49,-19.25
2013-10-04,-23.9,-40.95,-11.06,-5.24,-23.37,-12.28,-35.26,-24.3,-19.46
2013-10-11,-24.04,-41.23,-10.56,-5.45,-23.35,-12.24,-35.26,-24.38,-19.33
2013-10-18,-23.65,-41.35,-9.9,-5.55,-22.79,-11.86,-34.75,-24.21,-19.09
2013-10-25,-23.23,-40.31,-11.26,-6.05,-22.42,-11.56,-33.72,-23.82,-19.3
2013-11-01,-23.33,-39.96,-11.06,-5.77,-22.41,-11.53,-33.79,-23.52,-18.8
2013-11-08,-23.44,-39.78,-11.22,-5.49,-22.77,-11.77,-34.03,-23.66,-19.16
2013-11-15,-23.74,-39.47,-11.02,-5.23,-23.08,-11.98,-34.38,-23.73,-19.26
2013-11-22,-23.49,-39.37,-10.46,-4.97,-22.9,-11.84,-34.28,-23.6,-19.41
2013-11-29,-24.13,-39.88,-10.29,-4.69,-23.47,-12.28,-35.19,-24.34,-19.63
2013-12-06,-23.98,-40.14,-8.82,-4.33,-23.13,-12.14,-35.41,-24.33,-19.4
2013-12-13,-24.32,-39.76,-9.75,-4.23,-23.82,-12.62,-35.79,-24.91,-19.52
2013-12-20,-24.35,-39.85,-10.19,-4.51,-23.89,-12.7,-35.76,-25.06,-19.69
2013-12-27,-23.35,-39.3,-9.8,-4.49,-22.94,-11.96,-34.59,-24.33,-19.17
2014-01-03,-23.1,-38.81,-11.2,-5.26,-22.94,-11.91,-33.91,-24.71,-18.96
2014-01-10,-23.21,-39.42,-10.42,-4.96,-23.11,-12.06,-34.5,-25.33,-18.95
2014-01-17,-23.26,-40.09,-8.81,-3.48,-23.54,-12.51,-35.71,-26.02,-19.0
2014-01-24,-22.81,-39.94,-9.4,-3.58,-23.48,-12.42,-35.43,-26.06,-19.0
2014-01-31,-23.2,-39.79,-10.78,-4.02,-23.98,-12.72,-35.36,-26.31,-18.74
2014-02-07,-23.38,-39.06,-12.11,-4.32,-24.31,-12.88,-34.88,-26.16,-18.86
2014-02-14,-23.66,-39.48,-11.16,-3.44,-24.64,-13.19,-35.72,-26.52,-19.06
2014-02-21,-23.33,-39.24,-12.34,-4.17,-24.49,-13.0,-35.0,-26.23,-18.85
2014-02-28,-23.26,-39.34,-12.36,-4.13,-24.64,-13.0,-34.95,-26.35,-18.79
2014-03-07,-22.66,-39.08,-12.74,-4.59,-24.48,-12.72,-34.12,-26.1,-18.56
2014-03-14,-22.72,-38.92,-13.32,-4.86,-24.39,-12.59,-34.03,-26.09,-18.48
2014-03-21,-23.03,-38.86,-12.99,-4.51,-24.66,-12.85,-34.64,-26.21,-18.58
2014-03-28,-23.06,-38.69,-13.07,-4.69,-24.47,-12.78,-34.48,-26.16,-18.58
2014-04-04,-23.28,-38.95,-12.61,-4.4,-24.67,-12.98,-35.0,-26.55,-18.67
2014-04-11,-23.48,-38.9,-12.58,-4.21,-24.99,-13.19,-35.38,-26.89,-18.96
2014-04-18,-23.26,-38.43,-12.85,-4.44,-24.77,-13.04,-34.97,-26.61,-19.05
2014-04-25,-22.64,-38.68,-12.44,-4.39,-24.59,-12.89,-34.68,-26.42,-18.66
2014-05-02,-22.47,-38.74,-12.69,-4.69,-24.19,-12.71,-34.37,-26.41,-18.68
2014-05-09,-22.59,-38.86,-13.23,-5.05,-24.47,-12.89,-34.37,-26.45,-18.74
2014-05-16,-22.78,-39.12,-13.39,-5.18,-24.74,-13.13,-34.55,-26.78,-18.89
2014-05-23,-22.04,-38.71,-12.99,-4.67,-24.52,-13.02,-34.35,-26.74,-18.75
2014-05-30,-21.8,-38.93,-12.67,-4.21,-24.39,-13.02,-34.55,-26.95,-18.57
2014-06-06,-21.84,-39.64,-12.7,-4.14,-25.05,-13.45,-35.06,-27.08,-18.79
2014-06-13,-22.14,-39.85,-13.59,-4.84,-25.28,-13.59,-34.86,-26.96,-19.05
2014-06-20,-22.06,-39.63,-13.72,-5.2,-25.01,-13.41,-34.44,-26.74,-18.9
2014-06-27,-22.03,-39.52,-13.22,-5.24,-24.57,-13.21,-34.35,-26.65,-18.43
2014-07-04,-21.4,-39.42,-13.55,-5.81,-23.64,-12.65,-33.31,-26.28,-18.14
2014-07-11,-21.21,-39.4,-14.6,-6.51,-23.77,-12.66,-33.07,-26.58,-18.09
2014-07-18,-21.3,-39.43,-14.73,-7.1,-23.79,-12.65,-33.01,-26.56,-17.96
2014-07-25,-20.65,-38.92,-14.42,-6.98,-23.24,-12.23,-32.34,-26.21,-17.89
2014-08-01,-20.81,-39.53,-13.21,-6.4,-23.21,-12.25,-32.86,-26.48,-18.02
2014-08-08,-20.41,-39.51,-13.69,-6.86,-22.71,-11.87,-32.36,-26.3,-17.54
2014-08-15,-21.02,-38.97,-12.61,-6.19,-22.08,-11.41,-32.36,-26.17,-17.48
2014-08-22,-21.0,-39.34,-12.48,-5.77,-22.46,-11.72,-32.9,-26.69,-17.5
2014-08-29,-20.21,-38.27,-13.43,-6.47,-21.87,-11.28,-31.59,-26.22,-17.57
2014-09-05,-19.8,-37.99,-12.91,-6.08,-21.34,-11.0,-31.52,-25.98,-17.19
2014-09-12,-19.53,-37.72,-13.18,-6.05,-21.49,-11.09,-31.29,-25.92,-16.95
2014-09-19,-19.15,-38.09,-12.81,-5.6,-21.55,-11.18,-31.54,-26.0,-16.77
2014-09-26,-18.61,-37.22,-12.32,-5.41,-20.88,-10.6,-30.9,-25.55,-16.5
2014-10-03,-18.23,-37.0,-12.06,-5.68,-20.25,-10.05,-30.21,-25.21,-16.4
2014-10-10,-17.76,-36.26,-12.11,-5.86,-19.65,-9.49,-29.36,-24.68,-15.96
2014-10-17,-17.61,-36.05,-12.46,-6.43,-19.5,-9.31,-28.88,-24.48,-15.88
2014-10-24,-17.67,-35.63,-12.04,-5.76,-19.46,-9.36,-29.23,-24.7,-15.28
2014-10-31,-17.39,-35.57,-10.4,-4.02,-19.36,-9.4,-29.98,-24.92,-14.5
2014-11-07,-16.74,-34.96,-10.58,-4.86,-18.75,-8.72,-28.76,-24.32,-13.53
2014-11-14,-16.64,-35.43,-9.58,-4.08,-18.95,-9.04,-29.46,-24.61,-13.76
2014-11-21,-15.01,-32.64,-10.15,-4.97,-17.18,-7.41,-26.69,-23.31,-12.82
2014-11-28,-14.77,-32.59,-11.32,-5.9,-16.8,-7.11,-25.86,-23.21,-12.62
2014-12-05,-13.65,-31.2,-10.74,-5.78,-15.52,-6.03,-24.33,-22.28,-11.77
2014-12-12,-13.33,-30.5,-11.76,-6.87,-15.29,-5.66,-23.38,-21.82,-11.37
2014-12-19,-12.6,-29.46,-13.26,-8.22,-14.63,-5.04,-21.57,-21.15,-11.22
2014-12-26,-12.21,-29.14,-13.05,-8.14,-13.97,-4.57,-20.97,-20.87,-10.67
2015-01-02,-11.36,-27.79,-13.91,-8.15,-12.94,-3.81,-19.47,-20.13,-9.62
2015-01-09,-10.91,-28.14,-14.44,-7.81,-12.93,-3.99,-19.47,-20.21,-8.86
2015-01-16,-10.15,-27.45,-14.5,-8.09,-12.52,-3.54,-18.34,-19.69,-8.73
2015-01-23,-10.38,-27.61,-16.03,-9.19,-13.08,-3.98,-18.23,-19.9,-8.28
2015-01-30,-11.21,-27.96,-16.25,-9.57,-14.04,-4.63,-19.0,-20.22,-9.6
2015-02-06,-11.97,-27.62,-16.16,-8.92,-15.14,-5.43,-19.99,-20.36,-9.66
2015-02-13,-11.64,-26.95,-15.29,-8.02,-14.58,-5.11,-19.77,-19.51,-10.07
2015-02-20,-12.01,-26.34,-15.95,-8.68,-14.74,-5.13,-19.29,-18.77,-9.99
2015-02-27,-11.27,-26.11,-15.51,-8.04,-14.17,-4.89,-19.09,-18.71,-9.82
2015-03-06,-10.58,-25.37,-15.44,-8.35,-13.34,-4.2,-18.05,-18.26,-9.26
2015-03-13,-10.49,-25.25,-15.65,-8.19,-13.56,-4.29,-18.0,-18.29,-8.84
2015-03-20,-10.54,-25.8,-16.18,-8.74,-13.75,-4.38,-17.93,-18.45,-9.4
2015-03-27,-10.0,-25.76,-16.3,-8.36,-13.68,-4.31,-17.77,-18.49,-9.27
2015-04-03,-10.34,-26.64,-17.41,-8.99,-14.07,-4.68,-18.07,-18.98,-9.11
2015-04-10,-11.39,-27.87,-17.11,-8.65,-14.94,-5.49,-19.62,-19.71,-9.82
2015-04-17,-11.93,-27.32,-17.6,-8.93,-15.17,-5.63,-19.62,-19.54,-10.12
2015-04-24,-12.23,-28.1,-16.55,-8.34,-15.49,-6.01,-20.53,-19.98,-10.3
2015-05-01,-12.51,-28.69,-16.0,-7.98,-15.29,-5.97,-20.89,-20.15,-10.4
2015-05-08,-12.62,-29.1,-15.64,-7.56,-15.65,-6.23,-21.36,-20.62,-10.64
2015-05-15,-12.03,-28.44,-16.51,-7.81,-15.64,-6.03,-20.6,-20.19,-10.5
2015-05-22,-12.22,-28.23,-16.53,-8.2,-15.49,-5.91,-20.14,-19.49,-10.07
2015-05-29,-12.81,-28.68,-13.45,-6.72,-13.99,-5.12,-20.14,-16.1,-9.91
2015-06-05,-13.08,-29.02,-13.29,-6.46,-14.32,-5.44,-20.82,-16.56,-10.14
2015-06-12,-12.77,-29.28,-12.72,-6.2,-14.12,-5.27,-20.66,-16.54,-9.79
2015-06-19,-12.76,-28.78,-13.23,-6.36,-14.31,-5.2,-20.54,-16.43,-9.83
2015-06-26,-12.34,-27.73,-13.42,-6.28,-14.28,-5.03,-20.14,-16.07,-9.82
2015-07-03,-11.48,-26.5,-13.91,-6.49,-13.86,-4.5,-19.11,-15.48,-9.26
2015-07-10,-11.09,-26.34,-12.91,-6.02,-13.39,-4.22,-18.9,-15.25,-9.4
2015-07-17,-10.35,-25.52,-12.73,-6.06,-12.72,-3.68,-17.9,-14.55,-8.94
2015-07-24,-10.2,-24.83,-13.01,-6.18,-12.48,-3.44,-17.4,-14.23,-8.64
2015-07-31,-9.76,-24.86,-12.28,-6.05,-11.77,-2.78,-17.01,-14.05,-8.32
2015-08-07,-9.72,-25.42,-11.96,-5.95,-11.58,-2.61,-17.14,-14.16,-8.13
2015-08-14,-9.02,-25.05,-12.46,-6.43,-10.91,-1.95,-15.99,-13.97,-7.71
2015-08-21,-9.6,-26.74,-12.73,-6.53,-11.38,-2.51,-17.2,-14.7,-7.7
2015-08-28,-9.57,-26.54,-13.16,-6.62,-11.46,-2.56,-17.05,-14.65,-8.03
2015-09-04,-9.8,-26.49,-12.55,-6.33,-11.17,-2.39,-17.27,-14.29,-7.71
2015-09-11,-9.43,-26.44,-13.0,-6.64,-11.18,-2.23,-16.8,-14.4,-7.66
2015-09-18,-9.35,-26.18,-13.91,-6.88,-11.58,-2.47,-16.75,-14.73,-7.41
2015-09-25,-8.9,-25.91,-14.95,-7.37,-11.6,-2.36,-16.07,-14.89,-7.29
2015-10-02,-9.8,-27.41,-15.09,-7.29,-12.45,-3.21,-17.67,-16.32,-8.24
2015-10-09,-9.42,-27.49,-14.43,-7.08,-11.89,-2.82,-17.19,-16.25,-7.69
2015-10-16,-8.88,-26.28,-15.01,-7.4,-11.47,-2.35,-16.12,-15.74,-7.39
2015-10-23,-8.85,-26.1,-16.1,-7.91,-11.94,-2.59,-16.01,-15.75,-7.5
2015-10-30,-8.33,-24.84,-16.25,-7.71,-11.8,-2.38,-15.61,-15.21,-7.43
2015-11-06,-7.84,-24.76,-15.34,-7.35,-11.17,-1.87,-15.27,-14.97,-6.88
2015-11-13,-7.59,-24.12,-16.24,-8.01,-11.3,-1.79,-14.59,-14.49,-6.7
2015-11-20,-7.39,-23.31,-16.83,-8.15,-11.43,-1.88,-14.2,-14.26,-6.59
2015-11-27,-6.99,-23.35,-16.42,-8.08,-11.03,-1.53,-13.64,-14.12,-6.64
2015-12-04,-6.41,-21.53,-16.9,-8.3,-10.7,-1.09,-12.34,-13.42,-6.51
2015-12-11,-6.29,-20.77,-17.63,-8.92,-10.36,-0.78,-11.63,-13.0,-5.57
2015-12-18,-6.51,-21.75,-16.61,-8.17,-10.62,-1.1,-12.54,-13.52,-4.92
2015-12-25,-6.65,-21.41,-15.75,-7.48,-10.6,-1.13,-13.05,-13.45,-4.82
2016-01-01,-5.74,-21.15,-15.34,-7.12,-9.87,-0.5,-12.3,-13.29,-4.1
2016-01-08,-5.03,-19.87,-16.19,-7.91,-9.12,0.32,-10.46,-12.42,-3.37
2016-01-15,-5.5,-20.58,-15.89,-8.0,-9.51,-0.09,-11.21,-12.81,-3.48
2016-01-22,-6.08,-21.65,-15.85,-7.64,-9.88,-0.48,-12.25,-13.54,-3.76
2016-01-29,-5.86,-21.73,-15.42,-8.0,-9.33,0.1,-11.33,-13.19,-3.94
2016-02-05,-5.72,-20.69,-17.27,-8.39,-10.0,-0.43,-10.94,-13.38,-3.6
2016-02-12,-6.07,-20.92,-16.44,-8.64,-9.68,-0.19,-10.79,-13.2,-3.68
2016-02-19,-6.21,-20.79,-17.09,-8.96,-10.0,-0.49,-10.9,-13.15,-3.79
2016-02-26,-7.81,-23.29,-14.27,-8.16,-9.15,-0.4,-11.82,-11.05,-4.29
2016-03-04,-8.5,-24.04,-13.84,-7.27,-10.13,-1.23,-13.25,-11.74,-4.6
2016-03-11,-8.89,-24.64,-13.14,-7.04,-10.19,-1.35,-13.78,-11.77,-4.78
2016-03-18,-8.34,-23.44,-14.06,-7.16,-10.09,-1.19,-12.91,-11.25,-4.64
2016-03-25,-8.07,-23.23,-13.11,-6.84,-9.77,-0.79,-12.6,-11.31,-4.4
2016-04-01,-8.45,-24.26,-13.48,-6.69,-10.3,-1.34,-13.43,-11.95,-4.64
2016-04-08,-9.14,-24.84,-12.88,-6.87,-10.46,-1.49,-13.99,-12.05,-5.02
2016-04-15,-10.06,-25.55,-12.26,-6.18,-10.9,-2.02,-15.31,-12.67,-5.51
2016-04-22,-10.59,-26.22,-13.43,-6.85,-11.33,-2.39,-15.72,-13.27,-6.04
2016-04-29,-9.78,-26.22,-13.12,-6.99,-11.03,-1.99,-15.05,-13.19,-5.66
2016-05-06,-9.76,-26.24,-13.8,-6.84,-11.89,-2.54,-15.6,-13.64,-5.77
2016-05-13,-9.97,-26.14,-14.71,-7.05,-12.17,-2.75,-15.84,-13.86,-5.86
2016-05-20,-9.87,-26.39,-14.66,-7.17,-12.28,-2.81,-15.93,-14.09,-5.94
2016-05-27,-9.92,-26.71,-13.86,-6.8,-12.36,-2.83,-16.35,-14.16,-6.12
2016-06-03,-10.37,-27.89,-13.06,-6.28,-12.43,-3.02,-17.21,-14.68,-6.36
2016-06-10,-10.2,-28.17,-12.49,-6.48,-12.17,-2.82,-17.22,-14.63,-6.07
2016-06-17,-10.01,-28.29,-11.91,-6.47,-12.02,-2.79,-17.01,-14.6,-6.12
2016-06-24,-10.91,-29.84,-10.29,-5.87,-11.74,-3.06,-18.2,-14.97,-6.38
2016-07-01,-10.22,-29.44,-10.26,-6.29,-10.95,-2.26,-17.15,-14.35,-6.11
2016-07-08,-10.8,-29.53,-9.76,-6.28,-11.04,-2.48,-17.49,-14.4,-6.38
2016-07-15,-10.09,-29.14,-9.24,-6.07,-10.48,-2.07,-16.81,-13.82,-6.2
2016-07-22,-10.05,-29.04,-8.13,-6.01,-10.17,-1.79,-16.72,-13.85,-6.04
2016-07-29,-10.17,-28.55,-9.25,-6.0,-10.28,-1.89,-16.6,-13.79,-5.96
2016-08-05,-10.51,-30.32,-8.31,-6.17,-10.56,-2.04,-17.16,-14.23,-6.26
2016-08-12,-11.16,-30.64,-9.27,-6.11,-11.43,-2.81,-17.94,-14.87,-6.74
2016-08-19,-10.68,-30.47,-8.57,-5.37,-11.4,-2.78,-18.06,-14.87,-6.58
2016-08-26,-10.12,-30.35,-7.52,-5.57,-10.57,-2.06,-17.22,-14.37,-6.11
2016-09-02,-10.39,-30.48,-8.04,-5.56,-10.88,-2.4,-17.58,-14.64,-6.28
2016-09-09,-10.06,-29.4,-7.76,-5.33,-10.95,-2.28,-17.43,-14.11,-6.1
2016-09-16,-10.31,-30.34,-6.65,-5.29,-10.8,-2.34,-17.75,-14.37,-6.31
2016-09-23,-10.81,-30.98,-6.88,-5.7,-11.64,-2.98,-18.53,-15.02,-6.76
2016-09-30,-11.21,-31.51,-5.85,-4.95,-12.0,-3.32,-19.64,-15.27,-7.14
2016-10-07,-11.57,-31.96,-5.97,-4.73,-12.11,-3.51,-20.37,-15.55,-7.19
2016-10-14,-11.63,-31.97,-5.32,-4.87,-12.29,-3.49,-20.26,-15.52,-7.29
2016-10-21,-11.68,-31.68,-4.75,-5.36,-11.78,-3.03,-19.66,-15.29,-7.29
2016-10-28,-11.06,-30.66,-4.06,-6.05,-11.05,-2.18,-18.19,-14.56,-6.88
2016-11-04,-12.53,-31.31,-2.63,-5.64,-10.49,-2.06,-19.14,-14.41,-7.17
2016-11-11,-12.17,-31.21,-4.52,-5.39,-10.85,-2.41,-19.24,-14.74,-7.15
2016-11-18,-12.98,-31.01,-4.58,-5.29,-11.06,-2.69,-19.95,-15.39,-7.52
2016-11-25,-13.57,-32.04,-5.36,-4.78,-12.28,-3.87,-21.31,-16.58,-8.31
2016-12-02,-13.94,-32.53,-5.12,-4.25,-12.29,-3.97,-22.06,-17.0,-8.84
2016-12-09,-14.06,-32.35,-4.55,-4.76,-12.56,-4.03,-21.75,-16.47,-8.93
2016-12-16,-13.46,-31.96,-5.09,-4.61,-13.08,-4.29,-21.86,-16.88,-8.8
2016-12-23,-13.69,-32.19,-5.1,-4.52,-13.43,-4.48,-22.16,-17.0,-8.93
2016-12-30,-13.55,-31.78,-6.79,-5.34,-13.16,-4.24,-21.28,-16.49,-9.14
2017-01-06,-14.18,-32.11,-5.15,-5.48,-13.15,-4.23,-21.77,-16.38,-9.18
2017-01-13,-14.1,-32.35,-5.18,-5.85,-13.22,-4.05,-21.56,-16.49,-9.19
2017-01-20,-14.38,-32.53,-5.1,-5.56,-12.97,-3.99,-21.73,-16.13,-9.22
2017-01-27,-14.12,-32.72,-5.81,-6.19,-12.93,-4.0,-21.34,-16.33,-9.39
2017-02-03,-14.94,-31.51,-7.21,-6.39,-13.43,-4.43,-21.55,-16.25,-9.48
2017-02-10,-14.79,-31.2,-7.71,-6.79,-12.94,-4.28,-21.17,-16.18,-9.46
2017-02-17,-14.62,-31.31,-8.07,-7.12,-12.82,-4.21,-20.95,-16.3,-9.52
2017-02-24,-14.41,-31.29,-8.21,-6.9,-12.74,-3.99,-20.82,-16.27,-9.52
2017-03-03,-13.47,-29.89,-8.06,-6.38,-12.72,-3.5,-20.09,-15.91,-8.98
2017-03-10,-14.03,-30.24,-7.94,-6.54,-12.51,-3.53,-20.33,-15.96,-9.09
2017-03-17,-13.26,-29.88,-8.07,-6.13,-12.44,-3.47,-20.02,-16.11,-8.91
2017-03-24,-13.43,-30.25,-8.54,-6.18,-12.73,-3.95,-20.5,-16.51,-9.01
2017-03-31,-13.65,-30.96,-7.64,-6.0,-12.87,-4.25,-21.06,-16.57,-9.18
2017-04-07,-13.35,-31.32,-8.56,-6.06,-12.88,-4.37,-21.14,-17.01,-9.16
2017-04-14,-12.64,-30.48,-8.22,-6.2,-12.48,-3.68,-20.12,-16.45,-8.78
2017-04-21,-12.59,-30.97,-7.76,-6.04,-12.43,-3.52,-20.3,-16.81,-8.73
2017-04-28,-11.71,-29.59,-7.45,-5.85,-12.43,-3.07,-19.42,-16.01,-8.38
2017-05-05,-11.94,-29.85,-7.57,-5.47,-12.63,-3.47,-20.02,-16.31,-8.48
2017-05-12,-12.47,-30.52,-7.64,-6.05,-12.87,-3.87,-20.49,-16.57,-8.82
2017-05-19,-11.89,-30.42,-7.14,-5.93,-12.67,-3.7,-20.1,-16.52,-7.35
2017-05-26,-11.16,-29.63,-7.33,-6.41,-12.37,-3.24,-19.05,-16.33,-7.02
2017-06-02,-10.98,-29.54,-7.13,-6.42,-12.19,-2.95,-18.99,-16.2,-6.88
2017-06-09,-10.94,-29.6,-6.41,-6.18,-12.14,-2.72,-18.82,-15.72,-6.7
2017-06-16,-10.6,-29.15,-6.32,-6.35,-11.83,-2.4,-18.26,-15.52,-6.54
2017-06-23,-11.83,-29.7,-6.77,-6.31,-12.31,-2.91,-19.36,-15.93,-7.07
2017-06-30,-11.56,-28.72,-6.83,-6.72,-12.48,-2.56,-18.75,-15.4,-6.89
2017-07-07,-12.24,-29.72,-6.82,-6.44,-12.44,-2.98,-19.52,-15.99,-7.15
2017-07-14,-12.28,-29.67,-6.38,-6.65,-12.31,-2.92,-19.33,-15.81,-7.19
2017-07-21,-13.11,-30.39,-6.98,-6.8,-12.52,-3.54,-20.14,-16.45,-7.73
2017-07-28,-13.2,-30.21,-7.19,-7.22,-12.58,-3.49,-19.96,-16.5,-7.96
2017-08-04,-13.16,-31.49,-5.44,-6.63,-12.21,-3.39,-20.5,-17.01,-8.01
2017-08-11,-13.33,-31.48,-5.6,-6.97,-12.12,-3.38,-20.47,-16.94,-8.06
2017-08-18,-13.36,-31.31,-4.97,-6.95,-12.0,-3.34,-20.37,-16.72,-8.06
2017-08-25,-13.64,-30.35,-5.96,-7.1,-12.19,-3.73,-20.41,-17.01,-8.39
2017-09-01,-13.39,-31.21,-5.34,-7.26,-12.07,-3.62,-20.3,-17.07,-8.59
2017-09-08,-13.57,-32.2,-4.25,-6.61,-12.55,-3.95,-21.23,-17.63,-8.88
2017-09-15,-13.02,-31.95,-4.76,-6.68,-12.8,-4.0,-21.05,-17.9,-9.13
2017-09-22,-13.06,-32.2,-5.4,-6.61,-12.73,-4.0,-21.12,-18.08,-9.37
2017-09-29,-12.93,-31.61,-5.4,-6.85,-12.54,-3.7,-20.6,-17.68,-9.44
2017-10-06,-13.57,-32.64,-4.48,-6.42,-12.46,-4.12,-21.62,-18.29,-9.58
2017-10-13,-13.5,-32.36,-4.74,-6.53,-12.6,-4.18,-21.53,-18.36,-9.66
2017-10-20,-13.6,-32.46,-5.28,-6.73,-12.95,-4.47,-21.67,-18.49,-10.01
2017-10-27,-14.07,-32.7,-5.54,-6.82,-13.09,-4.77,-22.14,-18.9,-10.38
2017-11-03,-14.54,-33.41,-5.38,-6.23,-13.29,-5.05,-22.98,-19.31,-10.76
2017-11-10,-14.24,-33.19,-6.17,-6.41,-13.08,-4.92,-22.58,-19.04,-10.61
2017-11-17,-14.85,-33.3,-6.77,-7.19,-13.18,-5.03,-22.71,-19.05,-10.79
2017-11-24,-15.01,-33.55,-6.4,-6.8,-13.25,-5.0,-22.98,-19.04,-10.86
2017-12-01,-14.37,-33.04,-6.69,-7.33,-13.31,-4.72,-22.17,-18.69,-10.69
2017-12-08,-14.47,-33.44,-6.05,-7.73,-13.03,-4.58,-22.15,-18.74,-10.97
2017-12-15,-15.08,-33.48,-6.75,-7.91,-13.11,-4.9,-22.6,-18.96,-11.38
2017-12-22,-15.65,-34.49,-6.11,-7.33,-13.1,-5.32,-23.59,-19.59,-11.53
2017-12-29,-15.88,-34.84,-6.47,-7.49,-13.08,-5.35,-23.57,-19.62,-11.61
2018-01-05,-16.5,-35.42,-6.47,-7.11,-13.21,-5.78,-24.35,-20.14,-11.82
2018-01-12,-16.33,-34.85,-6.88,-7.26,-13.19,-5.66,-24.0,-19.94,-11.69
2018-01-19,-16.75,-35.58,-6.67,-6.79,-13.33,-6.12,-24.85,-20.59,-11.49
2018-01-26,-16.32,-34.71,-8.35,-7.39,-13.25,-5.78,-23.95,-20.07,-11.23
2018-02-02,-15.16,-32.3,-9.75,-7.77,-12.89,-4.87,-21.89,-18.75,-10.44
2018-02-09,-16.19,-32.86,-9.82,-8.01,-12.89,-5.31,-22.64,-19.43,-10.56
2018-02-16,-16.66,-33.5,-8.94,-7.85,-13.31,-5.62,-23.31,-19.62,-10.78
2018-02-23,-15.98,-32.74,-9.39,-7.49,-13.14,-5.25,-22.56,-19.19,-10.38
2018-03-02,-15.74,-33.29,-8.56,-7.53,-13.15,-5.38,-22.83,-19.52,-10.4
2018-03-09,-15.63,-32.94,-9.42,-7.44,-13.14,-5.44,-22.64,-19.15,-10.18
2018-03-16,-15.79,-33.66,-10.58,-7.6,-13.38,-5.95,-23.02,-19.82,-10.26
2018-03-23,-15.89,-33.56,-10.16,-7.33,-13.39,-5.86,-23.07,-19.62,-10.3
2018-03-30,-15.58,-33.28,-9.38,-7.37,-13.15,-5.5,-22.69,-19.32,-10.28
2018-04-06,-16.52,-34.45,-9.59,-7.55,-13.72,-6.28,-24.01,-20.55,-10.91
2018-04-13,-16.9,-34.64,-9.89,-7.68,-13.79,-6.46,-24.38,-20.84,-11.22
2018-04-20,-16.9,-34.42,-10.05,-7.67,-14.12,-6.49,-24.31,-20.74,-11.33
2018-04-27,-17.33,-34.94,-10.01,-7.66,-15.11,-6.59,-24.73,-21.07,-11.55
2018-05-04,-17.67,-35.46,-9.08,-7.45,-15.4,-6.82,-25.13,-21.48,-11.88
2018-05-11,-17.85,-35.74,-8.58,-7.13,-15.18,-6.82,-25.46,-21.0,-12.32
2018-05-18,-17.41,-35.18,-8.46,-7.07,-14.9,-6.53,-24.97,-20.66,-12.27
2018-05-25,-17.22,-35.04,-8.07,-7.17,-14.66,-6.41,-24.89,-20.71,-12.42
2018-06-01,-17.3,-35.41,-7.41,-7.44,-14.52,-6.38,-24.98,-20.96,-12.54
2018-06-08,-16.66,-35.37,-7.12,-7.3,-14.2,-6.17,-24.72,-20.85,-12.63
2018-06-15,-16.82,-35.77,-8.33,-7.32,-14.33,-6.46,-25.06,-20.95,-12.5
2018-06-22,-17.48,-36.88,-8.32,-7.17,-14.82,-6.95,-26.04,-21.29,-12.66
2018-06-29,-16.87,-36.63,-8.34,-7.35,-14.86,-6.78,-25.67,-21.07,-12.42
2018-07-06,-16.16,-35.62,-8.62,-7.81,-14.49,-6.4,-24.82,-20.63,-11.99
2018-07-13,-15.81,-34.98,-9.2,-7.92,-14.39,-6.17,-24.4,-20.39,-11.74
2018-07-20,-16.06,-34.68,-9.84,-7.92,-14.7,-6.31,-24.53,-20.72,-12.1
2018-07-27,-16.0,-34.76,-9.91,-7.86,-14.72,-6.23,-24.49,-20.85,-12.12
2018-08-03,-15.8,-35.56,-8.58,-7.69,-14.38,-6.14,-24.66,-21.05,-12.24
2018-08-10,-15.47,-35.55,-8.07,-7.66,-14.43,-5.93,-24.48,-20.97,-12.29
2018-08-17,-15.79,-36.03,-8.85,-7.82,-14.91,-6.41,-24.87,-21.62,-12.77
2018-08-24,-15.84,-36.42,-8.64,-7.89,-15.21,-6.54,-25.24,-21.8,-13.06
2018-08-31,-15.52,-36.05,-8.17,-8.17,-14.98,-6.3,-24.88,-21.49,-12.95
2018-09-07,-15.67,-36.42,-8.11,-8.23,-14.97,-6.4,-25.11,-21.66,-12.92
2018-09-14,-16.16,-36.76,-8.52,-8.07,-15.04,-6.66,-25.6,-22.3,-13.08
2018-09-21,-16.63,-37.55,-8.29,-7.83,-15.45,-7.01,-26.3,-22.67,-13.39
2018-09-28,-16.97,-37.82,-8.36,-7.63,-15.65,-7.19,-26.75,-22.56,-13.89
2018-10-05,-16.55,-37.31,-8.63,-7.53,-14.89,-6.82,-26.09,-22.05,-13.2
2018-10-12,-16.43,-37.35,-7.55,-7.54,-14.93,-6.7,-26.12,-21.87,-13.14
2018-10-19,-16.09,-37.1,-7.96,-7.59,-14.56,-6.46,-25.64,-21.68,-12.84
2018-10-26,-15.38,-35.99,-8.37,-7.54,-13.95,-5.96,-24.66,-21.11,-12.28
2018-11-02,-15.25,-36.0,-7.53,-6.75,-13.41,-5.7,-24.81,-20.66,-12.1
2018-11-09,-15.03,-35.29,-7.48,-5.92,-12.86,-5.47,-24.65,-20.12,-11.64
2018-11-16,-13.78,-34.07,-6.68,-5.53,-11.44,-4.56,-23.34,-18.58,-10.62
2018-11-23,-13.97,-34.67,-5.39,-5.11,-11.2,-4.65,-23.99,-18.32,-10.32
2018-11-30,-14.29,-34.71,-6.21,-5.51,-11.95,-4.91,-24.06,-18.86,-10.26
2018-12-07,-13.92,-34.14,-6.31,-6.64,-11.64,-4.5,-23.09,-18.25,-10.14
2018-12-14,-13.0,-32.94,-5.55,-6.74,-10.94,-3.74,-21.85,-17.26,-9.36
2018-12-21,-12.81,-32.48,-6.22,-7.44,-10.76,-3.54,-21.13,-16.9,-9.09
2018-12-28,-13.32,-32.83,-7.15,-7.45,-10.81,-3.8,-21.28,-16.89,-9.35
2019-01-04,-13.96,-33.45,-7.78,-7.45,-11.43,-4.29,-21.88,-17.34,-9.67
2019-01-11,-14.74,-34.43,-6.88,-7.1,-11.71,-4.63,-22.93,-17.85,-9.99
2019-01-18,-14.57,-34.3,-7.31,-7.19,-11.49,-4.51,-22.54,-17.75,-9.77
2019-01-25,-15.5,-34.29,-8.24,-7.52,-11.44,-4.58,-22.57,-17.8,-9.86
2019-02-01,-15.44,-32.67,-9.77,-7.74,-11.43,-4.35,-21.73,-17.4,-9.78
2019-02-08,-15.54,-32.44,-11.16,-7.7,-12.35,-4.87,-21.98,-18.06,-10.12
2019-02-15,-15.95,-32.86,-10.68,-7.66,-12.35,-5.06,-22.43,-18.2,-10.09
2019-02-22,-15.61,-32.63,-9.75,-7.62,-12.15,-4.87,-22.34,-18.09,-9.81
2019-03-01,-15.39,-32.07,-10.72,-7.51,-12.28,-4.95,-22.05,-18.05,-9.79
2019-03-08,-15.79,-32.29,-11.89,-7.61,-12.6,-5.19,-22.31,-18.44,-9.73
2019-03-15,-15.63,-31.69,-12.73,-7.64,-12.69,-5.19,-22.03,-18.24,-9.37
2019-03-22,-15.68,-31.68,-13.75,-7.75,-12.58,-5.26,-21.95,-18.48,-9.44
2019-03-29,-16.31,-31.7,-15.51,-7.69,-12.98,-5.6,-22.28,-18.82,-10.09
2019-04-05,-16.7,-32.26,-14.29,-7.88,-13.39,-5.73,-22.78,-19.17,-10.35
2019-04-12,-16.23,-31.91,-14.53,-8.08,-13.47,-5.7,-22.45,-19.13,-10.16
2019-04-19,-16.24,-31.72,-15.1,-8.01,-13.41,-5.66,-22.25,-18.94,-10.2
2019-04-26,-15.93,-31.49,-14.85,-8.11,-13.38,-5.49,-22.02,-18.73,-10.19
2019-05-03,-15.86,-31.86,-14.56,-7.98,-13.08,-5.39,-22.04,-18.45,-9.97
2019-05-10,-16.17,-31.61,-15.61,-7.95,-13.32,-5.55,-22.18,-18.48,-9.93
2019-05-17,-15.7,-30.71,-15.36,-7.95,-12.84,-4.93,-21.35,-17.78,-9.46
2019-05-24,-14.63,-29.57,-15.48,-8.02,-12.13,-4.08,-19.93,-16.93,-8.72
2019-05-31,-14.61,-30.08,-15.7,-8.09,-11.92,-4.11,-19.87,-16.6,-8.67
2019-06-07,-15.2,-29.66,-16.17,-7.95,-11.78,-3.86,-19.81,-16.32,-8.72
2019-06-14,-16.31,-30.59,-16.75,-8.22,-12.1,-4.46,-20.41,-16.69,-9.07
2019-06-21,-16.28,-30.12,-17.88,-8.31,-12.47,-4.75,-20.47,-17.17,-9.18
2019-06-28,-16.24,-30.27,-16.29,-8.39,-12.75,-4.72,-20.84,-17.31,-9.07
2019-07-05,-17.02,-31.18,-16.5,-8.4,-12.73,-5.02,-21.56,-17.65,-9.62
2019-07-12,-16.48,-30.62,-15.19,-8.53,-11.79,-4.31,-20.64,-16.96,-9.1
2019-07-19,-16.27,-30.39,-15.88,-8.57,-11.92,-4.4,-20.49,-16.95,-9.07
2019-07-26,-15.27,-30.48,-16.18,-8.33,-11.47,-4.28,-19.97,-16.9,-8.71
2019-08-02,-14.25,-31.4,-15.06,-7.99,-10.34,-3.84,-19.43,-16.52,-8.35
2019-08-09,-14.21,-32.04,-14.55,-7.43,-9.82,-3.85,-19.5,-16.64,-8.21
2019-08-16,-14.02,-31.95,-15.1,-7.42,-9.77,-3.83,-19.3,-16.59,-8.25
2019-08-23,-14.26,-32.3,-14.78,-7.19,-9.36,-3.96,-19.69,-16.57,-8.38
2019-08-30,-14.69,-32.87,-14.23,-7.02,-9.79,-4.31,-20.4,-17.04,-8.53
2019-09-06,-15.25,-32.46,-13.73,-6.94,-9.83,-4.06,-20.65,-16.9,-8.84
2019-09-13,-15.39,-33.14,-13.45,-6.92,-10.4,-4.62,-21.14,-17.17,-9.32
2019-09-20,-14.7,-32.25,-14.43,-7.33,-10.18,-4.24,-20.37,-16.79,-9.03
2019-09-27,-14.31,-31.42,-14.6,-7.36,-9.82,-3.83,-19.67,-16.51,-8.87
2019-10-04,-14.86,-31.96,-14.29,-7.18,-10.16,-4.09,-20.34,-16.88,-9.24
2019-10-11,-14.46,-31.79,-14.28,-7.11,-10.34,-4.0,-20.12,-16.83,-9.18
2019-10-18,-15.11,-32.27,-14.59,-6.93,-10.45,-4.39,-20.58,-17.14,-9.3
2019-10-25,-14.92,-32.25,-14.1,-6.54,-10.6,-4.49,-20.69,-17.19,-9.31
2019-11-01,-14.77,-32.43,-13.34,-6.2,-10.83,-4.57,-20.96,-17.37,-9.24
2019-11-08,-15.04,-32.63,-13.18,-6.27,-11.08,-4.6,-21.05,-17.35,-9.27
2019-11-15,-15.13,-32.45,-12.77,-6.43,-11.4,-4.63,-21.07,-17.24,-9.25
2019-11-22,-14.46,-31.65,-13.1,-6.96,-11.24,-4.12,-20.11,-16.73,-8.96
2019-11-29,-15.3,-32.43,-13.47,-6.69,-11.56,-4.66,-20.88,-17.17,-9.31
2019-12-06,-15.87,-32.5,-13.23,-6.6,-11.52,-4.75,-21.06,-17.16,-9.49
2019-12-13,-16.1,-32.89,-12.31,-6.64,-11.67,-4.87,-21.48,-17.21,-9.6
2019-12-20,-16.26,-33.01,-12.95,-6.56,-11.82,-5.1,-21.44,-17.29,-9.66
2019-12-27,-16.65,-33.7,-12.61,-6.53,-11.92,-5.28,-21.71,-17.41,-9.91
2020-01-03,-16.15,-33.28,-11.38,-6.53,-11.49,-4.75,-21.18,-17.0,-9.5
2020-01-10,-16.07,-32.64,-12.8,-6.86,-11.39,-4.62,-20.7,-16.75,-9.25
2020-01-17,-14.73,-31.88,-12.68,-6.84,-10.85,-3.92,-19.47,-16.06,-8.59
2020-01-24,-13.48,-30.95,-12.86,-6.76,-10.47,-3.53,-18.37,-15.43,-7.73
2020-01-31,-13.33,-30.33,-13.19,-7.1,-10.31,-3.36,-18.2,-15.01,-7.26
2020-02-07,-14.19,-30.03,-14.32,-7.57,-10.84,-3.83,-18.6,-15.19,-7.5
2020-02-14,-14.72,-30.41,-15.26,-7.57,-10.86,-4.04,-18.78,-15.1,-7.61
2020-02-21,-12.16,-28.39,-14.79,-7.92,-9.51,-2.48,-16.48,-14.01,-6.46
2020-02-28,-11.91,-28.58,-13.81,-7.86,-8.69,-1.97,-15.78,-13.69,-6.09
2020-03-06,-9.71,-27.4,-11.97,-7.31,-6.8,0.13,-14.17,-12.64,-4.63
2020-03-13,-7.23,-25.77,-10.18,-7.29,-5.73,1.89,-11.88,-11.37,-3.66
2020-03-20,-7.44,-26.95,-9.25,-7.53,-5.43,1.85,-11.88,-11.16,-3.15
2020-03-27,-7.95,-28.29,-10.98,-7.3,-5.71,0.84,-12.78,-11.96,-3.14
2020-04-03,-8.54,-28.33,-10.87,-6.95,-5.52,0.81,-12.67,-11.74,-2.63
2020-04-10,-8.31,-26.83,-11.68,-6.89,-5.46,0.95,-12.22,-11.52,-2.6
2020-04-17,-6.68,-24.07,-12.32,-7.04,-4.51,2.09,-9.9,-10.32,-2.06
2020-04-24,-7.29,-24.97,-13.42,-7.18,-5.01,1.48,-10.83,-10.94,-2.46
2020-05-01,-8.75,-25.72,-14.1,-7.4,-5.95,0.52,-12.16,-12.62,-3.18
2020-05-08,-9.32,-26.67,-14.6,-7.6,-6.14,0.13,-12.62,-13.1,-3.44
2020-05-15,-10.25,-27.59,-14.75,-7.62,-6.7,-0.42,-13.66,-13.79,-3.78
2020-05-22,-10.93,-28.1,-15.01,-7.58,-6.93,-0.71,-14.24,-14.09,-4.35
2020-05-29,-11.66,-28.22,-15.08,-7.79,-7.82,-1.35,-15.14,-14.47,-5.02
2020-06-05,-11.39,-28.03,-14.93,-7.76,-7.19,-0.88,-14.42,-14.27,-4.72
2020-06-12,-12.06,-28.45,-15.08,-7.76,-7.63,-1.45,-14.95,-14.76,-5.04
2020-06-19,-11.79,-28.83,-14.43,-7.9,-7.1,-1.06,-14.52,-14.64,-4.95
2020-06-26,-12.25,-29.25,-14.64,-7.9,-7.62,-1.56,-15.29,-15.13,-5.35
2020-07-03,-12.89,-29.65,-14.38,-7.79,-7.69,-1.67,-15.69,-15.57,-5.55
2020-07-10,-13.15,-30.24,-13.27,-7.48,-7.55,-1.61,-15.76,-15.54,-5.56
2020-07-17,-13.5,-30.93,-12.78,-7.33,-7.57,-1.87,-15.97,-15.89,-5.67
2020-07-24,-13.65,-31.49,-12.68,-7.36,-7.21,-1.71,-15.87,-15.78,-5.77
2020-07-31,-14.63,-32.79,-11.55,-6.65,-7.26,-2.14,-17.04,-16.31,-6.24
2020-08-07,-15.28,-32.83,-11.71,-6.22,-7.52,-2.25,-17.85,-16.24,-6.49
2020-08-14,-15.88,-32.62,-11.94,-6.02,-7.64,-2.3,-18.07,-16.19,-6.57
2020-08-21,-16.4,-33.18,-11.0,-5.92,-7.8,-2.49,-18.43,-16.32,-6.96
2020-08-28,-15.71,-32.2,-10.13,-5.96,-7.67,-1.93,-17.59,-15.83,-6.82
2020-09-04,-15.52,-32.42,-9.22,-5.84,-7.24,-1.58,-17.47,-15.6,-6.45
2020-09-11,-15.91,-32.9,-9.18,-6.08,-7.93,-2.19,-18.06,-16.06,-6.86
2020-09-18,-15.16,-32.13,-9.22,-5.96,-7.91,-1.98,-17.97,-15.45,-6.67
2020-09-25,-14.56,-31.38,-9.25,-6.57,-7.54,-1.38,-16.79,-14.86,-6.35
2020-10-02,-15.94,-33.13,-8.57,-5.82,-8.15,-2.23,-18.71,-16.07,-7.0
2020-10-09,-15.99,-33.64,-8.18,-5.45,-8.19,-2.28,-19.15,-16.04,-7.18
2020-10-16,-15.94,-33.52,-7.44,-5.61,-8.05,-2.01,-18.71,-15.35,-7.36
2020-10-23,-15.33,-32.74,-6.3,-5.13,-7.55,-1.43,-18.08,-14.52,-6.72
2020-10-30,-15.47,-32.87,-6.77,-5.6,-7.75,-1.62,-17.75,-15.27,-7.06
2020-11-06,-16.52,-33.76,-6.34,-5.3,-8.3,-2.13,-19.04,-15.77,-7.48
2020-11-13,-17.11,-33.68,-6.71,-5.77,-8.6,-2.28,-19.14,-16.05,-7.8
2020-11-20,-17.77,-33.83,-6.7,-5.94,-9.21,-2.71,-20.1,-16.32,-8.43
2020-11-27,-18.78,-34.81,-6.0,-6.47,-9.07,-2.75,-20.39,-16.45,-8.89
2020-12-04,-19.86,-35.02,-5.65,-6.42,-9.53,-2.92,-21.12,-17.0,-10.03
2020-12-11,-20.9,-35.93,-5.01,-6.47,-9.88,-3.36,-21.86,-17.35,-10.19
2020-12-18,-20.69,-35.6,-4.69,-6.48,-10.15,-3.18,-21.43,-17.38,-10.46
2020-12-25,-20.64,-35.41,-5.2,-6.59,-10.25,-3.27,-21.4,-17.24,-11.21
2021-01-01,-22.13,-35.87,-4.98,-6.5,-10.94,-3.86,-22.64,-17.8,-12.19
2021-01-08,-22.17,-35.93,-5.08,-6.85,-11.12,-3.8,-22.81,-17.54,-10.93
2021-01-15,-21.91,-35.35,-6.47,-7.32,-10.83,-3.75,-22.22,-17.3,-10.59
2021-01-22,-21.69,-35.51,-5.76,-6.92,-11.16,-3.81,-22.41,-17.72,-10.35
2021-01-29,-22.14,-36.03,-6.75,-6.64,-11.65,-4.56,-23.43,-18.45,-10.51
2021-02-05,-23.27,-36.09,-6.92,-6.58,-11.98,-5.02,-24.06,-19.04,-10.69
2021-02-12,-23.84,-35.31,-7.16,-6.51,-12.39,-5.13,-24.11,-19.02,-10.7
2021-02-19,-24.18,-35.33,-6.88,-6.75,-12.97,-5.31,-24.21,-19.21,-10.88
2021-02-26,-24.17,-35.47,-8.71,-7.23,-13.92,-5.92,-24.6,-20.01,-11.31
2021-03-05,-23.77,-35.12,-7.53,-7.14,-14.07,-5.94,-24.17,-19.96,-11.39
2021-03-12,-22.95,-35.27,-6.57,-7.29,-13.33,-5.28,-23.6,-19.64,-10.98
2021-03-19,-23.0,-34.98,-6.63,-7.25,-13.55,-5.32,-23.69,-19.92,-11.12
2021-03-26,-23.12,-34.6,-7.87,-7.53,-13.9,-5.44,-23.65,-20.08,-11.18
2021-04-02,-23.35,-34.16,-7.95,-7.38,-13.79,-5.15,-23.35,-19.94,-11.15
2021-04-09,-25.0,-35.69,-7.17,-7.09,-14.23,-5.74,-24.81,-20.51,-11.93
2021-04-16,-25.82,-35.75,-6.3,-6.65,-14.31,-5.59,-25.09,-20.43,-12.02
2021-04-23,-26.69,-36.08,-5.76,-6.64,-14.68,-5.85,-25.83,-20.62,-12.59
2021-04-30,-28.64,-36.83,-4.85,-6.61,-15.14,-6.08,-26.78,-20.89,-13.36
2021-05-07,-27.67,-37.18,-3.97,-6.94,-15.83,-6.29,-26.43,-22.14,-13.51
2021-05-14,-27.1,-37.49,-3.13,-6.86,-14.93,-5.97,-26.21,-21.09,-13.14
2021-05-21,-27.24,-38.36,-2.49,-7.09,-14.74,-6.31,-26.87,-21.42,-13.37
2021-05-28,-28.18,-38.65,-3.75,-7.18,-15.49,-6.79,-27.68,-22.15,-14.02
2021-06-04,-28.26,-39.69,-2.97,-7.53,-15.61,-6.91,-28.5,-22.83,-14.29
2021-06-11,-27.52,-39.21,-4.54,-7.99,-15.76,-6.8,-28.4,-22.57,-14.28
2021-06-18,-28.32,-40.07,-3.4,-7.67,-15.86,-7.29,-29.55,-22.98,-14.84
2021-06-25,-28.59,-40.89,-1.6,-7.36,-16.34,-7.54,-30.27,-23.66,-15.38
2021-07-02,-27.99,-40.66,-1.72,-7.46,-16.04,-7.51,-29.76,-23.76,-15.46
2021-07-09,-27.96,-40.7,-0.07,-7.76,-16.46,-7.19,-29.81,-23.86,-15.34
2021-07-16,-27.69,-40.81,0.78,-7.1,-16.78,-7.46,-30.24,-24.02,-15.35
2021-07-23,-27.36,-41.04,1.5,-7.28,-17.16,-7.7,-30.2,-24.36,-15.85
2021-07-30,-25.83,-39.59,0.75,-6.91,-16.48,-7.22,-29.2,-23.44,-15.92
2021-08-06,-26.05,-41.61,3.41,-6.59,-16.6,-7.34,-30.38,-23.81,-16.27
2021-08-13,-23.33,-40.62,3.24,-6.55,-15.25,-6.45,-28.58,-22.4,-15.09
2021-08-20,-26.56,-42.68,4.24,-5.71,-16.54,-7.65,-31.55,-24.27,-16.94
2021-08-27,-26.75,-44.12,4.87,-5.28,-16.86,-8.13,-32.58,-24.97,-17.55
2021-09-03,-26.55,-45.0,5.83,-4.53,-16.73,-8.43,-33.43,-25.73,-18.13
2021-09-10,-26.82,-47.39,6.8,-2.56,-17.61,-9.38,-35.94,-27.09,-19.79
2021-09-17,-28.53,-49.44,8.41,-1.6,-18.29,-10.09,-38.23,-28.33,-21.09
2021-09-24,-31.18,-53.23,11.79,0.67,-19.98,-11.39,-42.67,-30.55,-23.66
2021-10-01,-31.96,-52.52,10.92,0.19,-20.13,-11.5,-42.26,-30.54,-23.58
2021-10-08,-33.45,-54.21,12.33,0.54,-20.38,-12.11,-43.98,-31.58,-24.59
2021-10-15,-32.24,-51.94,8.92,0.8,-19.69,-11.77,-41.78,-30.59,-23.83
2021-10-22,-28.94,-47.89,5.55,-1.76,-18.68,-10.35,-36.88,-28.17,-20.86
2021-10-29,-29.32,-49.21,6.11,-0.13,-18.28,-10.68,-38.48,-28.29,-21.85
2021-11-05,-29.6,-49.49,6.12,0.2,-18.04,-10.76,-38.91,-28.23,-22.2
2021-11-12,-29.69,-49.81,8.25,0.41,-17.46,-10.33,-38.92,-27.3,-21.84
2021-11-19,-29.16,-49.95,9.95,0.56,-17.28,-9.79,-39.09,-27.15,-21.59
2021-11-26,-28.77,-48.12,7.33,0.51,-16.59,-9.54,-37.93,-26.48,-21.31
2021-12-03,-31.76,-51.11,8.47,2.32,-17.91,-11.04,-41.79,-28.66,-23.83
2021-12-10,-32.33,-51.74,9.32,2.33,-18.08,-11.06,-42.52,-29.0,-24.13
2021-12-17,-34.25,-53.41,9.72,4.11,-18.89,-12.13,-45.09,-30.72,-26.08
2021-12-24,-29.77,-46.69,5.64,-1.86,-17.17,-9.61,-36.47,-26.05,-20.44
2021-12-31,-32.54,-50.21,7.85,0.53,-18.37,-11.05,-40.89,-28.56,-23.24
2022-01-07,-32.3,-49.5,8.3,-2.14,-18.62,-10.64,-39.26,-27.7,-21.79
2022-01-14,-32.24,-49.19,8.89,-3.41,-18.48,-10.43,-38.44,-27.47,-21.12
2022-01-21,-34.65,-52.07,10.85,-0.07,-19.95,-11.86,-42.91,-30.14,-24.16
2022-01-28,-35.02,-50.89,9.46,-0.74,-19.99,-11.91,-42.05,-29.83,-23.85
2022-02-04,-35.09,-49.4,8.22,-2.06,-20.74,-11.7,-40.93,-29.55,-23.18
2022-02-11,-33.67,-48.82,8.16,-2.04,-19.95,-11.33,-39.55,-28.98,-22.44
2022-02-18,-36.21,-52.76,13.33,0.26,-21.15,-12.42,-43.76,-30.91,-24.74
2022-02-25,-47.62,-67.4,23.87,6.13,-27.73,-17.9,-60.86,-40.84,-35.18
2022-03-04,-42.03,-60.74,20.46,0.33,-23.16,-14.79,-51.67,-35.37,-28.79
2022-03-11,-39.56,-55.15,11.9,0.86,-22.42,-14.16,-47.54,-33.92,-27.6
2022-03-18,-40.42,-56.2,12.44,-0.52,-24.0,-14.73,-48.26,-34.85,-27.76
2022-03-25,-39.4,-55.37,12.38,0.47,-22.76,-14.12,-47.84,-34.07,-27.59
2022-04-01,-39.1,-56.64,15.34,-0.93,-23.11,-13.71,-47.83,-33.7,-26.75
2022-04-08,-39.24,-56.91,16.08,-2.81,-24.18,-13.77,-47.18,-33.62,-25.93
2022-04-15,-39.09,-57.52,17.64,-3.64,-23.93,-13.43,-47.09,-33.14,-25.32
2022-04-22,-37.48,-53.98,15.1,-3.28,-23.83,-13.02,-44.22,-31.74,-24.19
2022-04-29,-36.94,-54.0,15.98,-5.18,-25.57,-12.89,-44.44,-31.89,-23.53
2022-05-06,-35.64,-52.9,14.68,-5.77,-26.0,-12.61,-43.43,-31.28,-22.79
2022-05-13,-37.09,-56.19,19.16,-5.66,-26.85,-13.1,-45.52,-32.3,-23.83
2022-05-20,-37.33,-54.47,16.96,-3.92,-27.04,-13.52,-45.32,-32.31,-24.54
2022-05-27,-37.43,-53.56,16.86,-4.94,-28.02,-13.74,-45.02,-32.29,-24.43
2022-06-03,-36.84,-53.07,13.88,-4.77,-26.9,-13.53,-44.21,-32.0,-24.11
2022-06-10,-38.78,-60.2,16.85,-0.2,-27.8,-14.46,-50.77,-34.84,-27.83
2022-06-17,-38.95,-61.99,17.52,0.21,-28.96,-14.85,-52.58,-35.31,-28.74
2022-06-24,-39.96,-63.95,17.8,1.98,-29.25,-15.37,-54.78,-36.39,-30.24
2022-07-01,-39.35,-65.37,20.09,1.25,-29.04,-14.78,-55.12,-35.97,-29.65
2022-07-08,-36.69,-64.48,18.36,1.56,-27.04,-13.76,-53.61,-34.2,-28.39
2022-07-15,-39.05,-67.87,20.49,3.26,-27.49,-14.71,-56.87,-36.32,-30.44
2022-07-22,-41.73,-70.3,21.59,4.24,-28.25,-15.65,-59.28,-38.21,-32.14
2022-07-29,-40.01,-68.7,18.41,5.94,-26.67,-14.97,-58.42,-37.16,-32.03
2022-08-05,-43.15,-74.21,23.23,7.34,-28.37,-16.13,-62.91,-39.82,-34.44
2022-08-12,-45.84,-79.93,26.32,10.21,-30.26,-17.57,-68.44,-43.12,-37.87
2022-08-19,-52.1,-88.57,27.3,16.48,-32.78,-20.65,-77.68,-49.13,-44.68
2022-08-26,-42.38,-77.22,26.02,7.94,-28.73,-15.8,-64.56,-40.34,-34.62
2022-09-02,-41.36,-75.1,24.93,6.47,-27.53,-15.12,-62.42,-39.01,-33.17
2022-09-09,-40.22,-73.93,25.11,5.59,-26.84,-14.54,-60.97,-38.07,-32.04
2022-09-16,-38.82,-72.76,25.0,5.28,-26.5,-13.83,-59.7,-36.93,-31.07
2022-09-23,-38.01,-71.5,24.09,4.07,-26.96,-13.54,-58.47,-36.32,-30.24
2022-09-30,-36.1,-66.06,19.34,0.59,-26.07,-13.24,-53.65,-34.34,-27.76
2022-10-07,-35.61,-67.01,21.77,1.22,-25.34,-12.58,-53.93,-33.93,-27.43
2022-10-14,-34.74,-65.72,21.28,0.38,-24.74,-12.21,-52.25,-33.13,-26.36
2022-10-21,-33.71,-64.34,19.38,-0.4,-24.42,-12.13,-50.83,-32.77,-25.64
2022-10-28,-33.53,-61.35,16.74,-1.08,-23.89,-12.14,-49.06,-31.85,-25.06
2022-11-04,-31.89,-57.82,13.37,-1.78,-21.32,-11.27,-45.85,-29.74,-23.51
2022-11-11,-31.54,-59.25,16.39,-1.74,-21.55,-10.72,-46.63,-29.5,-23.38
2022-11-18,-32.62,-62.11,19.41,-0.14,-22.2,-10.99,-49.15,-30.54,-24.6
2022-11-25,-34.77,-65.39,21.77,1.06,-22.28,-11.91,-52.08,-32.29,-26.43
2022-12-02,-34.51,-65.94,22.65,2.18,-21.48,-11.4,-52.45,-32.03,-26.6
2022-12-09,-33.59,-63.84,20.24,1.15,-21.56,-11.21,-50.73,-31.4,-25.74
2022-12-16,-31.5,-58.26,16.98,-2.42,-21.03,-10.51,-46.11,-29.12,-23.05
2022-12-23,-31.5,-57.95,18.23,-3.08,-21.37,-10.45,-45.58,-29.02,-22.6
2022-12-30,-29.69,-56.33,18.07,-3.09,-20.18,-9.4,-43.56,-27.47,-21.33
2023-01-06,-29.67,-52.77,13.74,-4.77,-19.85,-9.73,-41.16,-26.9,-20.73
2023-01-13,-30.26,-52.65,12.47,-4.32,-19.61,-10.17,-41.62,-27.26,-21.33
2023-01-20,-29.52,-48.0,9.4,-5.93,-18.24,-9.22,-38.21,-25.03,-19.52
2023-01-27,-28.03,-46.24,7.28,-5.04,-16.93,-8.37,-36.9,-24.05,-18.87
2023-02-03,-27.92,-44.18,4.26,-5.89,-17.86,-8.93,-35.69,-24.17,-18.61
2023-02-10,-26.64,-41.68,2.78,-6.24,-17.44,-8.29,-33.59,-23.1,-17.58
2023-02-17,-26.6,-42.67,4.67,-6.34,-17.75,-8.22,-33.92,-23.27,-17.47
2023-02-24,-26.47,-41.04,3.06,-7.03,-17.83,-8.39,-32.81,-22.9,-17.12
2023-03-03,-26.86,-42.7,3.81,-5.88,-17.96,-8.41,-34.15,-23.42,-17.81
2023-03-10,-24.2,-38.59,2.14,-6.73,-16.44,-7.01,-30.56,-20.71,-15.8
2023-03-17,-23.85,-38.69,2.1,-7.68,-16.64,-7.15,-30.48,-20.71,-15.63
2023-03-24,-25.95,-40.83,3.0,-7.07,-17.6,-8.02,-32.72,-22.27,-16.99
2023-03-31,-25.44,-40.8,2.72,-8.07,-18.05,-8.23,-32.09,-22.11,-16.53
2023-04-07,-25.53,-40.41,0.91,-7.84,-17.38,-8.32,-31.95,-22.1,-16.67
2023-04-14,-24.4,-40.71,2.47,-7.6,-16.66,-7.73,-31.67,-21.38,-16.18
2023-04-21,-23.32,-39.48,1.22,-8.09,-16.11,-7.35,-30.6,-20.3,-15.49
2023-04-28,-21.87,-37.98,0.49,-8.2,-15.17,-6.61,-28.98,-19.07,-14.6
2023-05-05,-20.93,-36.46,-0.89,-8.3,-15.03,-6.34,-27.86,-18.19,-14.05
2023-05-12,-21.22,-35.88,-2.08,-8.38,-15.37,-6.61,-27.88,-18.47,-14.23
2023-05-19,-20.43,-34.0,-5.11,-8.73,-15.14,-6.56,-26.55,-18.03,-13.76
2023-05-26,-20.47,-33.75,-5.68,-9.04,-14.88,-6.35,-26.42,-17.94,-13.67
2023-06-02,-21.62,-34.84,-4.23,-8.03,-15.36,-6.65,-27.85,-18.43,-14.5
2023-06-09,-23.07,-36.36,-4.51,-6.66,-15.79,-7.26,-29.69,-19.68,-15.82
2023-06-16,-22.53,-37.02,-3.65,-6.29,-15.52,-6.87,-29.73,-19.5,-15.55
2023-06-23,-22.95,-38.43,-1.4,-6.07,-16.02,-7.24,-30.58,-20.01,-15.94
2023-06-30,-22.7,-37.94,-2.39,-6.33,-15.89,-7.36,-29.99,-19.98,-15.78
2023-07-07,-23.12,-36.92,-3.64,-6.93,-15.44,-7.31,-29.27,-19.64,-15.52
2023-07-14,-23.89,-37.89,-3.12,-6.4,-16.91,-7.91,-30.7,-20.48,-16.4
2023-07-21,-23.93,-37.79,-3.68,-6.97,-17.04,-8.26,-30.46,-20.89,-16.4
2023-07-28,-23.69,-38.85,-3.24,-6.78,-16.87,-8.3,-30.94,-21.14,-16.52
2023-08-04,-24.22,-40.64,-2.26,-6.25,-17.24,-8.44,-32.37,-21.65,-17.08
2023-08-11,-25.58,-43.73,-0.02,-4.31,-17.53,-8.81,-35.05,-22.97,-18.51
2023-08-18,-25.56,-42.35,-0.59,-5.1,-17.23,-8.62,-34.05,-22.25,-17.97
2023-08-25,-26.22,-43.33,-0.22,-5.22,-17.02,-8.85,-34.58,-22.6,-18.21
2023-09-01,-26.07,-43.13,-1.1,-5.82,-17.4,-8.91,-34.41,-22.5,-18.08
2023-09-08,-27.15,-44.15,-0.71,-5.99,-17.88,-9.23,-35.29,-23.12,-18.51
2023-09-15,-27.09,-45.22,-1.0,-5.29,-17.46,-9.24,-36.01,-23.42,-18.93
2023-09-22,-26.62,-44.77,-0.83,-5.5,-16.91,-8.9,-35.38,-23.22,-18.45
2023-09-29,-24.34,-41.92,-1.96,-5.46,-15.83,-7.7,-33.0,-21.3,-17.08
2023-10-06,-26.87,-46.52,-0.54,-4.13,-16.94,-9.0,-36.82,-23.37,-19.27
2023-10-13,-27.51,-47.18,-1.16,-3.44,-17.42,-9.49,-37.69,-24.06,-20.01
2023-10-20,-27.19,-45.88,-2.07,-3.74,-16.89,-9.14,-36.74,-23.41,-19.51
2023-10-27,-26.29,-43.91,-2.46,-3.85,-16.23,-8.49,-35.19,-22.36,-18.73
2023-11-03,-25.6,-42.64,-2.12,-4.13,-16.42,-8.08,-34.24,-21.71,-18.15
2023-11-10,-25.51,-41.94,-2.22,-4.26,-16.28,-7.94,-33.66,-21.35,-17.9
2023-11-17,-26.02,-42.41,-1.92,-4.13,-16.36,-8.0,-34.07,-21.53,-18.12
2023-11-24,-25.2,-41.81,-1.46,-4.86,-15.91,-7.65,-32.9,-21.0,-17.36
2023-12-01,-24.33,-40.67,-0.44,-5.79,-15.67,-6.94,-31.65,-20.23,-16.33
2023-12-08,-23.65,-38.58,-1.95,-6.77,-15.41,-6.83,-29.94,-19.61,-15.61
2023-12-15,-23.83,-38.33,-2.39,-7.13,-15.24,-6.84,-29.61,-19.51,-15.45
2023-12-22,-23.31,-37.43,-2.41,-7.35,-14.93,-6.53,-28.83,-18.91,-15.02
2023-12-29,-23.62,-38.1,-3.14,-6.98,-15.14,-6.77,-29.46,-19.36,-15.4
2024-01-05,-22.47,-37.03,-3.34,-7.26,-14.85,-6.56,-28.3,-18.56,-14.76
2024-01-12,-21.87,-35.39,-4.38,-7.78,-14.73,-6.36,-27.09,-17.77,-14.15
2024-01-19,-22.91,-35.41,-5.0,-8.15,-15.21,-6.9,-27.56,-18.43,-14.58
2024-01-26,-21.61,-35.02,-4.8,-8.05,-14.72,-6.28,-27.07,-17.65,-14.11
2024-02-02,-21.87,-34.12,-5.49,-8.8,-16.06,-6.88,-26.87,-17.9,-14.19
2024-02-09,-22.01,-33.35,-6.2,-9.22,-15.91,-7.02,-26.35,-17.95,-14.07
2024-02-16,-21.0,-33.07,-5.37,-9.4,-15.31,-6.68,-25.56,-17.22,-13.49
2024-02-23,-21.29,-34.34,-4.23,-9.27,-15.86,-7.04,-26.38,-17.87,-13.91
2024-03-01,-21.71,-35.49,-2.99,-8.84,-15.33,-6.95,-26.87,-17.73,-14.08
2024-03-08,-21.74,-35.61,-3.38,-8.69,-15.69,-7.44,-27.04,-17.98,-14.37
2024-03-15,-22.12,-35.66,-3.76,-8.29,-15.93,-7.55,-27.38,-18.21,-14.64
2024-03-22,-22.19,-36.81,-3.45,-8.45,-15.93,-7.7,-27.79,-18.53,-14.93
2024-03-29,-22.85,-37.82,-3.22,-8.34,-15.89,-7.91,-28.15,-19.1,-15.29
2024-04-05,-23.73,-38.13,-2.7,-8.5,-16.03,-8.0,-28.6,-19.45,-15.68
2024-04-12,-23.97,-38.19,-1.78,-8.85,-15.62,-7.73,-28.65,-19.46,-15.71
2024-04-19,-24.18,-37.54,-2.99,-8.78,-15.92,-7.91,-28.67,-19.48,-15.71
2024-04-26,-23.4,-37.52,-1.71,-8.79,-15.28,-7.29,-28.18,-18.94,-15.23
2024-05-03,-23.55,-38.04,-1.72,-8.97,-14.81,-7.39,-28.22,-19.1,-15.2
2024-05-10,-24.42,-38.35,-1.29,-8.84,-14.64,-7.51,-28.57,-19.54,-15.54
2024-05-17,-24.22,-38.16,-1.0,-8.69,-15.08,-7.47,-28.76,-19.4,-15.59
2024-05-24,-23.73,-38.45,-0.55,-8.59,-14.94,-7.44,-28.64,-19.14,-15.45
2024-05-31,-22.63,-37.75,-1.13,-8.47,-14.75,-7.27,-28.0,-18.45,-14.92
2024-06-07,-23.02,-38.58,-1.39,-8.49,-14.78,-7.53,-28.58,-18.98,-15.31
2024-06-14,-23.07,-38.43,-1.94,-8.39,-15.12,-7.58,-28.68,-19.21,-15.43
2024-06-21,-23.14,-38.57,-2.32,-8.38,-15.04,-7.64,-28.79,-19.23,-15.53
2024-06-28,-23.76,-39.03,-1.9,-8.4,-15.02,-7.69,-28.89,-19.6,-15.7
2024-07-05,-23.32,-39.17,-1.71,-8.49,-14.37,-7.63,-28.6,-19.44,-15.44
2024-07-12,-22.4,-39.06,-1.58,-8.35,-14.2,-7.45,-28.27,-19.02,-15.14
2024-07-19,-21.91,-38.41,-1.71,-8.26,-14.27,-7.28,-27.96,-18.57,-14.92
2024-07-26,-21.72,-38.81,-0.67,-8.2,-13.71,-7.16,-27.93,-18.37,-14.88
2024-08-02,-21.8,-39.7,-0.59,-8.24,-13.63,-7.36,-28.45,-18.57,-15.19
2024-08-09,-21.81,-41.05,-0.02,-8.09,-12.66,-7.55,-28.98,-18.69,-15.38
2024-08-16,-21.98,-40.66,0.34,-8.12,-12.56,-7.52,-28.7,-18.59,-15.23
2024-08-23,-22.03,-40.5,0.58,-7.97,-12.68,-7.46,-28.67,-18.4,-15.18
2024-08-30,-20.42,-39.85,0.7,-8.09,-11.83,-7.07,-27.61,-17.34,-14.27
2024-09-06,-20.94,-39.81,0.42,-8.26,-11.59,-7.19,-27.63,-17.58,-14.33
2024-09-13,-21.48,-39.77,0.57,-8.3,-11.86,-7.3,-27.81,-17.54,-14.58
2024-09-20,-22.25,-40.14,2.14,-8.15,-11.59,-7.26,-28.12,-17.56,-14.77
2024-09-27,-23.22,-40.61,1.77,-8.27,-12.41,-7.57,-28.78,-18.44,-15.43
2024-10-04,-23.2,-40.83,1.75,-8.21,-12.43,-7.61,-28.8,-18.51,-15.44
2024-10-11,-22.06,-40.34,2.19,-8.11,-11.54,-7.29,-27.94,-17.73,-14.74
2024-10-18,-22.55,-40.9,2.18,-7.83,-11.79,-7.48,-28.48,-18.21,-15.16
2024-10-25,-22.04,-40.5,2.46,-7.88,-11.54,-7.29,-27.86,-17.77,-14.68
2024-11-01,-22.21,-40.6,2.62,-7.64,-11.94,-7.32,-28.13,-17.87,-14.87
2024-11-08,-21.09,-39.82,2.66,-7.45,-12.23,-7.13,-27.89,-17.39,-14.54
2024-11-15,-22.04,-40.73,1.87,-7.64,-11.93,-7.45,-28.52,-18.09,-15.05
2024-11-22,-21.78,-40.18,2.59,-7.36,-12.02,-7.3,-28.24,-17.55,-14.79
2024-11-29,-21.59,-39.9,2.66,-7.34,-11.92,-7.21,-27.95,-17.25,-14.57
2024-12-06,-21.9,-39.95,1.84,-7.66,-12.17,-7.34,-27.92,-17.67,-14.65
2024-12-13,-21.3,-39.93,1.3,-7.71,-11.92,-7.29,-27.71,-17.66,-14.4
2024-12-20,-21.51,-40.17,1.25,-7.5,-12.06,-7.37,-28.05,-17.87,-14.66
2024-12-27,-21.83,-40.36,0.14,-7.68,-12.21,-7.53,-28.34,-18.25,-14.89
2025-01-03,-22.45,-40.67,-0.53,-7.83,-11.86,-7.71,-28.45,-18.52,-14.95
2025-01-10,-23.03,-40.72,-0.34,-7.94,-11.93,-7.74,-28.66,-18.81,-15.19
2025-01-17,-23.03,-40.74,0.11,-7.9,-11.7,-7.71,-28.67,-18.67,-15.15
2025-01-24,-22.78,-40.68,0.36,-7.72,-11.6,-7.6,-28.58,-18.53,-15.08
2025-01-31,-22.92,-39.89,0.1,-7.49,-11.5,-7.48,-28.37,-18.58,-15.02
2025-02-07,-22.97,-38.72,-0.38,-7.37,-11.86,-7.29,-27.89,-18.31,-14.83
2025-02-14,-23.05,-38.85,0.03,-7.4,-11.42,-7.27,-27.62,-18.23,-14.65
2025-02-21,-22.15,-38.41,-0.39,-7.47,-11.44,-7.15,-27.11,-17.87,-14.25
2025-02-28,-21.92,-38.57,0.51,-7.76,-10.67,-7.01,-26.9,-17.72,-14.06
2025-03-07,-22.45,-38.64,0.37,-7.69,-10.29,-7.06,-26.99,-17.92,-14.19
2025-03-14,-22.55,-38.72,-0.16,-7.66,-10.32,-7.15,-27.1,-17.99,-14.25
2025-03-21,-22.93,-39.07,-0.23,-7.81,-10.1,-7.2,-27.11,-18.23,-14.32
2025-03-28,-20.59,-37.68,-0.35,-7.76,-9.79,-6.65,-25.71,-17.12,-13.15
2025-04-04,-20.9,-38.33,-0.86,-8.21,-8.52,-6.68,-25.49,-17.42,-13.01
2025-04-11,-21.63,-38.86,-1.44,-8.23,-8.49,-6.91,-26.01,-17.99,-13.42
2025-04-18,-21.48,-38.11,-1.26,-8.29,-8.66,-6.78,-25.56,-17.82,-13.15
2025-04-25,-20.58,-37.35,-0.61,-8.29,-8.49,-6.41,-24.98,-17.24,-12.72
2025-05-02,-21.26,-38.07,-1.02,-8.4,-8.09,-6.62,-25.38,-17.63,-13.08
2025-05-09,-21.35,-37.79,-0.96,-8.2,-8.73,-6.7,-25.56,-17.7,-13.23
2025-05-16,-21.88,-38.63,-0.52,-8.06,-8.74,-6.77,-25.87,-17.94,-13.49
2025-05-23,-20.99,-37.7,-0.69,-7.98,-8.55,-6.56,-25.07,-17.42,-13.0
2025-05-30,-21.98,-38.81,-0.67,-8.03,-8.9,-6.9,-26.14,-18.2,-13.58
2025-06-06,-23.43,-40.92,-1.37,-8.2,-9.36,-7.5,-27.65,-19.37,-14.4
2025-06-13,-23.97,-41.6,-1.16,-7.82,-9.78,-7.75,-28.66,-20.01,-14.94
2025-06-20,-21.97,-38.9,-0.38,-7.85,-8.89,-6.89,-26.12,-18.14,-13.57
2025-06-27,-22.49,-39.47,-0.18,-7.86,-8.99,-6.98,-26.47,-18.39,-13.78
2025-07-04,-23.04,-40.43,0.11,-7.85,-9.23,-7.19,-27.08,-18.76,-14.14
2025-07-11,-22.91,-40.07,0.13,-7.86,-9.1,-7.06,-26.6,-18.47,-13.86
2025-07-18,-22.84,-40.0,0.96,-7.91,-9.19,-6.98,-26.46,-18.28,-13.82
2025-07-25,-22.66,-40.25,0.77,-7.89,-9.14,-7.04,-26.6,-18.48,-13.89
2025-08-01,-22.44,-39.79,1.02,-7.82,-8.8,-6.83,-25.96,-17.94,-13.53
2025-08-08,-22.18,-39.39,1.45,-7.63,-8.75,-6.78,-25.81,-17.77,-13.37
2025-08-15,-22.69,-40.08,1.45,-7.52,-8.96,-6.97,-26.53,-18.38,-13.74
2025-08-22,-22.9,-40.21,1.23,-7.82,-8.82,-6.95,-26.22,-18.28,-13.63
2025-08-29,-22.8,-40.24,1.56,-7.64,-8.47,-6.81,-25.79,-17.92,-13.43
2025-09-05,-23.15,-40.53,0.95,-7.63,-8.36,-6.94,-25.96,-18.25,-13.5
2025-09-12,-23.12,-40.73,1.39,-7.67,-8.36,-6.91,-25.92,-18.29,-13.55
2025-09-19,-23.78,-41.73,0.98,-7.93,-8.39,-7.14,-26.39,-18.69,-13.8
2025-09-26,-23.37,-41.12,1.71,-7.87,-7.84,-6.78,-25.38,-18.02,-13.35
2025-10-03,-23.14,-40.97,2.19,-7.52,-7.45,-6.62,-24.92,-17.72,-13.11
2025-10-10,-23.46,-41.68,2.16,-7.69,-7.22,-6.61,-24.9,-17.79,-13.12
2025-10-17,-24.1,-42.22,1.69,-8.0,-7.46,-6.86,-25.6,-18.43,-13.5
2025-10-24,-23.89,-41.5,1.3,-8.22,-7.65,-6.78,-25.5,-18.47,-13.44
2025-10-31,-23.45,-41.48,1.49,-8.19,-7.62,-6.7,-25.36,-18.32,-13.38
2025-11-07,-23.87,-41.91,1.32,-8.19,-7.62,-6.75,-25.47,-18.4,-13.43
2025-11-14,-23.38,-41.53,1.58,-8.12,-7.37,-6.57,-24.85,-17.99,-13.09
2025-11-21,-24.01,-42.08,1.5,-8.39,-7.2,-6.62,-24.8,-18.18,-13.1
2025-11-28,-24.28,-42.28,1.74,-8.49,-7.2,-6.69,-24.86,-18.37,-13.17
2025-12-05,-23.86,-42.0,1.65,-8.46,-6.89,-6.51,-24.27,-17.91,-12.82
2025-12-12,-24.14,-42.03,1.59,-8.65,-6.6,-6.45,-24.05,-17.85,-12.68
2025-12-19,-24.73,-42.63,2.04,-8.68,-6.65,-6.51,-24.45,-17.97,-12.82
2025-12-26,-24.61,-42.18,2.26,-8.46,-6.53,-6.52,-24.62,-18.01,-12.84
2026-01-02,-25.75,-43.14,2.14,-8.85,-6.64,-6.7,-25.25,-18.42,-13.12
2026-01-09,-26.3,-44.24,2.6,-8.65,-6.8,-6.92,-26.31,-18.93,-13.56
2026-01-16,-27.6,-46.16,2.48,-8.71,-6.68,-7.18,-26.81,-19.49,-13.86
2026-01-23,-27.72,-46.14,3.19,-8.6,-7.34,-7.44,-27.82,-19.86,-14.51
2026-01-30,-27.44,-46.06,2.34,-8.85,-7.12,-7.26,-26.94,-19.51,-14.14
2026-02-06,-27.4,-45.9,1.86,-9.16,-7.12,-7.18,-26.83,-19.46,-14.08
2026-02-13,-28.11,-47.0,1.26,-9.4,-7.44,-7.49,-27.58,-20.19,-14.49
2026-02-20,-29.13,-48.02,1.3,-9.49,-7.36,-7.66,-28.15,-20.55,-14.71
2026-02-27,-32.71,-51.83,1.58,-8.32,-9.47,-9.22,-34.32,-24.25,-18.09
2026-03-06,-34.29,-53.47,1.0,-8.75,-10.37,-9.92,-35.93,-25.49,-19.0
2026-03-13,-34.89,-53.97,0.93,-7.92,-11.81,-10.62,-38.86,-27.07,-20.58
2026-03-20,-34.4,-53.26,0.97,-8.31,-11.69,-10.4,-38.13,-26.46,-20.14
2026-03-27,-33.56,-51.71,0.85,-8.31,-11.35,-9.85,-36.64,-25.52,-19.22
2026-04-03,-32.39,-50.46,1.15,-8.33,-10.22,-9.24,-34.45,-24.28,-18.06
2026-04-10,-32.15,-49.82,0.44,-9.03,-9.7,-8.98,-33.22,-23.63,-17.32
2026-04-17,-34.04,-51.69,0.11,-9.15,-10.94,-9.82,-36.08,-25.41,-18.92
2026-04-24,-34.43,-51.71,-0.48,-9.4,-11.72,-10.0,-36.94,-25.72,-19.35
2026-05-01,-34.07,-50.94,0.16,-9.34,-11.32,-9.64,-35.9,-25.02,-18.88
2026-05-08,-35.18,-52.23,-0.27,-9.33,-12.06,-10.26,-37.74,-26.1,-19.88
2026-05-15,-34.54,-51.65,0.46,-8.99,-11.7,-10.04,-37.08,-25.59,-19.55
2026-05-22,-33.05,-50.16,1.56,-8.63,-10.75,-9.4,-35.08,-24.21,-18.47
2026-05-29,-32.57,-49.81,2.5,-8.4,-10.9,-9.41,-35.44,-24.11,-18.69
2026-06-05,-31.7,-48.39,2.74,-8.16,-10.76,-9.05,-34.55,-23.49,-18.18
2026-06-12,-29.97,-45.92,1.95,-8.75,-10.07,-8.35,-32.11,-21.95,-16.67
2026-06-19,-28.38,-43.49,1.59,-8.37,-10.0,-7.89,-30.8,-20.91,-15.8
2026-06-26,-28.5,-43.66,1.87,-8.16,-10.23,-7.9,-31.18,-20.95,-16.01
2026-07-03,-29.52,-44.77,2.11,-7.95,-10.61,-8.25,-32.23,-21.62,-16.64
2026-07-10,-31.96,-47.65,1.69,-7.57,-11.84,-9.29,-35.63,-23.75,-18.57
2026-07-17,-33.32,-49.59,1.87,-7.37,-12.21,-9.83,-37.15,-24.85,-19.51
