date,INR,KRW,MYR,IDR,PHP,BRL,PLN
2013-01-04,215.0,59.969,69.5208,,97.0724,101.905,75.5355
2013-01-11,195.0,66.791,79.8128,,99.0175,112.638,78.6217
2013-01-18,195.0,66.2744,83.2052,,100.986,108.573,83.8145
2013-01-25,195.0,66.1428,85.9168,,99.6532,107.163,83.5537
2013-02-01,204.0,72.1948,94.3639,,104.518,117.119,89.3991
2013-02-08,204.0,66.9794,90.3976,,102.619,118.0,91.1163
2013-02-15,204.0,65.5,87.0,,102.0,121.732,91.4993
2013-02-22,201.0,66.5,78.0,,100.0,127.284,95.0
2013-03-01,200.0,66.0,76.0,,98.0,135.88,96.0
2013-03-08,195.0,62.0,72.0,,93.0,123.246,89.3179
2013-03-15,195.0,66.0,76.0,,96.0,131.338,89.0
2013-03-22,200.0,74.0,85.0,,106.0,141.493,92.0
2013-03-29,200.0,77.0,88.0,,108.0,137.43,91.0
2013-04-05,200.0,85.0,89.0,,108.0,131.357,89.0
2013-04-12,200.0,81.0,82.0,,97.0,114.158,86.0
2013-04-19,,75.0,84.0,,99.0,121.235,83.0
2013-04-26,,72.5,83.0,,93.0,114.66,80.0
2013-05-03,202.0,72.0,84.0,,86.0,106.064,78.0
2013-05-10,202.0,68.0,74.0,,82.0,113.139,73.7727
2013-05-17,184.0,70.0,78.0,,84.5,127.287,77.6829
2013-05-24,184.0,73.0,81.0,,93.0,135.366,77.0919
2013-05-31,178.0,76.0,88.0,,100.0,147.483,75.0
2013-06-07,178.0,83.0,96.0,,110.0,160.623,79.0
2013-06-14,220.0,84.0,100.0,,108.0,152.508,80.0
2013-06-21,260.0,99.0,123.0,,132.0,211.251,85.0
2013-06-28,260.0,87.0,120.0,,123.0,186.04,100.0
2013-07-05,265.0,88.0,125.0,,130.0,213.4,95.0
2013-07-12,245.0,81.0,115.0,,121.0,184.021,91.6256
2013-07-19,245.0,79.0,101.0,,109.0,168.854,87.0
2013-07-26,245.0,84.0,106.0,,109.0,183.963,92.0
2013-08-02,245.0,83.0,123.0,,121.0,181.023,94.0
2013-08-09,,81.0,121.0,,120.0,187.177,84.0
2013-08-16,273.0,80.0,121.0,,122.0,208.486,84.8952
2013-08-23,375.0,85.0,153.0,,147.0,197.325,87.0
2013-08-30,353.0,83.0,152.0,,148.0,211.501,93.0
2013-09-06,353.0,72.0,135.0,,134.0,195.329,92.0
2013-09-13,353.0,75.0,126.0,,126.0,173.002,90.0
2013-09-20,319.0,72.0,104.0,,110.0,160.884,87.0
2013-09-27,305.0,73.0,120.0,,110.0,177.1,86.8191
2013-10-04,305.0,75.0,130.0,,115.0,165.962,87.1711
2013-10-11,305.0,67.0,120.0,,105.0,148.696,84.0
2013-10-18,301.0,63.0,110.0,,97.0,151.758,79.0
2013-10-25,301.0,62.0,106.0,,91.0,160.881,83.9607
2013-11-01,300.0,60.0,103.0,,92.0,187.324,83.0
2013-11-08,300.0,60.0,110.0,,100.0,206.599,84.0
2013-11-15,310.0,61.0,111.0,,104.0,192.497,85.6991
2013-11-22,310.0,57.0,102.0,,103.0,197.58,84.8986
2013-11-29,320.0,56.0,104.0,,107.0,206.744,81.0
2013-12-06,320.0,59.0,104.0,,112.0,194.573,81.4522
2013-12-13,295.0,57.0,100.0,,105.0,179.0,80.9064
2013-12-20,295.0,57.0,100.0,,108.0,187.0,81.0
2013-12-27,295.0,63.0,103.0,,110.0,193.0,79.7768
2014-01-03,290.0,68.0,115.0,,115.0,188.0,80.0
2014-01-10,290.0,67.0,112.0,,112.0,194.0,75.0
2014-01-17,290.0,68.0,113.0,,110.283,198.0,75.1788
2014-01-24,,70.0,120.0,,125.0,211.0,76.4677
2014-01-31,295.0,70.0,123.0,,122.0,206.0,76.0
2014-02-07,295.0,70.769,119.0,,118.0,184.0,75.0
2014-02-14,285.0,68.0,108.0,,113.0,185.0,80.1823
2014-02-21,276.0,66.5,107.0,,106.0,180.0,79.8366
2014-02-28,269.0,65.0,102.0,,99.0,172.0,78.9836
2014-03-07,250.0,61.0,93.0,,100.0,172.0,77.0
2014-03-14,249.0,63.0,105.0,,108.0,180.0,76.4
2014-03-21,260.0,64.0,108.0,,113.0,180.0,72.0
2014-03-28,245.0,61.0,103.0,,107.0,167.0,70.832
2014-04-04,240.0,61.0,98.0,,103.0,163.0,74.0
2014-04-11,250.0,60.0,100.0,,100.0,162.0,72.6945
2014-04-18,240.0,62.4499,100.159,,101.23,152.982,72.9649
2014-04-25,250.0,61.5,101.0,,100.0,157.0,71.0234
2014-05-02,250.0,61.8676,100.293,,100.998,145.0,73.0
2014-05-09,250.0,60.0,99.0,,97.0,148.0,64.0
2014-05-16,230.0,59.0,95.0,,95.0,152.0,60.0
2014-05-23,207.5,56.0,93.0,,92.0,152.0,60.0
2014-05-30,186.0,53.0,88.0,,87.0,143.0,58.0
2014-06-06,186.0,50.0,84.0,,80.0,132.0,53.0
2014-06-13,186.0,53.0,86.0,,86.0,137.0,55.0
2014-06-20,190.0,54.0,86.0,,88.0,140.0,60.0
2014-06-27,183.0,54.0,87.0,,87.0,140.0,56.5
2014-07-04,183.0,52.0,83.0,,85.0,145.724,56.8966
2014-07-11,183.0,51.0,83.0,,85.0,147.737,57.5
2014-07-18,183.0,52.0,85.0,,87.0,142.652,57.5437
2014-07-25,191.0,51.0,84.0,,85.0,137.565,58.0
2014-08-01,188.0,55.0,88.0,,93.0,160.971,62.5
2014-08-08,198.0,62.0,93.0,,98.0,168.101,67.0
2014-08-15,198.0,54.0,85.0,,90.0,150.816,65.5
2014-08-22,198.0,52.0,78.9369,,86.0,141.0,66.0
2014-08-29,179.0,50.0,78.0,,83.0,126.0,64.0
2014-09-05,179.0,48.9053,73.9944,,80.118,125.667,62.0227
2014-09-12,179.0,50.5648,75.0442,,82.5612,144.967,63.6175
2014-09-19,,49.8554,74.2125,,80.8952,141.252,65.6093
2014-09-26,170.0,55.0,83.0,,92.0,162.986,68.0
2014-10-03,165.0,57.0,88.0,,97.0,176.238,69.0
2014-10-10,161.726,57.0,90.0,,96.0,160.0,63.0
2014-10-17,175.0,60.0,99.0,,107.0,154.0,68.0
2014-10-24,167.764,56.5,88.0,,92.0,159.0,67.0
2014-10-31,174.0,52.0,83.0,,87.0,153.0,65.0
2014-11-07,160.0,52.0,83.5,,88.0,169.0,66.5339
2014-11-14,155.754,49.0,83.0,,87.0,185.316,61.5215
2014-11-21,157.775,52.0,85.0,,88.0,161.971,62.2762
2014-11-28,159.0,49.0,83.0,,86.0,152.995,64.0
2014-12-05,155.604,49.0,81.0,,81.0,165.965,62.0
2014-12-12,158.117,54.0,96.0,,90.0,212.786,73.0
2014-12-19,159.0,50.0,103.0,,90.0,194.495,62.0
2014-12-26,159.0,48.0,100.0,,87.0,184.35,62.0
2015-01-02,169.666,53.0,103.0,,95.9332,211.762,66.0
2015-01-09,163.0,60.0,138.0,,100.0,206.718,66.0
2015-01-16,172.281,66.0,145.0,,106.0,209.687,67.0
2015-01-23,161.174,60.0,125.0,,93.0,199.57,64.0
2015-01-30,155.0,61.0,135.0,,94.0777,232.141,64.0
2015-02-06,154.029,63.0,125.0,,94.08,236.19,62.0
2015-02-13,152.539,62.6609,125.0,,94.0,236.0,63.0
2015-02-20,153.686,61.0,121.0,,92.0,244.0,62.0
2015-02-27,147.916,52.0,116.0,,85.0,237.8,56.0
2015-03-06,142.032,52.0,130.0,,82.0,254.0,59.1209
2015-03-13,147.0,53.0,130.0,,89.0,300.0,59.0283
2015-03-20,147.0,55.0,142.0,,93.0,300.285,58.0
2015-03-27,155.94,53.0,141.0,,92.0,290.0,60.9157
2015-04-03,147.0,52.0,127.0,,89.0,261.0,59.0
2015-04-10,150.096,50.0,119.0,,87.0,250.0,58.9182
2015-04-17,147.07,49.0,122.0,,89.8914,241.0,60.0
2015-04-24,149.08,50.0,123.0,,89.0,216.0,60.0
2015-05-01,147.0,49.0,122.0,,89.0,241.0,60.0
2015-05-08,150.0,48.0,120.0,,89.0,224.0,59.4247
2015-05-15,152.899,47.0,118.0,,87.0,230.0,60.0
2015-05-22,151.147,45.0,113.0,,85.0,219.0,59.7789
2015-05-29,148.0,46.0,114.0,,86.0,238.0,65.0
2015-06-05,154.603,47.0,118.0,,88.6416,248.0,66.0
2015-06-12,158.723,47.0,127.181,,87.3854,243.0,70.5
2015-06-19,148.0,47.0,128.0,,87.0,244.0,73.0
2015-06-26,161.0,48.0,129.0,,87.5,257.008,69.0
2015-07-03,165.0,50.0,138.0,,89.0,253.0,74.0
2015-07-10,166.0,53.0,131.0,,93.5,252.0,73.0
2015-07-17,164.902,50.0,120.0,,91.0,264.0,70.0
2015-07-24,165.038,51.0,122.0,,96.0098,297.0,68.5
2015-07-31,170.0,52.0,148.0,,98.0,292.0,67.0
2015-08-07,168.109,54.0,150.0,,98.2748,330.0,67.4593
2015-08-14,170.778,58.0,162.0,,100.0,302.0,68.0
2015-08-21,179.704,72.0,185.0,,115.0,349.0,72.0
2015-08-28,171.74,69.0,164.0,,113.0,333.0,71.5
2015-09-04,171.0,70.5,182.0,,121.0,380.0,73.0
2015-09-11,171.693,68.0,194.0,,121.0,398.0,71.0
2015-09-18,165.135,60.0,170.0,,114.0,395.0,73.0
2015-09-25,175.0,74.0,220.0,,129.0,495.0,76.0
2015-10-02,180.0,79.0,239.0,,143.0,440.0,78.0
2015-10-09,175.0,68.0,205.0,,115.0,420.0,76.0
2015-10-16,166.98,65.0,201.0,,110.0,445.0,72.0
2015-10-23,161.043,62.0,202.0,,106.5,455.0,73.3282
2015-10-30,160.0,61.0,200.0,,106.0,438.0,73.0
2015-11-06,155.0,57.0,182.0,,102.0,405.0,74.1239
2015-11-13,158.059,59.0,181.0,,98.0,435.0,72.0
2015-11-20,157.719,57.0,179.0,,98.0,395.0,71.0
2015-11-27,157.841,55.0,171.0,,103.0,420.0,72.0
2015-12-04,156.0,53.0,176.0,,103.0,444.0,71.0
2015-12-11,166.163,57.0,200.0,,113.5,499.0,73.0
2015-12-18,163.629,59.0,190.0,,112.0,504.0,72.0
2015-12-25,164.441,58.0,189.0,,112.0,497.0,72.0
2016-01-01,162.73,56.126,182.45,,109.53,500.0,72.2816
2016-01-08,166.322,62.0,195.0,,117.0,493.0,73.0
2016-01-15,166.0,70.0,210.0,,126.0,510.0,86.0
2016-01-22,174.0,66.0,204.0,,124.0,485.0,97.0
2016-01-29,178.0,63.0,180.0,,123.0,475.0,90.0
2016-02-05,177.84,67.0,186.0,,130.0,470.0,91.5367
2016-02-12,186.333,79.5,196.0,,138.0,493.0,98.0
2016-02-19,179.574,70.0,180.0,,125.0,474.0,94.0
2016-02-26,178.0,69.0,179.0,,121.0,455.0,93.0
2016-03-04,195.0,61.0,163.0,,112.0,405.0,92.0
2016-03-11,173.736,60.0,155.0,,105.0,388.0,87.0
2016-03-18,173.0,58.0,150.0,,98.0,360.0,87.9103
2016-03-25,190.0,64.0,160.0,,108.0,395.0,87.0
2016-04-01,178.0,65.0,155.0,,106.0,361.0,88.148
2016-04-08,179.312,67.0,161.0,,107.0,385.0,88.1447
2016-04-15,171.924,63.0,152.0,,98.0,342.5,87.5819
2016-04-22,173.012,63.0,156.0,,99.0,358.0,86.0
2016-04-29,178.0,64.0,166.0,,106.0,340.0,86.0
2016-05-06,173.398,64.5,167.0,,114.0,341.0,87.0
2016-05-13,173.919,64.0,162.0,,112.0,330.0,85.0
2016-05-20,172.0,64.0,163.0,,111.0,348.0,85.2103
2016-05-27,173.592,60.0,160.0,,110.0,352.0,84.8847
2016-06-03,171.0,61.0,164.0,,112.0,339.0,85.1328
2016-06-10,168.0,58.0,159.0,,108.0,347.0,84.5
2016-06-17,180.0,63.0,173.0,,116.0,340.0,92.5
2016-06-24,180.0,63.0,170.0,,120.0,344.0,105.0
2016-07-01,187.0,57.0,156.0,,112.0,312.0,95.5
2016-07-08,185.0,56.0,156.0,,109.0,307.0,97.0
2016-07-15,180.0,47.0,124.0,,94.0,295.0,90.0
2016-07-22,170.0,48.5,135.0,,100.0,285.0,88.336
2016-07-29,169.0,50.5,141.0,,102.0,290.0,88.0
2016-08-05,170.714,47.0,135.0,,98.0,267.0,84.0
2016-08-12,167.685,44.5,125.0,,90.0,258.0,80.0
2016-08-19,159.0,43.0,118.0,,87.0,251.5,77.3671
2016-08-26,155.557,44.4523,120.36,,87.0582,255.235,77.0008
2016-09-02,150.288,43.0,118.0,,86.75,256.0,75.0
2016-09-09,150.0,40.5,114.5,,84.5,257.0,73.0
2016-09-16,151.264,41.0,122.0,,91.0,272.0,77.5521
2016-09-23,165.0,39.0,123.0,,107.0,274.0,79.0
2016-09-30,164.0,42.0,122.0,,117.0,272.0,74.3223
2016-10-07,156.453,41.0,121.0,,119.0,272.0,74.5755
2016-10-14,158.033,40.5,120.0,,120.0,269.0,77.0
2016-10-21,157.823,41.1624,120.0,,116.0,261.0,74.75
2016-10-28,155.0,41.0,123.0,,114.0,277.0,74.7675
2016-11-04,155.0,45.25,127.0,,116.0,285.0,74.796
2016-11-11,159.756,53.0,156.0,,130.0,313.0,80.0
2016-11-18,165.0,53.0,171.0,,132.0,315.0,80.0
2016-11-25,160.38,51.0,168.0,,124.0,307.0,81.188
2016-12-02,159.0,49.0,159.0,,119.0,318.0,82.0
2016-12-09,154.614,42.0,139.0,,114.0,292.5,81.0
2016-12-16,152.994,44.5,144.0,,111.0,294.0,80.9905
2016-12-23,153.69,44.5,140.0,,111.0,283.0,81.0
2016-12-30,152.0,44.5,140.0,,111.0,280.5,80.0
2017-01-06,148.158,45.0,133.0,,102.0,259.0,73.0
2017-01-13,146.925,49.0,133.0,,103.0,251.0,71.3636
2017-01-20,145.0,46.0,131.0,,101.0,254.0,71.0
2017-01-27,141.493,45.0,128.0,,97.4359,250.0,68.0
2017-02-03,139.565,46.222,125.667,,94.3237,238.0,70.0
2017-02-10,134.961,47.0,119.0,,89.9992,226.0,73.0
2017-02-17,135.0,46.0,114.0,,86.0,232.0,70.0
2017-02-24,123.0,44.0,107.0,,82.0,223.0,72.7544
2017-03-03,118.0,44.5,108.0,,84.0,217.0,69.0
2017-03-10,120.705,47.0,113.0,,88.0,233.0,70.0
2017-03-17,118.0,41.5,100.0,,78.0,213.0,67.5317
2017-03-24,122.0,49.5,109.0,,85.0,236.0,70.0
2017-03-31,120.0,50.5,104.0,,82.0,225.0,69.0
2017-04-07,119.186,51.5,110.0,,82.5303,224.0,68.0
2017-04-14,122.834,61.0,114.0,,84.0,225.0,68.5
2017-04-21,122.626,56.0,112.5,,85.0,224.0,69.0
2017-04-28,120.0,55.5,108.0,,80.0,218.0,68.0
2017-05-05,118.0,56.5,107.0,,79.0,212.0,67.6521
2017-05-12,115.756,55.5,103.0,,78.0,202.0,67.5
2017-05-19,116.0,61.0,106.0,,79.6439,245.0,67.7139
2017-05-26,115.06,56.0,101.0,,78.0,236.0,66.6771
2017-06-02,112.0,55.0,97.0,,78.2599,237.0,67.0
2017-06-09,110.0,53.0,91.0,,75.0,238.0,65.0
2017-06-16,106.86,51.0,81.0,,72.5805,239.0,63.0
2017-06-23,110.0,52.0,87.0,,75.0,240.0,62.0
2017-06-30,107.0,54.0,85.0,,76.0,241.0,63.0
2017-07-07,110.583,62.457,89.2767,,79.5041,238.965,63.3151
2017-07-14,106.17,58.0,83.0,,73.4252,222.0,62.4883
2017-07-21,104.457,58.0,84.2083,,73.5,211.0,64.0
2017-07-28,102.86,56.0,81.0,,69.9204,213.0,63.0
2017-08-04,100.0,57.0,79.7062,,70.0,197.0,59.0
2017-08-11,101.836,69.5,86.0,,76.0,205.0,58.5
2017-08-18,98.6627,64.0,79.5046,,69.6796,202.0,57.0
2017-08-25,95.2053,61.5,75.0,,68.0,197.0,56.8636
2017-09-01,92.0,60.5,71.0,,61.0,191.0,55.0
2017-09-08,92.184,70.0,72.0,,62.8112,180.0,55.0046
2017-09-15,91.6642,68.5,66.0,,61.0,176.5,54.0
2017-09-22,99.0,71.0,66.5,,61.0,201.0,58.0
2017-09-29,96.75,74.0,70.0,,66.0,195.0,59.0
2017-10-06,95.8239,70.0,65.0,,64.146,187.0,55.0
2017-10-13,95.7706,69.8152,65.0,,65.0,181.0,50.0
2017-10-20,94.87,69.0,62.0,,62.5,169.0,49.0
2017-10-27,90.9647,71.25,63.5,,63.5,173.0,50.0
2017-11-03,92.0,69.0,63.0,,63.5,174.0,50.9564
2017-11-10,93.0,73.5,70.0,,70.0,181.0,50.0
2017-11-17,94.0133,66.5,67.0,,68.0,175.5,51.0
2017-11-24,92.8318,61.5,65.0,,66.0,168.0,51.5244
2017-12-01,92.0,57.0,62.5,,63.0,171.0,50.0
2017-12-08,93.8588,57.4204,63.1149,,62.0,167.0,51.0067
2017-12-15,93.4611,55.5,62.5,,60.9288,167.0,50.7216
2017-12-22,93.5,54.75,60.5,,60.5,164.0,49.0
2017-12-29,91.8069,53.0,59.1071,,59.3995,161.0,50.0
2018-01-05,88.6064,48.5,54.6856,,57.0,146.0,50.4336
2018-01-12,87.17,43.0,51.0,,51.0,145.0,50.738
2018-01-19,87.361,45.0,55.5,,54.0,149.0,49.0
2018-01-26,85.75,45.5,55.0,,55.0,142.0,49.2379
2018-02-02,87.5776,50.0,58.0,,58.0,152.0,48.6902
2018-02-09,93.0,57.5,68.0,,69.0,175.0,48.0
2018-02-16,91.0,52.0,63.0,,64.0,153.0,49.6816
2018-02-23,89.5,51.5,63.0,,64.0,153.0,49.5956
2018-03-02,91.3,50.5,62.5,,64.0,157.0,49.0
2018-03-09,88.5,43.5,63.0,,65.0,145.0,48.6096
2018-03-16,87.5,45.0,63.0,,64.0,147.0,49.0746
2018-03-23,97.0,54.0,73.0,,75.0,174.0,56.7644
2018-03-30,99.5,52.5,72.0,,73.0,163.0,47.0
2018-04-06,100.9,50.0,71.0,,72.3297,170.0,49.1541
2018-04-13,97.9566,49.1842,71.0,,71.5,170.0,50.4318
2018-04-20,98.12,47.5,72.0,,72.0,170.0,48.0
2018-04-27,98.7324,47.0,73.0,,72.0,169.0,50.4283
2018-05-04,100.803,43.0,80.0,,78.0,184.0,50.6761
2018-05-11,105.285,41.0,88.0,,82.0,185.0,50.0
2018-05-18,108.0,44.0,84.0,,85.722,205.0,54.0
2018-05-25,118.152,44.0,83.0,,84.0,194.0,57.7543
2018-06-01,119.0,42.5,89.0,,84.0,238.0,60.0
2018-06-08,119.0,44.0,97.0,,87.0,250.0,63.0
2018-06-15,116.692,42.0,97.0,,86.9759,273.0,62.0
2018-06-22,121.0,45.5,103.0,,92.0,261.0,65.0
2018-06-29,130.545,50.0,108.0,,90.0,275.0,67.2698
2018-07-06,131.0,49.0,108.0,,89.683,252.0,65.0
2018-07-13,132.825,46.0,102.0,,83.0,243.0,63.0
2018-07-20,129.175,42.5,92.0,,78.0,224.0,65.1284
2018-07-27,125.0,40.5,81.0,,71.0,211.0,64.7112
2018-08-03,120.35,43.0,86.0,,74.0,212.0,64.0
2018-08-10,118.54,41.5,85.5,,76.5,240.0,61.4772
2018-08-17,120.759,41.25,88.0,,79.0,242.0,64.4367
2018-08-24,119.76,41.0,87.0,,77.0,287.0,62.0
2018-08-31,119.511,41.0,92.0,,80.0,305.0,64.894
2018-09-07,126.47,41.5,99.0,,88.0,281.0,65.4606
2018-09-14,129.046,38.0,97.0,,83.0,286.0,61.0
2018-09-21,135.0,40.0,96.0,,91.7907,262.0,67.7766
2018-09-28,139.85,38.3,92.5,,77.0,265.0,65.0
2018-10-05,141.493,38.5,99.0,,85.3887,246.0,67.0
2018-10-12,145.0,39.0,103.0,,87.0,224.0,66.7671
2018-10-19,145.0,39.5,105.0,,89.75,214.0,66.7393
2018-10-26,146.182,40.0,109.0,,94.5,207.0,66.75
2018-11-02,150.0,40.5,110.0,,93.0,197.0,65.2961
2018-11-09,147.0,40.0,104.5,,89.0,201.0,64.9303
2018-11-16,146.569,42.5,114.0,,96.0,203.0,65.0
2018-11-23,148.535,43.0,118.5,,99.0,218.0,68.4838
2018-11-30,147.0,41.0,112.0,,92.0,211.0,67.6761
2018-12-07,146.0,39.0,110.0,,90.0,208.0,65.5
2018-12-14,147.288,38.0,106.0,,85.0,198.0,67.1173
2018-12-21,146.0,38.5,108.0,,87.0,210.0,66.0
2018-12-28,144.847,39.2705,110.76,,87.2493,206.441,66.4774
2019-01-04,146.354,40.6766,109.796,,90.175,187.024,65.4534
2019-01-11,142.418,36.7872,95.1033,,84.2879,182.13,65.4534
2019-01-18,137.056,35.5585,92.6481,,80.8605,170.412,64.5056
2019-01-25,139.022,35.0405,85.7782,,77.4015,168.525,64.5056
2019-02-01,139.022,33.1932,80.3388,,72.4387,165.621,64.9199
2019-02-08,139.022,34.2503,83.3042,,72.4387,171.502,64.9199
2019-02-15,126.363,32.7687,76.1569,,69.0056,160.781,65.4583
2019-02-22,126.363,30.9395,72.4279,,66.0422,160.805,65.4583
2019-03-01,121.508,29.7031,64.5262,,61.5821,156.915,65.4583
2019-03-08,117.593,30.6814,67.4493,,63.545,162.8,65.4583
2019-03-15,105.866,30.3106,61.5531,,59.5946,154.971,64.9253
2019-03-22,111.695,31.2722,63.588,,62.7307,178.273,68.4402
2019-03-29,110.751,34.7072,63.5912,,61.1054,174.342,68.4402
2019-04-05,108.793,33.6924,57.6383,,56.6881,168.517,68.9261
2019-04-12,109.777,33.8528,55.663,,53.6975,168.525,68.9261
2019-04-19,106.843,32.2119,53.6613,,51.703,170.474,65.4545
2019-04-26,106.843,32.7268,54.6595,,53.6774,173.389,66.433
2019-05-03,104.89,32.7093,57.8507,,50.9528,168.505,66.433
2019-05-10,100.978,35.4376,63.2767,,55.6522,170.483,65.4364
2019-05-17,104.894,35.3884,65.4677,,57.0967,184.224,65.4364
2019-05-24,104.894,36.1146,67.4318,,60.0445,179.276,66.4158
2019-05-31,106.855,37.5557,72.8398,,65.4451,179.347,66.4158
2019-06-07,106.855,35.4531,71.4148,,61.586,166.596,66.4158
2019-06-14,105.87,33.4524,66.4731,,58.5748,165.619,65.4403
2019-06-21,105.863,32.0425,58.0157,,51.2554,149.986,65.3325
2019-06-28,102.938,32.9217,53.6116,,48.731,149.033,65.4019
2019-07-05,102.938,31.7089,50.6575,,46.705,145.12,65.4019
2019-07-12,102.938,32.9681,51.6852,,48.2028,128.475,65.4019
2019-07-19,94.1211,32.9374,51.619,,48.1586,128.456,64.4273
2019-07-26,85.3105,29.7742,48.2249,,45.7648,122.567,64.4273
2019-08-02,85.3105,30.8019,55.6483,,51.6941,131.394,64.4273
2019-08-09,85.3164,33.1841,58.5519,,55.5806,131.415,65.4412
2019-08-16,85.3164,33.1601,58.5362,,55.0701,137.324,65.4412
2019-08-23,87.2659,32.6272,52.6696,,50.6558,140.253,65.4543
2019-08-30,87.7508,33.9815,52.6639,,50.1719,133.374,65.4543
2019-09-06,79.8998,30.2339,48.6981,,45.708,121.604,65.4543
2019-09-13,77.9644,29.3301,42.8423,,41.8324,118.67,64.4666
2019-09-20,86.866,33.7994,48.8001,,46.8012,130.329,69.5843
2019-09-27,84.8208,35.2952,51.9632,,48.7737,138.191,68.4424
2019-10-04,84.8208,34.7652,54.1933,,49.7432,137.199,68.4424
2019-10-11,86.2325,33.2354,51.2172,,47.396,133.562,67.1651
2019-10-18,86.3015,32.7963,48.2721,,44.8105,129.394,67.4664
2019-10-25,86.3015,31.2984,45.8454,,41.8401,118.619,66.4456
2019-11-01,86.3015,30.0008,44.0092,,40.789,117.654,66.4456
2019-11-08,82.3573,27.7693,40.2755,,38.8081,116.682,66.4456
2019-11-15,82.3573,28.7676,42.2454,,40.7971,121.588,65.4519
2019-11-22,82.3573,29.2267,43.6917,,41.748,124.532,65.4519
2019-11-29,83.3321,28.7551,42.7313,,41.2773,124.535,62.5043
2019-12-06,83.3321,27.7205,42.7006,,41.247,115.708,62.5043
2019-12-13,81.8531,25.7504,40.7411,,38.7677,100.0,60.5169
2019-12-20,81.8496,22.2522,36.2627,,34.7879,103.932,60.5063
2019-12-27,81.8496,22.246,36.2627,,34.7879,100.0,60.5063
2020-01-03,80.36,22.8319,36.7503,,35.0283,99.0161,60.5063
2020-01-10,80.3571,22.6152,35.6728,,34.6838,99.0157,55.5695
2020-01-17,75.419,21.6397,34.6951,,34.7252,98.0307,55.5695
2020-01-24,74.4339,23.9175,38.6738,,38.6816,101.97,55.5695
2020-01-31,79.3357,26.5688,41.5754,,41.0877,104.923,53.5347
2020-02-07,77.3701,24.3434,37.6033,,36.6209,100.986,53.5347
2020-02-14,74.4135,23.4144,35.8729,,35.6494,92.1119,53.5347
2020-02-21,74.4135,24.6929,36.1277,,35.1623,93.098,50.5257
2020-02-28,74.4135,34.5627,55.4631,,50.5207,132.49,50.5257
2020-03-06,95.0883,35.646,62.445,,51.5793,144.164,50.5257
2020-03-13,173.108,55.6254,149.274,,119.708,236.796,53.7122
2020-03-20,253.785,55.7724,177.389,,153.449,341.73,61.1884
2020-03-27,276.598,34.9439,111.653,,95.1223,274.701,61.1884
2020-04-03,243.268,44.8396,131.085,,119.477,351.713,61.6141
2020-04-10,243.268,35.9421,107.789,,95.1249,250.6,62.6008
2020-04-17,214.734,31.9043,100.0,,83.386,284.442,62.6008
2020-04-24,224.446,37.8067,118.553,,88.2596,362.03,62.6008
2020-05-01,229.275,37.7514,116.618,,85.3053,313.769,63.5393
2020-05-08,224.632,36.3097,108.797,,83.3299,309.0,60.5301
2020-05-15,213.254,34.7575,111.719,,88.2431,338.077,60.5301
2020-05-22,178.164,28.2581,97.0667,,78.4197,300.46,60.5386
2020-05-29,162.943,28.2706,88.2553,,73.5078,280.063,59.5396
2020-06-05,138.929,24.7939,75.4645,,63.6099,204.955,59.5396
2020-06-12,139.064,27.7435,78.3673,,69.4929,258.425,60.4811
2020-06-19,129.319,28.7006,71.4662,,62.581,258.541,60.4811
2020-06-26,129.319,28.702,73.4344,,65.5358,265.877,60.4916
2020-07-03,134.223,26.6803,68.4933,,62.5773,226.842,60.4916
2020-07-10,134.223,25.6888,66.5145,,62.5486,234.808,59.4833
2020-07-17,133.261,25.6888,65.0278,,60.5814,227.027,59.4833
2020-07-24,123.488,24.6685,61.0625,,57.595,227.087,59.4833
2020-07-31,119.584,24.1249,60.0497,,57.5665,215.417,60.4542
2020-08-07,119.584,23.623,55.608,,53.6146,214.48,61.4237
2020-08-14,107.849,22.6754,52.1508,,50.1686,225.232,61.4237
2020-08-21,107.849,22.6506,51.1315,,49.6287,222.346,61.4237
2020-08-28,100.0,22.617,49.6269,,48.6302,211.592,62.4071
2020-09-04,95.0801,22.6028,44.6136,,44.1347,204.786,62.4071
2020-09-11,93.1119,23.3327,46.5906,,46.126,199.932,61.4116
2020-09-18,93.1119,23.0825,45.1038,140.646,44.5839,204.871,61.4116
2020-09-25,111.755,27.8857,57.5992,152.688,57.0925,244.371,65.37
2020-10-02,111.755,27.1193,57.5963,167.862,57.6019,244.397,63.4102
2020-10-09,109.796,24.8955,48.6868,147.886,48.6826,213.187,63.4102
2020-10-16,100.0,26.1464,47.4487,136.683,47.437,217.16,63.4102
2020-10-23,100.0,25.6506,45.7353,136.683,45.7233,209.362,62.4179
2020-10-30,100.0,26.6536,49.1786,134.284,48.1804,216.224,62.4179
2020-11-06,100.0,24.4037,42.7335,127.416,42.733,185.029,61.4297
2020-11-13,82.3062,22.5948,39.1666,117.294,36.6765,180.191,59.429
2020-11-20,82.7794,22.6196,39.1793,121.596,39.163,172.387,59.429
2020-11-27,85.2338,21.6226,36.9492,116.562,36.1795,164.623,59.429
2020-12-04,79.3079,21.0548,35.6933,107.865,35.6848,151.973,57.4381
2020-12-11,80.2857,22.0235,38.342,108.357,36.8415,153.95,57.4381
2020-12-18,80.2857,21.7719,37.1,106.747,35.5992,148.109,57.4381
2020-12-25,80.2836,21.7669,37.1009,107.406,35.6002,145.158,57.3864
2021-01-01,79.7836,21.76,37.5778,103.488,36.0769,142.217,56.3874
2021-01-08,78.3011,23.7792,37.3584,103.947,35.8583,154.967,56.3874
2021-01-15,80.2672,25.5013,42.0644,105.427,41.5511,168.663,50.4634
2021-01-22,81.2576,25.2573,41.8318,105.427,40.5856,172.571,51.4376
2021-01-29,82.2447,26.0149,43.078,112.177,42.334,173.559,51.4376
2021-02-05,83.7279,24.2623,40.5846,107.737,39.5927,147.117,51.4376
2021-02-12,80.2745,23.4729,38.5902,107.737,38.0965,152.998,51.4376
2021-02-19,77.2801,22.5894,37.8551,102.469,37.8154,162.835,51.4376
2021-02-26,80.3003,24.1764,40.6832,112.678,40.6972,193.08,52.3986
2021-03-05,83.2297,23.5327,42.5709,114.821,42.5713,194.15,52.3986
2021-03-12,90.1306,23.005,41.5557,122.741,41.5561,198.038,52.3986
2021-03-19,99.2855,25.129,48.8665,112.338,45.885,190.238,52.3986
2021-03-26,99.2858,22.87,44.1566,126.967,44.1514,219.127,55.9361
2021-04-02,95.0861,22.9693,44.6925,128.32,44.1514,224.003,55.9361
2021-04-09,95.0861,22.5658,47.6175,127.803,46.6242,218.143,55.9361
2021-04-16,95.0861,22.5658,47.123,127.974,47.6124,197.722,53.4422
2021-04-23,109.824,21.529,45.63,128.382,46.5941,188.023,53.4422
2021-04-30,107.858,20.3062,46.5604,126.116,46.5718,190.034,52.4215
2021-05-07,104.915,20.4502,46.5468,125.133,46.7845,172.432,52.4215
2021-05-14,101.964,19.5806,48.5456,125.452,48.6166,173.438,52.4215
2021-05-21,101.473,19.4894,47.7912,124.552,48.5834,177.375,51.4316
2021-05-28,101.473,19.0097,46.5729,124.552,47.0617,169.587,51.4316
2021-06-04,95.0801,18.8002,46.2842,124.52,46.3287,161.763,51.4316
2021-06-11,92.1196,18.694,44.0421,123.011,43.5274,158.846,51.4316
2021-06-18,92.1305,18.9398,44.9755,125.505,44.7097,165.627,51.4316
2021-06-25,92.1306,18.8201,45.1504,123.194,44.8845,155.835,50.4437
2021-07-02,92.1306,18.5974,44.109,127.591,44.3661,163.687,50.4437
2021-07-09,94.0921,18.8941,47.5521,117.979,47.0209,172.499,49.4566
2021-07-16,95.5715,19.0178,48.1002,117.237,46.5993,173.501,49.4566
2021-07-23,97.0515,19.5587,50.0664,119.435,48.5881,171.546,49.4566
2021-07-30,99.0159,19.3502,52.0198,120.922,51.0162,175.477,49.4566
2021-08-06,99.508,19.1494,51.7615,119.439,51.0162,181.362,50.4347
2021-08-13,97.049,18.5718,50.544,114.766,50.033,177.447,50.4347
2021-08-20,94.5864,18.6911,49.5447,113.783,49.4953,189.184,50.4347
2021-08-27,94.0958,18.3039,48.3233,111.816,48.1828,175.477,50.4347
2021-09-03,83.2427,18.2808,43.3382,106.893,43.3199,173.532,51.3934
2021-09-10,83.2427,17.8972,43.0991,106.898,42.8156,176.484,51.3934
2021-09-17,81.2724,18.0232,45.0943,107.884,45.0831,179.425,51.3934
2021-09-24,91.0184,19.7724,49.7077,118.637,49.7286,197.685,54.5253
2021-10-01,92.6286,19.8393,52.5583,121.633,52.5779,201.602,54.5253
2021-10-08,92.1348,21.1274,58.5448,125.545,60.5037,204.444,54.5253
2021-10-15,97.0543,20.5749,59.9953,126.548,60.4742,200.615,53.4278
2021-10-22,94.1072,20.0892,56.5626,121.636,57.7791,233.609,53.4278
2021-10-29,94.1072,19.3223,54.0599,120.654,56.5231,244.303,53.4278
2021-11-05,93.6132,19.4748,55.9822,122.65,59.9507,232.615,54.4248
2021-11-12,96.0826,19.642,61.1167,124.991,65.5566,232.574,54.4248
2021-11-19,95.091,19.3274,58.0338,118.187,62.4883,235.547,54.4248
2021-11-26,95.091,20.7498,60.5919,127.482,66.5253,265.772,54.4248
2021-12-03,98.0338,21.3266,62.5394,127.5,70.4767,235.548,54.4248
2021-12-10,98.0338,21.455,53.6362,118.673,62.0497,218.055,54.4248
2021-12-17,98.0338,21.5113,48.6098,116.738,59.5068,221.066,53.4984
2021-12-24,98.0348,21.6331,48.6889,117.207,59.5691,210.359,53.457
2021-12-31,93.1151,21.6331,48.6889,117.207,59.5691,203.554,42.5139
2022-01-07,90.1674,23.7104,48.2502,117.7,58.1117,211.38,42.5139
2022-01-14,93.1063,23.5507,52.5845,123.871,61.4788,221.119,42.5139
2022-01-21,98.524,24.0315,56.5248,127.571,66.444,218.261,42.5139
2022-01-28,101.475,25.055,59.0099,130.022,71.853,226.018,42.5139
2022-02-04,100.982,26.1398,60.5463,130.444,72.4116,220.224,42.5139
2022-02-11,102.454,27.0656,65.6045,134.247,79.3844,229.889,42.5139
2022-02-18,106.873,28.0544,65.4545,135.891,80.7631,225.054,41.5338
2022-02-25,114.711,29.4237,70.4582,148.042,90.1518,218.207,41.5338
2022-03-04,119.661,30.9216,75.3447,152.963,96.0592,226.984,90.0981
2022-03-11,124.489,31.6788,70.4363,152.925,98.0353,224.02,85.144
2022-03-18,116.675,29.736,61.5839,128.42,79.3536,202.56,85.144
2022-03-25,104.895,29.5352,68.4597,136.204,90.1709,213.775,87.8318
2022-04-01,98.038,29.1758,67.5334,125.474,82.339,206.991,87.8318
2022-04-08,98.038,30.1908,69.2115,128.613,83.6565,213.708,86.0434
2022-04-15,104.943,31.3279,75.124,137.534,92.0922,217.546,86.0434
2022-04-22,109.883,34.2598,81.2132,143.326,98.0282,222.624,86.0434
2022-04-29,123.689,40.2429,91.1118,155.085,108.863,227.503,86.0434
2022-05-06,129.619,43.1582,95.0553,164.031,117.748,237.28,87.0606
2022-05-13,133.716,46.099,100.989,169.96,123.67,236.008,87.0606
2022-05-20,132.635,47.0846,100.0,165.095,119.744,244.982,87.0606
2022-05-27,122.74,46.1926,84.1848,144.385,100.0,220.501,95.0166
2022-06-03,108.881,45.277,80.2407,145.287,97.0434,231.257,95.0166
2022-06-10,112.831,45.7189,81.2017,153.209,100.987,256.616,95.0166
2022-06-17,129.705,50.5462,96.034,171.037,120.782,281.16,95.0166
2022-06-24,135.004,49.0522,96.0292,171.046,119.789,281.875,100.0
2022-07-01,127.064,53.103,101.979,180.764,127.62,291.29,104.987
2022-07-08,149.077,53.2125,101.972,183.912,128.516,286.689,104.987
2022-07-15,170.545,52.599,110.876,203.101,146.264,319.809,109.969
2022-07-22,149.13,45.9366,94.0488,177.019,123.736,295.504,109.969
2022-07-29,134.561,40.9618,78.1837,155.284,103.956,272.014,114.956
2022-08-05,129.589,41.1924,81.399,155.288,105.933,271.269,114.956
2022-08-12,109.874,34.654,73.752,137.025,88.6272,243.004,114.956
2022-08-19,115.809,35.7722,76.2663,148.426,97.0317,263.51,114.956
2022-08-26,109.883,32.6323,75.2193,144.436,95.0574,256.732,114.956
2022-09-02,120.697,33.2007,82.1805,162.594,111.838,251.855,115.966
2022-09-09,119.776,32.0109,70.3163,144.364,95.0644,235.199,115.966
2022-09-16,113.817,32.6985,75.2402,149.347,97.0355,245.166,115.966
2022-09-23,131.431,47.2223,102.961,181.483,131.444,275.576,118.351
2022-09-30,168.529,59.128,118.768,196.234,147.165,304.433,118.351
2022-10-07,153.783,56.3118,111.803,192.956,139.164,296.813,139.865
2022-10-14,168.649,59.2715,120.646,201.684,146.981,304.521,139.865
2022-10-21,166.54,62.4333,122.318,206.037,146.541,284.069,170.349
2022-10-28,168.649,68.2991,108.901,176.733,128.596,271.823,139.865
2022-11-04,153.889,77.1663,109.365,178.346,126.539,259.151,139.865
2022-11-11,138.466,54.8716,76.1234,144.572,95.0751,270.914,138.885
2022-11-18,138.466,53.7673,82.1241,149.181,102.954,261.032,138.885
2022-11-25,104.955,51.085,77.1717,135.561,91.0931,258.16,138.885
2022-12-02,100.0,48.0323,72.1636,130.674,90.0967,231.988,138.885
2022-12-09,100.0,52.6095,77.1724,142.489,98.0214,236.814,119.936
2022-12-16,100.0,53.2071,74.2283,134.576,91.1075,256.297,119.936
2022-12-23,100.0,55.6756,80.1815,142.469,100.0,251.378,119.946
2022-12-30,100.0,55.6756,80.1815,142.469,100.0,251.502,114.954
2023-01-06,99.5049,50.2142,76.1894,136.528,94.075,252.48,114.954
2023-01-13,95.5346,45.1432,68.1797,127.734,90.091,237.953,114.954
2023-01-20,91.0604,41.5099,66.327,127.14,87.6502,242.799,114.954
2023-01-27,91.0604,40.2478,65.3186,124.686,87.1286,229.178,114.954
2023-02-03,92.073,40.0007,60.2926,118.795,81.1838,221.388,109.963
2023-02-10,98.0215,41.4787,66.2983,129.389,91.1032,233.208,109.963
2023-02-17,98.0215,42.7092,68.2709,133.582,93.0808,229.207,109.963
2023-02-24,104.942,45.1084,70.2301,133.624,93.0691,233.224,109.963
2023-03-03,104.942,44.215,67.2306,131.638,89.1076,217.687,109.963
2023-03-10,100.994,42.9323,72.0967,138.698,96.0243,228.446,90.0116
2023-03-17,109.879,42.3333,74.2704,139.41,99.013,246.948,90.0116
2023-03-24,114.776,45.0564,87.0974,153.37,110.889,250.106,100.0
2023-03-31,114.776,45.0248,72.273,134.559,93.0841,224.795,100.0
2023-04-07,104.954,44.4911,71.232,131.193,90.5871,232.453,100.0
2023-04-14,90.1094,44.662,65.336,127.644,87.652,219.049,100.0
2023-04-21,93.0824,46.0286,71.2077,135.043,95.0648,225.893,95.0306
2023-04-28,93.0824,46.1465,73.2566,134.508,95.0707,222.413,93.0445
2023-05-05,100.0,45.7478,74.0189,139.817,99.0047,223.242,93.0445
2023-05-12,100.0,44.0958,72.1617,134.701,94.0518,224.359,93.0445
2023-05-19,96.0472,43.0572,69.355,129.567,88.1741,216.152,85.1008
2023-05-26,93.5656,41.2647,67.7739,131.562,88.6318,207.372,85.1008
2023-06-02,84.1116,38.4893,61.7375,125.765,83.1544,201.532,85.1008
2023-06-09,84.1116,37.0168,58.772,124.765,81.7155,192.819,80.1172
2023-06-16,77.6623,34.9343,57.334,122.717,79.7882,182.137,75.1935
2023-06-23,74.2469,34.1974,56.3233,127.661,82.7023,177.281,75.1418
2023-06-30,74.2469,33.6851,56.3794,131.568,83.2176,174.861,75.1418
2023-07-07,73.2618,34.2182,57.8063,133.604,84.6733,181.705,75.1418
2023-07-14,72.2521,31.9233,52.1335,125.813,77.1554,176.338,72.1554
2023-07-21,70.2605,30.6219,51.2992,127.668,78.221,172.964,72.1554
2023-07-28,70.2605,27.3065,46.4586,120.731,71.3589,162.734,68.1588
2023-08-04,70.2605,27.1228,45.3274,122.764,71.2553,172.517,65.2016
2023-08-11,68.2691,28.6737,48.3098,124.232,73.2537,170.052,65.2016
2023-08-18,71.1836,34.027,57.1742,142.264,83.1392,187.761,64.2445
2023-08-25,74.1391,35.1193,55.2605,132.101,81.1855,171.641,64.2445
2023-09-01,73.1808,32.5365,53.2275,130.587,73.2255,164.807,64.2445
2023-09-08,69.6864,30.7514,49.3625,133.198,74.2018,170.216,61.2025
2023-09-15,65.2722,29.4187,44.2114,130.65,71.2311,164.351,61.2025
2023-09-22,76.2503,33.5785,51.2782,143.062,81.1899,181.293,67.24
2023-09-29,70.3188,34.2609,50.7199,144.102,84.6382,187.16,67.1829
2023-10-06,72.1776,38.5863,61.2209,144.852,92.5763,191.027,70.1632
2023-10-13,70.243,37.0653,58.3549,145.553,84.203,184.236,70.1632
2023-10-20,70.243,41.5388,65.1741,146.644,93.0651,191.073,70.1632
2023-10-27,69.288,42.9742,66.2677,143.69,91.5685,186.674,69.124
2023-11-03,68.1785,39.1381,57.277,140.14,79.2202,160.804,69.124
2023-11-10,65.3664,36.7905,55.376,135.518,79.2627,164.715,66.1527
2023-11-17,62.37,33.5323,47.4034,130.626,70.2369,152.511,66.1527
2023-11-24,61.8077,29.639,43.3002,129.16,68.2972,147.621,65.1719
2023-12-01,55.311,28.5994,41.8503,128.701,67.8064,144.236,63.1415
2023-12-08,50.0895,28.0568,43.7373,129.052,67.2358,147.644,63.1415
2023-12-15,46.9525,25.7104,40.9453,127.115,61.0997,137.383,61.9991
2023-12-22,47.2554,26.1347,41.2824,127.401,61.3215,132.955,62.1871
2023-12-29,47.2554,26.1347,41.2824,128.49,61.3215,131.493,62.1871
2024-01-05,50.3172,28.239,46.3414,131.046,67.3203,140.825,63.1606
2024-01-12,47.1491,27.6446,44.2744,129.803,63.3061,128.055,63.1606
2024-01-19,47.1491,29.671,45.2919,130.412,65.3027,131.013,65.1559
2024-01-26,47.1491,30.0267,45.677,130.27,65.3214,136.915,67.1455
2024-02-02,47.1491,32.9745,45.1621,130.566,65.2187,134.958,66.1664
2024-02-09,47.1491,31.0399,45.2899,128.857,61.238,135.443,66.1664
2024-02-16,48.2593,32.0655,42.2619,129.317,62.2724,130.537,66.1526
2024-02-23,48.2593,30.1788,39.3251,127.102,59.3261,121.972,66.1526
2024-03-01,50.223,31.5788,40.2346,127.438,62.2476,124.185,66.1526
2024-03-08,50.223,32.5771,40.2334,130.047,62.2462,129.598,67.1307
2024-03-15,55.2313,33.2163,40.3567,126.643,59.3484,124.434,69.1287
2024-03-22,60.342,36.1714,41.3404,129.603,62.3756,135.192,73.1124
2024-03-29,55.2083,37.1116,43.2766,127.788,64.3222,137.439,74.1128
2024-04-05,55.2083,39.0516,44.2184,129.791,65.2787,147.516,74.1128
2024-04-12,55.2083,38.0535,44.6039,127.281,64.5325,152.682,73.1491
2024-04-19,60.2725,40.7152,51.3238,114.568,70.3176,161.539,73.1491
2024-04-26,60.2725,38.631,49.2605,131.514,69.3222,150.255,73.0338
2024-05-03,55.1788,35.0363,46.19,131.366,65.261,136.718,73.0338
2024-05-10,55.1788,33.8959,45.072,120.681,64.3142,139.671,72.132
2024-05-17,55.1788,33.8959,44.1493,121.059,63.3201,140.416,70.1552
2024-05-24,55.1788,35.1634,44.1493,118.966,64.3343,146.067,70.1552
2024-05-31,50.2698,35.0546,45.2878,121.543,66.3324,142.145,70.1552
2024-06-07,50.2698,35.0247,46.1596,115.438,66.2307,146.804,65.165
2024-06-14,50.2698,35.0247,48.1346,121.918,68.2045,157.596,66.1378
2024-06-21,52.1619,35.5172,47.1648,123.506,69.2135,164.992,68.1326
2024-06-28,50.2857,36.0939,46.3009,123.021,70.2794,169.913,68.1326
2024-07-05,50.2857,35.2223,42.177,118.738,65.2371,156.142,68.1326
2024-07-12,50.2857,34.4792,40.2708,113.022,62.3039,145.343,67.1412
2024-07-19,48.199,36.14,44.2773,115.588,68.2761,158.088,66.1336
2024-07-26,48.199,36.602,44.2438,116.593,68.2862,155.662,66.1336
2024-08-02,45.1976,35.42,45.0826,117.628,68.1646,170.874,66.1336
2024-08-09,45.1976,38.2645,44.3911,123.062,68.3392,164.276,68.1168
2024-08-16,45.1976,36.3103,42.4376,120.445,65.3897,150.774,68.1168
2024-08-23,45.1976,35.2334,41.2896,116.127,61.2827,143.137,67.6131
2024-08-30,50.2461,33.1445,38.3179,113.176,57.373,150.268,66.1444
2024-09-06,50.2461,33.0047,38.6678,116.155,60.2505,156.91,66.1339
2024-09-13,50.2461,33.7433,39.294,118.398,59.3414,152.231,65.1472
2024-09-20,54.803,31.1255,41.336,109.297,62.3524,154.35,70.168
2024-09-27,51.2964,32.2228,38.4415,113.773,59.4376,152.864,70.168
2024-10-04,51.2964,32.2228,39.3073,113.706,60.343,143.561,70.168
2024-10-11,51.2964,32.1961,39.4071,115.236,60.4068,154.62,69.1733
2024-10-18,50.2207,32.6077,39.4071,115.287,59.3611,151.659,69.1733
2024-10-25,52.2463,34.2855,40.4835,116.147,58.3849,157.038,69.1733
2024-11-01,52.2463,34.2855,41.3246,116.059,61.3472,161.959,68.1657
2024-11-08,50.1616,33.0282,39.2499,117.103,60.299,156.59,68.1657
2024-11-15,50.1616,33.695,42.3408,116.546,62.3504,166.298,68.1657
2024-11-22,50.1616,34.0595,44.3533,117.915,64.3468,154.142,66.1613
2024-11-29,50.1616,34.6436,45.3188,117.148,64.3276,163.431,66.1613
2024-12-06,51.2177,35.1199,43.262,114.851,62.2995,165.935,66.1613
2024-12-13,51.2177,36.0401,43.262,115.094,62.2995,172.291,66.1613
2024-12-20,51.2338,37.1128,46.2868,119.132,66.2901,195.336,70.1656
2024-12-27,51.2091,37.1128,46.2868,119.913,67.2642,210.937,70.1656
2025-01-03,51.191,38.0291,48.1867,120.531,69.1679,199.268,70.1656
2025-01-10,53.2433,39.0991,49.2431,122.896,69.2011,195.345,70.1656
2025-01-17,53.2433,39.0463,48.112,123.656,69.1731,185.532,69.1421
2025-01-24,53.2433,34.109,44.2529,119.18,63.2273,174.744,69.1421
2025-01-31,54.2233,33.0113,45.2514,120.331,65.2196,179.145,68.1408
2025-02-07,54.2233,33.1207,45.2615,121.381,64.2287,173.284,68.1408
2025-02-14,54.2233,30.2506,40.1823,117.713,60.189,164.958,68.1408
2025-02-21,53.1776,28.1533,40.2192,113.49,58.2168,167.914,67.1684
2025-02-28,53.1776,28.0557,47.2141,116.296,66.1901,179.731,67.1684
2025-03-07,54.2386,29.9976,47.166,118.436,67.1567,172.85,66.1424
2025-03-14,54.2386,32.0604,48.3178,123.897,69.1773,175.807,66.1424
2025-03-21,57.1788,34.9629,51.2088,129.446,75.1458,189.536,69.7909
2025-03-28,57.1788,34.1245,52.2855,132.709,74.1985,185.64,69.7909
2025-04-04,60.2455,40.1532,61.1913,137.01,83.1143,198.133,75.1369
2025-04-11,75.1845,40.0967,72.196,137.01,90.0837,196.189,80.1915
2025-04-18,75.1845,37.0996,66.2228,137.01,84.1274,194.761,80.1915
2025-04-25,75.2326,33.0563,63.2111,137.01,74.1692,180.587,75.1414
2025-05-02,70.2749,32.0163,62.3078,137.01,77.2129,180.111,74.1573
2025-05-09,65.2235,30.3043,58.3708,137.01,71.2848,176.688,73.6815
2025-05-16,65.2235,29.9698,52.1665,137.01,64.1585,164.937,69.1735
2025-05-23,63.2917,32.1992,53.3189,139.757,66.2649,168.342,69.1735
2025-05-30,60.2448,30.1389,51.2813,139.757,62.2501,160.507,70.1551
2025-06-06,60.2181,28.1568,48.2985,139.757,59.2703,155.611,70.1551
2025-06-13,60.2181,28.0413,45.2109,139.757,61.1998,153.173,69.6429
2025-06-20,60.2397,28.0879,50.2467,139.309,64.2164,156.392,69.6671
2025-06-27,55.2337,27.0329,46.2061,139.309,65.1944,151.968,69.6671
2025-07-04,55.2337,26.1423,43.3872,139.309,61.3212,138.947,67.6748
2025-07-11,55.2337,25.0068,44.3028,139.309,62.2442,147.799,66.1536
2025-07-18,50.3211,25.1991,43.2587,139.309,59.2375,147.325,66.6539
2025-07-25,50.2087,23.0429,41.1984,139.764,59.1964,147.581,64.173
2025-08-01,50.245,23.0429,42.2883,139.764,60.255,151.749,64.173
2025-08-08,50.245,23.0223,44.2654,139.764,62.2329,142.426,63.1676
2025-08-15,51.3056,22.1648,40.1851,139.757,59.2742,137.003,62.1693
2025-08-22,51.3056,21.0567,40.2937,139.307,58.2642,139.467,61.174
2025-08-29,47.2025,20.0187,40.1923,139.307,59.2367,136.508,60.1764
2025-09-05,47.2025,20.0782,38.1936,139.307,58.2234,136.271,60.1764
2025-09-12,47.2025,18.0686,38.2295,139.307,57.2217,132.567,60.2098
2025-09-19,48.814,20.7127,39.8796,150.733,59.6634,126.17,60.2098
2025-09-26,48.814,24.222,43.4154,139.689,62.3657,137.439,64.3943
2025-10-03,48.814,23.1145,40.3088,139.689,59.3067,133.511,64.3943
2025-10-10,48.814,24.1153,42.3442,139.689,61.3216,158.05,64.3943
2025-10-17,48.814,24.9938,44.2184,139.689,66.2229,145.822,62.113
2025-10-24,47.246,24.2211,42.3874,142.475,62.3453,140.4,62.113
2025-10-31,47.246,21.3063,38.331,142.475,57.3277,138.946,62.113
2025-11-07,47.246,23.1037,42.2323,142.475,62.2425,143.857,61.1904
2025-11-14,50.2593,22.1339,41.32,142.475,62.3003,141.404,61.1904
2025-11-21,50.2593,24.0517,45.2399,139.746,66.2319,145.357,61.1904
2025-11-28,50.2593,22.095,41.3004,139.746,62.274,140.689,61.1904
2025-12-05,50.2593,22.0894,40.2801,139.746,62.27,142.417,61.2208
2025-12-12,52.2194,23.1743,39.798,132.863,62.2346,136.017,60.2003
2025-12-19,52.2517,22.5875,38.7627,132.863,58.2689,139.718,60.2084
2025-12-26,52.2517,22.1656,38.7627,132.863,58.2689,136.275,60.2336
2026-01-02,52.2517,21.0803,38.7627,132.863,58.2689,137.499,60.2336
2026-01-09,50.2584,21.0803,38.2769,135.383,58.278,136.033,60.2234
2026-01-16,50.2584,21.3625,39.317,136.423,59.3008,136.033,58.2396
2026-01-23,56.3375,21.1973,40.8451,138.363,60.3146,130.624,56.2303
2026-01-30,56.3375,21.127,39.2883,139.823,59.2803,129.139,56.2303
2026-02-06,56.3375,22.4639,39.1545,143.853,60.1893,125.951,55.2181
2026-02-13,56.3375,22.5068,38.1837,146.282,58.2122,128.164,55.2181
2026-02-20,53.2332,22.5068,37.255,145.497,58.2122,125.699,56.2231
2026-02-27,53.3054,23.0431,39.3001,145.225,60.2161,132.122,54.2267
2026-03-06,56.3732,25.4128,41.784,150.137,63.7589,135.094,57.1991
2026-03-13,56.2568,29.2363,45.3489,156.43,73.2083,142.498,56.2495
2026-03-20,62.7827,30.6428,52.6201,161.588,91.7,151.662,65.6109
2026-03-27,69.2418,36.214,51.3616,134.657,92.0779,142.416,65.6109
2026-04-03,70.1464,34.2204,46.369,131.74,86.136,139.221,65.6109
2026-04-10,65.6513,30.6088,41.3546,121.825,77.2162,125.193,57.2071
2026-04-17,62.2928,28.6659,37.8054,116.853,73.2327,124.451,55.1937
2026-04-24,64.764,29.6658,38.2913,121.81,69.3029,123.96,55.1937
2026-05-01,64.8409,29.306,39.4263,125.726,78.7261,118.29,51.2338
2026-05-08,62.2953,26.1868,35.31,119.083,74.7214,117.308,50.2469
2026-05-15,67.2479,24.1758,35.3285,120.823,77.6895,123.958,50.2469
2026-05-22,65.7246,22.1055,34.9567,126.8,78.1632,119.784,51.2188
2026-05-29,65.8124,22.4946,35.2046,126.286,75.1812,118.674,50.6683
2026-06-05,66.2104,23.14,35.2982,132.767,74.1845,124.222,50.2559
2026-06-12,64.1653,22.9657,34.1413,128.344,75.1375,125.958,50.2559
2026-06-19,64.2379,21.8769,38.2554,120.843,66.2557,124.683,50.2559
2026-06-26,69.1679,22.8194,38.2378,125.825,65.9818,126.691,50.7391
2026-07-03,70.1716,22.5983,37.7569,124.823,63.7601,125.209,50.7391
2026-07-10,71.0372,22.3302,37.235,125.824,63.2522,123.482,50.7391
2026-07-17,71.3117,23.0223,37.5716,124.866,68.0431,125.2,51.132
2026-07-24,71.5944,23.673,38.8094,130.755,72.7187,123.744,51.208
