date,KRW,THB,INR,PHP,CNH,IDR,MYR,SGD,TWD,JPY,CAD,EUR,BRL,PLN,CLP,HUF,MXN
2013-02-01,31.0,-24.8,-193.5,-9.3,231.8,-2.8,29.0,29.7,28.9,-86.4,-13.3,87.0,12.0,-12.8,2.2,8.4,-2.6
2013-02-08,31.0,-24.8,-193.5,-9.3,231.8,-2.8,29.0,29.7,28.9,-86.4,-13.3,87.0,12.0,-12.8,2.2,8.4,-2.6
2013-02-15,31.0,-24.8,-193.5,-9.3,231.8,-2.8,29.0,29.7,28.9,-86.4,-13.3,87.0,12.0,-12.8,2.2,8.4,-2.6
2013-02-22,31.0,-24.8,-193.5,-9.3,231.8,-2.8,29.0,29.7,28.9,-86.4,-13.3,87.0,12.0,-12.8,2.2,8.4,-2.6
2013-03-01,31.6,-27.3,-192.7,-9.2,278.7,-3.9,28.2,27.2,26.8,-95.0,-14.0,102.0,9.1,-10.9,1.2,8.3,-3.0
2013-03-08,31.6,-27.3,-192.7,-9.2,278.7,-3.9,28.2,27.2,26.8,-95.0,-14.0,102.0,9.1,-10.9,1.2,8.3,-3.0
2013-03-15,31.6,-27.3,-192.7,-9.2,278.7,-3.9,28.2,27.2,26.8,-95.0,-14.0,102.0,9.1,-10.9,1.2,8.3,-3.0
2013-03-22,31.6,-27.3,-192.7,-9.2,278.7,-3.9,28.2,27.2,26.8,-95.0,-14.0,102.0,9.1,-10.9,1.2,8.3,-3.0
2013-03-29,31.6,-27.3,-192.7,-9.2,278.7,-3.9,28.2,27.2,26.8,-95.0,-14.0,102.0,9.1,-10.9,1.2,8.3,-3.0
2013-04-05,32.7,-23.2,-189.6,-8.4,272.6,-4.7,26.3,28.6,27.7,-97.8,-13.0,123.9,6.4,-10.7,0.7,8.4,-2.8
2013-04-12,32.7,-23.2,-189.6,-8.4,272.6,-4.7,26.3,28.6,27.7,-97.8,-13.0,123.9,6.4,-10.7,0.7,8.4,-2.8
2013-04-19,32.7,-23.2,-189.6,-8.4,272.6,-4.7,26.3,28.6,27.7,-97.8,-13.0,123.9,6.4,-10.7,0.7,8.4,-2.8
2013-04-26,32.7,-23.2,-189.6,-8.4,272.6,-4.7,26.3,28.6,27.7,-97.8,-13.0,123.9,6.4,-10.7,0.7,8.4,-2.8
2013-05-03,33.1,-24.5,-192.6,-8.9,272.4,-5.6,24.2,27.5,29.1,-100.4,-12.4,140.3,4.6,-9.0,0.3,8.8,-4.6
2013-05-10,33.1,-24.5,-192.6,-8.9,272.4,-5.6,24.2,27.5,29.1,-100.4,-12.4,140.3,4.6,-9.0,0.3,8.8,-4.6
2013-05-17,33.1,-24.5,-192.6,-8.9,272.4,-5.6,24.2,27.5,29.1,-100.4,-12.4,140.3,4.6,-9.0,0.3,8.8,-4.6
2013-05-24,33.1,-24.5,-192.6,-8.9,272.4,-5.6,24.2,27.5,29.1,-100.4,-12.4,140.3,4.6,-9.0,0.3,8.8,-4.6
2013-05-31,36.6,-25.0,-194.7,-8.6,274.9,-5.9,23.7,29.1,31.2,-98.8,-11.8,149.7,2.3,-7.7,0.8,8.5,-5.4
2013-06-07,36.6,-25.0,-194.7,-8.6,274.9,-5.9,23.7,29.1,31.2,-98.8,-11.8,149.7,2.3,-7.7,0.8,8.5,-5.4
2013-06-14,36.6,-25.0,-194.7,-8.6,274.9,-5.9,23.7,29.1,31.2,-98.8,-11.8,149.7,2.3,-7.7,0.8,8.5,-5.4
2013-06-21,36.6,-25.0,-194.7,-8.6,274.9,-5.9,23.7,29.1,31.2,-98.8,-11.8,149.7,2.3,-7.7,0.8,8.5,-5.4
2013-06-28,36.6,-25.0,-194.7,-8.6,274.9,-5.9,23.7,29.1,31.2,-98.8,-11.8,149.7,2.3,-7.7,0.8,8.5,-5.4
2013-07-05,37.4,-26.2,-194.7,-8.2,270.5,-5.5,22.2,31.0,31.8,-101.4,-9.9,157.7,2.2,-6.4,0.3,8.2,-5.1
2013-07-12,37.4,-26.2,-194.7,-8.2,270.5,-5.5,22.2,31.0,31.8,-101.4,-9.9,157.7,2.2,-6.4,0.3,8.2,-5.1
2013-07-19,37.4,-26.2,-194.7,-8.2,270.5,-5.5,22.2,31.0,31.8,-101.4,-9.9,157.7,2.2,-6.4,0.3,8.2,-5.1
2013-07-26,37.4,-26.2,-194.7,-8.2,270.5,-5.5,22.2,31.0,31.8,-101.4,-9.9,157.7,2.2,-6.4,0.3,8.2,-5.1
2013-08-02,37.1,-26.0,-189.8,-8.6,263.0,-7.6,21.9,30.3,34.2,-105.0,-8.5,162.8,-2.9,-5.8,0.6,8.3,-6.1
2013-08-09,37.1,-26.0,-189.8,-8.6,263.0,-7.6,21.9,30.3,34.2,-105.0,-8.5,162.8,-2.9,-5.8,0.6,8.3,-6.1
2013-08-16,37.1,-26.0,-189.8,-8.6,263.0,-7.6,21.9,30.3,34.2,-105.0,-8.5,162.8,-2.9,-5.8,0.6,8.3,-6.1
2013-08-23,37.1,-26.0,-189.8,-8.6,263.0,-7.6,21.9,30.3,34.2,-105.0,-8.5,162.8,-2.9,-5.8,0.6,8.3,-6.1
2013-08-30,37.1,-26.0,-189.8,-8.6,263.0,-7.6,21.9,30.3,34.2,-105.0,-8.5,162.8,-2.9,-5.8,0.6,8.3,-6.1
2013-09-06,39.9,-25.0,-186.3,-7.8,264.7,-7.7,21.8,30.4,35.4,-105.2,-8.2,168.9,-4.9,-5.4,1.6,8.2,-5.3
2013-09-13,39.9,-25.0,-186.3,-7.8,264.7,-7.7,21.8,30.4,35.4,-105.2,-8.2,168.9,-4.9,-5.4,1.6,8.2,-5.3
2013-09-20,39.9,-25.0,-186.3,-7.8,264.7,-7.7,21.8,30.4,35.4,-105.2,-8.2,168.9,-4.9,-5.4,1.6,8.2,-5.3
2013-09-27,39.9,-25.0,-186.3,-7.8,264.7,-7.7,21.8,30.4,35.4,-105.2,-8.2,168.9,-4.9,-5.4,1.6,8.2,-5.3
2013-10-04,40.7,-25.4,-175.2,-7.9,252.0,-9.1,22.4,30.0,33.6,-107.4,-7.1,171.7,-5.5,-4.4,2.0,8.4,-4.9
2013-10-11,40.7,-25.4,-175.2,-7.9,252.0,-9.1,22.4,30.0,33.6,-107.4,-7.1,171.7,-5.5,-4.4,2.0,8.4,-4.9
2013-10-18,40.7,-25.4,-175.2,-7.9,252.0,-9.1,22.4,30.0,33.6,-107.4,-7.1,171.7,-5.5,-4.4,2.0,8.4,-4.9
2013-10-25,40.7,-25.4,-175.2,-7.9,252.0,-9.1,22.4,30.0,33.6,-107.4,-7.1,171.7,-5.5,-4.4,2.0,8.4,-4.9
2013-11-01,41.8,-24.3,-165.6,-6.9,251.0,-7.2,21.8,29.6,34.5,-111.6,-7.1,179.9,-8.9,-4.5,2.8,8.6,-3.4
2013-11-08,41.8,-24.3,-165.6,-6.9,251.0,-7.2,21.8,29.6,34.5,-111.6,-7.1,179.9,-8.9,-4.5,2.8,8.6,-3.4
2013-11-15,41.8,-24.3,-165.6,-6.9,251.0,-7.2,21.8,29.6,34.5,-111.6,-7.1,179.9,-8.9,-4.5,2.8,8.6,-3.4
2013-11-22,41.8,-24.3,-165.6,-6.9,251.0,-7.2,21.8,29.6,34.5,-111.6,-7.1,179.9,-8.9,-4.5,2.8,8.6,-3.4
2013-11-29,41.8,-24.3,-165.6,-6.9,251.0,-7.2,21.8,29.6,34.5,-111.6,-7.1,179.9,-8.9,-4.5,2.8,8.6,-3.4
2013-12-06,42.2,-24.2,-158.0,-6.6,265.1,-5.8,22.0,30.9,35.6,-112.8,-6.6,188.5,-8.1,-3.9,2.5,8.8,-1.8
2013-12-13,42.2,-24.2,-158.0,-6.6,265.1,-5.8,22.0,30.9,35.6,-112.8,-6.6,188.5,-8.1,-3.9,2.5,8.8,-1.8
2013-12-20,42.2,-24.2,-158.0,-6.6,265.1,-5.8,22.0,30.9,35.6,-112.8,-6.6,188.5,-8.1,-3.9,2.5,8.8,-1.8
2013-12-27,42.2,-24.2,-158.0,-6.6,265.1,-5.8,22.0,30.9,35.6,-112.8,-6.6,188.5,-8.1,-3.9,2.5,8.8,-1.8
2014-01-03,44.0,-21.9,-150.6,-5.7,259.0,-4.1,22.3,31.9,33.5,-117.8,-7.0,194.3,-9.0,-2.6,2.4,9.0,-1.2
2014-01-10,44.0,-21.9,-150.6,-5.7,259.0,-4.1,22.3,31.9,33.5,-117.8,-7.0,194.3,-9.0,-2.6,2.4,9.0,-1.2
2014-01-17,44.0,-21.9,-150.6,-5.7,259.0,-4.1,22.3,31.9,33.5,-117.8,-7.0,194.3,-9.0,-2.6,2.4,9.0,-1.2
2014-01-24,44.0,-21.9,-150.6,-5.7,259.0,-4.1,22.3,31.9,33.5,-117.8,-7.0,194.3,-9.0,-2.6,2.4,9.0,-1.2
2014-01-31,44.5,-18.6,-141.1,-7.1,262.9,-4.4,23.1,33.7,36.1,-126.3,-6.9,199.3,-9.1,-2.3,1.6,9.3,-1.5
2014-02-07,44.5,-18.6,-141.1,-7.1,262.9,-4.4,23.1,33.7,36.1,-126.3,-6.9,199.3,-9.1,-2.3,1.6,9.3,-1.5
2014-02-14,44.5,-18.6,-141.1,-7.1,262.9,-4.4,23.1,33.7,36.1,-126.3,-6.9,199.3,-9.1,-2.3,1.6,9.3,-1.5
2014-02-21,44.5,-18.6,-141.1,-7.1,262.9,-4.4,23.1,33.7,36.1,-126.3,-6.9,199.3,-9.1,-2.3,1.6,9.3,-1.5
2014-02-28,43.5,-14.8,-135.2,-6.8,225.5,-3.3,23.6,35.1,36.8,-125.9,-5.7,206.1,-9.9,-2.6,2.6,9.5,-0.6
2014-03-07,43.5,-14.8,-135.2,-6.8,225.5,-3.3,23.6,35.1,36.8,-125.9,-5.7,206.1,-9.9,-2.6,2.6,9.5,-0.6
2014-03-14,43.5,-14.8,-135.2,-6.8,225.5,-3.3,23.6,35.1,36.8,-125.9,-5.7,206.1,-9.9,-2.6,2.6,9.5,-0.6
2014-03-21,43.5,-14.8,-135.2,-6.8,225.5,-3.3,23.6,35.1,36.8,-125.9,-5.7,206.1,-9.9,-2.6,2.6,9.5,-0.6
2014-03-28,43.5,-14.8,-135.2,-6.8,225.5,-3.3,23.6,35.1,36.8,-125.9,-5.7,206.1,-9.9,-2.6,2.6,9.5,-0.6
2014-04-04,43.6,-12.6,-135.8,-6.7,234.4,-2.8,25.0,32.9,35.6,-136.3,-4.2,200.3,-9.2,-1.9,3.8,9.5,-1.4
2014-04-11,43.6,-12.6,-135.8,-6.7,234.4,-2.8,25.0,32.9,35.6,-136.3,-4.2,200.3,-9.2,-1.9,3.8,9.5,-1.4
2014-04-18,43.6,-12.6,-135.8,-6.7,234.4,-2.8,25.0,32.9,35.6,-136.3,-4.2,200.3,-9.2,-1.9,3.8,9.5,-1.4
2014-04-25,43.6,-12.6,-135.8,-6.7,234.4,-2.8,25.0,32.9,35.6,-136.3,-4.2,200.3,-9.2,-1.9,3.8,9.5,-1.4
2014-05-02,45.5,-9.6,-128.5,-6.9,234.7,-3.0,27.3,32.6,36.0,-135.4,-3.7,199.8,-7.7,-2.0,4.3,9.3,0.5
2014-05-09,45.5,-9.6,-128.5,-6.9,234.7,-3.0,27.3,32.6,36.0,-135.4,-3.7,199.8,-7.7,-2.0,4.3,9.3,0.5
2014-05-16,45.5,-9.6,-128.5,-6.9,234.7,-3.0,27.3,32.6,36.0,-135.4,-3.7,199.8,-7.7,-2.0,4.3,9.3,0.5
2014-05-23,45.5,-9.6,-128.5,-6.9,234.7,-3.0,27.3,32.6,36.0,-135.4,-3.7,199.8,-7.7,-2.0,4.3,9.3,0.5
2014-05-30,45.5,-9.6,-128.5,-6.9,234.7,-3.0,27.3,32.6,36.0,-135.4,-3.7,199.8,-7.7,-2.0,4.3,9.3,0.5
2014-06-06,44.6,-7.8,-120.5,-5.9,250.3,-2.5,28.1,31.1,36.8,-134.6,-2.4,200.6,-7.8,-2.4,5.4,9.1,1.1
2014-06-13,44.6,-7.8,-120.5,-5.9,250.3,-2.5,28.1,31.1,36.8,-134.6,-2.4,200.6,-7.8,-2.4,5.4,9.1,1.1
2014-06-20,44.6,-7.8,-120.5,-5.9,250.3,-2.5,28.1,31.1,36.8,-134.6,-2.4,200.6,-7.8,-2.4,5.4,9.1,1.1
2014-06-27,44.6,-7.8,-120.5,-5.9,250.3,-2.5,28.1,31.1,36.8,-134.6,-2.4,200.6,-7.8,-2.4,5.4,9.1,1.1
2014-07-04,43.9,-4.2,-121.6,-4.9,254.9,-1.9,28.0,32.1,35.4,-140.9,-0.5,200.9,-6.2,-2.9,5.2,9.0,0.5
2014-07-11,43.9,-4.2,-121.6,-4.9,254.9,-1.9,28.0,32.1,35.4,-140.9,-0.5,200.9,-6.2,-2.9,5.2,9.0,0.5
2014-07-18,43.9,-4.2,-121.6,-4.9,254.9,-1.9,28.0,32.1,35.4,-140.9,-0.5,200.9,-6.2,-2.9,5.2,9.0,0.5
2014-07-25,43.9,-4.2,-121.6,-4.9,254.9,-1.9,28.0,32.1,35.4,-140.9,-0.5,200.9,-6.2,-2.9,5.2,9.0,0.5
2014-08-01,43.8,-3.8,-123.4,-4.4,284.5,0.5,28.3,32.2,34.9,-140.0,2.7,201.7,-3.3,-3.3,5.5,9.1,0.9
2014-08-08,43.8,-3.8,-123.4,-4.4,284.5,0.5,28.3,32.2,34.9,-140.0,2.7,201.7,-3.3,-3.3,5.5,9.1,0.9
2014-08-15,43.8,-3.8,-123.4,-4.4,284.5,0.5,28.3,32.2,34.9,-140.0,2.7,201.7,-3.3,-3.3,5.5,9.1,0.9
2014-08-22,43.8,-3.8,-123.4,-4.4,284.5,0.5,28.3,32.2,34.9,-140.0,2.7,201.7,-3.3,-3.3,5.5,9.1,0.9
2014-08-29,43.8,-3.8,-123.4,-4.4,284.5,0.5,28.3,32.2,34.9,-140.0,2.7,201.7,-3.3,-3.3,5.5,9.1,0.9
2014-09-05,42.4,-2.4,-123.4,-4.1,306.2,0.1,27.3,34.8,34.5,-139.4,4.3,202.4,-4.4,-3.7,6.1,9.0,-0.1
2014-09-12,42.4,-2.4,-123.4,-4.1,306.2,0.1,27.3,34.8,34.5,-139.4,4.3,202.4,-4.4,-3.7,6.1,9.0,-0.1
2014-09-19,42.4,-2.4,-123.4,-4.1,306.2,0.1,27.3,34.8,34.5,-139.4,4.3,202.4,-4.4,-3.7,6.1,9.0,-0.1
2014-09-26,42.4,-2.4,-123.4,-4.1,306.2,0.1,27.3,34.8,34.5,-139.4,4.3,202.4,-4.4,-3.7,6.1,9.0,-0.1
2014-10-03,42.1,-4.5,-131.8,-3.4,322.7,0.7,27.5,35.7,35.7,-138.8,4.8,206.7,-7.5,-4.0,6.4,9.0,-0.2
2014-10-10,42.1,-4.5,-131.8,-3.4,322.7,0.7,27.5,35.7,35.7,-138.8,4.8,206.7,-7.5,-4.0,6.4,9.0,-0.2
2014-10-17,42.1,-4.5,-131.8,-3.4,322.7,0.7,27.5,35.7,35.7,-138.8,4.8,206.7,-7.5,-4.0,6.4,9.0,-0.2
2014-10-24,42.1,-4.5,-131.8,-3.4,322.7,0.7,27.5,35.7,35.7,-138.8,4.8,206.7,-7.5,-4.0,6.4,9.0,-0.2
2014-10-31,44.8,-2.7,-134.7,-4.0,337.4,0.6,25.3,36.3,36.1,-134.5,5.0,210.2,-6.4,-3.9,6.4,8.5,-0.2
2014-11-07,44.8,-2.7,-134.7,-4.0,337.4,0.6,25.3,36.3,36.1,-134.5,5.0,210.2,-6.4,-3.9,6.4,8.5,-0.2
2014-11-14,44.8,-2.7,-134.7,-4.0,337.4,0.6,25.3,36.3,36.1,-134.5,5.0,210.2,-6.4,-3.9,6.4,8.5,-0.2
2014-11-21,44.8,-2.7,-134.7,-4.0,337.4,0.6,25.3,36.3,36.1,-134.5,5.0,210.2,-6.4,-3.9,6.4,8.5,-0.2
2014-11-28,44.8,-2.7,-134.7,-4.0,337.4,0.6,25.3,36.3,36.1,-134.5,5.0,210.2,-6.4,-3.9,6.4,8.5,-0.2
2014-12-05,45.2,-2.2,-141.4,-3.1,358.4,-0.7,25.6,37.6,35.9,-129.2,5.5,214.6,-8.7,-3.6,6.5,8.3,-1.7
2014-12-12,45.2,-2.2,-141.4,-3.1,358.4,-0.7,25.6,37.6,35.9,-129.2,5.5,214.6,-8.7,-3.6,6.5,8.3,-1.7
2014-12-19,45.2,-2.2,-141.4,-3.1,358.4,-0.7,25.6,37.6,35.9,-129.2,5.5,214.6,-8.7,-3.6,6.5,8.3,-1.7
2014-12-26,45.2,-2.2,-141.4,-3.1,358.4,-0.7,25.6,37.6,35.9,-129.2,5.5,214.6,-8.7,-3.6,6.5,8.3,-1.7
2015-01-02,47.2,-0.3,-140.4,-3.3,383.1,-2.2,25.3,37.5,38.3,-122.1,5.2,224.8,-9.9,-3.5,6.7,8.3,-3.1
2015-01-09,47.2,-0.3,-140.4,-3.3,383.1,-2.2,25.3,37.5,38.3,-122.1,5.2,224.8,-9.9,-3.5,6.7,8.3,-3.1
2015-01-16,47.2,-0.3,-140.4,-3.3,383.1,-2.2,25.3,37.5,38.3,-122.1,5.2,224.8,-9.9,-3.5,6.7,8.3,-3.1
2015-01-23,47.2,-0.3,-140.4,-3.3,383.1,-2.2,25.3,37.5,38.3,-122.1,5.2,224.8,-9.9,-3.5,6.7,8.3,-3.1
2015-01-30,47.2,-0.3,-140.4,-3.3,383.1,-2.2,25.3,37.5,38.3,-122.1,5.2,224.8,-9.9,-3.5,6.7,8.3,-3.1
2015-02-06,52.2,1.9,-138.8,-3.0,410.4,-1.1,25.9,40.0,39.8,-105.0,4.0,233.3,-8.9,-2.8,8.2,8.5,-3.2
2015-02-13,52.2,1.9,-138.8,-3.0,410.4,-1.1,25.9,40.0,39.8,-105.0,4.0,233.3,-8.9,-2.8,8.2,8.5,-3.2
2015-02-20,52.2,1.9,-138.8,-3.0,410.4,-1.1,25.9,40.0,39.8,-105.0,4.0,233.3,-8.9,-2.8,8.2,8.5,-3.2
2015-02-27,52.2,1.9,-138.8,-3.0,410.4,-1.1,25.9,40.0,39.8,-105.0,4.0,233.3,-8.9,-2.8,8.2,8.5,-3.2
2015-03-06,58.8,0.5,-137.3,-4.0,493.4,-1.3,24.0,40.7,42.9,-100.7,2.1,235.6,-9.6,-1.9,8.1,8.4,-3.5
2015-03-13,58.8,0.5,-137.3,-4.0,493.4,-1.3,24.0,40.7,42.9,-100.7,2.1,235.6,-9.6,-1.9,8.1,8.4,-3.5
2015-03-20,58.8,0.5,-137.3,-4.0,493.4,-1.3,24.0,40.7,42.9,-100.7,2.1,235.6,-9.6,-1.9,8.1,8.4,-3.5
2015-03-27,58.8,0.5,-137.3,-4.0,493.4,-1.3,24.0,40.7,42.9,-100.7,2.1,235.6,-9.6,-1.9,8.1,8.4,-3.5
2015-04-03,63.6,0.7,-137.7,-4.0,487.9,-0.9,23.2,44.9,44.9,-84.7,-2.0,234.1,-9.3,-1.1,7.3,8.6,-3.9
2015-04-10,63.6,0.7,-137.7,-4.0,487.9,-0.9,23.2,44.9,44.9,-84.7,-2.0,234.1,-9.3,-1.1,7.3,8.6,-3.9
2015-04-17,63.6,0.7,-137.7,-4.0,487.9,-0.9,23.2,44.9,44.9,-84.7,-2.0,234.1,-9.3,-1.1,7.3,8.6,-3.9
2015-04-24,63.6,0.7,-137.7,-4.0,487.9,-0.9,23.2,44.9,44.9,-84.7,-2.0,234.1,-9.3,-1.1,7.3,8.6,-3.9
2015-05-01,67.6,1.7,-139.3,-3.8,502.5,1.5,22.4,46.0,47.0,-77.1,-4.2,235.2,-9.4,-1.5,7.5,8.4,-4.5
2015-05-08,67.6,1.7,-139.3,-3.8,502.5,1.5,22.4,46.0,47.0,-77.1,-4.2,235.2,-9.4,-1.5,7.5,8.4,-4.5
2015-05-15,67.6,1.7,-139.3,-3.8,502.5,1.5,22.4,46.0,47.0,-77.1,-4.2,235.2,-9.4,-1.5,7.5,8.4,-4.5
2015-05-22,67.6,1.7,-139.3,-3.8,502.5,1.5,22.4,46.0,47.0,-77.1,-4.2,235.2,-9.4,-1.5,7.5,8.4,-4.5
2015-05-29,67.6,1.7,-139.3,-3.8,502.5,1.5,22.4,46.0,47.0,-77.1,-4.2,235.2,-9.4,-1.5,7.5,8.4,-4.5
2015-06-05,68.9,4.8,-138.6,-4.6,523.4,2.6,22.2,48.9,47.1,-69.9,-6.9,241.0,-7.2,0.0,6.7,8.6,-5.7
2015-06-12,68.9,4.8,-138.6,-4.6,523.4,2.6,22.2,48.9,47.1,-69.9,-6.9,241.0,-7.2,0.0,6.7,8.6,-5.7
2015-06-19,68.9,4.8,-138.6,-4.6,523.4,2.6,22.2,48.9,47.1,-69.9,-6.9,241.0,-7.2,0.0,6.7,8.6,-5.7
2015-06-26,68.9,4.8,-138.6,-4.6,523.4,2.6,22.2,48.9,47.1,-69.9,-6.9,241.0,-7.2,0.0,6.7,8.6,-5.7
2015-07-03,73.5,3.2,-137.0,-5.8,536.7,3.4,23.0,48.1,47.3,-62.2,-8.8,244.7,-5.7,0.3,6.8,9.0,-6.9
2015-07-10,73.5,3.2,-137.0,-5.8,536.7,3.4,23.0,48.1,47.3,-62.2,-8.8,244.7,-5.7,0.3,6.8,9.0,-6.9
2015-07-17,73.5,3.2,-137.0,-5.8,536.7,3.4,23.0,48.1,47.3,-62.2,-8.8,244.7,-5.7,0.3,6.8,9.0,-6.9
2015-07-24,73.5,3.2,-137.0,-5.8,536.7,3.4,23.0,48.1,47.3,-62.2,-8.8,244.7,-5.7,0.3,6.8,9.0,-6.9
2015-07-31,78.2,5.1,-135.8,-7.2,531.2,4.7,22.5,49.8,48.3,-54.8,-10.7,252.1,-4.0,0.5,6.2,9.1,-8.3
2015-08-07,78.2,5.1,-135.8,-7.2,531.2,4.7,22.5,49.8,48.3,-54.8,-10.7,252.1,-4.0,0.5,6.2,9.1,-8.3
2015-08-14,78.2,5.1,-135.8,-7.2,531.2,4.7,22.5,49.8,48.3,-54.8,-10.7,252.1,-4.0,0.5,6.2,9.1,-8.3
2015-08-21,78.2,5.1,-135.8,-7.2,531.2,4.7,22.5,49.8,48.3,-54.8,-10.7,252.1,-4.0,0.5,6.2,9.1,-8.3
2015-08-28,78.2,5.1,-135.8,-7.2,531.2,4.7,22.5,49.8,48.3,-54.8,-10.7,252.1,-4.0,0.5,6.2,9.1,-8.3
2015-09-04,79.2,4.7,-137.5,-7.8,541.0,5.4,23.8,46.9,47.7,-50.2,-12.8,255.4,-1.4,0.8,5.6,9.0,-9.9
2015-09-11,79.2,4.7,-137.5,-7.8,541.0,5.4,23.8,46.9,47.7,-50.2,-12.8,255.4,-1.4,0.8,5.6,9.0,-9.9
2015-09-18,79.2,4.7,-137.5,-7.8,541.0,5.4,23.8,46.9,47.7,-50.2,-12.8,255.4,-1.4,0.8,5.6,9.0,-9.9
2015-09-25,79.2,4.7,-137.5,-7.8,541.0,5.4,23.8,46.9,47.7,-50.2,-12.8,255.4,-1.4,0.8,5.6,9.0,-9.9
2015-10-02,84.9,9.3,-133.2,-9.2,569.4,6.7,23.2,47.0,49.1,-42.2,-14.9,254.4,2.1,0.7,4.9,8.8,-11.9
2015-10-09,84.9,9.3,-133.2,-9.2,569.4,6.7,23.2,47.0,49.1,-42.2,-14.9,254.4,2.1,0.7,4.9,8.8,-11.9
2015-10-16,84.9,9.3,-133.2,-9.2,569.4,6.7,23.2,47.0,49.1,-42.2,-14.9,254.4,2.1,0.7,4.9,8.8,-11.9
2015-10-23,84.9,9.3,-133.2,-9.2,569.4,6.7,23.2,47.0,49.1,-42.2,-14.9,254.4,2.1,0.7,4.9,8.8,-11.9
2015-10-30,84.9,9.3,-133.2,-9.2,569.4,6.7,23.2,47.0,49.1,-42.2,-14.9,254.4,2.1,0.7,4.9,8.8,-11.9
2015-11-06,83.9,11.3,-129.3,-10.7,585.0,7.7,25.7,49.2,50.5,-34.5,-16.6,252.6,5.1,1.5,4.1,9.2,-13.3
2015-11-13,83.9,11.3,-129.3,-10.7,585.0,7.7,25.7,49.2,50.5,-34.5,-16.6,252.6,5.1,1.5,4.1,9.2,-13.3
2015-11-20,83.9,11.3,-129.3,-10.7,585.0,7.7,25.7,49.2,50.5,-34.5,-16.6,252.6,5.1,1.5,4.1,9.2,-13.3
2015-11-27,83.9,11.3,-129.3,-10.7,585.0,7.7,25.7,49.2,50.5,-34.5,-16.6,252.6,5.1,1.5,4.1,9.2,-13.3
2015-12-04,88.9,11.7,-123.4,-11.3,584.2,7.8,24.7,48.6,48.4,-29.9,-18.3,250.6,8.6,1.9,4.2,9.2,-13.7
2015-12-11,88.9,11.7,-123.4,-11.3,584.2,7.8,24.7,48.6,48.4,-29.9,-18.3,250.6,8.6,1.9,4.2,9.2,-13.7
2015-12-18,88.9,11.7,-123.4,-11.3,584.2,7.8,24.7,48.6,48.4,-29.9,-18.3,250.6,8.6,1.9,4.2,9.2,-13.7
2015-12-25,88.9,11.7,-123.4,-11.3,584.2,7.8,24.7,48.6,48.4,-29.9,-18.3,250.6,8.6,1.9,4.2,9.2,-13.7
2016-01-01,90.3,11.7,-125.8,-12.2,593.9,7.7,24.0,49.8,48.1,-23.2,-18.6,247.3,13.7,2.7,3.6,9.5,-14.7
2016-01-08,90.3,11.7,-125.8,-12.2,593.9,7.7,24.0,49.8,48.1,-23.2,-18.6,247.3,13.7,2.7,3.6,9.5,-14.7
2016-01-15,90.3,11.7,-125.8,-12.2,593.9,7.7,24.0,49.8,48.1,-23.2,-18.6,247.3,13.7,2.7,3.6,9.5,-14.7
2016-01-22,90.3,11.7,-125.8,-12.2,593.9,7.7,24.0,49.8,48.1,-23.2,-18.6,247.3,13.7,2.7,3.6,9.5,-14.7
2016-01-29,90.3,11.7,-125.8,-12.2,593.9,7.7,24.0,49.8,48.1,-23.2,-18.6,247.3,13.7,2.7,3.6,9.5,-14.7
2016-02-05,89.4,12.3,-125.5,-13.5,591.4,7.2,22.7,48.4,47.2,-18.9,-17.6,245.4,17.8,2.6,3.5,9.4,-14.7
2016-02-12,89.4,12.3,-125.5,-13.5,591.4,7.2,22.7,48.4,47.2,-18.9,-17.6,245.4,17.8,2.6,3.5,9.4,-14.7
2016-02-19,89.4,12.3,-125.5,-13.5,591.4,7.2,22.7,48.4,47.2,-18.9,-17.6,245.4,17.8,2.6,3.5,9.4,-14.7
2016-02-26,89.4,12.3,-125.5,-13.5,591.4,7.2,22.7,48.4,47.2,-18.9,-17.6,245.4,17.8,2.6,3.5,9.4,-14.7
2016-03-04,88.7,16.9,-125.4,-13.6,559.1,7.6,23.2,45.7,46.9,-13.3,-18.6,242.1,23.5,2.3,3.6,9.5,-16.1
2016-03-11,88.7,16.9,-125.4,-13.6,559.1,7.6,23.2,45.7,46.9,-13.3,-18.6,242.1,23.5,2.3,3.6,9.5,-16.1
2016-03-18,88.7,16.9,-125.4,-13.6,559.1,7.6,23.2,45.7,46.9,-13.3,-18.6,242.1,23.5,2.3,3.6,9.5,-16.1
2016-03-25,88.7,16.9,-125.4,-13.6,559.1,7.6,23.2,45.7,46.9,-13.3,-18.6,242.1,23.5,2.3,3.6,9.5,-16.1
2016-04-01,90.0,18.4,-118.4,-15.3,581.5,7.1,23.8,44.0,47.8,-8.6,-18.4,251.8,27.5,2.2,3.2,9.4,-16.5
2016-04-08,90.0,18.4,-118.4,-15.3,581.5,7.1,23.8,44.0,47.8,-8.6,-18.4,251.8,27.5,2.2,3.2,9.4,-16.5
2016-04-15,90.0,18.4,-118.4,-15.3,581.5,7.1,23.8,44.0,47.8,-8.6,-18.4,251.8,27.5,2.2,3.2,9.4,-16.5
2016-04-22,90.0,18.4,-118.4,-15.3,581.5,7.1,23.8,44.0,47.8,-8.6,-18.4,251.8,27.5,2.2,3.2,9.4,-16.5
2016-04-29,90.0,18.4,-118.4,-15.3,581.5,7.1,23.8,44.0,47.8,-8.6,-18.4,251.8,27.5,2.2,3.2,9.4,-16.5
2016-05-06,90.3,19.7,-111.8,-17.2,588.2,7.5,24.2,45.1,48.0,-0.7,-18.9,260.7,31.8,2.9,2.9,10.0,-18.6
2016-05-13,90.3,19.7,-111.8,-17.2,588.2,7.5,24.2,45.1,48.0,-0.7,-18.9,260.7,31.8,2.9,2.9,10.0,-18.6
2016-05-20,90.3,19.7,-111.8,-17.2,588.2,7.5,24.2,45.1,48.0,-0.7,-18.9,260.7,31.8,2.9,2.9,10.0,-18.6
2016-05-27,90.3,19.7,-111.8,-17.2,588.2,7.5,24.2,45.1,48.0,-0.7,-18.9,260.7,31.8,2.9,2.9,10.0,-18.6
2016-06-03,90.7,18.9,-107.7,-19.5,575.9,6.8,23.5,45.1,46.3,0.7,-19.6,263.7,34.6,2.8,2.7,10.2,-17.9
2016-06-10,90.7,18.9,-107.7,-19.5,575.9,6.8,23.5,45.1,46.3,0.7,-19.6,263.7,34.6,2.8,2.7,10.2,-17.9
2016-06-17,90.7,18.9,-107.7,-19.5,575.9,6.8,23.5,45.1,46.3,0.7,-19.6,263.7,34.6,2.8,2.7,10.2,-17.9
2016-06-24,90.7,18.9,-107.7,-19.5,575.9,6.8,23.5,45.1,46.3,0.7,-19.6,263.7,34.6,2.8,2.7,10.2,-17.9
2016-07-01,92.1,20.8,-105.0,-21.3,576.0,7.3,22.7,45.4,47.9,7.7,-22.2,269.2,34.8,3.5,2.4,10.6,-17.6
2016-07-08,92.1,20.8,-105.0,-21.3,576.0,7.3,22.7,45.4,47.9,7.7,-22.2,269.2,34.8,3.5,2.4,10.6,-17.6
2016-07-15,92.1,20.8,-105.0,-21.3,576.0,7.3,22.7,45.4,47.9,7.7,-22.2,269.2,34.8,3.5,2.4,10.6,-17.6
2016-07-22,92.1,20.8,-105.0,-21.3,576.0,7.3,22.7,45.4,47.9,7.7,-22.2,269.2,34.8,3.5,2.4,10.6,-17.6
2016-07-29,92.1,20.8,-105.0,-21.3,576.0,7.3,22.7,45.4,47.9,7.7,-22.2,269.2,34.8,3.5,2.4,10.6,-17.6
2016-08-05,92.6,21.0,-99.7,-22.2,582.5,6.6,22.6,46.1,48.3,14.7,-23.0,270.2,36.0,4.2,2.7,10.6,-17.0
2016-08-12,92.6,21.0,-99.7,-22.2,582.5,6.6,22.6,46.1,48.3,14.7,-23.0,270.2,36.0,4.2,2.7,10.6,-17.0
2016-08-19,92.6,21.0,-99.7,-22.2,582.5,6.6,22.6,46.1,48.3,14.7,-23.0,270.2,36.0,4.2,2.7,10.6,-17.0
2016-08-26,92.6,21.0,-99.7,-22.2,582.5,6.6,22.6,46.1,48.3,14.7,-23.0,270.2,36.0,4.2,2.7,10.6,-17.0
2016-09-02,93.2,22.4,-95.0,-23.3,572.9,6.6,22.2,47.5,48.9,18.9,-23.0,274.8,37.4,4.1,2.8,10.8,-16.1
2016-09-09,93.2,22.4,-95.0,-23.3,572.9,6.6,22.2,47.5,48.9,18.9,-23.0,274.8,37.4,4.1,2.8,10.8,-16.1
2016-09-16,93.2,22.4,-95.0,-23.3,572.9,6.6,22.2,47.5,48.9,18.9,-23.0,274.8,37.4,4.1,2.8,10.8,-16.1
2016-09-23,93.2,22.4,-95.0,-23.3,572.9,6.6,22.2,47.5,48.9,18.9,-23.0,274.8,37.4,4.1,2.8,10.8,-16.1
2016-09-30,91.2,22.2,-93.9,-24.0,553.7,6.8,21.8,48.9,48.4,24.7,-24.7,280.9,38.8,4.1,3.4,10.9,-16.2
2016-10-07,91.2,22.2,-93.9,-24.0,553.7,6.8,21.8,48.9,48.4,24.7,-24.7,280.9,38.8,4.1,3.4,10.9,-16.2
2016-10-14,91.2,22.2,-93.9,-24.0,553.7,6.8,21.8,48.9,48.4,24.7,-24.7,280.9,38.8,4.1,3.4,10.9,-16.2
2016-10-21,91.2,22.2,-93.9,-24.0,553.7,6.8,21.8,48.9,48.4,24.7,-24.7,280.9,38.8,4.1,3.4,10.9,-16.2
2016-10-28,91.2,22.2,-93.9,-24.0,553.7,6.8,21.8,48.9,48.4,24.7,-24.7,280.9,38.8,4.1,3.4,10.9,-16.2
2016-11-04,91.6,20.3,-95.4,-24.3,540.6,7.0,21.3,47.7,47.1,28.5,-23.9,282.5,39.4,3.8,3.9,10.9,-15.6
2016-11-11,91.6,20.3,-95.4,-24.3,540.6,7.0,21.3,47.7,47.1,28.5,-23.9,282.5,39.4,3.8,3.9,10.9,-15.6
2016-11-18,91.6,20.3,-95.4,-24.3,540.6,7.0,21.3,47.7,47.1,28.5,-23.9,282.5,39.4,3.8,3.9,10.9,-15.6
2016-11-25,91.6,20.3,-95.4,-24.3,540.6,7.0,21.3,47.7,47.1,28.5,-23.9,282.5,39.4,3.8,3.9,10.9,-15.6
2016-12-02,89.4,21.7,-98.4,-25.8,529.7,8.3,21.0,46.9,49.2,33.0,-20.8,282.6,41.1,4.3,4.0,11.0,-13.9
2016-12-09,89.4,21.7,-98.4,-25.8,529.7,8.3,21.0,46.9,49.2,33.0,-20.8,282.6,41.1,4.3,4.0,11.0,-13.9
2016-12-16,89.4,21.7,-98.4,-25.8,529.7,8.3,21.0,46.9,49.2,33.0,-20.8,282.6,41.1,4.3,4.0,11.0,-13.9
2016-12-23,89.4,21.7,-98.4,-25.8,529.7,8.3,21.0,46.9,49.2,33.0,-20.8,282.6,41.1,4.3,4.0,11.0,-13.9
2016-12-30,89.4,21.7,-98.4,-25.8,529.7,8.3,21.0,46.9,49.2,33.0,-20.8,282.6,41.1,4.3,4.0,11.0,-13.9
2017-01-06,89.2,21.2,-97.5,-26.7,509.7,9.5,21.1,46.2,50.0,37.3,-19.1,280.6,40.2,4.3,5.0,10.8,-13.1
2017-01-13,89.2,21.2,-97.5,-26.7,509.7,9.5,21.1,46.2,50.0,37.3,-19.1,280.6,40.2,4.3,5.0,10.8,-13.1
2017-01-20,89.2,21.2,-97.5,-26.7,509.7,9.5,21.1,46.2,50.0,37.3,-19.1,280.6,40.2,4.3,5.0,10.8,-13.1
2017-01-27,89.2,21.2,-97.5,-26.7,509.7,9.5,21.1,46.2,50.0,37.3,-19.1,280.6,40.2,4.3,5.0,10.8,-13.1
2017-02-03,86.9,21.8,-99.7,-26.5,501.5,10.8,20.9,44.6,50.1,33.3,-18.2,274.5,42.1,4.3,4.8,10.6,-13.3
2017-02-10,86.9,21.8,-99.7,-26.5,501.5,10.8,20.9,44.6,50.1,33.3,-18.2,274.5,42.1,4.3,4.8,10.6,-13.3
2017-02-17,86.9,21.8,-99.7,-26.5,501.5,10.8,20.9,44.6,50.1,33.3,-18.2,274.5,42.1,4.3,4.8,10.6,-13.3
2017-02-24,86.9,21.8,-99.7,-26.5,501.5,10.8,20.9,44.6,50.1,33.3,-18.2,274.5,42.1,4.3,4.8,10.6,-13.3
2017-03-03,87.1,18.5,-102.7,-26.8,462.4,10.9,21.1,48.0,49.4,38.3,-16.9,273.3,43.7,3.7,4.1,10.4,-11.8
2017-03-10,87.1,18.5,-102.7,-26.8,462.4,10.9,21.1,48.0,49.4,38.3,-16.9,273.3,43.7,3.7,4.1,10.4,-11.8
2017-03-17,87.1,18.5,-102.7,-26.8,462.4,10.9,21.1,48.0,49.4,38.3,-16.9,273.3,43.7,3.7,4.1,10.4,-11.8
2017-03-24,87.1,18.5,-102.7,-26.8,462.4,10.9,21.1,48.0,49.4,38.3,-16.9,273.3,43.7,3.7,4.1,10.4,-11.8
2017-03-31,83.5,17.3,-108.9,-27.0,460.2,11.8,19.5,48.6,48.8,37.1,-14.9,269.2,45.9,3.8,4.0,10.2,-11.9
2017-04-07,83.5,17.3,-108.9,-27.0,460.2,11.8,19.5,48.6,48.8,37.1,-14.9,269.2,45.9,3.8,4.0,10.2,-11.9
2017-04-14,83.5,17.3,-108.9,-27.0,460.2,11.8,19.5,48.6,48.8,37.1,-14.9,269.2,45.9,3.8,4.0,10.2,-11.9
2017-04-21,83.5,17.3,-108.9,-27.0,460.2,11.8,19.5,48.6,48.8,37.1,-14.9,269.2,45.9,3.8,4.0,10.2,-11.9
2017-04-28,83.5,17.3,-108.9,-27.0,460.2,11.8,19.5,48.6,48.8,37.1,-14.9,269.2,45.9,3.8,4.0,10.2,-11.9
2017-05-05,87.7,16.7,-117.3,-26.0,456.9,12.3,19.2,48.0,46.8,34.0,-13.3,259.3,47.5,3.7,3.7,9.9,-8.9
2017-05-12,87.7,16.7,-117.3,-26.0,456.9,12.3,19.2,48.0,46.8,34.0,-13.3,259.3,47.5,3.7,3.7,9.9,-8.9
2017-05-19,87.7,16.7,-117.3,-26.0,456.9,12.3,19.2,48.0,46.8,34.0,-13.3,259.3,47.5,3.7,3.7,9.9,-8.9
2017-05-26,87.7,16.7,-117.3,-26.0,456.9,12.3,19.2,48.0,46.8,34.0,-13.3,259.3,47.5,3.7,3.7,9.9,-8.9
2017-06-02,86.6,16.2,-124.9,-26.2,452.0,12.5,19.6,47.0,46.7,32.6,-11.7,253.9,48.9,3.0,4.1,10.1,-9.7
2017-06-09,86.6,16.2,-124.9,-26.2,452.0,12.5,19.6,47.0,46.7,32.6,-11.7,253.9,48.9,3.0,4.1,10.1,-9.7
2017-06-16,86.6,16.2,-124.9,-26.2,452.0,12.5,19.6,47.0,46.7,32.6,-11.7,253.9,48.9,3.0,4.1,10.1,-9.7
2017-06-23,86.6,16.2,-124.9,-26.2,452.0,12.5,19.6,47.0,46.7,32.6,-11.7,253.9,48.9,3.0,4.1,10.1,-9.7
2017-06-30,86.0,16.1,-129.7,-25.5,447.8,13.0,20.6,47.4,49.0,30.0,-11.4,249.7,51.4,2.1,4.1,9.7,-9.2
2017-07-07,86.0,16.1,-129.7,-25.5,447.8,13.0,20.6,47.4,49.0,30.0,-11.4,249.7,51.4,2.1,4.1,9.7,-9.2
2017-07-14,86.0,16.1,-129.7,-25.5,447.8,13.0,20.6,47.4,49.0,30.0,-11.4,249.7,51.4,2.1,4.1,9.7,-9.2
2017-07-21,86.0,16.1,-129.7,-25.5,447.8,13.0,20.6,47.4,49.0,30.0,-11.4,249.7,51.4,2.1,4.1,9.7,-9.2
2017-07-28,86.0,16.1,-129.7,-25.5,447.8,13.0,20.6,47.4,49.0,30.0,-11.4,249.7,51.4,2.1,4.1,9.7,-9.2
2017-08-04,88.7,15.1,-133.4,-24.4,444.4,12.1,22.0,47.0,50.6,28.8,-12.6,245.0,52.5,1.6,4.6,9.3,-8.9
2017-08-11,88.7,15.1,-133.4,-24.4,444.4,12.1,22.0,47.0,50.6,28.8,-12.6,245.0,52.5,1.6,4.6,9.3,-8.9
2017-08-18,88.7,15.1,-133.4,-24.4,444.4,12.1,22.0,47.0,50.6,28.8,-12.6,245.0,52.5,1.6,4.6,9.3,-8.9
2017-08-25,88.7,15.1,-133.4,-24.4,444.4,12.1,22.0,47.0,50.6,28.8,-12.6,245.0,52.5,1.6,4.6,9.3,-8.9
2017-09-01,90.3,15.3,-138.4,-25.0,434.3,13.5,22.2,47.4,52.3,30.0,-13.8,243.9,53.2,2.2,5.6,9.2,-9.6
2017-09-08,90.3,15.3,-138.4,-25.0,434.3,13.5,22.2,47.4,52.3,30.0,-13.8,243.9,53.2,2.2,5.6,9.2,-9.6
2017-09-15,90.3,15.3,-138.4,-25.0,434.3,13.5,22.2,47.4,52.3,30.0,-13.8,243.9,53.2,2.2,5.6,9.2,-9.6
2017-09-22,90.3,15.3,-138.4,-25.0,434.3,13.5,22.2,47.4,52.3,30.0,-13.8,243.9,53.2,2.2,5.6,9.2,-9.6
2017-09-29,90.3,15.3,-138.4,-25.0,434.3,13.5,22.2,47.4,52.3,30.0,-13.8,243.9,53.2,2.2,5.6,9.2,-9.6
2017-10-06,96.8,16.1,-138.8,-24.7,421.2,14.0,22.4,46.3,54.5,31.2,-13.3,247.4,53.9,2.6,6.2,9.2,-10.0
2017-10-13,96.8,16.1,-138.8,-24.7,421.2,14.0,22.4,46.3,54.5,31.2,-13.3,247.4,53.9,2.6,6.2,9.2,-10.0
2017-10-20,96.8,16.1,-138.8,-24.7,421.2,14.0,22.4,46.3,54.5,31.2,-13.3,247.4,53.9,2.6,6.2,9.2,-10.0
2017-10-27,96.8,16.1,-138.8,-24.7,421.2,14.0,22.4,46.3,54.5,31.2,-13.3,247.4,53.9,2.6,6.2,9.2,-10.0
2017-11-03,96.8,16.1,-142.2,-25.1,410.0,13.7,22.5,45.4,55.4,29.0,-13.6,245.0,56.0,2.7,6.8,9.0,-11.3
2017-11-10,96.8,16.1,-142.2,-25.1,410.0,13.7,22.5,45.4,55.4,29.0,-13.6,245.0,56.0,2.7,6.8,9.0,-11.3
2017-11-17,96.8,16.1,-142.2,-25.1,410.0,13.7,22.5,45.4,55.4,29.0,-13.6,245.0,56.0,2.7,6.8,9.0,-11.3
2017-11-24,96.8,16.1,-142.2,-25.1,410.0,13.7,22.5,45.4,55.4,29.0,-13.6,245.0,56.0,2.7,6.8,9.0,-11.3
2017-12-01,96.5,16.3,-143.9,-25.9,405.3,13.1,22.9,45.6,57.1,28.6,-16.4,243.7,56.0,2.2,7.0,8.9,-11.0
2017-12-08,96.5,16.3,-143.9,-25.9,405.3,13.1,22.9,45.6,57.1,28.6,-16.4,243.7,56.0,2.2,7.0,8.9,-11.0
2017-12-15,96.5,16.3,-143.9,-25.9,405.3,13.1,22.9,45.6,57.1,28.6,-16.4,243.7,56.0,2.2,7.0,8.9,-11.0
2017-12-22,96.5,16.3,-143.9,-25.9,405.3,13.1,22.9,45.6,57.1,28.6,-16.4,243.7,56.0,2.2,7.0,8.9,-11.0
2017-12-29,96.5,16.3,-143.9,-25.9,405.3,13.1,22.9,45.6,57.1,28.6,-16.4,243.7,56.0,2.2,7.0,8.9,-11.0
2018-01-05,95.2,15.1,-147.6,-27.4,419.6,11.8,22.7,45.6,58.3,26.2,-19.1,245.0,56.0,0.6,7.5,9.1,-11.0
2018-01-12,95.2,15.1,-147.6,-27.4,419.6,11.8,22.7,45.6,58.3,26.2,-19.1,245.0,56.0,0.6,7.5,9.1,-11.0
2018-01-19,95.2,15.1,-147.6,-27.4,419.6,11.8,22.7,45.6,58.3,26.2,-19.1,245.0,56.0,0.6,7.5,9.1,-11.0
2018-01-26,95.2,15.1,-147.6,-27.4,419.6,11.8,22.7,45.6,58.3,26.2,-19.1,245.0,56.0,0.6,7.5,9.1,-11.0
2018-02-02,96.0,14.2,-153.4,-28.3,389.3,9.7,24.1,47.3,57.4,27.2,-20.5,248.3,55.2,-0.5,8.0,9.0,-11.9
2018-02-09,96.0,14.2,-153.4,-28.3,389.3,9.7,24.1,47.3,57.4,27.2,-20.5,248.3,55.2,-0.5,8.0,9.0,-11.9
2018-02-16,96.0,14.2,-153.4,-28.3,389.3,9.7,24.1,47.3,57.4,27.2,-20.5,248.3,55.2,-0.5,8.0,9.0,-11.9
2018-02-23,96.0,14.2,-153.4,-28.3,389.3,9.7,24.1,47.3,57.4,27.2,-20.5,248.3,55.2,-0.5,8.0,9.0,-11.9
2018-03-02,91.9,13.5,-156.1,-29.1,432.5,8.4,24.4,46.1,56.9,19.9,-21.2,248.2,53.5,-1.1,9.0,9.1,-11.7
2018-03-09,91.9,13.5,-156.1,-29.1,432.5,8.4,24.4,46.1,56.9,19.9,-21.2,248.2,53.5,-1.1,9.0,9.1,-11.7
2018-03-16,91.9,13.5,-156.1,-29.1,432.5,8.4,24.4,46.1,56.9,19.9,-21.2,248.2,53.5,-1.1,9.0,9.1,-11.7
2018-03-23,91.9,13.5,-156.1,-29.1,432.5,8.4,24.4,46.1,56.9,19.9,-21.2,248.2,53.5,-1.1,9.0,9.1,-11.7
2018-03-30,91.9,13.5,-156.1,-29.1,432.5,8.4,24.4,46.1,56.9,19.9,-21.2,248.2,53.5,-1.1,9.0,9.1,-11.7
2018-04-06,92.2,13.3,-159.0,-29.4,404.1,8.0,27.0,46.2,58.9,22.0,-23.4,249.3,52.8,-2.1,9.4,8.9,-9.9
2018-04-13,92.2,13.3,-159.0,-29.4,404.1,8.0,27.0,46.2,58.9,22.0,-23.4,249.3,52.8,-2.1,9.4,8.9,-9.9
2018-04-20,92.2,13.3,-159.0,-29.4,404.1,8.0,27.0,46.2,58.9,22.0,-23.4,249.3,52.8,-2.1,9.4,8.9,-9.9
2018-04-27,92.2,13.3,-159.0,-29.4,404.1,8.0,27.0,46.2,58.9,22.0,-23.4,249.3,52.8,-2.1,9.4,8.9,-9.9
2018-05-04,85.5,12.1,-159.5,-31.5,393.8,5.0,28.3,46.6,60.3,23.4,-23.8,248.3,51.8,-2.5,9.6,8.3,-11.1
2018-05-11,85.5,12.1,-159.5,-31.5,393.8,5.0,28.3,46.6,60.3,23.4,-23.8,248.3,51.8,-2.5,9.6,8.3,-11.1
2018-05-18,85.5,12.1,-159.5,-31.5,393.8,5.0,28.3,46.6,60.3,23.4,-23.8,248.3,51.8,-2.5,9.6,8.3,-11.1
2018-05-25,85.5,12.1,-159.5,-31.5,393.8,5.0,28.3,46.6,60.3,23.4,-23.8,248.3,51.8,-2.5,9.6,8.3,-11.1
2018-06-01,86.1,12.4,-160.2,-32.9,377.3,3.0,29.1,47.3,61.3,19.9,-24.5,241.9,50.2,-2.4,9.1,8.0,-11.5
2018-06-08,86.1,12.4,-160.2,-32.9,377.3,3.0,29.1,47.3,61.3,19.9,-24.5,241.9,50.2,-2.4,9.1,8.0,-11.5
2018-06-15,86.1,12.4,-160.2,-32.9,377.3,3.0,29.1,47.3,61.3,19.9,-24.5,241.9,50.2,-2.4,9.1,8.0,-11.5
2018-06-22,86.1,12.4,-160.2,-32.9,377.3,3.0,29.1,47.3,61.3,19.9,-24.5,241.9,50.2,-2.4,9.1,8.0,-11.5
2018-06-29,86.1,12.4,-160.2,-32.9,377.3,3.0,29.1,47.3,61.3,19.9,-24.5,241.9,50.2,-2.4,9.1,8.0,-11.5
2018-07-06,81.4,12.3,-163.9,-34.9,377.0,3.0,28.3,46.4,60.6,22.6,-22.0,236.6,48.9,-2.8,9.1,7.7,-12.4
2018-07-13,81.4,12.3,-163.9,-34.9,377.0,3.0,28.3,46.4,60.6,22.6,-22.0,236.6,48.9,-2.8,9.1,7.7,-12.4
2018-07-20,81.4,12.3,-163.9,-34.9,377.0,3.0,28.3,46.4,60.6,22.6,-22.0,236.6,48.9,-2.8,9.1,7.7,-12.4
2018-07-27,81.4,12.3,-163.9,-34.9,377.0,3.0,28.3,46.4,60.6,22.6,-22.0,236.6,48.9,-2.8,9.1,7.7,-12.4
2018-08-03,78.1,11.9,-171.1,-37.6,359.6,1.2,28.5,44.7,57.5,17.0,-19.8,228.2,47.8,-2.8,8.8,7.4,-13.7
2018-08-10,78.1,11.9,-171.1,-37.6,359.6,1.2,28.5,44.7,57.5,17.0,-19.8,228.2,47.8,-2.8,8.8,7.4,-13.7
2018-08-17,78.1,11.9,-171.1,-37.6,359.6,1.2,28.5,44.7,57.5,17.0,-19.8,228.2,47.8,-2.8,8.8,7.4,-13.7
2018-08-24,78.1,11.9,-171.1,-37.6,359.6,1.2,28.5,44.7,57.5,17.0,-19.8,228.2,47.8,-2.8,8.8,7.4,-13.7
2018-08-31,78.4,9.2,-176.3,-38.4,345.8,-1.4,26.5,45.3,56.2,12.1,-17.8,218.3,43.6,-4.0,7.8,6.9,-13.7
2018-09-07,78.4,9.2,-176.3,-38.4,345.8,-1.4,26.5,45.3,56.2,12.1,-17.8,218.3,43.6,-4.0,7.8,6.9,-13.7
2018-09-14,78.4,9.2,-176.3,-38.4,345.8,-1.4,26.5,45.3,56.2,12.1,-17.8,218.3,43.6,-4.0,7.8,6.9,-13.7
2018-09-21,78.4,9.2,-176.3,-38.4,345.8,-1.4,26.5,45.3,56.2,12.1,-17.8,218.3,43.6,-4.0,7.8,6.9,-13.7
2018-09-28,78.4,9.2,-176.3,-38.4,345.8,-1.4,26.5,45.3,56.2,12.1,-17.8,218.3,43.6,-4.0,7.8,6.9,-13.7
2018-10-05,74.6,6.4,-181.8,-40.7,348.9,-2.8,28.2,44.5,53.9,7.3,-15.7,203.7,43.4,-4.5,6.9,6.3,-12.1
2018-10-12,74.6,6.4,-181.8,-40.7,348.9,-2.8,28.2,44.5,53.9,7.3,-15.7,203.7,43.4,-4.5,6.9,6.3,-12.1
2018-10-19,74.6,6.4,-181.8,-40.7,348.9,-2.8,28.2,44.5,53.9,7.3,-15.7,203.7,43.4,-4.5,6.9,6.3,-12.1
2018-10-26,74.6,6.4,-181.8,-40.7,348.9,-2.8,28.2,44.5,53.9,7.3,-15.7,203.7,43.4,-4.5,6.9,6.3,-12.1
2018-11-02,74.0,6.1,-185.2,-42.5,345.1,-5.6,29.6,44.6,51.9,0.8,-14.5,192.2,44.1,-5.4,5.8,6.2,-12.7
2018-11-09,74.0,6.1,-185.2,-42.5,345.1,-5.6,29.6,44.6,51.9,0.8,-14.5,192.2,44.1,-5.4,5.8,6.2,-12.7
2018-11-16,74.0,6.1,-185.2,-42.5,345.1,-5.6,29.6,44.6,51.9,0.8,-14.5,192.2,44.1,-5.4,5.8,6.2,-12.7
2018-11-23,74.0,6.1,-185.2,-42.5,345.1,-5.6,29.6,44.6,51.9,0.8,-14.5,192.2,44.1,-5.4,5.8,6.2,-12.7
2018-11-30,71.0,3.2,-187.7,-43.3,348.6,-7.9,29.1,43.9,50.7,-6.7,-14.8,183.3,45.1,-5.4,5.6,5.7,-15.5
2018-12-07,71.0,3.2,-187.7,-43.3,348.6,-7.9,29.1,43.9,50.7,-6.7,-14.8,183.3,45.1,-5.4,5.6,5.7,-15.5
2018-12-14,71.0,3.2,-187.7,-43.3,348.6,-7.9,29.1,43.9,50.7,-6.7,-14.8,183.3,45.1,-5.4,5.6,5.7,-15.5
2018-12-21,71.0,3.2,-187.7,-43.3,348.6,-7.9,29.1,43.9,50.7,-6.7,-14.8,183.3,45.1,-5.4,5.6,5.7,-15.5
2018-12-28,71.0,3.2,-187.7,-43.3,348.6,-7.9,29.1,43.9,50.7,-6.7,-14.8,183.3,45.1,-5.4,5.6,5.7,-15.5
2019-01-04,69.7,4.8,-188.0,-43.5,351.8,-8.7,29.9,41.2,49.2,-10.3,-16.8,175.3,46.6,-5.4,4.4,5.2,-13.6
2019-01-11,69.7,4.8,-188.0,-43.5,351.8,-8.7,29.9,41.2,49.2,-10.3,-16.8,175.3,46.6,-5.4,4.4,5.2,-13.6
2019-01-18,69.7,4.8,-188.0,-43.5,351.8,-8.7,29.9,41.2,49.2,-10.3,-16.8,175.3,46.6,-5.4,4.4,5.2,-13.6
2019-01-25,69.7,4.8,-188.0,-43.5,351.8,-8.7,29.9,41.2,49.2,-10.3,-16.8,175.3,46.6,-5.4,4.4,5.2,-13.6
2019-02-01,67.3,0.8,-187.4,-44.6,371.8,-8.9,30.3,39.2,47.4,-14.7,-18.3,171.6,44.1,-4.6,4.3,5.1,-13.8
2019-02-08,67.3,0.8,-187.4,-44.6,371.8,-8.9,30.3,39.2,47.4,-14.7,-18.3,171.6,44.1,-4.6,4.3,5.1,-13.8
2019-02-15,67.3,0.8,-187.4,-44.6,371.8,-8.9,30.3,39.2,47.4,-14.7,-18.3,171.6,44.1,-4.6,4.3,5.1,-13.8
2019-02-22,67.3,0.8,-187.4,-44.6,371.8,-8.9,30.3,39.2,47.4,-14.7,-18.3,171.6,44.1,-4.6,4.3,5.1,-13.8
2019-03-01,67.3,3.9,-184.8,-44.8,342.5,-8.6,30.7,38.7,49.5,-11.6,-19.0,170.9,43.6,-4.4,3.3,5.1,-13.4
2019-03-08,67.3,3.9,-184.8,-44.8,342.5,-8.6,30.7,38.7,49.5,-11.6,-19.0,170.9,43.6,-4.4,3.3,5.1,-13.4
2019-03-15,67.3,3.9,-184.8,-44.8,342.5,-8.6,30.7,38.7,49.5,-11.6,-19.0,170.9,43.6,-4.4,3.3,5.1,-13.4
2019-03-22,67.3,3.9,-184.8,-44.8,342.5,-8.6,30.7,38.7,49.5,-11.6,-19.0,170.9,43.6,-4.4,3.3,5.1,-13.4
2019-03-29,67.3,3.9,-184.8,-44.8,342.5,-8.6,30.7,38.7,49.5,-11.6,-19.0,170.9,43.6,-4.4,3.3,5.1,-13.4
2019-04-05,65.9,4.4,-182.3,-45.8,379.7,-8.9,30.4,37.1,46.6,-14.3,-18.1,166.3,41.3,-3.2,3.2,5.0,-13.6
2019-04-12,65.9,4.4,-182.3,-45.8,379.7,-8.9,30.4,37.1,46.6,-14.3,-18.1,166.3,41.3,-3.2,3.2,5.0,-13.6
2019-04-19,65.9,4.4,-182.3,-45.8,379.7,-8.9,30.4,37.1,46.6,-14.3,-18.1,166.3,41.3,-3.2,3.2,5.0,-13.6
2019-04-26,65.9,4.4,-182.3,-45.8,379.7,-8.9,30.4,37.1,46.6,-14.3,-18.1,166.3,41.3,-3.2,3.2,5.0,-13.6
2019-05-03,63.5,4.1,-183.9,-45.9,366.5,-9.6,29.7,34.6,45.2,-19.6,-17.8,162.6,40.7,-3.0,2.8,5.0,-11.8
2019-05-10,63.5,4.1,-183.9,-45.9,366.5,-9.6,29.7,34.6,45.2,-19.6,-17.8,162.6,40.7,-3.0,2.8,5.0,-11.8
2019-05-17,63.5,4.1,-183.9,-45.9,366.5,-9.6,29.7,34.6,45.2,-19.6,-17.8,162.6,40.7,-3.0,2.8,5.0,-11.8
2019-05-24,63.5,4.1,-183.9,-45.9,366.5,-9.6,29.7,34.6,45.2,-19.6,-17.8,162.6,40.7,-3.0,2.8,5.0,-11.8
2019-05-31,59.3,3.0,-184.7,-45.6,384.3,-8.0,29.8,33.4,45.3,-23.1,-16.1,166.9,39.8,-3.4,2.5,4.9,-9.3
2019-06-07,59.3,3.0,-184.7,-45.6,384.3,-8.0,29.8,33.4,45.3,-23.1,-16.1,166.9,39.8,-3.4,2.5,4.9,-9.3
2019-06-14,59.3,3.0,-184.7,-45.6,384.3,-8.0,29.8,33.4,45.3,-23.1,-16.1,166.9,39.8,-3.4,2.5,4.9,-9.3
2019-06-21,59.3,3.0,-184.7,-45.6,384.3,-8.0,29.8,33.4,45.3,-23.1,-16.1,166.9,39.8,-3.4,2.5,4.9,-9.3
2019-06-28,59.3,3.0,-184.7,-45.6,384.3,-8.0,29.8,33.4,45.3,-23.1,-16.1,166.9,39.8,-3.4,2.5,4.9,-9.3
2019-07-05,57.1,4.5,-183.3,-44.7,393.0,-9.4,30.9,31.8,43.8,-24.3,-16.9,167.2,39.4,-2.8,2.5,4.9,-5.9
2019-07-12,57.1,4.5,-183.3,-44.7,393.0,-9.4,30.9,31.8,43.8,-24.3,-16.9,167.2,39.4,-2.8,2.5,4.9,-5.9
2019-07-19,57.1,4.5,-183.3,-44.7,393.0,-9.4,30.9,31.8,43.8,-24.3,-16.9,167.2,39.4,-2.8,2.5,4.9,-5.9
2019-07-26,57.1,4.5,-183.3,-44.7,393.0,-9.4,30.9,31.8,43.8,-24.3,-16.9,167.2,39.4,-2.8,2.5,4.9,-5.9
2019-08-02,52.6,5.1,-178.1,-44.3,409.7,-7.6,32.3,31.8,45.2,-24.6,-18.1,172.2,38.0,-2.6,2.1,4.9,-4.3
2019-08-09,52.6,5.1,-178.1,-44.3,409.7,-7.6,32.3,31.8,45.2,-24.6,-18.1,172.2,38.0,-2.6,2.1,4.9,-4.3
2019-08-16,52.6,5.1,-178.1,-44.3,409.7,-7.6,32.3,31.8,45.2,-24.6,-18.1,172.2,38.0,-2.6,2.1,4.9,-4.3
2019-08-23,52.6,5.1,-178.1,-44.3,409.7,-7.6,32.3,31.8,45.2,-24.6,-18.1,172.2,38.0,-2.6,2.1,4.9,-4.3
2019-08-30,52.6,5.1,-178.1,-44.3,409.7,-7.6,32.3,31.8,45.2,-24.6,-18.1,172.2,38.0,-2.6,2.1,4.9,-4.3
2019-09-06,47.3,7.8,-174.1,-43.8,418.0,-6.6,34.5,30.0,46.7,-22.0,-18.9,178.8,39.6,-2.0,2.6,4.9,-1.3
2019-09-13,47.3,7.8,-174.1,-43.8,418.0,-6.6,34.5,30.0,46.7,-22.0,-18.9,178.8,39.6,-2.0,2.6,4.9,-1.3
2019-09-20,47.3,7.8,-174.1,-43.8,418.0,-6.6,34.5,30.0,46.7,-22.0,-18.9,178.8,39.6,-2.0,2.6,4.9,-1.3
2019-09-27,47.3,7.8,-174.1,-43.8,418.0,-6.6,34.5,30.0,46.7,-22.0,-18.9,178.8,39.6,-2.0,2.6,4.9,-1.3
2019-10-04,43.6,8.4,-170.8,-43.1,426.6,-7.1,32.8,29.6,45.5,-24.3,-19.1,184.9,38.8,-1.3,2.6,4.9,-1.2
2019-10-11,43.6,8.4,-170.8,-43.1,426.6,-7.1,32.8,29.6,45.5,-24.3,-19.1,184.9,38.8,-1.3,2.6,4.9,-1.2
2019-10-18,43.6,8.4,-170.8,-43.1,426.6,-7.1,32.8,29.6,45.5,-24.3,-19.1,184.9,38.8,-1.3,2.6,4.9,-1.2
2019-10-25,43.6,8.4,-170.8,-43.1,426.6,-7.1,32.8,29.6,45.5,-24.3,-19.1,184.9,38.8,-1.3,2.6,4.9,-1.2
2019-11-01,42.5,9.1,-164.5,-42.3,436.0,-5.2,33.0,29.7,46.1,-20.1,-20.0,199.1,36.5,-0.7,2.6,4.9,1.1
2019-11-08,42.5,9.1,-164.5,-42.3,436.0,-5.2,33.0,29.7,46.1,-20.1,-20.0,199.1,36.5,-0.7,2.6,4.9,1.1
2019-11-15,42.5,9.1,-164.5,-42.3,436.0,-5.2,33.0,29.7,46.1,-20.1,-20.0,199.1,36.5,-0.7,2.6,4.9,1.1
2019-11-22,42.5,9.1,-164.5,-42.3,436.0,-5.2,33.0,29.7,46.1,-20.1,-20.0,199.1,36.5,-0.7,2.6,4.9,1.1
2019-11-29,42.5,9.1,-164.5,-42.3,436.0,-5.2,33.0,29.7,46.1,-20.1,-20.0,199.1,36.5,-0.7,2.6,4.9,1.1
2019-12-06,41.1,10.6,-159.7,-41.9,431.8,-4.6,32.7,29.5,45.7,-14.4,-18.3,204.2,35.6,-0.2,2.1,4.9,4.2
2019-12-13,41.1,10.6,-159.7,-41.9,431.8,-4.6,32.7,29.5,45.7,-14.4,-18.3,204.2,35.6,-0.2,2.1,4.9,4.2
2019-12-20,41.1,10.6,-159.7,-41.9,431.8,-4.6,32.7,29.5,45.7,-14.4,-18.3,204.2,35.6,-0.2,2.1,4.9,4.2
2019-12-27,41.1,10.6,-159.7,-41.9,431.8,-4.6,32.7,29.5,45.7,-14.4,-18.3,204.2,35.6,-0.2,2.1,4.9,4.2
2020-01-03,38.9,10.0,-157.7,-40.7,421.9,-3.6,33.2,31.3,43.5,-15.4,-14.2,211.4,35.2,1.3,3.0,4.9,5.4
2020-01-10,38.9,10.0,-157.7,-40.7,421.9,-3.6,33.2,31.3,43.5,-15.4,-14.2,211.4,35.2,1.3,3.0,4.9,5.4
2020-01-17,38.9,10.0,-157.7,-40.7,421.9,-3.6,33.2,31.3,43.5,-15.4,-14.2,211.4,35.2,1.3,3.0,4.9,5.4
2020-01-24,38.9,10.0,-157.7,-40.7,421.9,-3.6,33.2,31.3,43.5,-15.4,-14.2,211.4,35.2,1.3,3.0,4.9,5.4
2020-01-31,38.3,12.7,-157.9,-40.1,438.2,-3.2,33.3,31.7,46.0,-14.4,-13.3,210.5,33.3,1.2,3.0,4.7,7.5
2020-02-07,38.3,12.7,-157.9,-40.1,438.2,-3.2,33.3,31.7,46.0,-14.4,-13.3,210.5,33.3,1.2,3.0,4.7,7.5
2020-02-14,38.3,12.7,-157.9,-40.1,438.2,-3.2,33.3,31.7,46.0,-14.4,-13.3,210.5,33.3,1.2,3.0,4.7,7.5
2020-02-21,38.3,12.7,-157.9,-40.1,438.2,-3.2,33.3,31.7,46.0,-14.4,-13.3,210.5,33.3,1.2,3.0,4.7,7.5
2020-02-28,38.3,12.7,-157.9,-40.1,438.2,-3.2,33.3,31.7,46.0,-14.4,-13.3,210.5,33.3,1.2,3.0,4.7,7.5
2020-03-06,39.4,12.8,-158.4,-39.4,373.1,-1.1,33.6,31.7,44.3,-7.2,-13.1,216.6,32.7,2.4,3.6,5.1,8.9
2020-03-13,39.4,12.8,-158.4,-39.4,373.1,-1.1,33.6,31.7,44.3,-7.2,-13.1,216.6,32.7,2.4,3.6,5.1,8.9
2020-03-20,39.4,12.8,-158.4,-39.4,373.1,-1.1,33.6,31.7,44.3,-7.2,-13.1,216.6,32.7,2.4,3.6,5.1,8.9
2020-03-27,39.4,12.8,-158.4,-39.4,373.1,-1.1,33.6,31.7,44.3,-7.2,-13.1,216.6,32.7,2.4,3.6,5.1,8.9
2020-04-03,38.7,12.4,-157.4,-38.8,361.4,-1.1,33.0,32.6,44.1,-11.9,-14.6,224.0,33.5,1.6,4.3,4.9,10.7
2020-04-10,38.7,12.4,-157.4,-38.8,361.4,-1.1,33.0,32.6,44.1,-11.9,-14.6,224.0,33.5,1.6,4.3,4.9,10.7
2020-04-17,38.7,12.4,-157.4,-38.8,361.4,-1.1,33.0,32.6,44.1,-11.9,-14.6,224.0,33.5,1.6,4.3,4.9,10.7
2020-04-24,38.7,12.4,-157.4,-38.8,361.4,-1.1,33.0,32.6,44.1,-11.9,-14.6,224.0,33.5,1.6,4.3,4.9,10.7
2020-05-01,33.3,16.4,-148.8,-35.2,393.2,0.9,29.5,33.4,43.8,-21.2,-17.7,209.3,35.2,1.2,5.6,4.0,5.9
2020-05-08,33.3,16.4,-148.8,-35.2,393.2,0.9,29.5,33.4,43.8,-21.2,-17.7,209.3,35.2,1.2,5.6,4.0,5.9
2020-05-15,33.3,16.4,-148.8,-35.2,393.2,0.9,29.5,33.4,43.8,-21.2,-17.7,209.3,35.2,1.2,5.6,4.0,5.9
2020-05-22,33.3,16.4,-148.8,-35.2,393.2,0.9,29.5,33.4,43.8,-21.2,-17.7,209.3,35.2,1.2,5.6,4.0,5.9
2020-05-29,33.3,16.4,-148.8,-35.2,393.2,0.9,29.5,33.4,43.8,-21.2,-17.7,209.3,35.2,1.2,5.6,4.0,5.9
2020-06-05,31.4,18.7,-136.6,-32.8,414.6,2.7,29.7,34.1,44.1,-20.5,-18.8,199.5,37.7,2.6,7.5,3.6,1.5
2020-06-12,31.4,18.7,-136.6,-32.8,414.6,2.7,29.7,34.1,44.1,-20.5,-18.8,199.5,37.7,2.6,7.5,3.6,1.5
2020-06-19,31.4,18.7,-136.6,-32.8,414.6,2.7,29.7,34.1,44.1,-20.5,-18.8,199.5,37.7,2.6,7.5,3.6,1.5
2020-06-26,31.4,18.7,-136.6,-32.8,414.6,2.7,29.7,34.1,44.1,-20.5,-18.8,199.5,37.7,2.6,7.5,3.6,1.5
2020-07-03,30.9,17.1,-120.5,-31.6,411.3,3.7,32.1,36.2,45.3,-28.8,-19.8,199.9,39.9,5.2,9.4,3.8,4.5
2020-07-10,30.9,17.1,-120.5,-31.6,411.3,3.7,32.1,36.2,45.3,-28.8,-19.8,199.9,39.9,5.2,9.4,3.8,4.5
2020-07-17,30.9,17.1,-120.5,-31.6,411.3,3.7,32.1,36.2,45.3,-28.8,-19.8,199.9,39.9,5.2,9.4,3.8,4.5
2020-07-24,30.9,17.1,-120.5,-31.6,411.3,3.7,32.1,36.2,45.3,-28.8,-19.8,199.9,39.9,5.2,9.4,3.8,4.5
2020-07-31,32.6,20.3,-111.9,-30.1,429.1,7.2,34.5,37.4,47.1,-26.7,-20.9,206.5,45.6,6.0,11.0,4.0,11.5
2020-08-07,32.6,20.3,-111.9,-30.1,429.1,7.2,34.5,37.4,47.1,-26.7,-20.9,206.5,45.6,6.0,11.0,4.0,11.5
2020-08-14,32.6,20.3,-111.9,-30.1,429.1,7.2,34.5,37.4,47.1,-26.7,-20.9,206.5,45.6,6.0,11.0,4.0,11.5
2020-08-21,32.6,20.3,-111.9,-30.1,429.1,7.2,34.5,37.4,47.1,-26.7,-20.9,206.5,45.6,6.0,11.0,4.0,11.5
2020-08-28,32.6,20.3,-111.9,-30.1,429.1,7.2,34.5,37.4,47.1,-26.7,-20.9,206.5,45.6,6.0,11.0,4.0,11.5
2020-09-04,34.7,22.6,-106.3,-29.3,452.9,9.4,35.1,40.1,47.6,-23.3,-22.3,210.8,49.4,7.3,12.1,4.4,17.2
2020-09-11,34.7,22.6,-106.3,-29.3,452.9,9.4,35.1,40.1,47.6,-23.3,-22.3,210.8,49.4,7.3,12.1,4.4,17.2
2020-09-18,34.7,22.6,-106.3,-29.3,452.9,9.4,35.1,40.1,47.6,-23.3,-22.3,210.8,49.4,7.3,12.1,4.4,17.2
2020-09-25,34.7,22.6,-106.3,-29.3,452.9,9.4,35.1,40.1,47.6,-23.3,-22.3,210.8,49.4,7.3,12.1,4.4,17.2
2020-10-02,37.2,23.8,-97.5,-28.1,450.7,12.0,38.4,40.9,51.6,-15.9,-24.7,217.7,51.3,8.4,13.4,5.2,21.8
2020-10-09,37.2,23.8,-97.5,-28.1,450.7,12.0,38.4,40.9,51.6,-15.9,-24.7,217.7,51.3,8.4,13.4,5.2,21.8
2020-10-16,37.2,23.8,-97.5,-28.1,450.7,12.0,38.4,40.9,51.6,-15.9,-24.7,217.7,51.3,8.4,13.4,5.2,21.8
2020-10-23,37.2,23.8,-97.5,-28.1,450.7,12.0,38.4,40.9,51.6,-15.9,-24.7,217.7,51.3,8.4,13.4,5.2,21.8
2020-10-30,37.2,23.8,-97.5,-28.1,450.7,12.0,38.4,40.9,51.6,-15.9,-24.7,217.7,51.3,8.4,13.4,5.2,21.8
2020-11-06,37.7,25.5,-94.9,-26.6,466.2,15.5,39.6,42.0,55.1,-8.0,-26.7,224.0,53.2,10.2,15.6,5.9,28.7
2020-11-13,37.7,25.5,-94.9,-26.6,466.2,15.5,39.6,42.0,55.1,-8.0,-26.7,224.0,53.2,10.2,15.6,5.9,28.7
2020-11-20,37.7,25.5,-94.9,-26.6,466.2,15.5,39.6,42.0,55.1,-8.0,-26.7,224.0,53.2,10.2,15.6,5.9,28.7
2020-11-27,37.7,25.5,-94.9,-26.6,466.2,15.5,39.6,42.0,55.1,-8.0,-26.7,224.0,53.2,10.2,15.6,5.9,28.7
2020-12-04,40.2,25.1,-92.4,-25.1,504.1,19.4,42.1,43.1,56.1,-4.1,-28.7,234.7,52.9,11.6,17.8,6.3,31.0
2020-12-11,40.2,25.1,-92.4,-25.1,504.1,19.4,42.1,43.1,56.1,-4.1,-28.7,234.7,52.9,11.6,17.8,6.3,31.0
2020-12-18,40.2,25.1,-92.4,-25.1,504.1,19.4,42.1,43.1,56.1,-4.1,-28.7,234.7,52.9,11.6,17.8,6.3,31.0
2020-12-25,40.2,25.1,-92.4,-25.1,504.1,19.4,42.1,43.1,56.1,-4.1,-28.7,234.7,52.9,11.6,17.8,6.3,31.0
2021-01-01,44.9,25.5,-95.6,-24.6,535.0,21.6,44.2,45.1,59.4,4.2,-30.2,243.1,50.4,12.2,18.9,6.5,34.2
2021-01-08,44.9,25.5,-95.6,-24.6,535.0,21.6,44.2,45.1,59.4,4.2,-30.2,243.1,50.4,12.2,18.9,6.5,34.2
2021-01-15,44.9,25.5,-95.6,-24.6,535.0,21.6,44.2,45.1,59.4,4.2,-30.2,243.1,50.4,12.2,18.9,6.5,34.2
2021-01-22,44.9,25.5,-95.6,-24.6,535.0,21.6,44.2,45.1,59.4,4.2,-30.2,243.1,50.4,12.2,18.9,6.5,34.2
2021-01-29,44.9,25.5,-95.6,-24.6,535.0,21.6,44.2,45.1,59.4,4.2,-30.2,243.1,50.4,12.2,18.9,6.5,34.2
2021-02-05,48.0,26.8,-94.8,-23.7,541.8,24.2,45.4,47.2,62.2,12.7,-27.4,260.3,52.9,13.6,19.6,7.3,35.5
2021-02-12,48.0,26.8,-94.8,-23.7,541.8,24.2,45.4,47.2,62.2,12.7,-27.4,260.3,52.9,13.6,19.6,7.3,35.5
2021-02-19,48.0,26.8,-94.8,-23.7,541.8,24.2,45.4,47.2,62.2,12.7,-27.4,260.3,52.9,13.6,19.6,7.3,35.5
2021-02-26,48.0,26.8,-94.8,-23.7,541.8,24.2,45.4,47.2,62.2,12.7,-27.4,260.3,52.9,13.6,19.6,7.3,35.5
2021-03-05,46.4,22.8,-97.8,-24.5,638.9,23.7,46.8,48.0,63.4,4.2,-24.6,261.0,53.3,13.6,20.4,7.0,35.5
2021-03-12,46.4,22.8,-97.8,-24.5,638.9,23.7,46.8,48.0,63.4,4.2,-24.6,261.0,53.3,13.6,20.4,7.0,35.5
2021-03-19,46.4,22.8,-97.8,-24.5,638.9,23.7,46.8,48.0,63.4,4.2,-24.6,261.0,53.3,13.6,20.4,7.0,35.5
2021-03-26,46.4,22.8,-97.8,-24.5,638.9,23.7,46.8,48.0,63.4,4.2,-24.6,261.0,53.3,13.6,20.4,7.0,35.5
2021-04-02,46.0,22.0,-101.4,-24.5,630.6,24.7,49.8,50.0,64.2,9.8,-22.8,250.6,55.7,14.3,20.0,7.6,29.2
2021-04-09,46.0,22.0,-101.4,-24.5,630.6,24.7,49.8,50.0,64.2,9.8,-22.8,250.6,55.7,14.3,20.0,7.6,29.2
2021-04-16,46.0,22.0,-101.4,-24.5,630.6,24.7,49.8,50.0,64.2,9.8,-22.8,250.6,55.7,14.3,20.0,7.6,29.2
2021-04-23,46.0,22.0,-101.4,-24.5,630.6,24.7,49.8,50.0,64.2,9.8,-22.8,250.6,55.7,14.3,20.0,7.6,29.2
2021-04-30,48.0,19.9,-109.9,-27.4,626.2,27.3,55.5,51.2,67.9,20.5,-19.1,264.9,59.5,16.3,20.6,8.6,34.1
2021-05-07,48.0,19.9,-109.9,-27.4,626.2,27.3,55.5,51.2,67.9,20.5,-19.1,264.9,59.5,16.3,20.6,8.6,34.1
2021-05-14,48.0,19.9,-109.9,-27.4,626.2,27.3,55.5,51.2,67.9,20.5,-19.1,264.9,59.5,16.3,20.6,8.6,34.1
2021-05-21,48.0,19.9,-109.9,-27.4,626.2,27.3,55.5,51.2,67.9,20.5,-19.1,264.9,59.5,16.3,20.6,8.6,34.1
2021-05-28,48.0,19.9,-109.9,-27.4,626.2,27.3,55.5,51.2,67.9,20.5,-19.1,264.9,59.5,16.3,20.6,8.6,34.1
2021-06-04,50.6,18.2,-113.3,-29.3,606.4,28.0,56.5,52.0,69.3,26.7,-19.3,268.4,61.2,15.1,19.7,8.4,38.0
2021-06-11,50.6,18.2,-113.3,-29.3,606.4,28.0,56.5,52.0,69.3,26.7,-19.3,268.4,61.2,15.1,19.7,8.4,38.0
2021-06-18,50.6,18.2,-113.3,-29.3,606.4,28.0,56.5,52.0,69.3,26.7,-19.3,268.4,61.2,15.1,19.7,8.4,38.0
2021-06-25,50.6,18.2,-113.3,-29.3,606.4,28.0,56.5,52.0,69.3,26.7,-19.3,268.4,61.2,15.1,19.7,8.4,38.0
2021-07-02,51.5,17.8,-123.7,-31.2,609.6,28.0,57.0,51.5,69.4,32.7,-16.1,260.3,65.1,12.9,18.7,8.3,33.2
2021-07-09,51.5,17.8,-123.7,-31.2,609.6,28.0,57.0,51.5,69.4,32.7,-16.1,260.3,65.1,12.9,18.7,8.3,33.2
2021-07-16,51.5,17.8,-123.7,-31.2,609.6,28.0,57.0,51.5,69.4,32.7,-16.1,260.3,65.1,12.9,18.7,8.3,33.2
2021-07-23,51.5,17.8,-123.7,-31.2,609.6,28.0,57.0,51.5,69.4,32.7,-16.1,260.3,65.1,12.9,18.7,8.3,33.2
2021-07-30,51.5,17.8,-123.7,-31.2,609.6,28.0,57.0,51.5,69.4,32.7,-16.1,260.3,65.1,12.9,18.7,8.3,33.2
2021-08-06,49.4,14.9,-129.5,-32.5,602.5,28.9,54.4,50.6,69.9,36.9,-13.6,247.4,64.9,11.5,17.6,7.9,23.5
2021-08-13,49.4,14.9,-129.5,-32.5,602.5,28.9,54.4,50.6,69.9,36.9,-13.6,247.4,64.9,11.5,17.6,7.9,23.5
2021-08-20,49.4,14.9,-129.5,-32.5,602.5,28.9,54.4,50.6,69.9,36.9,-13.6,247.4,64.9,11.5,17.6,7.9,23.5
2021-08-27,49.4,14.9,-129.5,-32.5,602.5,28.9,54.4,50.6,69.9,36.9,-13.6,247.4,64.9,11.5,17.6,7.9,23.5
2021-09-03,47.3,9.4,-133.0,-33.7,602.5,31.4,57.4,50.3,66.9,28.9,-10.1,225.7,66.7,9.1,16.3,6.6,13.6
2021-09-10,47.3,9.4,-133.0,-33.7,602.5,31.4,57.4,50.3,66.9,28.9,-10.1,225.7,66.7,9.1,16.3,6.6,13.6
2021-09-17,47.3,9.4,-133.0,-33.7,602.5,31.4,57.4,50.3,66.9,28.9,-10.1,225.7,66.7,9.1,16.3,6.6,13.6
2021-09-24,47.3,9.4,-133.0,-33.7,602.5,31.4,57.4,50.3,66.9,28.9,-10.1,225.7,66.7,9.1,16.3,6.6,13.6
2021-10-01,43.2,7.8,-152.6,-35.2,633.3,33.4,58.4,51.0,66.2,16.8,-6.5,198.3,66.0,7.0,15.1,5.1,6.9
2021-10-08,43.2,7.8,-152.6,-35.2,633.3,33.4,58.4,51.0,66.2,16.8,-6.5,198.3,66.0,7.0,15.1,5.1,6.9
2021-10-15,43.2,7.8,-152.6,-35.2,633.3,33.4,58.4,51.0,66.2,16.8,-6.5,198.3,66.0,7.0,15.1,5.1,6.9
2021-10-22,43.2,7.8,-152.6,-35.2,633.3,33.4,58.4,51.0,66.2,16.8,-6.5,198.3,66.0,7.0,15.1,5.1,6.9
2021-10-29,43.2,7.8,-152.6,-35.2,633.3,33.4,58.4,51.0,66.2,16.8,-6.5,198.3,66.0,7.0,15.1,5.1,6.9
2021-11-05,39.3,5.5,-161.3,-37.0,659.6,35.6,59.4,50.9,64.8,8.0,-2.3,162.1,63.7,4.6,12.9,3.5,-2.2
2021-11-12,39.3,5.5,-161.3,-37.0,659.6,35.6,59.4,50.9,64.8,8.0,-2.3,162.1,63.7,4.6,12.9,3.5,-2.2
2021-11-19,39.3,5.5,-161.3,-37.0,659.6,35.6,59.4,50.9,64.8,8.0,-2.3,162.1,63.7,4.6,12.9,3.5,-2.2
2021-11-26,39.3,5.5,-161.3,-37.0,659.6,35.6,59.4,50.9,64.8,8.0,-2.3,162.1,63.7,4.6,12.9,3.5,-2.2
2021-12-03,36.4,6.7,-172.3,-39.5,655.4,36.5,59.7,51.8,65.3,-3.7,2.3,119.2,60.1,2.1,11.6,2.8,-5.2
2021-12-10,36.4,6.7,-172.3,-39.5,655.4,36.5,59.7,51.8,65.3,-3.7,2.3,119.2,60.1,2.1,11.6,2.8,-5.2
2021-12-17,36.4,6.7,-172.3,-39.5,655.4,36.5,59.7,51.8,65.3,-3.7,2.3,119.2,60.1,2.1,11.6,2.8,-5.2
2021-12-24,36.4,6.7,-172.3,-39.5,655.4,36.5,59.7,51.8,65.3,-3.7,2.3,119.2,60.1,2.1,11.6,2.8,-5.2
2021-12-31,29.3,5.1,-177.7,-42.2,670.4,35.4,62.0,50.8,65.3,-15.8,3.0,63.3,61.4,-1.5,10.3,2.0,-10.8
2022-01-07,29.3,5.1,-177.7,-42.2,670.4,35.4,62.0,50.8,65.3,-15.8,3.0,63.3,61.4,-1.5,10.3,2.0,-10.8
2022-01-14,29.3,5.1,-177.7,-42.2,670.4,35.4,62.0,50.8,65.3,-15.8,3.0,63.3,61.4,-1.5,10.3,2.0,-10.8
2022-01-21,29.3,5.1,-177.7,-42.2,670.4,35.4,62.0,50.8,65.3,-15.8,3.0,63.3,61.4,-1.5,10.3,2.0,-10.8
2022-01-28,29.3,5.1,-177.7,-42.2,670.4,35.4,62.0,50.8,65.3,-15.8,3.0,63.3,61.4,-1.5,10.3,2.0,-10.8
2022-02-04,20.6,3.2,-180.5,-43.8,688.3,34.4,62.3,49.9,64.0,-31.8,4.6,9.3,61.6,-3.2,9.5,0.6,-15.8
2022-02-11,20.6,3.2,-180.5,-43.8,688.3,34.4,62.3,49.9,64.0,-31.8,4.6,9.3,61.6,-3.2,9.5,0.6,-15.8
2022-02-18,20.6,3.2,-180.5,-43.8,688.3,34.4,62.3,49.9,64.0,-31.8,4.6,9.3,61.6,-3.2,9.5,0.6,-15.8
2022-02-25,20.6,3.2,-180.5,-43.8,688.3,34.4,62.3,49.9,64.0,-31.8,4.6,9.3,61.6,-3.2,9.5,0.6,-15.8
2022-03-04,19.0,3.2,-186.2,-45.0,679.5,36.2,62.6,51.3,65.3,-39.8,6.4,-40.0,64.4,-5.0,7.7,-0.6,-17.2
2022-03-11,19.0,3.2,-186.2,-45.0,679.5,36.2,62.6,51.3,65.3,-39.8,6.4,-40.0,64.4,-5.0,7.7,-0.6,-17.2
2022-03-18,19.0,3.2,-186.2,-45.0,679.5,36.2,62.6,51.3,65.3,-39.8,6.4,-40.0,64.4,-5.0,7.7,-0.6,-17.2
2022-03-25,19.0,3.2,-186.2,-45.0,679.5,36.2,62.6,51.3,65.3,-39.8,6.4,-40.0,64.4,-5.0,7.7,-0.6,-17.2
2022-04-01,15.0,4.4,-191.0,-46.7,710.8,39.3,63.1,49.3,66.3,-49.5,9.8,-93.9,65.5,-9.3,7.2,-2.5,-14.1
2022-04-08,15.0,4.4,-191.0,-46.7,710.8,39.3,63.1,49.3,66.3,-49.5,9.8,-93.9,65.5,-9.3,7.2,-2.5,-14.1
2022-04-15,15.0,4.4,-191.0,-46.7,710.8,39.3,63.1,49.3,66.3,-49.5,9.8,-93.9,65.5,-9.3,7.2,-2.5,-14.1
2022-04-22,15.0,4.4,-191.0,-46.7,710.8,39.3,63.1,49.3,66.3,-49.5,9.8,-93.9,65.5,-9.3,7.2,-2.5,-14.1
2022-04-29,15.0,4.4,-191.0,-46.7,710.8,39.3,63.1,49.3,66.3,-49.5,9.8,-93.9,65.5,-9.3,7.2,-2.5,-14.1
2022-05-06,12.3,2.4,-194.1,-48.9,716.6,44.5,63.7,48.2,65.0,-58.6,11.4,-156.8,63.8,-13.8,4.8,-3.5,-17.6
2022-05-13,12.3,2.4,-194.1,-48.9,716.6,44.5,63.7,48.2,65.0,-58.6,11.4,-156.8,63.8,-13.8,4.8,-3.5,-17.6
2022-05-20,12.3,2.4,-194.1,-48.9,716.6,44.5,63.7,48.2,65.0,-58.6,11.4,-156.8,63.8,-13.8,4.8,-3.5,-17.6
2022-05-27,12.3,2.4,-194.1,-48.9,716.6,44.5,63.7,48.2,65.0,-58.6,11.4,-156.8,63.8,-13.8,4.8,-3.5,-17.6
2022-06-03,7.9,-0.1,-209.7,-51.3,749.9,44.8,63.2,45.5,61.3,-75.2,18.5,-208.6,60.2,-14.9,4.0,-3.9,-20.2
2022-06-10,7.9,-0.1,-209.7,-51.3,749.9,44.8,63.2,45.5,61.3,-75.2,18.5,-208.6,60.2,-14.9,4.0,-3.9,-20.2
2022-06-17,7.9,-0.1,-209.7,-51.3,749.9,44.8,63.2,45.5,61.3,-75.2,18.5,-208.6,60.2,-14.9,4.0,-3.9,-20.2
2022-06-24,7.9,-0.1,-209.7,-51.3,749.9,44.8,63.2,45.5,61.3,-75.2,18.5,-208.6,60.2,-14.9,4.0,-3.9,-20.2
2022-07-01,1.1,-2.4,-222.2,-53.7,793.7,48.6,62.8,45.3,60.8,-89.0,20.2,-262.8,58.7,-16.3,2.4,-5.1,-24.9
2022-07-08,1.1,-2.4,-222.2,-53.7,793.7,48.6,62.8,45.3,60.8,-89.0,20.2,-262.8,58.7,-16.3,2.4,-5.1,-24.9
2022-07-15,1.1,-2.4,-222.2,-53.7,793.7,48.6,62.8,45.3,60.8,-89.0,20.2,-262.8,58.7,-16.3,2.4,-5.1,-24.9
2022-07-22,1.1,-2.4,-222.2,-53.7,793.7,48.6,62.8,45.3,60.8,-89.0,20.2,-262.8,58.7,-16.3,2.4,-5.1,-24.9
2022-07-29,1.1,-2.4,-222.2,-53.7,793.7,48.6,62.8,45.3,60.8,-89.0,20.2,-262.8,58.7,-16.3,2.4,-5.1,-24.9
2022-08-05,-5.7,-6.5,-237.0,-56.2,837.1,48.6,63.1,44.7,59.9,-103.7,21.2,-320.8,56.6,-17.1,2.2,-6.2,-27.2
2022-08-12,-5.7,-6.5,-237.0,-56.2,837.1,48.6,63.1,44.7,59.9,-103.7,21.2,-320.8,56.6,-17.1,2.2,-6.2,-27.2
2022-08-19,-5.7,-6.5,-237.0,-56.2,837.1,48.6,63.1,44.7,59.9,-103.7,21.2,-320.8,56.6,-17.1,2.2,-6.2,-27.2
2022-08-26,-5.7,-6.5,-237.0,-56.2,837.1,48.6,63.1,44.7,59.9,-103.7,21.2,-320.8,56.6,-17.1,2.2,-6.2,-27.2
2022-09-02,-16.7,-9.3,-250.1,-58.9,855.7,49.6,60.7,42.9,59.4,-118.3,19.8,-380.5,53.1,-17.9,1.3,-7.0,-29.1
2022-09-09,-16.7,-9.3,-250.1,-58.9,855.7,49.6,60.7,42.9,59.4,-118.3,19.8,-380.5,53.1,-17.9,1.3,-7.0,-29.1
2022-09-16,-16.7,-9.3,-250.1,-58.9,855.7,49.6,60.7,42.9,59.4,-118.3,19.8,-380.5,53.1,-17.9,1.3,-7.0,-29.1
2022-09-23,-16.7,-9.3,-250.1,-58.9,855.7,49.6,60.7,42.9,59.4,-118.3,19.8,-380.5,53.1,-17.9,1.3,-7.0,-29.1
2022-09-30,-24.8,-10.6,-255.6,-59.8,870.3,50.2,61.4,43.2,58.0,-127.2,19.2,-427.4,52.4,-19.8,1.1,-7.7,-27.7
2022-10-07,-24.8,-10.6,-255.6,-59.8,870.3,50.2,61.4,43.2,58.0,-127.2,19.2,-427.4,52.4,-19.8,1.1,-7.7,-27.7
2022-10-14,-24.8,-10.6,-255.6,-59.8,870.3,50.2,61.4,43.2,58.0,-127.2,19.2,-427.4,52.4,-19.8,1.1,-7.7,-27.7
2022-10-21,-24.8,-10.6,-255.6,-59.8,870.3,50.2,61.4,43.2,58.0,-127.2,19.2,-427.4,52.4,-19.8,1.1,-7.7,-27.7
2022-10-28,-24.8,-10.6,-255.6,-59.8,870.3,50.2,61.4,43.2,58.0,-127.2,19.2,-427.4,52.4,-19.8,1.1,-7.7,-27.7
2022-11-04,-33.4,-10.9,-264.0,-59.3,867.6,50.0,58.9,41.3,54.9,-141.4,17.1,-455.5,53.7,-21.1,2.7,-8.1,-27.0
2022-11-11,-33.4,-10.9,-264.0,-59.3,867.6,50.0,58.9,41.3,54.9,-141.4,17.1,-455.5,53.7,-21.1,2.7,-8.1,-27.0
2022-11-18,-33.4,-10.9,-264.0,-59.3,867.6,50.0,58.9,41.3,54.9,-141.4,17.1,-455.5,53.7,-21.1,2.7,-8.1,-27.0
2022-11-25,-33.4,-10.9,-264.0,-59.3,867.6,50.0,58.9,41.3,54.9,-141.4,17.1,-455.5,53.7,-21.1,2.7,-8.1,-27.0
2022-12-02,-43.4,-13.3,-264.9,-58.3,862.1,51.5,59.4,39.4,52.6,-147.4,14.7,-465.2,61.0,-20.8,2.2,-9.5,-27.1
2022-12-09,-43.4,-13.3,-264.9,-58.3,862.1,51.5,59.4,39.4,52.6,-147.4,14.7,-465.2,61.0,-20.8,2.2,-9.5,-27.1
2022-12-16,-43.4,-13.3,-264.9,-58.3,862.1,51.5,59.4,39.4,52.6,-147.4,14.7,-465.2,61.0,-20.8,2.2,-9.5,-27.1
2022-12-23,-43.4,-13.3,-264.9,-58.3,862.1,51.5,59.4,39.4,52.6,-147.4,14.7,-465.2,61.0,-20.8,2.2,-9.5,-27.1
2022-12-30,-43.4,-13.3,-264.9,-58.3,862.1,51.5,59.4,39.4,52.6,-147.4,14.7,-465.2,61.0,-20.8,2.2,-9.5,-27.1
2023-01-06,-47.8,-13.6,-266.9,-57.6,837.9,54.5,58.3,39.6,51.6,-153.2,16.6,-465.4,61.5,-20.8,3.6,-9.5,-26.9
2023-01-13,-47.8,-13.6,-266.9,-57.6,837.9,54.5,58.3,39.6,51.6,-153.2,16.6,-465.4,61.5,-20.8,3.6,-9.5,-26.9
2023-01-20,-47.8,-13.6,-266.9,-57.6,837.9,54.5,58.3,39.6,51.6,-153.2,16.6,-465.4,61.5,-20.8,3.6,-9.5,-26.9
2023-01-27,-47.8,-13.6,-266.9,-57.6,837.9,54.5,58.3,39.6,51.6,-153.2,16.6,-465.4,61.5,-20.8,3.6,-9.5,-26.9
2023-02-03,-55.3,-15.8,-266.6,-58.7,850.5,57.4,58.1,39.9,49.0,-160.7,13.9,-462.3,63.9,-19.8,5.2,-10.0,-24.8
2023-02-10,-55.3,-15.8,-266.6,-58.7,850.5,57.4,58.1,39.9,49.0,-160.7,13.9,-462.3,63.9,-19.8,5.2,-10.0,-24.8
2023-02-17,-55.3,-15.8,-266.6,-58.7,850.5,57.4,58.1,39.9,49.0,-160.7,13.9,-462.3,63.9,-19.8,5.2,-10.0,-24.8
2023-02-24,-55.3,-15.8,-266.6,-58.7,850.5,57.4,58.1,39.9,49.0,-160.7,13.9,-462.3,63.9,-19.8,5.2,-10.0,-24.8
2023-03-03,-61.4,-16.7,-264.5,-58.7,836.3,59.0,58.1,40.4,45.6,-161.4,11.1,-440.0,61.8,-17.5,6.9,-9.2,-28.1
2023-03-10,-61.4,-16.7,-264.5,-58.7,836.3,59.0,58.1,40.4,45.6,-161.4,11.1,-440.0,61.8,-17.5,6.9,-9.2,-28.1
2023-03-17,-61.4,-16.7,-264.5,-58.7,836.3,59.0,58.1,40.4,45.6,-161.4,11.1,-440.0,61.8,-17.5,6.9,-9.2,-28.1
2023-03-24,-61.4,-16.7,-264.5,-58.7,836.3,59.0,58.1,40.4,45.6,-161.4,11.1,-440.0,61.8,-17.5,6.9,-9.2,-28.1
2023-03-31,-66.1,-15.5,-264.9,-59.2,870.5,57.2,57.6,42.2,45.1,-162.9,10.6,-394.0,64.9,-12.2,8.9,-7.2,-27.1
2023-04-07,-66.1,-15.5,-264.9,-59.2,870.5,57.2,57.6,42.2,45.1,-162.9,10.6,-394.0,64.9,-12.2,8.9,-7.2,-27.1
2023-04-14,-66.1,-15.5,-264.9,-59.2,870.5,57.2,57.6,42.2,45.1,-162.9,10.6,-394.0,64.9,-12.2,8.9,-7.2,-27.1
2023-04-21,-66.1,-15.5,-264.9,-59.2,870.5,57.2,57.6,42.2,45.1,-162.9,10.6,-394.0,64.9,-12.2,8.9,-7.2,-27.1
2023-04-28,-66.1,-15.5,-264.9,-59.2,870.5,57.2,57.6,42.2,45.1,-162.9,10.6,-394.0,64.9,-12.2,8.9,-7.2,-27.1
2023-05-05,-66.2,-15.2,-261.0,-58.8,909.3,53.5,54.6,42.5,46.9,-159.4,10.8,-354.4,64.7,-8.9,9.8,-6.2,-27.0
2023-05-12,-66.2,-15.2,-261.0,-58.8,909.3,53.5,54.6,42.5,46.9,-159.4,10.8,-354.4,64.7,-8.9,9.8,-6.2,-27.0
2023-05-19,-66.2,-15.2,-261.0,-58.8,909.3,53.5,54.6,42.5,46.9,-159.4,10.8,-354.4,64.7,-8.9,9.8,-6.2,-27.0
2023-05-26,-66.2,-15.2,-261.0,-58.8,909.3,53.5,54.6,42.5,46.9,-159.4,10.8,-354.4,64.7,-8.9,9.8,-6.2,-27.0
2023-06-02,-66.9,-15.1,-261.4,-57.6,898.3,51.1,55.1,44.7,49.4,-150.8,3.8,-313.9,70.7,-6.4,10.4,-4.7,-24.9
2023-06-09,-66.9,-15.1,-261.4,-57.6,898.3,51.1,55.1,44.7,49.4,-150.8,3.8,-313.9,70.7,-6.4,10.4,-4.7,-24.9
2023-06-16,-66.9,-15.1,-261.4,-57.6,898.3,51.1,55.1,44.7,49.4,-150.8,3.8,-313.9,70.7,-6.4,10.4,-4.7,-24.9
2023-06-23,-66.9,-15.1,-261.4,-57.6,898.3,51.1,55.1,44.7,49.4,-150.8,3.8,-313.9,70.7,-6.4,10.4,-4.7,-24.9
2023-06-30,-63.2,-13.7,-258.5,-55.8,874.6,49.4,56.1,46.2,50.7,-140.1,-2.5,-261.0,71.9,-3.5,11.9,-2.7,-21.1
2023-07-07,-63.2,-13.7,-258.5,-55.8,874.6,49.4,56.1,46.2,50.7,-140.1,-2.5,-261.0,71.9,-3.5,11.9,-2.7,-21.1
2023-07-14,-63.2,-13.7,-258.5,-55.8,874.6,49.4,56.1,46.2,50.7,-140.1,-2.5,-261.0,71.9,-3.5,11.9,-2.7,-21.1
2023-07-21,-63.2,-13.7,-258.5,-55.8,874.6,49.4,56.1,46.2,50.7,-140.1,-2.5,-261.0,71.9,-3.5,11.9,-2.7,-21.1
2023-07-28,-63.2,-13.7,-258.5,-55.8,874.6,49.4,56.1,46.2,50.7,-140.1,-2.5,-261.0,71.9,-3.5,11.9,-2.7,-21.1
2023-08-04,-56.4,-11.8,-253.7,-53.9,855.8,46.5,56.3,48.2,54.2,-129.8,-4.3,-209.5,74.7,-1.5,12.2,-0.7,-15.7
2023-08-11,-56.4,-11.8,-253.7,-53.9,855.8,46.5,56.3,48.2,54.2,-129.8,-4.3,-209.5,74.7,-1.5,12.2,-0.7,-15.7
2023-08-18,-56.4,-11.8,-253.7,-53.9,855.8,46.5,56.3,48.2,54.2,-129.8,-4.3,-209.5,74.7,-1.5,12.2,-0.7,-15.7
2023-08-25,-56.4,-11.8,-253.7,-53.9,855.8,46.5,56.3,48.2,54.2,-129.8,-4.3,-209.5,74.7,-1.5,12.2,-0.7,-15.7
2023-09-01,-46.0,-7.4,-252.9,-52.1,846.0,43.9,56.2,47.9,59.8,-115.7,-3.3,-140.5,80.2,1.0,13.3,1.6,-12.1
2023-09-08,-46.0,-7.4,-252.9,-52.1,846.0,43.9,56.2,47.9,59.8,-115.7,-3.3,-140.5,80.2,1.0,13.3,1.6,-12.1
2023-09-15,-46.0,-7.4,-252.9,-52.1,846.0,43.9,56.2,47.9,59.8,-115.7,-3.3,-140.5,80.2,1.0,13.3,1.6,-12.1
2023-09-22,-46.0,-7.4,-252.9,-52.1,846.0,43.9,56.2,47.9,59.8,-115.7,-3.3,-140.5,80.2,1.0,13.3,1.6,-12.1
2023-09-29,-46.0,-7.4,-252.9,-52.1,846.0,43.9,56.2,47.9,59.8,-115.7,-3.3,-140.5,80.2,1.0,13.3,1.6,-12.1
2023-10-06,-38.5,-4.5,-245.0,-50.8,838.9,42.3,54.4,47.2,65.1,-100.6,-2.5,-84.1,85.7,4.4,14.1,3.9,-13.9
2023-10-13,-38.5,-4.5,-245.0,-50.8,838.9,42.3,54.4,47.2,65.1,-100.6,-2.5,-84.1,85.7,4.4,14.1,3.9,-13.9
2023-10-20,-38.5,-4.5,-245.0,-50.8,838.9,42.3,54.4,47.2,65.1,-100.6,-2.5,-84.1,85.7,4.4,14.1,3.9,-13.9
2023-10-27,-38.5,-4.5,-245.0,-50.8,838.9,42.3,54.4,47.2,65.1,-100.6,-2.5,-84.1,85.7,4.4,14.1,3.9,-13.9
2023-11-03,-30.2,-4.6,-249.1,-51.8,813.1,40.2,53.2,49.3,67.9,-90.3,0.3,-38.1,91.5,7.4,13.4,5.9,-13.6
2023-11-10,-30.2,-4.6,-249.1,-51.8,813.1,40.2,53.2,49.3,67.9,-90.3,0.3,-38.1,91.5,7.4,13.4,5.9,-13.6
2023-11-17,-30.2,-4.6,-249.1,-51.8,813.1,40.2,53.2,49.3,67.9,-90.3,0.3,-38.1,91.5,7.4,13.4,5.9,-13.6
2023-11-24,-30.2,-4.6,-249.1,-51.8,813.1,40.2,53.2,49.3,67.9,-90.3,0.3,-38.1,91.5,7.4,13.4,5.9,-13.6
2023-12-01,-19.6,-5.4,-248.4,-52.9,816.4,37.5,51.1,51.3,74.2,-81.3,1.0,1.5,94.1,8.1,14.2,8.9,-14.2
2023-12-08,-19.6,-5.4,-248.4,-52.9,816.4,37.5,51.1,51.3,74.2,-81.3,1.0,1.5,94.1,8.1,14.2,8.9,-14.2
2023-12-15,-19.6,-5.4,-248.4,-52.9,816.4,37.5,51.1,51.3,74.2,-81.3,1.0,1.5,94.1,8.1,14.2,8.9,-14.2
2023-12-22,-19.6,-5.4,-248.4,-52.9,816.4,37.5,51.1,51.3,74.2,-81.3,1.0,1.5,94.1,8.1,14.2,8.9,-14.2
2023-12-29,-19.6,-5.4,-248.4,-52.9,816.4,37.5,51.1,51.3,74.2,-81.3,1.0,1.5,94.1,8.1,14.2,8.9,-14.2
2024-01-05,-10.3,-3.4,-244.0,-52.6,822.1,36.9,47.3,53.0,80.5,-70.0,-0.8,38.3,98.9,10.6,13.8,8.9,-12.3
2024-01-12,-10.3,-3.4,-244.0,-52.6,822.1,36.9,47.3,53.0,80.5,-70.0,-0.8,38.3,98.9,10.6,13.8,8.9,-12.3
2024-01-19,-10.3,-3.4,-244.0,-52.6,822.1,36.9,47.3,53.0,80.5,-70.0,-0.8,38.3,98.9,10.6,13.8,8.9,-12.3
2024-01-26,-10.3,-3.4,-244.0,-52.6,822.1,36.9,47.3,53.0,80.5,-70.0,-0.8,38.3,98.9,10.6,13.8,8.9,-12.3
2024-02-02,2.6,-2.2,-243.5,-51.4,813.9,35.0,45.3,55.4,80.7,-55.1,-2.0,86.5,102.8,11.4,14.2,9.9,-13.2
2024-02-09,2.6,-2.2,-243.5,-51.4,813.9,35.0,45.3,55.4,80.7,-55.1,-2.0,86.5,102.8,11.4,14.2,9.9,-13.2
2024-02-16,2.6,-2.2,-243.5,-51.4,813.9,35.0,45.3,55.4,80.7,-55.1,-2.0,86.5,102.8,11.4,14.2,9.9,-13.2
2024-02-23,2.6,-2.2,-243.5,-51.4,813.9,35.0,45.3,55.4,80.7,-55.1,-2.0,86.5,102.8,11.4,14.2,9.9,-13.2
2024-03-01,11.8,-1.9,-246.4,-51.1,842.9,30.4,43.0,54.3,86.2,-50.9,-1.0,104.8,105.4,11.1,14.6,11.3,-12.7
2024-03-08,11.8,-1.9,-246.4,-51.1,842.9,30.4,43.0,54.3,86.2,-50.9,-1.0,104.8,105.4,11.1,14.6,11.3,-12.7
2024-03-15,11.8,-1.9,-246.4,-51.1,842.9,30.4,43.0,54.3,86.2,-50.9,-1.0,104.8,105.4,11.1,14.6,11.3,-12.7
2024-03-22,11.8,-1.9,-246.4,-51.1,842.9,30.4,43.0,54.3,86.2,-50.9,-1.0,104.8,105.4,11.1,14.6,11.3,-12.7
2024-03-29,11.8,-1.9,-246.4,-51.1,842.9,30.4,43.0,54.3,86.2,-50.9,-1.0,104.8,105.4,11.1,14.6,11.3,-12.7
2024-04-05,21.0,-6.1,-242.8,-49.4,824.4,32.2,40.1,52.9,90.7,-42.9,-2.8,113.3,101.8,10.6,14.4,11.8,-12.3
2024-04-12,21.0,-6.1,-242.8,-49.4,824.4,32.2,40.1,52.9,90.7,-42.9,-2.8,113.3,101.8,10.6,14.4,11.8,-12.3
2024-04-19,21.0,-6.1,-242.8,-49.4,824.4,32.2,40.1,52.9,90.7,-42.9,-2.8,113.3,101.8,10.6,14.4,11.8,-12.3
2024-04-26,21.0,-6.1,-242.8,-49.4,824.4,32.2,40.1,52.9,90.7,-42.9,-2.8,113.3,101.8,10.6,14.4,11.8,-12.3
2024-05-03,24.8,-6.6,-247.6,-49.3,811.2,31.0,39.1,51.8,90.4,-42.8,-4.6,140.6,102.3,10.6,15.5,12.3,-15.1
2024-05-10,24.8,-6.6,-247.6,-49.3,811.2,31.0,39.1,51.8,90.4,-42.8,-4.6,140.6,102.3,10.6,15.5,12.3,-15.1
2024-05-17,24.8,-6.6,-247.6,-49.3,811.2,31.0,39.1,51.8,90.4,-42.8,-4.6,140.6,102.3,10.6,15.5,12.3,-15.1
2024-05-24,24.8,-6.6,-247.6,-49.3,811.2,31.0,39.1,51.8,90.4,-42.8,-4.6,140.6,102.3,10.6,15.5,12.3,-15.1
2024-05-31,31.9,-4.3,-247.1,-49.6,827.5,33.5,37.8,51.0,91.6,-40.6,-4.1,146.3,99.6,9.5,16.2,11.6,-14.0
2024-06-07,31.9,-4.3,-247.1,-49.6,827.5,33.5,37.8,51.0,91.6,-40.6,-4.1,146.3,99.6,9.5,16.2,11.6,-14.0
2024-06-14,31.9,-4.3,-247.1,-49.6,827.5,33.5,37.8,51.0,91.6,-40.6,-4.1,146.3,99.6,9.5,16.2,11.6,-14.0
2024-06-21,31.9,-4.3,-247.1,-49.6,827.5,33.5,37.8,51.0,91.6,-40.6,-4.1,146.3,99.6,9.5,16.2,11.6,-14.0
2024-06-28,31.9,-4.3,-247.1,-49.6,827.5,33.5,37.8,51.0,91.6,-40.6,-4.1,146.3,99.6,9.5,16.2,11.6,-14.0
2024-07-05,38.9,-4.2,-248.8,-50.0,857.0,32.6,34.6,48.7,90.3,-39.4,-0.9,153.5,95.8,7.5,16.8,11.1,-16.2
2024-07-12,38.9,-4.2,-248.8,-50.0,857.0,32.6,34.6,48.7,90.3,-39.4,-0.9,153.5,95.8,7.5,16.8,11.1,-16.2
2024-07-19,38.9,-4.2,-248.8,-50.0,857.0,32.6,34.6,48.7,90.3,-39.4,-0.9,153.5,95.8,7.5,16.8,11.1,-16.2
2024-07-26,38.9,-4.2,-248.8,-50.0,857.0,32.6,34.6,48.7,90.3,-39.4,-0.9,153.5,95.8,7.5,16.8,11.1,-16.2
2024-08-02,40.8,-3.7,-252.9,-50.8,863.0,31.9,32.2,49.0,86.7,-43.0,-0.4,162.3,95.2,6.5,17.5,10.4,-16.6
2024-08-09,40.8,-3.7,-252.9,-50.8,863.0,31.9,32.2,49.0,86.7,-43.0,-0.4,162.3,95.2,6.5,17.5,10.4,-16.6
2024-08-16,40.8,-3.7,-252.9,-50.8,863.0,31.9,32.2,49.0,86.7,-43.0,-0.4,162.3,95.2,6.5,17.5,10.4,-16.6
2024-08-23,40.8,-3.7,-252.9,-50.8,863.0,31.9,32.2,49.0,86.7,-43.0,-0.4,162.3,95.2,6.5,17.5,10.4,-16.6
2024-08-30,40.8,-3.7,-252.9,-50.8,863.0,31.9,32.2,49.0,86.7,-43.0,-0.4,162.3,95.2,6.5,17.5,10.4,-16.6
2024-09-06,43.4,-3.8,-264.5,-51.1,887.4,31.6,29.7,50.3,89.6,-41.6,-2.2,157.1,90.1,4.5,18.4,10.1,-20.3
2024-09-13,43.4,-3.8,-264.5,-51.1,887.4,31.6,29.7,50.3,89.6,-41.6,-2.2,157.1,90.1,4.5,18.4,10.1,-20.3
2024-09-20,43.4,-3.8,-264.5,-51.1,887.4,31.6,29.7,50.3,89.6,-41.6,-2.2,157.1,90.1,4.5,18.4,10.1,-20.3
2024-09-27,43.4,-3.8,-264.5,-51.1,887.4,31.6,29.7,50.3,89.6,-41.6,-2.2,157.1,90.1,4.5,18.4,10.1,-20.3
2024-10-04,46.2,-5.6,-269.1,-52.6,894.0,31.3,27.4,50.4,86.4,-44.1,-4.4,160.8,86.0,3.5,19.5,9.5,-19.1
2024-10-11,46.2,-5.6,-269.1,-52.6,894.0,31.3,27.4,50.4,86.4,-44.1,-4.4,160.8,86.0,3.5,19.5,9.5,-19.1
2024-10-18,46.2,-5.6,-269.1,-52.6,894.0,31.3,27.4,50.4,86.4,-44.1,-4.4,160.8,86.0,3.5,19.5,9.5,-19.1
2024-10-25,46.2,-5.6,-269.1,-52.6,894.0,31.3,27.4,50.4,86.4,-44.1,-4.4,160.8,86.0,3.5,19.5,9.5,-19.1
2024-11-01,47.8,-5.6,-264.9,-54.2,933.9,30.6,27.5,49.5,87.5,-42.7,-6.9,153.5,80.9,2.3,20.3,9.4,-17.6
2024-11-08,47.8,-5.6,-264.9,-54.2,933.9,30.6,27.5,49.5,87.5,-42.7,-6.9,153.5,80.9,2.3,20.3,9.4,-17.6
2024-11-15,47.8,-5.6,-264.9,-54.2,933.9,30.6,27.5,49.5,87.5,-42.7,-6.9,153.5,80.9,2.3,20.3,9.4,-17.6
2024-11-22,47.8,-5.6,-264.9,-54.2,933.9,30.6,27.5,49.5,87.5,-42.7,-6.9,153.5,80.9,2.3,20.3,9.4,-17.6
2024-11-29,47.8,-5.6,-264.9,-54.2,933.9,30.6,27.5,49.5,87.5,-42.7,-6.9,153.5,80.9,2.3,20.3,9.4,-17.6
2024-12-06,49.8,-3.7,-275.5,-54.4,962.1,32.5,28.3,49.8,85.6,-38.1,-7.8,147.5,78.9,1.5,20.4,8.6,-17.5
2024-12-13,49.8,-3.7,-275.5,-54.4,962.1,32.5,28.3,49.8,85.6,-38.1,-7.8,147.5,78.9,1.5,20.4,8.6,-17.5
2024-12-20,49.8,-3.7,-275.5,-54.4,962.1,32.5,28.3,49.8,85.6,-38.1,-7.8,147.5,78.9,1.5,20.4,8.6,-17.5
2024-12-27,49.8,-3.7,-275.5,-54.4,962.1,32.5,28.3,49.8,85.6,-38.1,-7.8,147.5,78.9,1.5,20.4,8.6,-17.5
2025-01-03,51.8,-4.8,-277.3,-54.3,992.6,31.3,30.0,47.3,80.6,-37.5,-5.3,147.0,74.2,0.6,20.8,9.4,-18.5
2025-01-10,51.8,-4.8,-277.3,-54.3,992.6,31.3,30.0,47.3,80.6,-37.5,-5.3,147.0,74.2,0.6,20.8,9.4,-18.5
2025-01-17,51.8,-4.8,-277.3,-54.3,992.6,31.3,30.0,47.3,80.6,-37.5,-5.3,147.0,74.2,0.6,20.8,9.4,-18.5
2025-01-24,51.8,-4.8,-277.3,-54.3,992.6,31.3,30.0,47.3,80.6,-37.5,-5.3,147.0,74.2,0.6,20.8,9.4,-18.5
2025-01-31,49.6,-3.3,-284.2,-54.9,1046.8,32.8,28.7,44.7,88.2,-42.9,-2.0,129.6,70.3,-0.5,20.6,9.7,-18.7
2025-02-07,49.6,-3.3,-284.2,-54.9,1046.8,32.8,28.7,44.7,88.2,-42.9,-2.0,129.6,70.3,-0.5,20.6,9.7,-18.7
2025-02-14,49.6,-3.3,-284.2,-54.9,1046.8,32.8,28.7,44.7,88.2,-42.9,-2.0,129.6,70.3,-0.5,20.6,9.7,-18.7
2025-02-21,49.6,-3.3,-284.2,-54.9,1046.8,32.8,28.7,44.7,88.2,-42.9,-2.0,129.6,70.3,-0.5,20.6,9.7,-18.7
2025-02-28,49.7,-0.7,-279.1,-54.4,1037.0,35.1,29.2,45.8,86.9,-36.4,-3.4,134.8,64.7,-1.9,20.4,8.9,-15.6
2025-03-07,49.7,-0.7,-279.1,-54.4,1037.0,35.1,29.2,45.8,86.9,-36.4,-3.4,134.8,64.7,-1.9,20.4,8.9,-15.6
2025-03-14,49.7,-0.7,-279.1,-54.4,1037.0,35.1,29.2,45.8,86.9,-36.4,-3.4,134.8,64.7,-1.9,20.4,8.9,-15.6
2025-03-21,49.7,-0.7,-279.1,-54.4,1037.0,35.1,29.2,45.8,86.9,-36.4,-3.4,134.8,64.7,-1.9,20.4,8.9,-15.6
2025-03-28,49.7,-0.7,-279.1,-54.4,1037.0,35.1,29.2,45.8,86.9,-36.4,-3.4,134.8,64.7,-1.9,20.4,8.9,-15.6
2025-04-04,50.0,1.5,-285.5,-55.5,1080.3,34.8,32.1,45.2,85.2,-35.1,-4.4,146.6,65.3,-3.4,20.2,9.2,-13.8
2025-04-11,50.0,1.5,-285.5,-55.5,1080.3,34.8,32.1,45.2,85.2,-35.1,-4.4,146.6,65.3,-3.4,20.2,9.2,-13.8
2025-04-18,50.0,1.5,-285.5,-55.5,1080.3,34.8,32.1,45.2,85.2,-35.1,-4.4,146.6,65.3,-3.4,20.2,9.2,-13.8
2025-04-25,50.0,1.5,-285.5,-55.5,1080.3,34.8,32.1,45.2,85.2,-35.1,-4.4,146.6,65.3,-3.4,20.2,9.2,-13.8
2025-05-02,53.5,0.1,-293.4,-54.8,1104.3,32.3,31.6,51.9,86.1,-32.8,-9.0,141.3,64.5,-5.6,20.3,9.7,-9.5
2025-05-09,53.5,0.1,-293.4,-54.8,1104.3,32.3,31.6,51.9,86.1,-32.8,-9.0,141.3,64.5,-5.6,20.3,9.7,-9.5
2025-05-16,53.5,0.1,-293.4,-54.8,1104.3,32.3,31.6,51.9,86.1,-32.8,-9.0,141.3,64.5,-5.6,20.3,9.7,-9.5
2025-05-23,53.5,0.1,-293.4,-54.8,1104.3,32.3,31.6,51.9,86.1,-32.8,-9.0,141.3,64.5,-5.6,20.3,9.7,-9.5
2025-05-30,53.5,0.1,-293.4,-54.8,1104.3,32.3,31.6,51.9,86.1,-32.8,-9.0,141.3,64.5,-5.6,20.3,9.7,-9.5
2025-06-06,55.5,0.7,-293.9,-53.7,1125.5,33.6,29.7,53.4,92.7,-29.5,-12.1,148.8,63.3,-7.1,20.5,9.6,-9.1
2025-06-13,55.5,0.7,-293.9,-53.7,1125.5,33.6,29.7,53.4,92.7,-29.5,-12.1,148.8,63.3,-7.1,20.5,9.6,-9.1
2025-06-20,55.5,0.7,-293.9,-53.7,1125.5,33.6,29.7,53.4,92.7,-29.5,-12.1,148.8,63.3,-7.1,20.5,9.6,-9.1
2025-06-27,55.5,0.7,-293.9,-53.7,1125.5,33.6,29.7,53.4,92.7,-29.5,-12.1,148.8,63.3,-7.1,20.5,9.6,-9.1
2025-07-04,56.3,1.6,-292.1,-53.8,1140.3,35.2,28.6,58.0,100.1,-30.0,-15.4,133.9,62.8,-6.7,20.3,9.4,-6.2
2025-07-11,56.3,1.6,-292.1,-53.8,1140.3,35.2,28.6,58.0,100.1,-30.0,-15.4,133.9,62.8,-6.7,20.3,9.4,-6.2
2025-07-18,56.3,1.6,-292.1,-53.8,1140.3,35.2,28.6,58.0,100.1,-30.0,-15.4,133.9,62.8,-6.7,20.3,9.4,-6.2
2025-07-25,56.3,1.6,-292.1,-53.8,1140.3,35.2,28.6,58.0,100.1,-30.0,-15.4,133.9,62.8,-6.7,20.3,9.4,-6.2
2025-08-01,59.2,3.2,-294.7,-53.3,1152.2,38.7,30.7,59.0,109.6,-27.0,-18.0,127.5,62.3,-6.5,19.6,9.9,-5.0
2025-08-08,59.2,3.2,-294.7,-53.3,1152.2,38.7,30.7,59.0,109.6,-27.0,-18.0,127.5,62.3,-6.5,19.6,9.9,-5.0
2025-08-15,59.2,3.2,-294.7,-53.3,1152.2,38.7,30.7,59.0,109.6,-27.0,-18.0,127.5,62.3,-6.5,19.6,9.9,-5.0
2025-08-22,59.2,3.2,-294.7,-53.3,1152.2,38.7,30.7,59.0,109.6,-27.0,-18.0,127.5,62.3,-6.5,19.6,9.9,-5.0
2025-08-29,59.2,3.2,-294.7,-53.3,1152.2,38.7,30.7,59.0,109.6,-27.0,-18.0,127.5,62.3,-6.5,19.6,9.9,-5.0
2025-09-05,62.0,0.8,-285.6,-52.9,1161.6,41.5,33.2,58.4,114.9,-23.9,-21.1,127.6,63.7,-6.5,20.0,10.3,-1.1
2025-09-12,62.0,0.8,-285.6,-52.9,1161.6,41.5,33.2,58.4,114.9,-23.9,-21.1,127.6,63.7,-6.5,20.0,10.3,-1.1
2025-09-19,62.0,0.8,-285.6,-52.9,1161.6,41.5,33.2,58.4,114.9,-23.9,-21.1,127.6,63.7,-6.5,20.0,10.3,-1.1
2025-09-26,62.0,0.8,-285.6,-52.9,1161.6,41.5,33.2,58.4,114.9,-23.9,-21.1,127.6,63.7,-6.5,20.0,10.3,-1.1
2025-10-03,65.1,1.7,-293.0,-52.5,1168.6,42.6,35.0,59.0,120.1,-23.4,-19.7,129.7,61.8,-7.0,20.0,10.0,-2.0
2025-10-10,65.1,1.7,-293.0,-52.5,1168.6,42.6,35.0,59.0,120.1,-23.4,-19.7,129.7,61.8,-7.0,20.0,10.0,-2.0
2025-10-17,65.1,1.7,-293.0,-52.5,1168.6,42.6,35.0,59.0,120.1,-23.4,-19.7,129.7,61.8,-7.0,20.0,10.0,-2.0
2025-10-24,65.1,1.7,-293.0,-52.5,1168.6,42.6,35.0,59.0,120.1,-23.4,-19.7,129.7,61.8,-7.0,20.0,10.0,-2.0
2025-10-31,67.9,-1.0,-308.5,-50.8,1160.9,42.3,37.1,61.5,134.9,-21.7,-19.9,138.3,64.4,-6.7,20.8,9.8,-1.2
2025-11-07,67.9,-1.0,-308.5,-50.8,1160.9,42.3,37.1,61.5,134.9,-21.7,-19.9,138.3,64.4,-6.7,20.8,9.8,-1.2
2025-11-14,67.9,-1.0,-308.5,-50.8,1160.9,42.3,37.1,61.5,134.9,-21.7,-19.9,138.3,64.4,-6.7,20.8,9.8,-1.2
2025-11-21,67.9,-1.0,-308.5,-50.8,1160.9,42.3,37.1,61.5,134.9,-21.7,-19.9,138.3,64.4,-6.7,20.8,9.8,-1.2
2025-11-28,67.9,-1.0,-308.5,-50.8,1160.9,42.3,37.1,61.5,134.9,-21.7,-19.9,138.3,64.4,-6.7,20.8,9.8,-1.2
2025-12-05,71.8,-3.5,-301.1,-49.9,1173.4,40.6,35.2,63.2,143.1,-18.9,-21.2,135.5,63.4,-6.4,21.6,9.2,0.2
2025-12-12,71.8,-3.5,-301.1,-49.9,1173.4,40.6,35.2,63.2,143.1,-18.9,-21.2,135.5,63.4,-6.4,21.6,9.2,0.2
2025-12-19,71.8,-3.5,-301.1,-49.9,1173.4,40.6,35.2,63.2,143.1,-18.9,-21.2,135.5,63.4,-6.4,21.6,9.2,0.2
2025-12-26,71.8,-3.5,-301.1,-49.9,1173.4,40.6,35.2,63.2,143.1,-18.9,-21.2,135.5,63.4,-6.4,21.6,9.2,0.2
2026-01-02,77.4,-3.7,-305.5,-49.7,1180.2,41.1,36.3,62.1,156.4,-19.1,-23.2,132.7,68.1,-6.9,23.8,9.3,0.8
2026-01-09,77.4,-3.7,-305.5,-49.7,1180.2,41.1,36.3,62.1,156.4,-19.1,-23.2,132.7,68.1,-6.9,23.8,9.3,0.8
2026-01-16,77.4,-3.7,-305.5,-49.7,1180.2,41.1,36.3,62.1,156.4,-19.1,-23.2,132.7,68.1,-6.9,23.8,9.3,0.8
2026-01-23,77.4,-3.7,-305.5,-49.7,1180.2,41.1,36.3,62.1,156.4,-19.1,-23.2,132.7,68.1,-6.9,23.8,9.3,0.8
2026-01-30,77.4,-3.7,-305.5,-49.7,1180.2,41.1,36.3,62.1,156.4,-19.1,-23.2,132.7,68.1,-6.9,23.8,9.3,0.8
2026-02-06,88.2,-5.5,-316.8,-49.0,1162.9,38.5,40.9,69.5,165.3,-8.9,-28.0,134.5,69.5,-6.8,25.1,8.8,-0.5
2026-02-13,88.2,-5.5,-316.8,-49.0,1162.9,38.5,40.9,69.5,165.3,-8.9,-28.0,134.5,69.5,-6.8,25.1,8.8,-0.5
2026-02-20,88.2,-5.5,-316.8,-49.0,1162.9,38.5,40.9,69.5,165.3,-8.9,-28.0,134.5,69.5,-6.8,25.1,8.8,-0.5
2026-02-27,88.2,-5.5,-316.8,-49.0,1162.9,38.5,40.9,69.5,165.3,-8.9,-28.0,134.5,69.5,-6.8,25.1,8.8,-0.5
2026-03-06,99.9,-10.7,-329.5,-50.1,1221.6,36.7,42.3,68.6,171.4,-12.4,-31.1,118.9,73.9,-6.9,25.8,8.9,-2.6
2026-03-13,99.9,-10.7,-329.5,-50.1,1221.6,36.7,42.3,68.6,171.4,-12.4,-31.1,118.9,73.9,-6.9,25.8,8.9,-2.6
2026-03-20,99.9,-10.7,-329.5,-50.1,1221.6,36.7,42.3,68.6,171.4,-12.4,-31.1,118.9,73.9,-6.9,25.8,8.9,-2.6
2026-03-27,99.9,-10.7,-329.5,-50.1,1221.6,36.7,42.3,68.6,171.4,-12.4,-31.1,118.9,73.9,-6.9,25.8,8.9,-2.6
2026-04-03,121.8,-15.3,-328.4,-50.6,1169.7,35.7,42.9,72.7,185.8,-12.0,-28.0,86.3,72.7,-6.8,27.2,8.6,0.0
2026-04-10,121.8,-15.3,-328.4,-50.6,1169.7,35.7,42.9,72.7,185.8,-12.0,-28.0,86.3,72.7,-6.8,27.2,8.6,0.0
2026-04-17,121.8,-15.3,-328.4,-50.6,1169.7,35.7,42.9,72.7,185.8,-12.0,-28.0,86.3,72.7,-6.8,27.2,8.6,0.0
2026-04-24,121.8,-15.3,-328.4,-50.6,1169.7,35.7,42.9,72.7,185.8,-12.0,-28.0,86.3,72.7,-6.8,27.2,8.6,0.0
2026-05-01,140.7,-22.3,-329.7,-53.0,1158.4,35.6,49.0,74.7,192.7,-9.1,-20.4,69.1,75.7,-7.0,27.0,7.7,4.6
2026-05-08,140.7,-22.3,-329.7,-53.0,1158.4,35.6,49.0,74.7,192.7,-9.1,-20.4,69.1,75.7,-7.0,27.0,7.7,4.6
2026-05-15,140.7,-22.3,-329.7,-53.0,1158.4,35.6,49.0,74.7,192.7,-9.1,-20.4,69.1,75.7,-7.0,27.0,7.7,4.6
2026-05-22,140.7,-22.3,-329.7,-53.0,1158.4,35.6,49.0,74.7,192.7,-9.1,-20.4,69.1,75.7,-7.0,27.0,7.7,4.6
2026-05-29,140.7,-22.3,-329.7,-53.0,1158.4,35.6,49.0,74.7,192.7,-9.1,-20.4,69.1,75.7,-7.0,27.0,7.7,4.6
2026-06-05,160.6,-29.5,-335.4,-54.9,1161.0,29.7,59.1,73.3,198.0,-7.0,-13.2,44.6,76.3,-7.0,27.7,8.3,5.6
2026-06-12,160.6,-29.5,-335.4,-54.9,1161.0,29.7,59.1,73.3,198.0,-7.0,-13.2,44.6,76.3,-7.0,27.7,8.3,5.6
2026-06-19,160.6,-29.5,-335.4,-54.9,1161.0,29.7,59.1,73.3,198.0,-7.0,-13.2,44.6,76.3,-7.0,27.7,8.3,5.6
2026-06-26,160.6,-29.5,-335.4,-54.9,1161.0,29.7,59.1,73.3,198.0,-7.0,-13.2,44.6,76.3,-7.0,27.7,8.3,5.6
