date,CNH,IDR,INR,MYR,PHP,SGD,THB,TWD,KRW
2011-01-07,,5.31637,6.80792,,0.0,-0.069355,-0.295992,-0.814121,1.94169
2011-01-14,,5.85171,6.6147,,0.544155,-0.083864,0.236787,-0.80345,2.17462
2011-01-21,,6.40444,6.78176,,2.73145,-0.079401,0.451101,-0.718787,2.04753
2011-01-28,,5.30853,6.26505,,2.19897,-0.074939,0.193252,-0.639288,2.23125
2011-02-04,,5.61053,6.01431,,2.21495,-0.103582,0.704016,-0.659361,2.2249
2011-02-11,,5.43651,5.93624,,1.51713,-0.121513,1.12516,-0.615099,1.87683
2011-02-18,,5.40413,6.38244,,0.2772,-0.197406,1.18186,-0.732523,1.79493
2011-02-25,,5.99478,8.41246,,1.38103,-0.159895,1.13199,-0.763777,2.31458
2011-03-04,,5.95851,7.01679,,1.04495,-0.189245,1.58648,-0.732883,2.33945
2011-03-11,,6.18439,7.93791,,1.87262,-0.122558,1.83007,-0.727747,2.15567
2011-03-18,,6.76921,9.53637,,2.00865,-0.159682,1.59359,-0.787828,2.25979
2011-03-25,,6.376,8.65307,,0.24965,-0.133115,1.51689,-0.710374,2.1755
2011-04-01,,5.66125,7.01012,,2.09551,-0.01902,1.78823,-0.695152,2.22203
2011-04-08,,5.98651,7.31138,,1.47491,-0.07633,2.01538,-0.661155,2.1254
2011-04-15,,6.19743,7.45985,,2.44076,-0.067427,2.00897,-0.556724,2.22481
2011-04-22,,6.14758,13.08,,5.52728,1.73594,0.987224,-1.341,1.3964
2011-04-29,,6.85972,7.48637,,1.9799,0.019573,2.47582,-0.230216,2.4915
2011-05-06,,6.84942,7.04911,,3.10637,-0.009707,2.40791,-0.209037,2.74794
2011-05-13,,6.87792,7.93168,,2.81738,0.029055,2.42089,-0.313673,2.51273
2011-05-20,,6.51166,6.60395,,2.81771,-0.029158,2.30576,-0.229268,2.57894
2011-05-27,,6.49092,6.28145,,2.63272,0.009701,2.3575,-0.270305,2.46636
2011-06-03,,6.3705,6.68169,,2.81309,-0.019468,2.74365,-0.209132,2.41499
2011-06-10,,6.22881,6.91697,,3.02306,-0.038945,2.61769,-0.124989,2.23945
2011-06-17,,5.79709,6.74105,,3.3462,-0.02902,2.27647,-0.31024,1.95102
2011-06-24,,5.8695,6.37907,,3.40967,-0.029111,2.43258,-0.414607,2.30419
2011-07-01,,5.68589,7.00283,,3.47272,-0.029351,2.66838,-0.374837,2.44602
2011-07-08,,4.67445,6.90856,,3.016,-0.029524,3.14006,-0.291651,2.52655
2011-07-15,,5.32157,7.52099,,3.88111,-0.019698,3.15222,-0.186808,2.63999
2011-07-22,,5.25772,6.79044,,3.93141,-0.019841,3.18493,-0.311912,2.77252
2011-07-29,,5.12635,6.938,,3.10454,-0.079589,3.06908,-0.249407,2.7078
2011-08-05,,4.14203,5.70379,,1.56108,-0.059008,2.94632,-0.28987,2.73176
2011-08-12,,4.071,1.76522,,1.60188,-0.148224,2.43355,-0.619182,2.24668
2011-08-19,,3.70879,2.21922,,0.847502,-0.118674,2.95433,-0.988443,2.06068
2011-08-26,,3.4902,2.90457,,0.028292,-0.099284,3.2468,-0.802609,2.18464
2011-09-02,,3.50038,2.47788,,-0.21339,-0.219049,3.04571,-0.577526,2.56976
2011-09-09,,2.47651,4.61865,,0.141201,0.029495,3.07752,-0.614521,2.70648
2011-09-16,,4.52296,4.77845,,2.02832,-0.058012,2.6986,-0.889167,2.28883
2011-09-23,,5.24741,5.48609,,2.155,0.037036,2.06271,-1.27555,2.38485
2011-09-30,,3.51699,5.65448,,2.21777,-0.064773,2.47384,-0.70648,2.57652
2011-10-07,,4.01638,5.43408,,3.00301,-0.055614,3.05208,-0.764871,2.62765
2011-10-14,,3.50993,5.77176,,2.66013,-0.066129,2.80972,-0.907471,2.46669
2011-10-21,,4.48654,6.51852,,2.65611,0.02815,2.9345,-0.887911,2.53921
2011-10-28,,4.08096,6.25412,,2.26069,0.0,3.10774,-0.760948,2.74885
2011-11-04,,4.795,6.85115,,3.02039,-0.009463,3.07834,-0.578057,2.90093
2011-11-11,,3.95023,6.75271,,2.99141,0.018625,2.76208,-0.693541,2.85946
2011-11-18,,3.92705,6.59616,,3.28266,0.02776,2.68539,-0.711694,2.39664
2011-11-25,,3.70589,6.27495,,3.72241,0.027384,2.61371,-0.68793,2.39562
2011-12-02,,4.06725,7.24698,,2.42573,-0.018695,2.65962,-0.83264,2.79264
2011-12-09,,3.84515,7.39382,,3.16602,0.046155,2.69199,-0.830815,2.54044
2011-12-16,,4.12698,7.80806,,2.4221,0.147373,2.31121,-0.768021,2.62017
2011-12-23,,4.18647,9.26857,,2.37102,0.083601,2.71696,-0.710909,2.47949
2011-12-30,,3.90612,8.53017,,1.65418,0.120052,2.98546,-0.809426,2.79561
2012-01-06,,3.62114,7.94985,,3.10133,0.102073,2.64117,-0.672676,2.45221
2012-01-13,,3.69552,9.17345,,3.05886,-0.009322,2.57671,-0.638519,2.6443
2012-01-20,,3.82164,9.87865,,3.2072,0.0,2.59778,-0.639082,2.78566
2012-01-27,,3.25745,9.21243,,3.26734,-0.009545,2.62089,-0.639082,2.704
2012-02-03,,3.39623,8.419,,2.89589,-0.009632,2.6319,-0.506777,2.82603
2012-02-10,,3.25285,8.59351,,3.15086,0.009558,2.56039,-0.446134,2.53829
2012-02-17,,3.0416,8.80529,,2.85152,-0.009513,2.50392,-0.425449,2.47988
2012-02-24,,3.43604,9.03012,,2.93695,-0.009563,2.46014,-0.384891,2.53453
2012-03-02,,3.69552,10.7636,,3.49871,0.009594,2.98833,-0.244341,2.88802
2012-03-09,,3.80982,10.2665,,3.21698,0.0,2.84165,-0.203273,2.82705
2012-03-16,,3.87891,9.97656,,3.36519,0.066571,2.53072,-0.182597,2.80658
2012-03-23,,3.79924,10.8841,,3.11553,0.047565,2.44693,-0.162176,2.83714
2012-03-30,,3.62083,8.4753,,2.68773,-0.00955,2.40347,-0.162511,2.84297
2012-04-06,,3.68314,8.63534,,3.09888,-0.038096,2.40562,-0.182897,2.80312
2012-04-13,,4.07642,8.48514,,3.15184,-0.028855,2.36132,-0.1625,2.62152
2012-04-20,,3.65298,8.46496,,3.17045,-0.038389,2.37304,-0.162599,2.44919
2012-04-27,,3.75076,9.1393,,3.01359,-0.0483,2.69729,-0.184132,2.72924
2012-05-04,,3.77617,8.20409,,3.04633,0.0,2.64313,-0.163876,2.41259
2012-05-11,,3.85528,7.88016,,3.13073,-0.019177,2.52721,-0.36671,2.54089
2012-05-18,,4.16757,7.82708,,3.10825,-0.018832,2.62779,-0.26316,2.43118
2012-05-25,,4.93121,7.96641,,3.10008,-0.028149,2.61139,-0.323553,2.50867
2012-06-01,,4.11182,7.67053,,2.8702,-0.204761,2.2286,-0.220343,2.62945
2012-06-08,,4.61471,7.39995,,3.02129,0.0,2.41807,-0.259985,2.58262
2012-06-15,,4.47725,7.08418,,2.91949,0.0,2.32703,-0.300378,2.44636
2012-06-22,,4.3909,7.50332,,3.15462,0.014088,2.5763,-0.240064,2.67713
2012-06-29,,4.85111,8.23576,,2.92932,0.028333,2.52,-0.240658,2.59732
2012-07-06,,5.02549,8.01927,,2.68774,0.0,2.49368,-0.280495,2.50671
2012-07-13,,6.11563,7.95972,,1.52502,-0.009453,2.53481,-0.279557,2.21286
2012-07-20,1.73703,4.8541,7.89305,,1.58756,-0.009566,2.72279,-0.279869,2.33804
2012-07-27,1.58114,4.9176,7.72345,,1.2237,0.009581,2.82939,-0.239,2.50576
2012-08-03,1.94426,5.25132,8.10649,,1.15259,-0.009622,2.7488,-0.239928,2.56768
2012-08-10,2.47862,5.18386,7.96529,,0.646453,0.009628,2.69994,-0.160045,2.52342
2012-08-17,3.39905,5.50844,8.5949,,0.638126,0.0,2.6774,-0.139878,2.46065
2012-08-24,3.23621,5.49687,8.08341,,0.899849,0.028777,2.64182,-0.119994,2.407
2012-08-31,4.33338,5.20243,7.69404,,1.26214,0.028788,2.51661,-0.100118,2.24375
2012-09-07,2.48752,5.18993,7.52239,,0.64972,0.019355,2.60504,-0.100537,2.14412
2012-09-14,3.1292,4.70542,6.89815,,0.072462,0.019647,2.58371,-0.081472,2.11503
2012-09-21,3.57287,4.61484,6.84311,,0.751496,0.0,2.77658,-0.081791,2.00147
2012-09-28,3.58013,4.93058,8.02738,,0.73602,0.029398,2.64402,-0.040929,1.96086
2012-10-05,3.43356,4.92585,7.9638,,0.959679,0.009774,2.79226,-0.061446,1.96099
2012-10-12,2.81046,5.45688,7.3959,,0.799148,0.0,2.73381,-0.061563,2.01614
2012-10-19,3.56871,4.92401,7.15092,,0.290205,-0.049185,2.63314,-0.06152,2.03067
2012-10-26,3.32069,4.91746,7.39348,,0.422891,0.00982,2.56628,-0.082002,1.87564
2012-11-02,3.31812,4.65171,7.44027,,0.467073,0.039279,2.36987,-0.143552,1.99813
2012-11-09,2.72932,4.38944,7.53811,,0.336653,0.019617,2.3338,-0.10323,1.89164
2012-11-16,2.28291,4.19165,7.01355,,0.874311,0.078217,2.2878,-0.102681,1.60476
2012-11-23,1.84588,4.10113,6.74209,,0.409875,0.088206,2.22876,-0.102961,1.61365
2012-11-30,3.01453,4.14186,7.21718,,-1.02232,0.00983,2.17079,-0.082574,1.78758
2012-12-07,3.24563,4.51927,7.35721,,-0.219586,-0.054036,2.33226,-0.082565,1.78958
2012-12-14,3.81713,4.1817,7.50207,,-0.291651,0.083519,2.1355,-0.082606,1.68772
2012-12-21,2.72499,4.24291,8.05993,,-1.01799,0.127939,2.2761,-0.123854,2.14302
2012-12-28,2.66329,4.57574,7.98819,,-1.30717,0.103053,2.25685,-0.10326,2.49403
2013-01-04,1.74204,4.24179,7.09407,,-0.58515,0.083016,2.22677,-0.124057,2.33747
2013-01-11,2.48143,4.18833,7.54677,,-2.30973,0.073446,2.46507,-0.124271,2.29941
2013-01-18,2.02518,3.99663,7.71486,,-0.368924,0.063622,2.42369,-0.124284,2.35177
2013-01-25,1.8605,3.85836,7.5697,,-0.221069,0.048831,2.33344,-0.144064,2.31405
2013-02-01,3.03502,3.76132,6.96796,,0.339552,0.057993,2.13325,-0.202477,2.09773
2013-02-08,1.66055,3.78823,7.34513,,0.191909,0.00969,2.11489,-0.181942,2.04498
2013-02-15,1.45705,3.62685,7.48938,,-0.059091,0.029147,1.97683,-0.181942,2.13535
2013-02-22,1.4628,3.80354,7.78102,,0.118043,0.029081,2.08905,-0.242898,2.17884
2013-03-01,2.0753,4.55644,8.68135,,0.132808,0.019396,2.33384,-0.303523,2.35223
2013-03-08,2.39554,4.87621,8.8967,,0.147592,-0.019261,2.31325,-0.262739,2.39215
2013-03-15,1.9794,4.60792,9.92627,,-0.250881,-0.048009,2.35937,-0.342768,2.45873
2013-03-22,2.21708,4.65376,9.25347,,-0.11744,0.009598,2.34071,-0.541176,2.38417
2013-03-29,1.75397,4.79482,7.97774,,-0.878579,-0.038684,2.29806,-0.819579,2.06861
2013-04-05,1.78527,4.77724,8.17515,,0.2919,-0.019359,2.03477,-0.820631,1.70993
2013-04-12,1.44469,4.54016,7.77357,,-0.072668,-0.029075,2.50946,-0.480079,1.7675
2013-04-19,1.24106,4.21842,7.60369,,0.043836,-0.009714,2.41203,-0.442129,1.67908
2013-04-26,1.51884,4.59969,7.77991,,1.17058,-0.019391,2.24461,-0.46447,1.35735
2013-05-03,1.27437,4.59174,7.47151,,0.957724,0.009725,2.06486,-0.385529,1.76401
2013-05-10,2.35917,4.55964,7.26759,,1.07039,-0.019395,2.13869,-0.344121,1.74963
2013-05-17,2.9302,4.80432,7.31403,,1.31866,0.01911,2.17429,-0.299897,1.84252
2013-05-24,2.50611,4.83008,7.36802,,1.27664,0.028444,2.14578,-0.300493,1.55455
2013-05-31,2.38846,4.49716,7.25813,,1.1128,0.009505,2.04474,-0.380351,1.98292
2013-06-07,2.94278,4.43575,6.78406,,1.07056,-0.077109,2.17437,-0.342687,1.84156
2013-06-14,3.3979,4.90575,6.72851,,0.210459,-0.057507,1.86463,-0.441316,1.82594
2013-06-21,4.91213,4.62348,6.88554,,0.646924,0.0,1.8953,-0.398604,1.73198
2013-06-28,3.91066,3.0649,6.91258,,0.515101,-0.075977,2.09446,-0.279911,1.96129
2013-07-05,2.62354,5.1254,7.32909,,-0.138169,-0.056357,2.02171,-0.398863,1.80052
2013-07-12,2.37989,5.41383,7.00155,,-0.276148,-0.066462,2.11258,-0.400681,1.8293
2013-07-19,2.73181,5.74098,8.60569,,-0.165887,-0.037899,2.22239,-0.440337,1.9971
2013-07-26,2.22311,5.45337,10.6808,,-0.041558,-0.018992,2.18053,-0.440484,2.12637
2013-08-02,2.38513,5.62506,10.337,,0.110122,-0.018803,2.14348,-0.359556,2.15698
2013-08-09,2.15988,5.62366,10.4776,,-0.041291,-0.009531,2.27041,-0.360378,2.17921
2013-08-16,2.1325,5.6275,10.7046,,-0.164748,-0.018911,2.22832,-0.360198,2.28655
2013-08-23,1.98002,5.00705,10.4603,,-0.338342,0.046814,2.15959,-0.399626,2.2248
2013-08-30,2.45002,5.57725,10.5877,,0.134612,-0.028268,2.15723,-0.500111,2.40437
2013-09-06,1.81063,5.33419,10.3518,,0.310746,-0.009381,2.18661,-0.422389,2.44048
2013-09-13,1.42305,6.09024,10.9851,,-0.681777,-0.018909,2.18735,-0.443622,2.39944
2013-09-20,1.03609,6.24451,10.1308,,-1.65981,-0.033681,2.25453,-0.604888,2.40615
2013-09-27,1.02456,6.80819,11.3966,,-0.552421,-0.033444,2.25117,-0.72841,2.60118
2013-10-04,1.03646,6.42788,10.6888,,-1.17771,-0.009626,2.3236,-0.611266,2.49462
2013-10-11,0.897817,6.91472,9.76268,,-0.485703,-0.028856,2.16752,-0.610406,2.43482
2013-10-18,0.900134,6.49152,9.81969,,-2.06949,-0.009691,2.245,-0.732722,2.40155
2013-10-25,1.0819,6.57799,9.55364,,-2.07091,-0.019417,2.38795,-1.17775,2.45685
2013-11-01,1.0795,6.14961,8.64239,,-0.829966,-0.019318,2.36058,-0.69157,2.63319
2013-11-08,1.10104,6.71904,8.99252,,-0.485142,-0.019302,2.25872,-0.77221,2.62268
2013-11-15,1.08151,6.5393,9.18623,,-0.891143,-0.009609,2.12739,-0.768501,2.45323
2013-11-22,0.981855,7.15018,9.45319,,-1.62911,0.0,2.20796,-0.949528,2.46059
2013-11-29,0.979782,6.93196,9.44393,,-2.10394,-0.009565,1.74288,-1.43002,2.52329
2013-12-06,0.813326,6.66559,9.43219,,-2.42985,0.009569,1.72028,-1.75068,2.40791
2013-12-13,0.703754,6.68427,9.51919,,-1.21641,0.0,1.88822,-2.74122,2.12937
2013-12-20,0.883,6.57722,9.46433,,-1.73918,0.018942,1.9102,-1.51319,2.1698
2013-12-27,0.524901,6.29193,9.71755,,-0.539415,0.009476,1.74822,-1.78697,2.53321
2014-01-03,0.90662,6.13133,8.73579,,0.201799,-0.009472,1.86925,-1.07624,2.47274
2014-01-10,1.06861,6.60562,9.55767,,-0.335055,-0.018899,2.2577,-0.954757,2.40046
2014-01-17,2.05157,6.48803,9.15849,,-0.039979,0.0,2.0203,-1.07179,2.34616
2014-01-24,1.51164,6.38655,8.71837,,0.610841,0.018771,2.07394,-1.10607,2.41443
2014-01-31,1.1492,5.90334,8.13789,,0.597393,0.0,1.91634,-1.14258,2.20824
2014-02-07,0.959217,5.77231,8.30443,,-0.199839,-0.009456,1.99207,-1.06436,2.14308
2014-02-14,0.697973,5.88672,8.56733,,0.403022,-0.009514,1.97094,-0.985699,2.10774
2014-02-21,1.0104,5.76743,8.53063,,0.18863,0.0,1.91612,-1.06384,2.03364
2014-02-28,1.6396,6.65528,9.68327,,0.363548,0.0,2.04106,-1.14256,2.2142
2014-03-07,1.17655,6.7012,11.2013,,0.637131,-0.009497,1.97993,-1.04622,2.22864
2014-03-14,1.34447,6.86483,11.6958,,1.1063,-0.009477,1.85314,-0.886657,1.97515
2014-03-21,0.942126,6.65573,10.4139,,1.41304,0.009416,1.84055,-0.840037,1.96141
2014-03-28,0.853949,6.52542,10.0173,,0.939643,0.019017,1.63499,-1.07662,1.92456
2014-04-04,1.2809,6.3822,8.91246,,1.08645,-0.014233,1.61565,-0.946645,1.89572
2014-04-11,1.18461,6.71601,8.86014,,0.720036,-0.028853,1.74171,-0.973526,1.81189
2014-04-18,1.25075,6.4345,8.61817,,0.84035,-0.028733,1.69129,-0.891488,1.68801
2014-04-25,1.38957,6.51256,8.79446,,0.782186,-0.004772,1.67527,-1.00613,1.68352
2014-05-02,1.40913,6.5399,8.48778,,0.703381,0.009578,1.68024,-0.892121,2.11674
2014-05-09,1.19115,6.64555,8.62314,,0.206381,0.0,1.55798,-0.833397,2.00959
2014-05-16,1.6974,6.603,8.76374,,0.618325,-0.009582,1.5616,-0.773007,1.95073
2014-05-23,2.19601,6.89562,8.85354,,0.564902,0.0,1.55725,-0.61603,1.83061
2014-05-30,2.41704,6.36257,8.49211,,0.481002,0.019141,1.62019,-0.618539,1.83848
2014-06-06,2.36743,6.41988,8.60822,,0.551311,0.0,1.72702,-0.617718,1.83803
2014-06-13,2.83859,6.44482,8.69006,,0.494323,-0.009613,1.62458,-0.618303,1.60325
2014-06-20,3.26553,6.49907,8.72558,,0.632177,0.0,1.71361,-0.379339,1.53911
2014-06-27,2.88467,7.26981,8.98185,,0.673996,0.0,1.90118,-0.34057,1.54997
2014-07-04,3.17772,6.77423,9.04049,,0.872938,-0.009626,1.73642,-0.400948,1.61742
2014-07-11,3.16683,6.83566,10.2892,,0.899104,-0.01933,1.74784,-0.360096,1.72107
2014-07-18,3.29892,6.76589,8.93323,,0.91352,0.009667,1.7679,-0.339731,1.82174
2014-07-25,2.88669,6.85151,8.39488,,0.597473,-0.009666,1.82297,-0.299802,1.88766
2014-08-01,3.15157,6.839,9.03448,,0.922419,0.009607,1.70729,-0.2596,2.16182
2014-08-08,3.3328,6.49335,9.08977,,0.791436,0.009583,1.71117,-0.179837,1.92709
2014-08-15,3.12802,6.45344,9.4908,,0.869425,0.019286,1.76484,-0.199987,1.83694
2014-08-22,2.70327,6.50645,9.00676,,0.906567,0.048091,1.76192,-0.319882,1.72311
2014-08-29,2.95683,6.60373,10.1323,,1.03701,0.038474,1.74282,-0.240613,1.78975
2014-09-05,3.08882,6.24545,8.69072,,1.09108,0.038252,1.67682,-0.380193,1.89073
2014-09-12,2.83229,6.23833,8.74716,,1.02971,0.042757,1.61431,-0.439077,1.69376
2014-09-19,3.85652,6.34129,9.8095,,1.09985,0.047366,1.76568,-0.257789,1.79528
2014-09-26,2.95043,6.36561,8.63164,,0.916271,0.08031,1.75169,-0.336131,1.62065
2014-10-03,3.00237,6.50434,9.17606,,0.794114,0.018847,1.76856,-0.23657,1.82392
2014-10-10,3.00006,6.31789,8.52911,,0.860808,0.018859,1.789,-0.217164,1.69456
2014-10-17,3.14136,6.35859,8.39858,,0.844844,0.018856,1.77393,-0.334846,1.53076
2014-10-24,3.13918,6.33797,8.34073,,1.03614,0.009402,1.83897,-0.452945,1.48537
2014-10-31,3.13279,6.07079,7.86862,,1.23704,0.08425,1.65358,-0.315162,1.46948
2014-11-07,3.58743,5.97347,7.66189,,1.43475,0.194866,1.73948,-0.293726,1.54714
2014-11-14,3.31794,5.95464,8.12004,,1.54623,0.185207,1.78601,-0.293296,1.59246
2014-11-21,3.42097,6.90131,8.40855,,1.97837,0.184878,1.89963,-0.290489,1.73736
2014-11-28,3.76346,6.32162,8.07391,,2.2407,0.387307,1.97315,-0.367744,1.74676
2014-12-05,4.28449,6.16855,8.32743,,1.91647,0.365199,1.82091,-0.134926,1.84677
2014-12-12,4.72475,6.39314,8.18472,,1.61342,0.569332,1.80874,-0.153301,1.75429
2014-12-19,5.63682,6.88554,8.28291,,1.82618,1.17362,1.93424,-0.171482,1.64568
2014-12-26,4.07375,6.69389,8.27828,,1.82741,1.13896,1.9975,-0.169682,1.81006
2015-01-02,4.12301,6.65267,8.23436,,1.89408,0.997913,1.9782,-0.151783,1.86466
2015-01-09,4.12289,6.0919,8.31549,,1.99284,0.629259,2.02494,-0.093949,1.60854
2015-01-16,4.84012,6.37568,8.14084,,2.29219,0.299481,2.05027,-0.113906,1.74048
2015-01-23,4.76616,6.48711,7.77534,,1.89077,0.313837,1.80735,-0.095806,1.44858
2015-01-30,4.55628,5.78439,7.20782,,1.46577,0.713354,1.76944,-0.019038,1.38027
2015-02-06,5.61646,5.65915,7.32357,,2.04405,0.563028,1.84051,-0.09548,1.55259
2015-02-13,4.50119,5.82751,7.30294,,2.05133,0.576463,1.82802,-0.133697,1.37622
2015-02-20,4.09009,5.76653,7.3961,,2.0258,1.01966,1.78357,-0.152101,1.36975
2015-02-27,4.97506,6.74543,9.56774,,1.92192,1.02125,1.9564,-0.057301,1.59692
2015-03-06,4.93776,6.30245,8.72128,,2.15759,1.21561,1.92282,-0.095381,1.42914
2015-03-13,5.03862,6.2663,9.18506,,2.1607,0.869749,1.72119,-0.056859,1.44489
2015-03-20,4.8811,6.98445,9.32296,,2.09422,1.12907,1.69006,-0.09533,1.28978
2015-03-27,4.52744,9.58154,10.0228,,2.24753,0.878311,1.53859,-0.038363,1.25787
2015-04-03,4.55373,7.63824,8.15134,,2.17481,0.842988,1.58106,-0.076831,1.267
2015-04-10,4.17749,9.37943,7.9985,,2.25874,0.777519,1.61453,-0.096221,1.21478
2015-04-17,4.34859,10.1542,8.1085,,2.36952,0.446727,1.58597,-0.077167,1.05699
2015-04-24,3.49316,9.18556,7.95801,,2.35783,0.585287,1.55392,-0.097271,1.17358
2015-05-01,3.31562,8.10922,8.81565,,2.17728,0.773588,1.20791,-0.058758,1.06863
2015-05-08,2.89809,7.87119,8.07073,,2.18693,0.769358,1.19667,-0.058649,1.10823
2015-05-15,2.64194,8.47438,8.10131,,2.24754,0.454132,1.25869,-0.059072,1.22255
2015-05-22,2.69489,6.87069,7.97637,,2.16256,0.56999,1.26514,-0.137943,1.27331
2015-05-29,2.54408,6.78311,7.49451,,2.07853,0.875835,1.28946,-0.097698,1.14287
2015-06-05,2.03958,6.98485,7.31941,,1.88822,0.768156,1.34271,-0.116612,1.24905
2015-06-12,2.39226,9.09206,7.35463,,1.8629,0.530488,1.25194,-0.174476,1.02769
2015-06-19,3.01781,7.68227,7.3593,,1.93265,0.585112,1.2816,-0.21377,0.816007
2015-06-26,3.13759,7.60192,7.61243,,1.90579,0.635276,1.32263,-0.174578,0.863226
2015-07-03,3.49699,7.93932,7.48305,,2.19413,0.741076,1.30453,-0.213349,1.07386
2015-07-10,2.55665,8.56894,7.58665,,2.16185,0.516699,1.40574,-0.251343,1.17473
2015-07-17,2.58926,8.40028,7.52348,,2.42617,0.732062,1.38755,-0.327487,1.15641
2015-07-24,2.67502,7.85136,7.5189,,2.17148,1.36474,1.45414,-0.267239,1.18803
2015-07-31,3.28845,7.43673,7.30246,,2.19963,1.25443,1.42195,-0.265739,1.18573
2015-08-07,2.83494,6.86057,7.36168,,2.17263,1.24095,1.51371,-0.265043,1.24045
2015-08-14,3.78788,7.04981,7.72687,,2.09737,1.22508,1.52478,-0.261287,1.44018
2015-08-21,5.43833,8.50099,7.98382,,2.11047,1.37342,2.03671,-0.256873,1.46663
2015-08-28,6.11569,8.62576,7.01943,,1.81205,1.59945,1.64406,-0.352376,1.18223
2015-09-04,4.36269,9.35025,6.895,,1.90385,1.73846,1.56883,-0.294338,1.41752
2015-09-11,4.6845,9.84378,6.82166,,2.01453,1.84413,1.33856,-0.276326,1.37615
2015-09-18,3.95491,9.74614,7.20026,,2.06156,1.4604,1.28954,-0.240754,1.29759
2015-09-25,4.78476,14.2088,6.76729,,2.32924,1.71517,1.41659,-0.10899,1.2628
2015-10-02,4.60253,16.6983,7.03478,,2.37257,1.40608,1.36955,-0.091161,1.32917
2015-10-09,4.06467,16.0947,6.97015,,2.15236,0.818329,1.40987,-0.073553,1.19741
2015-10-16,2.81944,12.4802,6.9588,,2.37117,0.548148,1.41952,-0.092927,1.01429
2015-10-23,2.80517,13.5532,7.00907,,2.12639,1.0478,1.40689,-0.037094,1.01833
2015-10-30,3.95792,11.043,6.67836,,2.00451,1.23147,1.3418,-0.055433,1.21721
2015-11-06,3.15088,10.0841,6.69815,,2.10398,1.14776,1.27238,-0.092279,1.16211
2015-11-13,3.7099,10.0032,6.70404,,2.57912,1.18785,1.22544,-0.110028,1.19224
2015-11-20,3.71037,9.6168,7.49254,,2.30251,1.13153,1.2487,-0.147377,1.25472
2015-11-27,4.8468,9.77554,7.23931,,2.52342,1.24127,1.39079,-0.18379,1.36141
2015-12-04,4.36617,8.56033,6.37623,,2.42085,1.14411,1.34829,-0.220032,1.09481
2015-12-11,4.73494,9.88557,6.56648,,2.28449,1.2265,1.12924,-0.583585,1.12488
2015-12-18,5.81805,9.90967,6.54247,,2.26559,1.17025,1.01709,-0.944117,0.763371
2015-12-25,6.67169,10.5979,6.48266,,2.12956,1.2755,0.951758,-0.511142,0.825128
2016-01-01,5.52286,9.53318,6.24719,,2.17634,1.2947,0.988191,-0.182512,1.02822
2016-01-08,5.52286,7.66955,6.24719,,2.00289,1.50761,1.02948,-0.182512,1.20865
2016-01-15,5.52286,7.68553,6.24719,,2.08075,1.17284,1.04441,-0.182512,1.244
2016-01-22,,7.29445,,,2.34656,0.906346,1.00334,,1.10538
2016-01-29,,6.87162,,,1.99493,0.663246,1.02063,,0.904554
2016-02-05,,6.8092,,,1.85309,0.834912,1.05323,,1.10793
2016-02-12,,6.45475,,,1.73149,0.516239,1.0256,,0.845153
2016-02-19,,5.88866,,,1.64884,0.732567,0.961106,,1.02549
2016-02-26,,5.94518,,,1.84625,0.684172,0.98026,,1.02245
2016-03-04,,5.52536,,,2.02451,0.656561,0.918843,,1.10233
2016-03-11,,6.08537,,,2.03974,0.530052,1.13227,,1.1119
2016-03-18,,5.24494,,,1.99801,0.380451,1.0379,,1.03716
2016-03-25,,6.48922,,,1.37817,0.394542,0.939528,,1.08809
2016-04-01,,6.33165,,,1.99985,0.355937,1.06454,,1.04465
2016-04-08,,5.52213,,,1.96812,0.334054,0.926727,,0.992483
2016-04-15,,5.46034,,,2.03767,0.442918,0.92048,,0.946365
2016-04-22,,5.35538,,,2.1035,0.800203,1.00634,,0.737292
2016-04-29,,5.59821,,,2.07982,0.941468,0.914201,,0.527866
2016-05-06,,5.47982,,,2.2007,0.822801,0.873513,,0.782418
2016-05-13,,5.73082,,,2.13423,0.649106,0.764842,,0.92584
2016-05-20,,6.58425,,,2.1117,1.04711,0.463295,,0.860409
2016-05-27,,5.66351,,,2.02575,0.684823,0.64151,,0.765937
2016-06-03,,6.73274,,,2.05932,0.443049,0.760426,,0.763015
2016-06-10,,6.50438,,,2.02186,0.446434,0.725808,,0.671384
2016-06-17,,6.0075,,,1.84973,0.289443,0.785795,,0.667135
2016-06-24,,6.98814,,,1.45431,0.311024,0.664058,,0.510095
2016-07-01,,5.85947,,,1.58428,0.29023,0.685124,,0.472616
2016-07-08,,5.85947,,,1.86225,0.183039,0.80294,,0.517664
2016-07-15,,5.49603,,,1.83558,0.111353,0.86225,,0.424178
2016-07-22,,5.44067,,,1.92786,0.398193,0.862497,,0.317782
2016-07-29,,5.44492,,,1.96613,0.31393,0.760606,,0.26815
2016-08-05,,5.24044,,,1.88337,0.044556,0.60478,,0.378881
2016-08-12,,5.57945,,,1.765,0.0,0.640399,,0.217736
2016-08-19,,5.32423,,,1.56044,-0.044541,0.799683,,0.214967
2016-08-26,,5.58974,,,1.09246,0.044156,0.74874,,0.16175
2016-09-02,,4.86084,,,1.30736,0.052923,0.608266,,0.32271
2016-09-09,,5.20433,,,1.2281,-0.114759,0.571275,,0.383028
2016-09-16,,5.37206,,,1.13486,0.02193,0.465072,,0.322219
2016-09-23,,5.45431,,,0.815754,-0.273357,0.607483,,0.436244
2016-09-30,,5.61013,,,0.956846,-0.263862,0.538119,,0.272733
2016-10-07,,6.19951,,,0.973309,-0.22261,0.387445,,0.215343
2016-10-14,,6.00051,,,0.783225,-0.241407,0.579108,,0.371591
2016-10-21,,5.27603,,,0.497718,-0.232169,0.857138,,0.317656
2016-10-28,,4.81559,,,0.12398,-0.258314,0.892915,,0.157353
2016-11-04,,4.80825,,,0.247778,-0.255601,0.808986,,0.262691
2016-11-11,,6.03072,,,0.528452,-0.021228,0.784221,,0.412832
2016-11-18,,5.44897,,,0.907732,0.042087,0.557356,,0.203011
2016-11-25,,5.17952,,,0.749249,0.105107,0.286245,,0.101967
2016-12-02,,5.22365,,,0.812638,-0.126584,0.151738,,0.102385
2016-12-09,,6.05964,,,0.810802,-0.146739,0.269727,,0.102973
2016-12-16,,5.46461,,,0.844598,0.083051,0.033518,,-0.303669
2016-12-23,,6.05003,,,0.846897,0.332306,0.016671,,-0.447974
2016-12-30,,5.71115,,,0.969836,0.294565,0.285205,,0.0
2017-01-06,,4.58287,,,1.21801,-0.145817,0.404306,,0.100637
2017-01-13,,3.61401,,,1.10559,-0.172181,0.38191,,0.051084
2017-01-20,,3.59251,,,0.820508,-0.273322,0.356387,,-0.15383
2017-01-27,,3.23601,,,1.10057,-0.188319,0.374712,,-0.258504
2017-02-03,,3.33195,,,1.15118,-0.319225,0.274062,,-0.365368
2017-02-10,,3.33945,,,1.12421,-0.130797,0.359976,,-0.520245
2017-02-17,,3.56725,,,1.32737,-0.190163,0.34349,,-0.62633
2017-02-24,,4.08022,,,1.39488,-0.217925,0.395843,,-0.317684
2017-03-03,,4.11059,,,1.58311,-0.225355,0.411205,,-0.155578
2017-03-10,,4.15823,,,1.93573,-0.233543,0.407568,,0.0
2017-03-17,,3.79623,,,1.57758,-0.333299,0.27581,,-0.264965
2017-03-24,,3.80159,,,1.47656,-0.278454,0.381646,,-0.479967
2017-03-31,,3.8951,,,1.68705,-0.214519,0.314749,,-0.481809
2017-04-07,,3.96628,,,1.79973,-0.332789,0.243062,,-0.369596
2017-04-14,,1.57609,,,0.96099,-0.303066,0.278103,,-0.262553
2017-04-21,,4.03647,,,1.95835,-0.343077,0.244602,,-0.369628
2017-04-28,,4.17412,,,1.87726,-0.407197,0.251808,,-0.421015
2017-05-05,,4.1738,,,1.97682,-0.392204,0.259862,,-0.211668
2017-05-12,,4.26746,,,1.95867,-0.375434,0.242169,,-0.265786
2017-05-19,,4.21893,,,2.00322,-0.354593,0.279455,,-0.425004
2017-05-26,,2.9732,,,1.64001,-0.368473,0.247081,,-0.53402
2017-06-02,,3.99451,,,1.43855,-0.433244,0.131733,,-0.58673
2017-06-09,,4.233,,,1.40274,-0.445571,0.0,,-0.586053
2017-06-16,,4.93626,,,1.58673,-0.592744,0.0,,-0.685576
2017-06-23,,4.40854,,,1.69732,-0.638103,-0.176624,,-0.630388
2017-06-30,,4.40854,,,1.77407,-0.5912,0.0,,-0.575325
2017-07-07,,4.1508,,,1.73367,-0.156121,-0.105533,,-0.311432
2017-07-14,,3.98445,,,1.93679,-0.60227,-0.017716,,-0.422702
2017-07-21,,3.80536,,,1.70482,-0.483347,0.0,,-0.374941
2017-07-28,,4.3154,,,1.68588,-0.529391,-0.045022,,-0.267028
2017-08-04,,3.43223,,,1.46913,-0.440124,-0.162273,,-0.266353
2017-08-11,,3.55897,,,1.66021,-0.448711,-0.252415,,-0.314355
2017-08-18,,3.46655,,,1.67946,-0.32951,-0.198522,,-0.26253
2017-08-25,,3.23908,,,1.75194,-0.335877,-0.162017,,-0.265575
2017-09-01,,3.24007,,,1.94004,-0.308965,-0.198734,,-0.320156
2017-09-08,,3.1286,,,1.79535,-0.374955,-0.632599,,-0.31881
2017-09-15,,3.2654,,,1.89232,-0.409547,-0.542944,,-0.423336
2017-09-22,,3.27069,,,1.88481,-0.427112,-0.668536,,-0.421533
2017-09-29,,3.20907,,,1.95432,-0.432243,-0.395085,,-0.470454
2017-10-06,,2.92657,,,1.76187,-0.395047,-0.143446,,-0.470454
2017-10-13,,2.81532,,,2.20529,-0.483638,-0.090583,,-0.371393
2017-10-20,,2.83186,,,2.30959,-0.365227,-0.126524,,-0.211977
2017-10-27,,3.17381,,,2.16572,-0.263447,-0.045036,,-0.159112
2017-11-03,,2.85955,,,2.20116,-0.254647,-0.181009,,-0.107691
2017-11-10,,2.8291,,,2.06894,-0.312706,-0.542045,,-0.107373
2017-11-17,,2.7394,,,2.07919,-0.388801,-0.455597,,-0.10929
2017-11-24,,2.83494,,,2.09036,-0.480597,-0.439681,,-0.220903
2017-12-01,,3.33241,,,2.17792,-0.293656,-0.788185,,-0.275805
2017-12-08,,3.37256,,,2.40181,-0.38092,-1.0963,,-0.328767
2017-12-15,,3.22879,,,2.5258,-0.541517,-1.28429,,-0.658825
2017-12-22,,3.27809,,,1.74892,-0.401062,-2.71292,,-1.05085
2017-12-29,,3.73292,,,1.69573,-0.603952,-1.05349,,-0.614766
2018-01-05,,2.76214,,,1.5147,-0.618198,-0.83452,,-0.899628
2018-01-12,,2.82163,,,1.22192,-0.730876,-0.421455,,-1.12112
2018-01-19,,2.55315,,,1.36852,-0.706284,-0.516502,,-0.952752
2018-01-26,,2.46273,,,1.30594,-0.886456,-0.667591,,-0.730693
2018-02-02,,2.34426,,,1.62062,-0.507943,-0.781128,,-0.664603
2018-02-09,,2.22427,,,1.55027,-0.495244,-0.78193,,-0.548044
2018-02-16,,2.12237,,,1.42822,-0.556523,-0.841537,,-0.610982
2018-02-23,,2.12766,,,1.7832,-0.453651,-0.760212,,-0.610078
2018-03-02,,2.55906,,,2.03021,-0.503742,-0.968646,,-0.554015
2018-03-09,,3.17925,,,1.86041,-0.550342,-0.952147,,-0.67092
2018-03-16,,2.73915,,,1.78207,-0.78023,-1.24326,,-1.17544
2018-03-23,,3.00099,,,1.83676,-0.718263,-1.19418,,-2.304
2018-03-30,,2.0928,,,4.86684,0.482456,-1.80701,,-1.2922
2018-04-06,,2.86814,,,1.77664,-0.953473,-1.17593,,-1.28254
2018-04-13,,3.05213,,,1.71121,-1.06473,-1.11005,,-1.28272
2018-04-20,,2.80243,,,1.60096,-0.808079,-1.15287,,-1.11861
2018-04-27,,4.31637,,,1.80407,-0.614715,-1.05846,,-0.943193
2018-05-04,,4.88364,,,1.87383,-0.636981,-1.03378,,-0.942757
2018-05-11,,5.4205,,,1.95986,-0.74726,-1.12446,,-0.782702
2018-05-18,,3.92764,,,2.28181,-0.739272,-1.03818,,-1.10782
2018-05-25,,4.37722,,,2.08016,-0.579676,-1.12218,,-0.99736
2018-06-01,,4.31479,,,2.1318,-0.634561,-1.30443,,-1.27631
2018-06-08,,4.8417,,,1.90658,-0.645082,-1.16307,,-1.38537
2018-06-15,,4.8417,,,1.83995,-0.686161,-1.21503,,-1.41193
2018-06-22,,5.19056,,,1.62189,-0.695677,-1.01559,,-1.29262
2018-06-29,,5.14176,,,1.75662,-0.693438,-0.910755,,-0.911379
2018-07-06,,4.56027,,,1.93808,-0.708974,-0.774928,,-0.75013
2018-07-13,,5.03614,,,1.83122,-0.696412,-0.824701,,-0.851172
2018-07-20,,4.35244,,,1.77448,-0.702291,-0.626747,,-0.685817
2018-07-27,,4.32841,,,1.77109,-0.663368,-0.914785,,-0.588693
2018-08-03,,4.34861,,,1.72987,-0.473106,-0.753236,,-0.74244
2018-08-10,,4.61288,,,1.76403,-0.575128,-0.925098,,-0.6359
2018-08-17,,4.86927,,,1.66393,-0.654484,-0.844831,,-0.691287
2018-08-24,,4.9012,,,1.34366,-0.534967,-0.930077,,-0.90781
2018-08-31,,4.44658,,,1.47998,-0.488662,-0.967271,,-0.805527
2018-09-07,,4.58765,,,2.14247,-0.564306,-1.03834,,-0.586365
2018-09-14,,4.84606,,,2.75748,-0.570493,-1.04533,,-0.803083
2018-09-21,,4.50409,,,2.58352,-0.570351,-1.14248,,-0.964106
2018-09-28,,4.47819,,,2.81184,-0.839413,-1.12587,,-0.754646
2018-10-05,,5.13688,,,3.31237,-0.709411,-1.01782,,-0.951241
2018-10-12,,5.2936,,,2.73864,-0.823948,-0.966609,,-0.897783
2018-10-19,,4.96896,,,2.42818,-0.798457,-0.788125,,-1.10732
2018-10-26,,4.75336,,,1.97478,-0.900674,-0.722236,,-1.30578
2018-11-02,,4.29567,,,2.26598,-0.834427,-0.819574,,-0.905594
2018-11-09,,4.6328,,,2.811,-0.798226,-0.507598,,-0.84749
2018-11-16,,4.69731,,,2.41634,-0.727828,-0.707218,,-0.952752
2018-11-23,,5.23865,,,2.42868,-0.583078,-0.498065,,-1.0038
2018-11-30,,5.37172,,,2.31337,-0.66275,-1.49479,,-1.32997
2018-12-07,,5.04748,,,2.35864,-0.829011,-1.49841,,-1.80662
2018-12-14,,4.83483,,,2.73348,-0.777231,-1.23702,,-2.36184
2018-12-21,,4.93114,,,5.22761,-0.687529,-0.914628,,-1.64471
2018-12-28,,4.32806,,,3.47725,-0.787713,-0.49641,,-1.17661
2019-01-04,,4.06834,,,2.89304,-0.844365,-0.745338,,-0.903268
2019-01-11,,4.26813,,,2.85494,-0.935955,-0.82394,,-1.0696
2019-01-18,,4.75674,,,2.89346,-0.765737,-0.848218,,-1.1703
2019-01-25,,4.47697,,,2.95011,-0.830494,-0.680227,,-1.06486
2019-02-01,,4.03249,,,2.67439,-0.717232,-0.802403,,-0.961103
2019-02-08,,3.89073,,,2.55242,-0.599804,-0.759791,,-0.956803
2019-02-15,,4.01769,,,2.54616,-0.635217,-0.688411,,-0.847191
2019-02-22,,3.64491,,,2.45862,-0.602394,-0.677637,,-0.849853
2019-03-01,,3.89352,,,2.70162,-0.591812,-0.772725,,-1.06175
2019-03-08,,4.18654,,,2.9072,-0.677722,-0.846755,,-0.946407
2019-03-15,,5.07986,,,3.58914,-0.751558,-0.961342,,-1.05009
2019-03-22,,4.71598,,,4.087,-0.658951,-0.942944,,-1.31921
2019-03-29,,4.69062,,,4.07336,-0.688212,-0.90375,,-1.05207
2019-04-05,,4.55249,,,4.52345,-0.697238,-0.769161,,-1.1031
2019-04-12,,5.23045,,,4.79473,-0.672004,-0.856059,,-1.10026
2019-04-19,,5.24034,,,3.76332,-0.681502,0.454621,,-1.09336
2019-04-26,,5.06179,,,3.38572,-0.645611,-0.822592,,-1.23328
2019-05-03,,5.25669,,,2.87139,-0.606949,-0.895461,,-1.2239
2019-05-10,,4.79329,,,2.85677,-0.562031,-0.926715,,-1.31738
2019-05-17,,4.92438,,,2.82912,-0.47357,-0.856529,,-1.29706
2019-05-24,,5.0971,,,2.91341,-0.539751,-0.825744,,-1.35475
2019-05-31,,4.94305,,,2.83128,-0.505468,-0.887435,,-1.35187
2019-06-07,,4.94305,,,2.44874,-0.527143,-0.83833,,-1.21236
2019-06-14,,4.31259,,,2.0962,-0.523749,-0.767843,,-1.30827
2019-06-21,,4.01408,,,1.87794,-0.556427,-0.968125,,-1.28108
2019-06-28,,4.19831,,,1.4737,-0.698317,-0.896273,,-1.0858
2019-07-05,,4.30051,,,1.65326,-0.747646,-0.91627,,-0.969689
2019-07-12,,4.27962,,,2.19224,-0.687252,-1.02437,,-0.962404
2019-07-19,,4.16798,,,1.95661,-0.466526,-0.950918,,-1.06754
2019-07-26,,4.23573,,,1.60972,-0.594127,-0.927694,,-1.25866
2019-08-02,,4.57855,,,1.46801,-0.517363,-0.795398,,-1.04674
2019-08-09,,4.2673,,,1.74761,-0.432183,-0.991318,,-0.987118
2019-08-16,,4.34117,,,1.70657,-0.428162,-0.870225,,-0.937435
2019-08-23,,4.26042,,,1.61862,-0.504956,-0.894892,,-0.93759
2019-08-30,,4.04929,,,1.85978,-0.418729,-0.976873,,-0.986226
2019-09-06,,3.85506,,,1.83012,-0.351238,-0.838045,,-1.09725
2019-09-13,,3.91383,,,1.66544,-0.396787,-0.668007,,-1.1526
2019-09-20,,3.82203,,,1.51094,-0.573525,-0.638361,,-1.1554
2019-09-27,,3.83568,,,1.32642,-0.450733,-0.634518,,-0.995471
2019-10-04,,3.88791,,,1.04869,-0.38227,-0.393507,,-0.799263
2019-10-11,,4.01986,,,1.16935,-0.497043,-0.276057,,-0.804555
2019-10-18,,3.88442,,,0.904311,-0.421379,-0.296577,,-0.859902
2019-10-25,,3.82688,,,1.22703,-0.38658,-0.347473,,-0.866108
2019-11-01,,3.68607,,,1.28447,-0.405843,-0.297927,,-0.718314
2019-11-08,,3.74481,,,1.31479,-0.370055,-0.492671,,-0.723355
2019-11-15,,3.86119,,,1.37083,-0.330345,-0.51491,,-0.666508
2019-11-22,,3.61554,,,1.16357,-0.294194,-0.495846,,-0.710176
2019-11-29,,3.58836,,,0.889169,-0.337271,-0.820921,,-1.01124
2019-12-06,,3.56175,,,1.59551,-0.321513,-0.866961,,-0.853998
2019-12-13,,3.5089,,,1.44311,-0.331647,-0.909864,,-1.06962
2019-12-20,,3.44437,,,1.50961,-0.287465,-0.792271,,-1.4379
2019-12-27,,3.40691,,,1.13131,-0.3544,-0.832558,,-1.64057
2020-01-03,,3.19117,3.69664,,1.29951,-0.293026,-1.08896,-1.62523,-0.819563
2020-01-10,,3.2294,3.74178,,1.67077,-0.248937,-0.712069,-1.37133,-1.02849
2020-01-17,,3.39544,4.08375,,1.11381,-0.191369,-0.708275,-1.41428,-0.978806
2020-01-24,,3.3436,3.72104,,0.996029,-0.230645,-0.76259,-1.2734,-0.971052
2020-01-31,,3.07434,3.58924,,1.24649,-0.05275,-0.690777,-1.14591,-0.602433
2020-02-07,,3.02469,3.24066,,1.78788,-0.06906,-0.726065,-1.18962,-0.605167
2020-02-14,,3.04723,3.15567,,1.48119,-0.146385,-0.729317,-1.27237,-0.606978
2020-02-21,,2.95986,3.42348,,1.92466,-0.197169,-0.699336,-1.25721,-0.495089
2020-02-28,,3.48358,3.89219,,2.41575,-0.249553,-0.701269,-1.47607,-0.492913
2020-03-06,,3.90517,5.16143,,2.638,-0.073952,-0.286066,-0.97642,-0.100604
2020-03-13,,4.77297,4.89599,,3.0993,-0.423205,-0.564704,-1.89213,-3.86627
2020-03-20,,3.52185,5.87796,,4.13684,-0.330271,-0.092169,-2.54938,-1.81228
2020-03-27,,2.74776,9.70598,,3.52563,-0.653908,-0.137918,-1.69404,-1.28109
2020-04-03,,3.71475,4.78889,,3.27839,-0.233165,0.0,-2.46796,-0.922268
2020-04-10,,7.05635,13.4308,,4.3386,-0.298783,1.27716,-9.47005,-0.805717
2020-04-17,,4.48362,4.20346,,2.38297,-0.122311,0.202798,-1.07277,-1.32197
2020-04-24,,4.73617,3.95455,,1.36676,-0.050538,0.111013,-1.09268,-0.870681
2020-05-01,,5.03353,3.94466,,0.836357,-0.118559,0.0,-0.66382,-0.491319
2020-05-08,,5.05315,3.96149,,1.49724,-0.127319,0.27947,-0.321038,-0.392782
2020-05-15,,4.82773,3.79622,,1.42812,-0.100836,0.281041,-0.260689,-0.097438
2020-05-22,,5.09129,3.89921,,1.12884,-0.100992,0.188294,-0.159949,0.145616
2020-05-29,,5.25599,3.54773,,1.0361,-0.101892,0.132114,-0.438749,0.096938
2020-06-05,,4.63283,3.34456,,0.78698,-0.111891,0.209959,-0.46199,-0.099362
2020-06-12,,4.36304,3.37329,,1.14127,-0.111927,0.096887,-0.524642,-0.646027
2020-06-19,,4.20665,3.39843,,1.84877,-0.060095,-0.048361,-0.425456,-0.445479
2020-06-26,,3.97353,3.66902,,1.86648,-0.103273,-0.038812,-0.365167,0.0
2020-07-03,,4.07844,3.512,,1.7321,-0.043002,-0.009637,-0.264606,-0.050045
2020-07-10,,4.01816,3.89734,,2.14174,-0.103481,0.0,-0.223829,-0.248792
2020-07-17,,4.28753,3.78293,,2.24225,-0.077662,0.075706,-0.223598,-0.397581
2020-07-24,,3.65321,3.6682,,2.19881,0.0,0.132573,-0.162869,-0.349018
2020-07-31,,3.68973,3.62788,,2.08295,-0.061092,0.134774,-0.16373,-0.050349
2020-08-07,,3.47994,3.56001,,2.06226,-0.052441,0.231366,-0.142846,-0.151838
2020-08-14,,3.54153,3.62339,,2.23746,-0.035008,0.21222,-0.142744,-0.101257
2020-08-21,,3.40312,3.79196,,2.01467,-0.026243,0.228448,-0.122478,-0.101116
2020-08-28,,3.54346,3.78374,,2.04848,-0.03092,0.134861,-0.122557,-0.050647
2020-09-04,,3.38765,3.71256,,1.9553,-0.05274,0.085884,-0.102276,0.0
2020-09-11,,3.31321,3.81856,,1.86994,-0.035073,0.095812,-0.143392,0.0
2020-09-18,,3.26244,3.8652,,1.92635,-0.022059,-0.019285,-0.123961,0.0
2020-09-25,,3.11005,3.77282,,1.30714,-0.021778,0.056988,-0.08229,0.102398
2020-10-02,,3.38242,3.71182,,0.433984,-0.03959,0.094993,-0.041426,0.0
2020-10-09,,3.31462,3.58483,,0.497924,-0.026603,0.096591,-0.020912,0.052039
2020-10-16,,3.41981,3.53254,,0.61865,-0.026488,0.173353,-0.04173,0.104639
2020-10-23,,3.49262,3.39349,,-0.061851,-0.030926,0.172826,-0.062816,0.105965
2020-10-30,,3.41646,3.20368,,-0.433022,-0.017564,0.260196,-0.104832,0.105806
2020-11-06,,3.43069,3.36592,,0.411285,-0.026706,0.294635,-0.084131,0.321802
2020-11-13,,3.30958,3.34709,,0.348996,-0.044524,0.35844,-0.084147,0.269245
2020-11-20,,3.30958,3.28491,,0.361425,-0.026789,0.356665,-0.147184,0.215585
2020-11-27,3.18428,4.03294,3.70742,1.22979,0.7262,-0.026902,0.158531,-0.315327,0.272238
2020-12-04,2.6439,3.78624,3.6366,1.30827,0.714272,-0.013503,-0.397219,-0.29693,0.055454
2020-12-11,2.2547,4.03585,3.60198,1.04121,1.12905,-0.022435,-0.79628,-0.446376,-0.055012
2020-12-18,2.48244,3.98303,3.6905,1.00097,0.375058,-0.040695,-0.701781,-0.531984,-1.30174
2020-12-25,2.26911,3.52111,4.0257,1.05419,2.01674,-0.027088,1.04178,-7.65099,-1.83382
2021-01-01,2.43493,1.86894,3.20774,1.50185,1.76224,-0.036314,-1.29027,-6.61628,-0.330897
2021-01-08,2.05968,3.76531,4.04591,1.60393,0.902174,-0.018098,0.219745,-0.149985,-0.274945
2021-01-15,2.20881,3.32347,4.91088,1.33081,0.625976,0.004519,0.079916,-0.235611,-0.163595
2021-01-22,2.1501,3.2318,4.53151,1.43456,0.349927,0.018106,0.140102,-0.235611,0.0
2021-01-29,2.5936,3.01303,4.23293,1.29814,0.18736,0.031593,0.120347,-0.235439,0.0
2021-02-05,2.45496,2.92517,4.02133,1.26014,0.06242,0.013465,0.09978,-0.192921,0.053401
2021-02-12,2.4161,2.87124,4.11694,1.29895,0.187481,0.027117,0.160815,-0.235582,0.054212
2021-02-19,2.50415,2.72087,4.25126,1.19387,0.45912,0.113369,0.26031,-0.085854,0.108553
2021-02-26,2.9144,3.42335,5.69564,1.19164,0.931405,0.153862,0.079671,-0.258199,0.0
2021-03-05,2.54489,2.69711,5.43115,1.30439,0.656693,0.120949,0.059037,-0.171966,0.053297
2021-03-12,2.72492,2.70235,5.88113,1.09866,0.720412,0.156095,-0.019485,-0.170318,-0.105801
2021-03-19,2.80142,2.78395,6.82315,1.24719,1.19115,0.219288,0.15574,-0.168536,-0.159077
2021-03-26,2.93792,2.73884,6.91194,1.26618,0.881895,0.276663,0.173926,-0.188618,0.053143
2021-04-02,3.05334,4.71459,5.65865,1.42766,4.01923,0.16963,1.29195,-2.86401,0.212248
2021-04-09,2.55166,3.38827,4.50561,1.73939,1.26813,0.071588,0.191128,-0.105464,0.107071
2021-04-16,2.77592,3.21851,5.16213,1.53801,1.0217,0.071974,0.153844,-0.063497,0.161359
2021-04-23,2.39176,3.39775,5.49239,1.55923,0.584264,0.094957,0.24873,-0.064039,-0.160912
2021-04-30,2.57,3.50256,6.33283,1.63403,0.399483,0.14917,0.25079,-0.021478,0.0
2021-05-07,2.59216,3.75945,5.47927,1.62973,0.817456,0.13067,0.231199,-0.02151,0.0
2021-05-14,2.41356,3.65192,6.27258,1.65587,0.970514,0.157464,0.268079,-0.042832,0.0
2021-05-21,2.30247,3.39551,6.0082,1.56009,0.980395,0.12618,0.191388,-0.236108,-0.159606
2021-05-28,2.38148,3.08801,5.64901,1.56312,0.970871,0.108865,0.115261,-0.129697,-0.107541
2021-06-04,2.17582,2.93487,3.69791,1.56618,1.23865,0.117524,0.172799,-0.086577,-0.053729
2021-06-11,2.12555,2.95709,4.0985,1.55828,1.13797,0.077183,0.115929,-0.10862,-0.107982
2021-06-18,2.67547,3.08987,4.05393,1.51752,1.20812,0.143319,0.019078,-0.10788,0.0
2021-06-25,2.55776,2.99351,3.82585,1.55668,0.94466,0.120935,-0.113247,-0.064514,0.21303
2021-07-02,2.73313,2.97107,4.04613,1.59581,1.2507,0.079911,0.149147,-0.064301,0.264626
2021-07-09,2.99863,2.8449,4.09431,1.64473,1.47179,0.07094,-0.027602,-0.021372,0.313753
2021-07-16,2.83612,2.89334,4.05649,1.7241,1.10428,0.035422,0.0,0.0,0.3164
2021-07-23,2.90887,2.74571,3.71053,1.64502,1.21072,0.066221,0.127686,-0.02141,0.522601
2021-07-30,2.93797,2.60271,3.56429,1.64424,1.26768,0.062139,0.219281,0.0,0.62775
2021-08-06,2.80163,2.79426,3.99564,1.82288,1.29358,0.062198,0.25208,0.0,0.632187
2021-08-13,3.1036,3.00142,3.9067,1.75629,1.32774,0.06185,0.360495,0.02154,0.566024
2021-08-20,2.85209,2.98774,3.62762,1.7121,1.23409,0.066012,0.360171,0.0,0.407643
2021-08-27,2.96685,3.05924,3.51561,1.64473,1.01348,0.071082,0.313068,0.0,0.565976
2021-09-03,3.54321,3.20116,3.33685,1.71964,1.05282,0.080465,0.147237,0.0,0.571935
2021-09-10,3.38145,3.34542,3.48305,1.68232,0.930446,0.08069,0.110265,0.0,0.6176
2021-09-17,3.54536,3.46991,3.56791,1.72427,0.771483,0.089193,0.198812,0.0,0.563174
2021-09-24,3.47897,3.61456,3.55755,1.60229,0.928095,0.102187,0.252981,0.0,0.511159
2021-10-01,3.03623,3.55841,4.16522,1.66346,1.40236,0.070637,0.267967,0.0,0.75973
2021-10-08,3.21725,3.55824,3.68142,1.72136,1.38503,0.07776,0.266183,0.0,0.857156
2021-10-15,3.19272,3.55237,3.89467,1.80319,1.2254,0.126469,0.288583,0.0,0.814936
2021-10-22,2.98046,3.5619,4.0376,1.70299,1.36703,0.205436,0.305932,-0.043008,0.870023
2021-10-29,2.74886,3.52855,4.20548,1.67966,0.776405,0.16798,0.344096,0.0,1.03176
2021-11-05,2.55133,3.48852,4.1039,1.64263,1.35492,0.14911,0.360766,0.086134,1.11949
2021-11-12,2.39789,3.53318,3.3555,1.56753,1.27101,0.158921,0.283797,0.043124,1.2275
2021-11-19,2.52873,3.52397,3.69771,1.59119,1.07617,0.189843,0.348514,0.086427,0.8129
2021-11-26,2.71675,3.49472,3.74919,1.45212,1.02812,0.190768,0.411611,0.10787,0.807499
2021-12-03,3.01555,3.8158,3.65165,1.35555,1.25769,0.20239,-0.132731,-0.043292,0.560687
2021-12-10,2.4255,3.67143,3.4584,1.63451,1.54827,0.22856,-0.661219,-0.043272,0.050799
2021-12-17,2.78029,3.56487,3.85167,1.53289,0.842734,0.216101,-0.404078,-0.129629,-0.050795
2021-12-24,2.17481,3.5804,3.90712,1.54191,0.81873,0.243545,0.0,0.064933,0.557631
2021-12-31,2.57784,2.72779,3.98568,1.6693,1.71954,0.240282,0.260751,0.043382,0.861427
2022-01-07,1.56983,3.13667,3.94538,1.65172,1.7307,0.144903,0.19624,0.065032,0.751641
2022-01-14,2.21423,2.93876,3.82759,1.8695,1.60861,0.156286,0.189838,0.130499,1.01531
2022-01-21,2.38004,2.79722,3.98064,1.68977,1.64751,0.16956,0.282525,0.173464,0.908206
2022-01-28,2.61257,2.27534,3.86489,1.42486,1.27237,0.160188,0.216025,0.043152,0.999992
2022-02-04,2.54273,2.21267,3.59158,1.43086,1.20377,0.186711,0.263945,0.043152,0.956549
2022-02-11,2.44185,2.58028,3.10788,1.5434,1.43507,0.104464,0.257203,0.0,0.90482
2022-02-18,2.80619,2.22078,3.59427,1.55914,0.98583,0.199974,0.280123,0.086137,0.856292
2022-02-25,3.16017,2.57746,4.34797,1.36578,1.35196,0.22887,0.0,-0.042795,0.8018
2022-03-04,2.69036,2.36052,4.37896,1.48961,2.04836,-0.021617,-0.018363,-0.127943,0.893073
2022-03-11,2.80145,2.46046,5.66441,1.36742,2.58903,-0.036605,-0.314907,-0.37962,0.683981
2022-03-18,2.72453,1.94155,4.97691,1.26479,2.01299,0.077907,0.018003,-0.25382,0.547955
2022-03-25,2.51111,1.60148,5.77662,0.872727,1.85672,0.249797,-0.196456,-0.16763,0.542885
2022-04-01,2.69203,1.66209,3.86764,1.218,1.96819,0.156692,-0.053778,-0.041792,0.593984
2022-04-08,2.51607,2.19439,4.06514,1.04249,1.84147,0.154622,-0.213996,-0.041493,0.392525
2022-04-15,2.60335,0.978502,4.28126,0.882672,4.29137,0.026531,0.260474,-2.23762,0.441816
2022-04-22,2.76822,2.17362,3.87166,0.445558,1.60589,0.046615,-0.300051,-0.163946,0.0
2022-04-29,2.60711,2.38478,4.15872,0.677569,1.64429,0.089687,-0.437078,-0.243997,0.047781
2022-05-06,2.43927,2.38478,4.09128,0.701836,1.78597,0.136434,-0.39242,-0.363245,0.235965
2022-05-13,1.84192,1.84258,3.74256,0.891499,1.68252,0.236909,-0.567728,-0.361639,0.093483
2022-05-20,1.70118,1.02857,3.5379,0.850193,0.865151,0.279021,-0.672029,-0.605264,0.189416
2022-05-27,1.06937,0.619161,3.6165,0.79742,0.690181,0.280652,-0.830944,-0.489628,0.239068
2022-06-03,1.10905,0.792474,3.53396,0.534578,1.34764,0.120793,-1.21588,-0.651287,-0.144738
2022-06-10,1.09872,1.16057,3.24614,0.409812,1.40151,0.083909,-1.64455,-0.767932,-0.283353
2022-06-17,0.970612,1.05751,2.95982,-0.095222,0.840272,-0.165201,-1.18609,-1.44291,-0.650581
2022-06-24,0.789653,0.89267,2.87081,-0.339799,0.678594,-0.089663,-1.26066,-0.924446,-0.551702
2022-07-01,0.530076,0.483075,3.0794,0.204435,0.655556,-0.019411,-1.50478,-0.923333,-0.553121
2022-07-08,-0.285686,0.66302,3.18729,0.203441,0.807406,0.065923,-1.89913,-1.12203,-0.414674
2022-07-15,-0.247561,0.924353,3.27814,-0.161678,1.23095,0.068356,-1.98982,-1.07604,-0.4515
2022-07-22,-0.14596,1.08409,3.51121,-0.349568,0.877633,0.068152,-2.22471,-1.39426,-0.547007
2022-07-29,-0.702024,0.791666,3.34306,-0.309776,0.786423,-0.047897,-2.57704,-1.15611,-0.552824
2022-08-05,-0.849834,1.01188,3.45948,-0.215227,0.927836,-0.170803,-2.08812,-1.51163,-0.553121
2022-08-12,-0.772405,0.90367,3.365,-0.202355,1.06183,-0.181548,-1.98526,-1.39188,-0.551406
2022-08-19,-0.131818,1.03606,3.35967,-0.147337,1.02372,-0.171035,-1.75184,-1.66525,-0.451602
2022-08-26,-0.54028,1.36497,3.27856,-0.134011,0.784636,-0.163316,-1.82507,-1.73292,-0.449791
2022-09-02,-0.277475,1.19461,3.2038,-0.374023,1.09395,-0.145347,-1.98525,-1.78934,-0.527143
2022-09-09,-0.43265,0.873335,3.05758,-0.612019,1.27418,-0.068687,-2.53194,-2.15218,-0.779386
2022-09-16,-0.170547,0.643926,3.12877,-1.05331,1.19743,-0.267604,-2.32183,-2.49944,-1.03251
2022-09-23,-0.521815,0.921576,3.30912,-1.00441,1.3729,-0.354413,-2.21817,-2.2112,-0.721419
2022-09-30,-0.506207,1.14867,3.86517,-0.839901,0.821843,-0.285669,-1.81401,-1.87354,-0.66894
2022-10-07,-0.974264,1.14678,4.19628,-0.911901,0.715104,-0.192897,-2.22272,-2.1012,-0.635333
2022-10-14,-1.98498,0.91785,3.40294,-0.940203,0.540914,-0.031211,-2.02946,-2.34484,-0.460885
2022-10-21,-1.65622,1.19634,3.05348,-0.820206,0.737834,0.007151,-2.32053,-2.72351,-0.291328
2022-10-28,-2.19247,0.696682,3.28594,-0.973921,0.622997,-0.182541,-2.7359,-2.51098,-0.168699
2022-11-04,-2.40026,0.496759,2.68898,-1.03132,0.69907,-0.321182,-2.83669,-2.83321,-0.253378
2022-11-11,-2.44206,0.349057,2.82012,-0.917697,-0.418282,-0.374058,-2.7227,-2.49609,-0.363457
2022-11-18,-2.49519,0.806151,2.30074,-0.578236,0.525278,-0.270308,-2.74919,-2.77474,-0.357528
2022-11-25,-2.91361,0.441151,2.22564,-1.02742,0.21192,-0.196923,-2.80973,-2.79992,-0.542617
2022-12-02,-2.84124,0.292077,1.89779,-1.37326,0.366665,-0.090639,-3.98125,-3.13093,-0.460563
2022-12-09,-3.09674,0.211982,1.91259,-1.66294,0.706631,-0.233556,-4.5568,-3.42972,-0.872438
2022-12-16,-2.68442,0.346759,2.04628,-1.83,0.573806,-0.719035,-4.20488,-4.73991,-1.18716
2022-12-23,-2.7427,0.57873,2.30481,-1.90959,1.09318,-0.498634,-3.69378,-3.94817,-0.839906
2022-12-30,-2.94357,0.424785,2.16059,-1.61435,1.13638,-0.603647,-3.91245,-3.7598,-0.803667
2023-01-06,-2.76116,0.288242,2.01288,-1.83803,1.17076,-0.688446,-3.59625,-3.53514,-0.988673
2023-01-13,-2.25279,0.337265,1.93476,-1.79836,0.602862,-0.6173,-3.57957,-3.3816,-1.05819
2023-01-20,-1.91201,0.718775,1.97749,-1.99758,-0.2198,-0.68989,-3.50696,-2.92362,-1.1113
2023-01-27,-1.7699,0.747292,1.74333,-1.93319,-0.044048,-0.69036,-3.32516,-2.92362,-1.1632
2023-02-03,-2.30404,0.737752,1.92281,-1.84125,0.40324,-0.679201,-3.36059,-3.30072,-1.21331
2023-02-10,-2.21606,1.07574,1.90733,-1.78597,0.752306,-0.848071,-3.45088,-3.3703,-0.991357
2023-02-17,-2.03507,1.23037,1.82599,-1.85252,1.25604,-0.71423,-3.22982,-3.37919,-1.4218
2023-02-24,-2.37224,1.16878,2.08621,-2.12975,1.26375,-0.69818,-3.59354,-4.1336,-1.41628
2023-03-03,-2.87087,1.42094,2.59173,-2.16324,1.70956,-1.14466,-3.90553,-3.84808,-1.46512
2023-03-10,-2.51862,1.21055,2.96467,-2.25944,1.13693,-1.14681,-4.11317,-4.00384,-2.19759
2023-03-17,-2.60151,1.49599,2.94666,-2.44757,1.30168,-0.878859,-4.12696,-4.04854,-2.41506
2023-03-24,-2.98007,1.27429,2.9117,-2.5455,0.387105,-0.91619,-3.62941,-3.92131,-2.65572
2023-03-31,-2.70759,0.984777,2.39874,-2.41897,0.942148,-1.02487,-3.96186,-3.83277,-2.28023
2023-04-07,-2.98371,0.695797,1.99656,-2.29422,0.926787,-1.27347,-2.8552,-4.03551,-2.16151
2023-04-14,-3.00846,1.0664,1.77338,-2.33506,0.81827,-1.39935,-3.44843,-3.83092,-2.05891
2023-04-21,-2.61217,1.05594,1.78652,-2.40684,0.925247,-1.10124,-3.26525,-3.8868,-2.05809
2023-04-28,-2.97692,0.986023,1.88569,-2.70894,0.979362,-1.39558,-3.88258,-4.32274,-2.26251
2023-05-05,-2.94363,0.656139,1.7001,-2.30075,1.1451,-1.37263,-3.59807,-4.26161,-1.97769
2023-05-12,-2.87613,0.530097,1.61836,-2.40053,1.46131,-1.37549,-3.59318,-4.28232,-2.0045
2023-05-19,-2.92762,0.511749,1.40617,-2.25909,1.51923,-1.26853,-3.64616,-4.70605,-1.74965
2023-05-26,-2.66191,0.301318,1.46301,-2.49526,1.41812,-1.19983,-3.8663,-4.13529,-1.7971
2023-06-02,-3.12816,0.401002,1.35689,-2.43029,1.1438,-1.27916,-3.58782,-3.95968,-1.86793
2023-06-09,-2.92101,0.413179,1.24398,-2.41804,1.15144,-1.21217,-3.57992,-3.94975,-1.888
2023-06-16,-2.62847,0.374259,1.252,-2.42868,1.29642,-1.26098,-3.69823,-4.02868,-2.10236
2023-06-23,-2.58054,0.360739,1.23197,-2.42373,1.35337,-1.27107,-3.51992,-3.95749,-1.73406
2023-06-30,-3.12718,0.312603,1.36148,-2.62596,0.982668,-1.36089,-3.86438,-4.26806,-1.8063
2023-07-07,-3.11508,0.377261,1.31315,-2.22749,0.975197,-1.34499,-3.50466,-4.13319,-1.64267
2023-07-14,-3.27789,0.401875,1.28545,-2.39762,0.552821,-1.37526,-3.49557,-4.26513,-2.01922
2023-07-21,-3.17847,0.299912,1.23314,-2.36991,0.351249,-1.46272,-3.38557,-4.32873,-1.99179
2023-07-28,-3.37228,0.218842,1.17335,-2.28121,0.295608,-1.75476,-3.88985,-4.38056,-2.04771
2023-08-04,-3.36887,0.316873,1.16511,-2.39931,0.626004,-1.6192,-3.39526,-4.37615,-1.95245
2023-08-11,-2.97131,0.31198,1.31141,-2.43212,0.491072,-1.63307,-3.61621,-4.36011,-2.06325
2023-08-18,-2.66083,0.373553,1.38044,-2.50391,-0.053399,-1.61142,-3.43882,-4.66226,-2.04301
2023-08-25,-1.22717,0.322148,1.31447,-2.4634,0.371722,-1.56778,-3.44853,-4.35442,-1.88504
2023-09-01,-1.86691,0.197028,1.27681,-2.30169,0.637674,-1.56782,-3.47483,-4.31733,-1.89411
2023-09-08,-1.53889,0.172404,1.34645,-2.34767,0.701459,-1.56022,-3.40864,-4.33124,-1.82952
2023-09-15,-0.456864,0.172095,1.45236,-2.38179,0.0,-1.53047,-3.25828,-4.29225,-1.92859
2023-09-22,-0.867727,0.089793,1.56667,-2.35425,-0.474318,-1.51541,-3.20115,-4.31652,-1.73647
2023-09-29,-1.2901,0.06796,1.8581,-2.4924,-0.476192,-1.61205,-3.08626,-4.40649,-1.98264
2023-10-06,-0.867177,0.069208,1.70693,-2.36581,-0.47591,-1.67007,-3.11466,-4.51735,-1.85078
2023-10-13,-1.48032,0.181883,1.34129,-2.32116,-0.263696,-1.57887,-3.20654,-4.37519,-1.93834
2023-10-20,-1.30063,0.397573,1.16113,-2.29114,-0.78876,-1.47271,-3.18986,-4.41287,-1.93464
2023-10-27,-2.23438,0.226081,1.01373,-2.23709,-0.052656,-1.53131,-2.92524,-4.24367,-1.71227
2023-11-03,-2.25788,0.145042,0.867909,-2.27031,-0.427198,-1.52616,-2.9174,-4.26339,-1.75529
2023-11-10,-2.34101,0.402141,0.649749,-2.34559,-0.694766,-1.58919,-2.95198,-4.21819,-1.80738
2023-11-17,-2.24293,0.271436,0.831746,-2.38356,-0.053866,-1.54439,-2.88464,-4.1758,-1.9714
2023-11-24,-2.79768,0.328151,0.903228,-2.31888,-0.647713,-1.54075,-2.91919,-4.16857,-1.91207
2023-12-01,-2.87512,0.341509,0.867817,-2.50834,0.19512,-1.72108,-3.57109,-4.29846,-2.09337
2023-12-08,-2.25307,0.368124,1.08469,-2.25316,0.010849,-1.49272,-3.50816,-4.47842,-1.86616
2023-12-15,-2.42156,0.318036,1.16281,-2.32576,0.086264,-1.52613,-3.2562,-4.55064,-2.15362
2023-12-22,-3.40909,0.349339,1.27013,-2.73766,-0.647713,-1.74788,-3.04793,-4.66613,-2.27824
2023-12-29,-2.51716,0.370831,1.23267,-2.62156,0.162649,-1.77268,-3.41705,-4.66728,-2.16777
2024-01-05,-2.33523,0.445639,1.37943,-2.47444,0.162078,-1.53671,-2.96582,-5.10091,-2.30156
2024-01-12,-2.69381,0.483383,1.45679,-2.33764,0.322364,-1.51214,-2.80434,-4.27054,-2.0809
2024-01-19,-2.12411,0.631987,1.30794,-2.36407,0.451414,-1.57656,-2.88327,-4.33853,-1.9979
2024-01-26,-2.65599,0.742082,1.27063,-2.3477,1.01733,-1.53292,-2.67832,-4.17278,-1.91378
2024-02-02,-2.31141,0.595584,1.20039,-2.2631,0.699533,-1.56076,-2.68967,-4.03686,-1.8442
2024-02-09,-1.8463,0.878477,1.27194,-2.25523,0.732059,-1.57374,-2.64156,-4.34978,-1.792
2024-02-16,-1.73106,1.15847,1.23562,-2.20041,0.9151,-1.48797,-2.6975,-4.01899,-1.69399
2024-02-23,-2.20741,1.21872,1.12694,-2.22456,0.484076,-1.48918,-2.70762,-4.06552,-1.69955
2024-03-01,-2.49647,1.07533,1.16403,-2.42559,0.687658,-1.6568,-2.91463,-4.67865,-1.92041
2024-03-08,-2.82862,1.04409,0.909705,-2.41657,0.747353,-1.65344,-3.41408,-4.22867,-1.93735
2024-03-15,-2.66519,1.17982,1.055,-2.50868,0.574252,-1.67249,-3.02055,-4.13137,-1.9662
2024-03-22,-1.88237,1.08905,0.903554,-2.40399,0.877633,-1.55329,-3.02629,-4.12495,-1.95484
2024-03-29,-1.16788,1.1553,1.03752,-1.15322,0.587112,-1.65472,-1.63662,-1.0831,-1.847
2024-04-05,-1.50944,0.950789,1.08601,-2.30129,0.799154,-1.74419,-2.90614,-4.03818,-1.89057
2024-04-12,-0.954176,0.950789,1.04825,-2.35162,0.884365,-1.6969,-2.95072,-4.08434,-1.81695
2024-04-19,-0.330389,1.24357,1.15545,-2.33303,1.05693,-1.66197,-2.73185,-4.2328,-1.89316
2024-04-26,-2.12793,0.929289,1.19465,-2.35284,0.772231,-1.71701,-2.80721,-4.22974,-1.9455
2024-05-03,-1.96636,0.711086,1.22966,-2.30369,0.976939,-1.68584,-3.05463,-4.17873,-2.04961
2024-05-10,-2.57966,0.694002,1.26482,-2.31728,0.744319,-1.67937,-2.95154,-4.10304,-1.95564
2024-05-17,-3.13986,0.830471,1.26665,-2.38004,0.05208,-1.73545,-2.94016,-4.1277,-2.06152
2024-05-24,-3.03998,0.885235,1.16151,-2.32969,0.454611,-1.73442,-2.90361,-4.1223,-1.9538
2024-05-31,-2.97444,0.481057,1.15712,-2.29544,0.864652,-1.77735,-2.91189,-3.99958,-2.01786
2024-06-07,-3.00238,0.512485,1.01155,-2.28994,0.823316,-1.62832,-2.84254,-3.90889,-1.95962
2024-06-14,-2.97801,0.469299,1.19136,-2.45341,0.327925,-1.71111,-2.97755,-3.90028,-2.06822
2024-06-21,-2.97985,0.493514,1.04686,-2.44379,0.204151,-1.60538,-2.94715,-3.89472,-2.01246
2024-06-28,-2.99959,0.532593,1.12074,-2.42624,0.143417,-1.74098,-2.92635,-3.8512,-2.02955
2024-07-05,-2.73941,0.628435,1.15585,-2.59341,0.061528,-1.82389,-2.97745,-3.95192,-2.06652
2024-07-12,-2.43964,0.970987,1.11932,-2.36497,-0.051371,-1.7519,-2.94618,-4.01259,-2.068
2024-07-19,-2.52996,0.818245,1.15408,-2.34841,-0.030855,-1.77127,-2.97922,-4.06071,-2.14147
2024-07-26,-2.8219,1.05479,1.15267,-2.52219,0.443057,-1.76691,-2.85667,-3.98302,-2.14369
2024-08-02,-3.61544,1.11679,1.15236,-2.5055,0.673325,-1.83088,-3.01232,-4.05174,-2.16661
2024-08-09,-3.04341,1.00359,1.03626,9.34916,1.04504,-1.84672,-7.78678,-10.5133,6.16873
2024-08-16,-3.86144,1.05671,1.11326,-2.55503,0.683414,-1.82428,-3.03859,-4.15644,-2.27387
2024-08-23,-3.79889,1.32496,1.11386,-2.46764,0.213238,-2.02229,-3.02255,-4.12578,-2.30571
2024-08-30,-4.2353,1.44592,1.11453,-2.40586,0.192512,-2.11605,-2.92146,-3.90457,-2.39864
2024-09-06,-3.91005,1.81115,1.29436,-2.16704,0.161113,-1.9826,-2.94626,-4.05598,-2.14813
2024-09-13,-3.65285,1.90606,1.36725,-2.05582,0.203789,-1.93663,-2.77221,-3.90164,-2.14485
2024-09-20,-3.51509,1.79681,1.66369,-1.83018,-0.086165,-1.87666,-2.5307,-3.47234,-2.32219
2024-09-27,-2.92986,1.5179,1.84368,-2.00535,0.096308,-1.89772,-2.50813,-3.31914,-2.34136
2024-10-04,-2.86879,1.52165,1.69243,-2.05813,0.213447,-1.69196,-2.51371,-3.39649,-2.27023
2024-10-11,-2.62278,1.59068,1.90779,-1.98475,0.662728,-1.73746,-2.65131,-3.55648,-2.06976
2024-10-18,-2.69755,1.1231,1.5814,-2.07115,0.386704,-1.75512,-2.576,-3.60569,-1.95352
2024-10-25,-2.77366,1.23455,1.50898,-1.95914,0.082314,-1.73182,-2.33633,-3.49652,-1.75707
2024-11-01,-2.39622,1.1125,1.40034,-1.79331,0.496739,-1.61189,-2.41647,-3.43625,-1.38326
2024-11-08,-2.30267,1.11607,1.43144,-1.67084,1.03456,-1.54085,-2.19287,-3.23928,-1.07644
2024-11-15,-0.986785,1.08387,1.57517,-1.55956,0.594027,-1.54988,-2.33799,-3.41867,-1.02472
2024-11-22,-0.807123,1.00619,1.68206,-1.64057,0.787341,-1.53592,-2.52082,-3.40577,-1.23418
2024-11-29,-2.00333,0.969889,2.00641,-1.66268,1.21417,-1.62886,-3.17662,-3.45362,-1.45255
2024-12-06,-2.57775,0.797856,2.00235,-1.63041,1.17007,-1.56854,-2.95224,-3.48301,-1.30275
2024-12-13,-1.13019,0.885124,2.3961,-1.51182,1.20704,-1.53951,-2.48605,-3.37791,-1.41463
2024-12-20,-1.21194,1.26699,2.71525,-1.37546,2.06019,-1.43995,-2.28017,-3.25414,-1.39647
2024-12-27,-1.17594,1.24512,3.81751,-1.42492,3.04986,-1.53841,-2.2208,-2.39412,-0.814162
2025-01-03,-0.320672,1.45495,3.1925,-1.4039,1.92398,-1.46007,-2.0683,-3.1275,-1.38162
2025-01-10,-1.07219,1.62458,3.40268,-1.36548,1.5535,-1.37222,-2.23119,-3.15414,-1.30278
2025-01-17,-1.25276,1.51361,3.23352,-1.34947,1.37973,-1.51354,-2.15641,-3.08971,-1.39038
2025-01-24,-2.18078,1.08122,2.96253,-1.41411,0.836502,-1.485,-2.17157,-2.78702,-1.4161
2025-01-31,-1.81008,1.25874,2.59229,-1.11189,1.20926,-1.38966,-1.94347,-2.78702,-1.39499
2025-02-07,-1.63884,1.46598,2.49976,-1.07646,1.07055,-1.40799,-1.94498,-2.71313,-1.44112
2025-02-14,-1.77804,1.22453,2.83359,-1.13051,1.05286,-1.48626,-1.98782,-2.70729,-1.56806
2025-02-21,-2.19425,1.07239,2.48297,-1.08119,0.70627,-1.51972,-2.05006,-2.71403,-1.78428
2025-02-28,-2.41075,1.31058,2.71103,-1.20433,0.987326,-1.76382,-2.51695,-3.24223,-2.03156
2025-03-07,-2.62201,1.10094,2.65302,-1.2846,0.757732,-1.96862,-2.50535,-2.91884,-2.0947
2025-03-14,-2.97239,1.29199,3.25403,-1.47607,1.04241,-2.00926,-2.51462,-2.94272,-2.00378
2025-03-21,-2.42563,1.44586,3.90646,-1.38895,0.756074,-1.71534,-2.43458,-3.08394,-1.99123
2025-03-28,-2.87085,2.23267,3.24176,-1.46569,0.787002,-1.8792,-2.547,-3.14031,-1.98639
2025-04-04,-2.45326,2.23267,2.95763,-1.27769,0.603457,-1.80364,-2.42028,-3.10357,-1.98998
2025-04-11,-2.86583,1.87359,2.50252,-1.37571,0.908628,-2.00838,-2.69225,-3.11123,-2.00919
2025-04-18,-3.31586,1.57663,2.80524,1.33264,0.746253,-1.9728,-2.29818,-6.23612,-2.23695
2025-04-25,-2.88326,1.57995,2.70228,-1.3356,0.921077,-1.98924,-2.50528,-3.09253,-2.23154
2025-05-02,-2.92295,1.646,2.70339,-1.25631,0.964671,-2.08849,-2.92382,-3.19076,-2.28007
2025-05-09,-2.9269,1.57345,2.98716,-1.3315,1.07602,-2.2852,-3.00308,-3.16014,-2.33226
2025-05-16,-3.00618,1.43268,2.22839,-1.1948,1.37802,-2.24682,-2.84889,-3.18077,-2.55968
2025-05-23,-3.07324,1.43372,1.98553,-1.47889,1.01427,-2.3328,-2.82945,-3.19174,-2.75567
2025-05-30,-3.05692,1.55798,1.94389,-1.37479,0.787847,-2.20799,-2.91591,-3.04004,-2.62073
2025-06-06,-2.81876,1.39128,1.3013,-1.29795,0.768398,-2.41784,-2.79655,-2.96665,-2.27197
2025-06-13,-2.8464,1.5575,1.3676,-1.2641,1.09413,-2.44167,-2.71312,-2.83919,-2.3847
2025-06-20,-2.73737,1.36334,1.53514,-1.28946,1.21357,-2.40327,-2.65293,-2.88764,-2.13078
2025-06-27,-3.05369,1.37867,1.59035,-1.35355,0.755788,-2.61178,-2.68936,-2.94768,-2.23214
2025-07-04,-2.892,1.41784,1.44919,-1.41108,0.972306,-2.67454,-2.72037,-2.95146,-2.13791
2025-07-11,-2.86804,1.22833,1.54754,-1.40119,0.906802,-2.67265,-2.75862,-2.95789,-2.28697
2025-07-18,-2.86955,1.1478,1.57785,-1.40398,0.863766,-2.86281,-2.68933,-3.10788,-2.13272
2025-07-25,-2.90633,1.0346,1.81652,-1.45313,0.811971,-2.77202,-2.65481,-3.01384,-2.06941
2025-08-01,-2.78063,0.968493,1.86839,-1.61392,1.04703,-2.8107,-2.81282,-2.99627,-1.86765
2025-08-08,-2.9802,0.368947,1.58413,-1.40513,0.918066,-2.73547,-3.04971,-3.01494,-2.05352
2025-08-15,-2.85088,0.465097,1.62219,-1.46357,0.960757,-2.83168,-2.9375,-3.03684,-2.06415
2025-08-22,-2.79848,0.448901,1.74496,-1.4661,1.47418,-2.87618,-2.97362,-3.05413,-2.04783
2025-08-29,-3.23715,0.675216,1.64408,-1.35515,1.20354,-2.87327,-2.86345,-2.86649,-1.8825
2025-09-05,-2.64995,0.659721,1.60903,-1.41008,1.04858,-2.84483,-2.81484,-2.90602,-1.92456
2025-09-12,-2.70723,0.532512,1.78075,-1.50293,1.24684,-2.80113,-2.70685,-2.70695,-1.88505
2025-09-19,-2.49172,0.616564,1.95738,-1.20641,1.07652,-2.67597,-2.80035,-2.70704,-1.87732
2025-09-26,-2.63908,0.449219,2.18592,-1.45432,1.20453,-2.8043,-2.77639,-3.13674,-1.68565
2025-10-03,-2.6735,0.345268,1.97814,-1.35995,1.11514,-2.85284,-2.89778,-2.96756,-1.74294
2025-10-10,-2.52428,0.326772,1.8778,-1.43945,0.899905,-2.79605,-2.91182,-2.67824,-1.7178
2025-10-17,-2.61092,0.32618,1.99658,-1.39607,0.537726,-2.88646,-2.63232,-2.62736,-1.88387
2025-10-24,-2.5229,0.36941,1.96543,-1.28513,0.59517,-2.78071,-2.62319,-2.6548,-1.78126
2025-10-31,-2.50861,0.334245,1.84031,-1.19682,0.767341,-2.74348,-2.74813,-2.46988,-1.63009
2025-11-07,-2.39809,0.270045,1.87612,-1.1714,1.04117,-2.76227,-2.58482,-2.56061,-1.55368
2025-11-14,-2.33314,0.311334,1.73751,-1.24137,0.89745,-2.7163,-2.49231,-2.51204,-1.79654
2025-11-21,-2.68663,0.32395,1.80641,-1.29518,0.685469,-2.71043,-2.53734,-2.93755,-1.77445
2025-11-28,-2.69758,0.299419,1.92779,-1.32824,0.800947,-2.77798,-3.06898,-2.53187,-1.9809
2025-12-05,-2.49899,0.296074,2.90439,-1.2776,0.981654,-2.69829,-2.73681,-2.54155,-1.62153
2025-12-12,-2.23132,0.382882,3.37066,-1.1091,1.63735,-2.68891,-2.49307,-2.58623,-1.73677
2025-12-19,-2.32336,0.355416,4.85964,-1.05447,1.38812,-2.52764,-2.75765,-2.63126,-1.57215
2025-12-26,-2.15674,1.18451,5.54463,0.703285,1.30034,-2.52248,-1.32433,4.01336,-1.22272
2026-01-02,-2.26573,0.377446,2.59063,-0.971736,1.40587,-2.49055,-2.26156,-2.53302,-1.24081
2026-01-09,-2.07827,0.311157,2.96533,-0.967699,1.37557,-2.56209,-2.55585,-2.32682,-1.06462
2026-01-16,-2.11539,0.334536,3.08279,-0.941954,1.36312,-2.54979,-2.50583,-2.55449,-1.17437
2026-01-23,-2.21149,0.371729,2.70976,-0.924895,1.10193,-2.52376,-2.47038,-2.36994,-1.34242
2026-01-30,-1.90082,0.472872,2.0748,-0.849896,0.941531,-2.30835,-2.30646,-2.15198,-1.28458
2026-02-06,-2.05569,0.570714,1.73268,-0.81728,0.987629,-2.32068,-2.34227,-2.13692,-1.13731
2026-02-13,-2.14771,0.688437,1.73382,-0.918244,0.934524,-2.35993,-2.34145,-2.07468,-1.19757
2026-02-20,-2.16817,0.678054,1.79514,-0.91883,0.994922,-2.31567,-2.47116,-2.07468,-1.15514
2026-02-27,-2.69723,1.04283,2.53563,-0.936647,1.19263,-2.8356,-3.10148,-2.54582,-1.24415
2026-03-06,-2.31335,1.23139,3.38909,-0.908396,1.89783,-2.60224,-2.88341,-2.24811,-1.01181
2026-03-13,-2.44186,1.13932,4.20188,-1.07669,2.48818,-2.6243,-2.93422,-2.33828,-0.999775
2026-03-20,-2.46403,1.13662,4.75407,-1.21165,2.26972,-2.57442,-2.89922,-2.51873,-1.11394
2026-03-27,-2.53706,0.780853,4.62164,-1.17595,2.10071,-2.45822,-2.8361,-2.56587,-0.871368
2026-04-03,-2.63448,1.1165,12.9499,1.45903,2.99924,-2.50034,0.184247,3.77929,-1.03796
2026-04-10,-2.4744,1.0938,3.85221,-1.02301,1.68327,-2.54744,-2.76162,-2.3195,-1.04704
2026-04-17,-2.52853,1.17592,3.11022,-0.966614,1.00392,-2.50852,-2.49785,-2.21934,-1.04722
2026-04-24,-2.54182,1.15776,3.42515,-0.919412,1.04269,-2.49186,-2.60403,-2.30128,-1.00594
2026-05-01,-2.66961,1.50069,3.17443,-1.0225,1.19725,-2.59618,-3.0667,-2.28597,-1.04672
2026-05-08,-2.55482,1.00663,2.70102,-0.944983,1.11401,-2.4745,-2.82348,-2.15768,-0.812976
2026-05-15,-2.80236,1.5918,3.68794,-1.02804,0.927528,-2.71329,-3.00927,-2.37117,-0.994407
2026-05-22,-2.75357,2.67711,4.53273,-0.993556,0.633925,-2.51592,-2.91622,-2.18756,-1.14121
2026-05-29,-2.59248,2.85711,3.78202,-1.02339,0.831105,-2.52749,-2.92416,-1.87983,-0.832902
2026-06-05,-2.49637,2.6631,2.9759,-0.889982,0.371514,-2.4415,-2.75819,-1.84964,-0.737372
2026-06-12,-2.4566,2.20439,2.87808,-1.03048,0.607995,-2.42908,-2.70037,-1.91844,-1.06077
2026-06-19,-2.39345,2.80252,3.06042,-1.04063,0.514367,-2.42194,-2.85816,-2.10941,-0.899588
2026-06-26,-2.48486,3.12599,3.29034,-0.891747,0.579042,-2.54244,-2.8721,-2.34306,-0.62378
2026-07-03,-2.47107,3.11893,2.83681,-0.910186,0.803858,-2.47596,-2.98243,-2.08119,-0.821284
2026-07-10,-2.46669,3.03305,3.15776,-0.95415,0.694688,-2.52198,-2.98273,-2.23113,-0.994077
2026-07-17,-2.4758,2.95717,3.09445,-0.994217,0.644833,-2.49105,-2.766,-2.32898,-0.686786
