date,Coal,Coal_2,Brent_Oil,Gold,Rice,Copper,Iron_Ore,PHLX_Semiconductor_Sector_Index,LNG
2014-08-01,2357.0,76.3,104.84,1293.75,12.79,7088.5,94.77,609.765,11.4
2014-08-08,2291.0,78.25,105.02,1309.58,12.66,7010.75,95.23,606.231,13.03
2014-08-15,2166.0,77.65,103.53,1304.7,12.905,6891.0,94.28,624.602,11.8
2014-08-22,2021.0,76.9,102.29,1281.1,12.825,7098.0,92.96,639.719,12.08
2014-08-29,1937.0,76.95,103.19,1287.32,12.585,7008.5,92.75,645.253,12.41
2014-09-05,2041.0,75.2,100.82,1268.81,12.375,6991.75,83.71,651.244,12.77
2014-09-12,2125.0,75.75,97.11,1229.65,12.55,6866.0,84.25,639.889,12.83
2014-09-19,2136.0,75.1,98.39,1215.7,12.7,6883.25,83.13,649.541,13.16
2014-09-26,2189.0,75.0,97.0,1218.38,12.815,6766.5,82.58,643.341,14.55
2014-10-03,2187.0,72.4,92.31,1191.42,12.585,6682.0,79.28,623.117,14.455
2014-10-10,2209.0,72.45,90.21,1223.16,12.585,6703.0,80.56,561.395,14.45
2014-10-17,2165.0,71.95,86.16,1238.32,12.545,6689.0,80.47,575.332,14.355
2014-10-24,2199.0,72.95,86.13,1231.01,12.405,6762.0,80.32,612.046,13.655
2014-10-31,2295.0,72.85,85.86,1172.94,12.005,6761.5,80.17,640.856,13.065
2014-11-07,2192.0,71.9,83.39,1177.97,11.87,6790.0,76.33,637.484,12.58
2014-11-14,2191.0,73.4,79.41,1188.75,11.73,6777.5,75.38,645.564,12.505
2014-11-21,2215.0,74.05,80.36,1201.55,12.595,6785.0,74.54,662.945,10.16
2014-11-28,2147.0,73.9,70.15,1167.38,12.335,6412.0,73.22,685.741,10.09
2014-12-05,2135.0,72.0,69.07,1192.35,12.065,6515.0,71.33,703.116,10.07
2014-12-12,2154.0,71.5,61.85,1222.59,12.35,6542.25,69.56,671.328,10.06
2014-12-19,2160.0,71.25,61.38,1195.74,12.31,6452.5,69.22,686.095,10.075
2014-12-26,2250.0,68.5,59.45,1196.0,12.165,6361.0,68.63,696.997,10.085
2015-01-02,2315.0,65.5,56.42,1188.39,11.29,6321.0,70.67,686.726,10.055
2015-01-09,2359.0,60.1,50.11,1223.25,11.325,6166.5,70.5,685.524,9.975
2015-01-16,2348.0,57.9,50.17,1280.45,11.325,5768.0,69.03,663.859,9.0
2015-01-23,2264.0,58.55,48.79,1294.08,11.01,5549.0,67.66,680.536,7.945
2015-01-30,2154.0,58.8,52.99,1283.79,10.57,5541.0,67.62,653.137,7.55
2015-02-06,2330.0,61.25,57.8,1234.04,10.74,5670.0,62.62,671.845,7.420001
2015-02-13,2265.0,62.45,61.52,1229.76,10.525,5754.0,62.75,705.075,7.43
2015-02-20,2302.0,62.25,60.22,1201.94,10.79,5708.0,63.0,711.254,6.725
2015-02-27,2321.0,61.8,62.58,1213.18,10.47,5924.0,62.67,714.65,7.2
2015-03-06,2312.0,61.65,59.73,1167.29,10.235,5765.5,58.33,712.422,7.2
2015-03-13,2270.0,61.95,54.67,1158.48,10.435,5882.0,58.21,707.79,7.28
2015-03-20,2168.0,60.95,55.32,1182.54,10.92,6073.5,56.92,730.908,7.72
2015-03-27,2151.0,61.05,56.41,1198.55,10.99,6078.5,57.13,694.321,7.535
2015-04-03,2178.0,58.55,54.95,1206.91,10.865,6003.25,47.13,689.174,7.45
2015-04-10,2120.0,59.05,57.87,1207.59,10.26,6056.0,47.19,709.045,7.39
2015-04-17,2184.0,59.95,63.45,1204.22,9.905001,6069.0,50.37,696.088,6.875
2015-04-24,2166.0,59.65,65.28,1179.0,9.98,6031.0,50.5,693.727,7.09
2015-05-01,2070.0,59.9,66.46,1178.46,9.950001,6411.5,54.0,705.5,7.09
2015-05-08,2146.0,59.55,65.39,1188.39,9.505,6391.5,59.33,702.13,7.06
2015-05-15,2199.0,59.05,66.81,1224.8,9.575001,6414.75,58.75,709.521,7.115
2015-05-22,2132.0,58.75,65.37,1206.21,9.43,6156.0,58.88,720.198,7.75
2015-05-29,2170.0,58.85,65.56,1190.58,9.51,6005.25,60.42,745.408,7.725
2015-06-05,2320.0,56.8,63.31,1171.94,9.805,5927.0,61.75,726.289,7.64
2015-06-12,2254.0,57.75,63.87,1181.63,9.68,5892.5,63.46,714.127,7.615
2015-06-19,2232.0,58.0,63.02,1200.27,9.72,5642.0,61.62,723.369,7.2
2015-06-26,2278.0,58.2,63.26,1175.52,9.96,5745.0,62.0,698.357,7.24
2015-07-03,2263.0,58.95,60.32,1169.1,10.38,5744.0,53.17,685.512,7.265
2015-07-10,2190.0,58.75,58.73,1163.74,10.855,5578.0,49.92,658.879,7.38
2015-07-17,2189.0,58.4,57.1,1134.14,10.92,5459.75,50.5,667.055,7.825
2015-07-24,2180.0,58.55,54.62,1099.11,11.045,5246.5,51.13,642.477,7.880001
2015-07-31,2120.0,58.45,52.21,1095.8,11.515,5221.5,51.58,646.287,8.065001
2015-08-07,2031.0,57.15,48.61,1094.15,11.43,5164.0,53.75,636.823,8.030001
2015-08-14,1986.0,56.3,49.03,1115.07,11.82,5157.25,55.25,631.042,8.01
2015-08-21,1913.0,55.9,45.46,1160.77,11.65,5063.75,55.46,578.594,7.73
2015-08-28,1928.0,55.8,50.05,1133.6,11.59,5147.0,55.08,613.907,7.665
2015-09-04,1955.0,54.55,49.61,1121.85,11.85,5131.75,55.44,597.622,7.615
2015-09-11,2032.0,53.85,48.14,1107.95,12.6,5390.25,57.06,615.812,7.55
2015-09-18,2034.0,54.1,47.47,1139.23,12.95,5272.5,56.25,610.747,6.955
2015-09-25,2259.0,53.85,48.6,1146.2,13.27,5042.5,56.5,592.876,6.83
2015-10-02,2319.0,51.1,48.13,1138.6,13.25,5111.75,52.65,608.457,6.665
2015-10-09,2168.0,52.4,52.65,1156.53,12.995,5310.25,54.87,629.506,6.695
2015-10-16,2235.0,51.85,50.46,1177.3,12.11,5303.5,52.88,652.634,6.8
2015-10-23,2251.0,52.15,47.99,1164.45,11.855,5183.25,53.0,683.712,7.065
2015-10-30,2238.0,52.45,49.56,1142.11,11.61,5129.5,52.74,662.517,7.125
2015-11-06,2188.0,53.3,47.42,1089.8,12.185,4993.5,46.79,676.469,7.27
2015-11-13,2100.0,53.45,43.61,1083.91,11.96,4828.75,47.38,643.71,7.28
2015-11-20,2159.0,54.35,44.66,1078.01,12.13,4605.5,46.12,665.756,7.49
2015-11-27,2159.0,53.85,44.86,1057.45,11.955,4591.0,46.09,670.509,7.29
2015-12-04,2189.0,48.55,43.0,1086.44,11.18,4611.0,38.78,691.486,7.39
2015-12-11,2222.0,47.35,37.93,1074.77,11.055,4701.0,38.28,660.778,7.39
2015-12-18,2236.0,47.8,36.88,1066.25,11.08,4685.0,39.32,653.719,7.2
2015-12-25,2294.0,47.8,37.89,1076.1,10.82,4690.5,39.12,674.394,6.96
2016-01-01,2398.0,47.45,37.28,1061.1,11.565,4705.75,39.58,663.481,6.86
2016-01-08,2263.0,47.15,33.55,1104.15,11.615,4482.5,40.62,600.481,6.775
2016-01-15,2200.0,45.35,28.94,1088.88,10.665,4327.5,40.45,574.294,6.725
2016-01-22,2382.0,45.85,32.18,1097.95,10.96,4449.25,41.07,598.425,5.12
2016-01-29,2349.0,45.75,34.74,1118.21,11.35,4570.0,41.17,613.681,5.055
2016-02-05,2497.0,44.15,34.06,1173.4,11.12,4633.25,44.05,586.251,5.38
2016-02-12,2548.0,43.55,33.36,1237.97,10.765,4506.75,43.0,571.9,5.38
2016-02-19,2522.0,43.5,33.01,1226.8,11.02,4624.25,46.08,605.457,4.655
2016-02-26,2462.0,43.85,35.1,1223.46,10.39,4714.75,46.5,624.649,4.435
2016-03-04,2464.0,46.35,38.72,1258.95,10.265,5036.75,52.0,650.618,4.39
2016-03-11,2549.0,46.4,40.39,1249.45,10.095,4986.5,54.5,659.144,4.46
2016-03-18,2633.0,46.6,41.2,1255.4,10.45,5074.5,55.67,675.03,4.4
2016-03-25,2660.0,46.25,40.44,1217.05,10.265,4977.0,55.75,666.136,4.315
2016-04-01,2717.0,44.85,38.67,1222.6,9.755,4859.75,53.63,681.594,4.285
2016-04-08,2647.0,44.7,41.94,1240.69,9.95,4663.75,53.18,671.311,4.24
2016-04-15,2638.0,45.75,43.1,1233.99,10.315,4828.25,56.4,673.493,4.24
2016-04-22,2677.0,45.65,45.11,1233.03,10.49,5043.25,59.88,669.027,4.295
2016-04-29,2572.0,45.75,48.13,1293.53,10.84,5064.0,59.58,645.338,4.57
2016-05-06,2640.0,47.25,45.37,1288.99,11.21,4825.5,58.08,637.497,4.47
2016-05-13,2635.0,47.9,47.83,1273.45,11.485,4636.0,54.07,633.263,4.46
2016-05-20,2557.0,48.0,48.72,1251.98,11.77,4588.5,55.56,665.085,4.61
2016-05-27,2587.0,48.2,49.32,1212.38,10.765,4720.5,54.67,695.708,4.66
2016-06-03,2680.0,51.8,49.64,1244.2,11.37,4696.5,47.97,705.604,4.755
2016-06-10,2626.0,50.35,50.54,1274.24,11.355,4496.0,50.95,699.043,4.82
2016-06-17,2485.0,50.9,49.17,1298.65,11.295,4541.5,50.29,689.09,5.05
2016-06-24,2470.0,51.3,48.41,1315.75,10.76,4690.0,50.75,675.398,5.305
2016-07-01,2406.0,56.4,50.35,1341.35,10.365,4899.5,52.38,685.01,5.215
2016-07-08,2320.0,56.45,46.76,1366.33,10.69,4697.75,53.99,701.066,5.225
2016-07-15,2298.0,57.95,47.61,1337.45,10.52,4900.5,56.42,723.644,5.275
2016-07-22,2362.0,56.7,45.69,1322.73,10.405,4911.0,55.53,742.366,5.955
2016-07-29,2374.0,57.15,42.46,1351.28,9.94,4915.25,56.61,766.776,5.995
2016-08-05,2505.0,57.75,44.27,1336.0,9.305,4779.25,60.18,773.78,5.845
2016-08-12,2620.0,61.45,46.97,1335.97,9.655,4749.0,59.44,779.844,5.805
2016-08-19,2852.0,60.1,50.88,1341.47,10.255,4785.75,60.6,797.058,5.625
2016-08-26,2800.0,60.3,49.92,1321.18,9.73,4603.5,60.75,801.4,5.52
2016-09-02,2829.0,61.9,46.83,1325.21,9.56,4616.5,57.85,806.955,5.435
2016-09-09,2898.0,60.1,48.01,1327.83,9.29,4614.5,57.48,768.373,5.48
2016-09-16,2833.0,61.1,45.77,1310.35,9.815,4771.5,56.65,801.547,5.625
2016-09-23,2863.0,62.6,45.89,1337.56,9.65,4833.0,56.89,804.593,5.725
2016-09-30,2775.0,62.8,49.06,1315.87,9.885,4848.0,56.63,835.6,5.905
2016-10-07,2650.0,76.75,51.93,1257.08,10.095,4758.25,54.86,837.024,5.985
2016-10-14,2630.0,75.75,51.95,1251.03,10.16,4655.25,56.72,809.392,5.98
2016-10-21,2759.0,79.15,51.78,1266.46,10.29,4614.25,57.05,814.526,6.8
2016-10-28,2790.0,79.55,49.71,1275.47,9.87,4831.5,57.87,818.88,6.955
2016-11-04,2752.0,87.05,45.58,1305.06,9.64,4977.5,63.43,802.876,7.02
2016-11-11,2975.0,89.4,44.75,1227.64,9.485,5540.75,77.12,837.242,7.045
2016-11-18,2872.0,86.35,46.86,1207.89,9.635,5412.0,69.2,872.631,7.055
2016-11-25,3042.0,87.0,47.24,1183.56,9.625,5864.5,72.56,890.972,7.08
2016-12-02,3120.0,84.1,54.46,1177.43,9.625,5758.0,74.2,847.699,7.36
2016-12-09,3123.0,83.95,54.33,1159.86,9.92,5822.0,78.66,892.51,7.83
2016-12-16,3188.0,89.4,55.21,1134.88,9.48,5629.75,79.7,900.846,7.855
2016-12-23,3188.0,89.4,55.21,1134.88,9.48,5629.75,79.7,900.846,7.855
2016-12-30,3188.0,89.4,55.21,1134.88,9.48,5629.75,79.7,900.846,7.855
2017-01-06,,,,,,,,,
2017-01-13,,,,,,,,,
2017-01-20,,,,,,,,,
2017-01-27,,,,,,,,,
2017-02-03,,,,,,,,,
2017-02-10,,,,,,,,,
2017-02-17,,,,,,,,,
2017-02-24,,,,,,,,,
2017-03-03,,,,,,,,,
2017-03-10,,,,,,,,,
2017-03-17,,,,,,,,,
2017-03-24,,,,,,,,,
2017-03-31,,,,,,,,,
2017-04-07,,,,,,,,,
2017-04-14,,,,,,,,,
2017-04-21,,,,,,,,,
2017-04-28,,,,,,,,,
2017-05-05,,,,,,,,,
2017-05-12,,,,,,,,,
2017-05-19,,,,,,,,,
2017-05-26,2840.0,74.2,52.15,1266.76,10.975,5638.0,60.71,1084.845,5.495
2017-06-02,2730.0,77.5,49.95,1279.17,11.12,5640.0,55.72,1103.398,5.45
2017-06-09,2680.0,78.55,48.15,1266.76,11.32,5779.5,54.16,1090.049,5.475
2017-06-16,2656.0,78.55,47.37,1253.73,11.4,5639.0,54.72,1067.232,5.45
2017-06-23,2589.0,78.85,45.54,1256.71,11.255,5780.5,54.75,1088.484,5.495
2017-06-30,2596.0,79.0,47.92,1241.61,11.505,5927.0,56.01,1034.907,5.48
2017-07-07,2668.0,85.45,46.71,1212.46,11.72,5804.0,63.19,1054.902,5.445
2017-07-14,2620.0,83.3,48.91,1228.7,11.415,5905.25,64.65,1104.315,5.445
2017-07-21,2612.0,83.6,48.06,1254.98,11.985,5971.0,65.81,1107.541,5.595
2017-07-28,2666.0,83.5,52.52,1269.64,12.415,6295.5,65.82,1092.992,5.74
2017-08-04,2590.0,83.6,52.42,1258.88,12.33,6347.75,73.56,1079.446,5.81
2017-08-11,2683.0,85.1,52.1,1289.31,12.495,6383.0,73.51,1066.222,5.85
2017-08-18,2675.0,86.25,52.72,1284.13,12.145,6452.25,74.91,1071.894,6.25
2017-08-25,2733.0,85.25,52.41,1291.35,12.395,6648.5,75.19,1080.498,6.11
2017-09-01,2680.0,88.05,52.75,1325.23,12.665,6804.5,77.6,1119.339,6.13
2017-09-08,2771.0,89.8,53.78,1346.59,12.455,6672.25,74.21,1093.489,6.235
2017-09-15,2885.0,91.7,55.62,1320.18,12.805,6461.0,72.81,1146.685,6.315
2017-09-22,2748.0,91.75,56.86,1297.3,12.365,6415.75,70.02,1149.587,7.775
2017-09-29,2719.0,91.4,57.54,1279.75,11.995,6432.25,69.77,1171.738,8.165
2017-10-06,2741.0,90.8,55.62,1276.68,11.885,6616.5,63.75,1191.449,8.245
2017-10-13,2716.0,91.2,57.17,1303.82,12.185,6859.0,60.92,1219.214,8.27
2017-10-20,2724.0,91.95,57.75,1280.47,12.075,6921.5,60.89,1231.341,8.86
2017-10-27,2786.0,92.35,60.44,1273.35,11.55,6800.5,60.4,1263.554,8.995
2017-11-03,2784.0,94.0,62.07,1269.91,11.285,6864.5,59.66,1299.97,9.125
2017-11-10,2740.0,95.35,63.52,1275.07,11.165,6753.75,62.09,1303.064,9.18
2017-11-17,2680.0,93.8,62.72,1292.42,12.285,6743.5,61.6,1306.929,9.675
2017-11-24,2545.0,94.3,63.86,1288.37,12.42,6980.0,63.18,1341.692,9.77
2017-12-01,2495.0,92.7,63.73,1280.62,12.46,6808.5,68.95,1258.653,9.815
2017-12-08,2379.0,94.4,63.4,1248.49,12.065,6536.75,68.07,1238.245,9.89
2017-12-15,2346.0,95.15,63.23,1256.44,11.705,6855.0,69.55,1250.887,9.965
2017-12-22,2407.0,94.8,65.25,1274.16,11.95,7085.0,71.37,1271.167,11.045
2017-12-29,2444.0,94.8,66.87,1302.8,11.68,7207.0,71.28,1253.048,11.17
2018-01-05,2570.0,96.25,67.62,1319.59,11.565,7078.5,75.31,1325.708,11.17
2018-01-12,2474.0,95.55,69.87,1337.64,11.58,7074.25,77.19,1322.105,11.23
2018-01-19,2435.0,95.2,68.61,1331.84,12.205,6999.25,76.6,1372.032,10.545
2018-01-26,2482.0,95.3,70.52,1349.12,12.335,7042.5,75.84,1381.273,10.04
2018-02-02,2475.0,88.4,68.58,1333.39,12.46,7003.75,72.87,1317.983,10.345
2018-02-09,2495.0,82.25,62.79,1316.65,12.325,6711.75,75.58,1255.812,10.475
2018-02-16,2505.0,85.15,64.84,1346.96,12.015,7191.0,77.29,1318.321,8.0
2018-02-23,2536.0,85.8,67.31,1328.71,11.965,7062.25,77.32,1351.092,8.295
2018-03-02,2496.0,78.95,64.37,1322.75,12.265,6863.5,76.96,1363.781,8.37
2018-03-09,2398.0,81.3,65.49,1323.93,12.16,6937.5,71.77,1431.161,8.46
2018-03-16,2438.0,80.0,66.21,1314.24,12.46,6864.25,71.8,1422.543,7.48
2018-03-23,2420.0,79.55,70.45,1347.33,12.36,6617.75,69.98,1323.924,7.155
2018-03-30,2380.0,79.5,70.27,1325.48,12.355,6679.25,64.86,1328.902,7.21
2018-04-06,2479.0,81.2,67.11,1333.03,12.495,6729.5,63.54,1265.253,7.2
2018-04-13,2392.0,81.8,72.58,1346.2,13.11,6796.5,65.05,1329.397,7.18
2018-04-20,2410.0,81.8,74.06,1336.36,12.99,6951.0,65.54,1270.828,7.725
2018-04-27,2378.0,81.8,74.64,1324.0,12.81,6758.75,65.37,1258.105,7.955
2018-05-04,2319.0,85.25,74.87,1314.5,12.68,6790.0,67.05,1296.729,7.94
2018-05-11,2359.0,88.45,77.12,1319.3,12.485,6908.5,67.21,1350.464,7.97
2018-05-18,2433.0,89.6,78.50999,1293.04,12.325,6825.25,67.0,1345.196,9.105
2018-05-25,2453.0,89.6,76.43999,1302.25,11.565,6865.25,65.98,1390.836,9.29
2018-06-01,2436.0,95.3,76.79,1293.4,11.445,6882.75,64.49,1411.306,9.37
2018-06-08,2378.0,95.5,76.46,1298.17,11.18,7324.0,64.98,1412.287,9.51
2018-06-15,2319.0,96.5,73.43999,1278.94,12.36,7019.0,65.54,1422.037,9.615
2018-06-22,2283.0,96.0,75.55,1270.56,12.6,6791.5,64.69,1371.001,10.655
2018-06-29,2298.0,96.0,79.43999,1252.6,11.61,6625.0,64.8,1313.704,10.605
2018-07-06,2255.0,100.2,77.11,1255.48,12.115,6278.5,62.93,1349.189,10.53
2018-07-13,2140.0,101.4,75.33,1244.32,11.815,6216.75,63.2,1340.834,10.455
2018-07-20,2180.0,100.15,73.07,1229.53,11.93,6122.5,63.89,1359.185,9.575
2018-07-27,2122.0,101.0,74.29,1224.22,12.005,6274.25,64.32,1372.236,9.665
2018-08-03,2170.0,94.45,73.21,1214.9,11.495,6178.25,67.55,1381.636,9.81
2018-08-10,2206.0,96.85,72.81,1210.57,10.55,6160.25,68.86,1354.8,9.83
2018-08-17,2204.0,98.2,71.83,1184.25,10.35,5889.5,68.01,1323.415,11.275
2018-08-24,2178.0,97.0,75.82,1205.35,10.785,6091.5,67.21,1375.882,11.585
2018-08-31,2200.0,97.9,77.42,1201.15,10.83,5968.0,67.16,1401.203,11.615
2018-09-07,2213.0,99.75,76.83,1196.93,10.845,5915.0,68.22,1360.768,11.52
2018-09-14,2206.0,99.5,78.09,1194.85,10.665,5950.75,68.7,1377.306,11.455
2018-09-21,2116.0,100.3,78.8,1200.04,9.88,6379.5,68.89,1383.087,11.595
2018-09-28,2118.0,100.15,82.72,1190.88,9.78,6263.5,68.73,1366.742,11.365
2018-10-05,2139.0,101.35,84.16,1203.63,10.82,6167.0,69.05,1315.841,11.265
2018-10-12,2113.0,99.1,80.43,1217.05,10.685,6319.0,70.56,1253.577,11.12
2018-10-19,2125.0,100.5,79.78,1226.49,11.035,6228.0,71.89,1225.941,10.92
2018-10-26,2046.0,100.2,77.62,1233.53,10.73,6207.0,72.86,1152.999,10.6
2018-11-02,1985.0,96.1,72.83,1232.89,10.7,6319.0,72.76,1239.16,10.565
2018-11-09,1880.0,91.7,70.18,1209.65,10.595,6078.5,75.64,1229.055,10.485
2018-11-16,1775.0,89.1,66.76,1223.36,10.89,6223.5,74.84,1220.145,10.77
2018-11-23,1866.0,88.25,58.8,1223.05,10.76,6236.5,73.32,1179.24,10.35
2018-11-30,1872.0,88.4,58.71,1220.52,10.885,6227.0,72.28,1239.602,9.805
2018-12-07,1793.0,86.55,61.67,1249.31,10.77,6149.0,66.62,1157.862,9.52
2018-12-14,1835.0,88.5,60.28,1239.02,10.575,6127.75,68.62,1177.565,9.5
2018-12-21,2103.0,88.0,53.82,1256.94,10.55,5967.5,69.4,1101.295,9.1
2018-12-28,2013.0,88.0,52.2,1280.71,10.055,5987.0,69.2,1147.366,9.025
2019-01-04,2120.0,83.45,57.06,1286.05,10.225,5897.25,72.95,1143.964,8.885
2019-01-11,2093.0,82.55,60.48,1290.25,10.53,5920.0,74.17,1213.043,8.79
2019-01-18,2142.0,83.2,62.7,1282.11,10.625,6029.5,75.15,1228.328,8.35
2019-01-25,2190.0,81.5,61.64,1305.25,10.67,6037.5,74.72,1281.161,7.795
2019-02-01,2200.0,77.75,62.75,1317.98,10.65,6115.75,86.9,1287.402,7.2
2019-02-08,2190.0,74.1,62.1,1314.29,10.365,6190.75,92.92,1302.422,7.31
2019-02-15,2200.0,74.1,66.25,1322.49,9.995,6193.0,88.11,1351.18,7.28
2019-02-22,2138.0,74.1,67.12,1329.4,10.19,6519.0,87.78,1364.777,6.23
2019-03-01,1986.0,74.6,65.07,1293.44,10.285,6525.0,85.92,1363.134,6.12
2019-03-08,1971.0,72.35,65.74,1298.3,10.59,6423.0,84.83,1318.206,5.985
2019-03-15,1950.0,71.4,67.16,1302.4,10.725,6445.75,86.32,1392.355,5.945
2019-03-22,2090.0,70.85,67.03,1313.68,11.21,6314.5,85.72,1400.37,4.62
2019-03-29,2001.0,70.4,68.39,1292.38,10.85,6486.5,85.7,1395.511,4.6
2019-04-05,2129.0,56.25,70.34,1291.76,10.515,6385.25,92.27,1477.646,4.65
2019-04-12,2038.0,60.15,71.55,1290.43,10.46,6463.5,94.66,1497.118,4.775
2019-04-19,2108.0,59.4,71.97,1275.52,10.425,6460.75,92.55,1558.13,5.42
2019-04-26,2013.0,59.0,72.15,1286.16,10.195,6398.75,93.16,1547.405,5.46
2019-05-03,1900.0,60.9,70.85,1279.11,10.47,6229.25,94.21,1570.704,5.62
2019-05-10,1920.0,59.15,70.62,1286.05,10.72,6108.0,95.23,1478.867,5.54
2019-05-17,2049.0,58.4,72.21,1277.53,11.07,6033.0,97.72,1402.01,4.93
2019-05-24,1976.0,57.5,68.68999,1284.93,11.555,5932.0,98.6,1311.968,4.725
2019-05-31,2030.0,56.8,64.49,1305.58,11.455,5806.0,98.76,1296.185,4.65
2019-06-07,2003.0,52.35,63.29,1340.86,11.725,5777.75,97.47,1378.808,4.475
2019-06-14,2000.0,50.0,62.01,1341.7,11.64,5797.75,105.58,1356.553,4.505
2019-06-21,1998.0,49.0,65.2,1399.63,11.295,5957.5,109.5,1410.497,4.595
2019-06-28,1865.0,48.85,66.55,1409.55,11.275,5982.0,109.18,1458.959,4.75
2019-07-05,1909.0,56.3,64.23,1399.45,11.205,5890.25,115.78,1461.7,4.51
2019-07-12,1900.0,57.85,66.72,1415.75,11.68,5928.75,119.88,1504.283,4.545
2019-07-19,1905.0,58.0,62.47,1425.37,11.945,6055.25,120.87,1523.91,4.715
2019-07-26,1996.0,58.1,63.46,1418.9,12.195,5941.0,120.16,1593.864,4.38
2019-08-02,2013.0,58.15,61.89,1440.83,11.705,5703.75,107.08,1488.432,4.275
2019-08-09,2141.0,56.25,58.53,1496.95,11.37,5732.0,94.35,1464.339,4.315
2019-08-16,2143.0,55.9,58.64,1513.52,11.2,5719.5,92.84,1479.25,4.725
2019-08-23,2210.0,54.9,59.34,1526.96,10.98,5613.0,91.96,1446.379,4.57
2019-08-30,2168.0,55.0,60.43,1520.38,11.67,5655.75,90.91,1504.925,4.67
2019-09-06,2116.0,57.65,61.54,1506.82,11.69,5809.25,89.47,1568.338,4.475
2019-09-13,2105.0,60.95,60.22,1488.53,11.97,5949.25,96.54,1605.646,4.585
2019-09-20,2161.0,61.25,64.28,1516.9,12.315,5770.0,92.9,1563.005,5.995
2019-09-27,2090.0,60.4,61.91,1497.01,12.155,5736.25,92.83,1542.868,5.75
2019-10-04,2096.0,59.65,58.37,1504.66,11.66,5608.0,91.98,1574.393,5.725
2019-10-11,2118.0,60.75,60.51,1489.01,12.06,5763.5,92.52,1591.127,5.82
2019-10-18,2208.0,60.0,59.42,1490.05,11.91,5784.75,89.43,1590.093,6.925
2019-10-25,2309.0,60.15,62.02,1504.63,11.8,5907.0,89.66,1648.671,6.44
2019-11-01,2422.0,56.95,61.69,1514.34,11.725,5827.0,84.2,1689.931,6.325
2019-11-08,2526.0,55.8,62.51,1459.0,11.8,5910.75,80.08,1736.783,6.135
2019-11-15,2560.0,55.85,63.3,1468.21,11.89,5825.5,83.37,1742.933,6.08
2019-11-22,2642.0,55.95,63.39,1461.93,12.18,5837.75,84.52,1690.785,5.925
2019-11-29,2620.0,56.4,62.43,1463.98,12.485,5843.25,84.68,1716.845,5.63
2019-12-06,2757.0,54.35,64.39,1460.17,12.31,5962.0,88.55,1724.211,5.615
2019-12-13,2816.0,53.6,65.22,1476.33,12.515,6105.75,93.04,1796.039,5.645
2019-12-20,2897.0,53.45,66.14,1478.22,12.88,6147.0,91.58,1853.869,5.45
2019-12-27,3035.0,53.5,68.16,1510.56,13.03,6188.0,91.42,1858.59,5.225
2020-01-03,3110.0,52.75,68.6,1552.2,12.995,6104.0,93.36,1853.976,5.385
2020-01-10,3131.0,52.9,64.98,1562.34,13.075,6172.25,93.26,1866.35,5.3
2020-01-17,2922.0,50.5,64.85,1557.24,13.515,6247.25,95.0,1916.619,4.13
2020-01-24,2925.0,50.25,60.69,1571.53,13.585,5899.75,94.37,1924.027,4.0
2020-01-31,2640.0,50.35,58.16,1589.16,13.61,5551.25,92.44,1789.927,4.02
2020-02-07,2872.0,48.2,54.47,1570.44,13.615,5648.25,81.62,1864.362,3.57
2020-02-14,2660.0,50.3,57.32,1584.06,13.33,5750.75,85.76,1956.558,3.52
2020-02-21,2683.0,48.3,58.5,1643.41,13.385,5746.0,87.36,1891.055,2.995
2020-02-28,2357.0,47.8,50.52,1585.69,13.515,5617.25,86.46,1705.536,2.96
2020-03-06,2448.0,47.4,45.27,1673.83,12.88,5589.0,89.07,1699.891,3.115
2020-03-13,2302.0,46.55,33.85,1529.83,13.12,5447.75,90.24,1544.264,3.14
2020-03-20,2338.0,47.5,26.98,1498.65,13.285,4805.25,89.12,1298.542,3.43
2020-03-27,2487.0,48.1,24.93,1628.16,13.97,4782.5,88.29,1488.748,2.975
2020-04-03,2320.0,46.1,34.11,1620.81,14.55,4824.0,82.2,1443.043,2.845
2020-04-10,2389.0,46.8,31.48,1696.65,14.52,4993.0,83.71,1601.731,2.805
2020-04-17,2285.0,45.4,28.08,1682.82,14.495,5194.0,84.53,1705.642,2.345
2020-04-24,2121.0,45.05,21.44,1729.6,16.61,5118.74,83.68,1702.562,2.025
2020-05-01,2102.0,39.5,26.44,1700.42,16.775,5081.0,82.45,1644.402,2.0
2020-05-08,2060.0,40.0,30.97,1702.7,16.7,5243.25,87.18,1775.606,2.03
2020-05-15,2115.0,38.75,32.5,1743.67,16.015,5156.0,90.66,1700.894,2.105
2020-05-22,2240.0,38.65,35.13,1734.68,16.05,5259.8,92.66,1802.306,2.005
2020-05-29,2373.0,38.5,35.33,1730.27,17.215,5352.25,92.54,1852.494,2.065
2020-06-05,2405.0,46.2,42.3,1685.06,20.565,5669.35,100.21,2003.757,2.07
2020-06-12,2433.0,44.5,38.73,1730.75,16.065,5761.5,104.25,1903.845,2.065
2020-06-19,2538.0,45.0,42.19,1743.87,14.02,5829.25,103.1,1966.79,2.22
2020-06-26,2473.0,45.45,41.02,1771.29,13.57,5953.25,103.04,1921.922,2.2
2020-07-03,2421.0,50.9,42.8,1775.95,16.525,6023.5,99.73,1993.613,2.2
2020-07-10,2467.0,48.7,43.24,1798.7,16.155,6418.55,105.08,2069.785,2.175
2020-07-17,2699.0,49.25,43.14,1810.42,11.825,6456.0,107.99,2068.99,2.505
2020-07-24,2890.0,49.55,43.34,1902.02,11.805,6430.25,107.78,2038.712,2.595
2020-07-31,2780.0,49.9,43.3,1975.86,11.595,6422.0,108.97,2136.412,2.56
2020-08-07,2885.0,50.8,44.4,2035.55,11.525,6308.0,117.89,2178.864,2.785
2020-08-14,2803.0,49.25,44.8,1945.12,11.89,6377.75,120.23,2200.806,2.898
2020-08-21,2798.0,48.65,44.35,1940.48,12.3,6511.5,123.43,2198.331,3.705
2020-08-28,2845.0,49.0,45.05,1964.83,12.32,6697.5,122.48,2264.137,4.225
2020-09-04,2932.0,51.4,42.66,1933.94,12.5,6729.5,127.41,2212.727,4.225
2020-09-11,2880.0,51.7,39.83,1940.55,12.215,6770.25,127.55,2136.373,4.31
2020-09-18,3102.0,52.0,43.15,1950.86,12.515,6852.75,126.42,2160.972,4.845
2020-09-25,2930.0,52.35,41.92,1861.58,12.45,6543.55,123.42,2177.835,4.975
2020-10-02,2846.0,56.4,39.27,1899.84,12.55,6546.75,120.31,2221.123,5.025
2020-10-09,3020.0,57.6,42.85,1930.4,12.465,6767.5,124.76,2398.042,5.135
2020-10-16,2985.0,57.0,42.93,1899.29,12.375,6723.8,120.37,2399.755,6.315
2020-10-23,3064.0,56.7,41.77,1902.05,12.345,6852.25,120.1,2360.228,7.25
2020-10-30,3252.0,56.05,37.46,1878.81,12.525,6707.5,120.19,2246.153,7.02
2020-11-06,3405.0,50.8,39.45,1951.35,12.415,6935.0,117.52,2529.267,6.905
2020-11-13,3549.0,52.7,42.78,1889.2,12.05,6966.3,120.89,2508.819,6.899
2020-11-20,3483.0,53.0,44.96,1870.99,12.465,7262.5,124.17,2555.496,6.375
2020-11-27,3505.0,53.6,48.18,1787.79,12.675,7487.5,124.4,2631.559,7.15
2020-12-04,3645.0,63.2,49.25,1838.86,12.225,7750.75,142.22,2793.031,7.495
2020-12-11,3709.0,65.1,49.97,1839.85,12.47,7754.95,155.18,2704.083,8.075
2020-12-18,3663.0,66.0,52.26,1881.35,12.58,7968.75,155.64,2764.74,9.66
2020-12-25,3854.0,66.1,51.29,1883.46,12.28,7770.75,156.75,2750.238,11.0
2021-01-01,3891.0,69.0,51.8,1898.67,12.4,7749.0,155.84,2795.499,14.3
2021-01-08,3997.0,68.5,55.99,1849.01,12.415,8118.0,169.86,2936.469,17.25
2021-01-15,3815.0,68.6,55.1,1828.45,13.115,7937.4,170.15,2992.769,18.309
2021-01-22,3583.0,67.5,55.41,1855.61,13.275,7993.5,169.34,3074.404,8.855
2021-01-29,3935.0,67.8,55.88,1847.65,13.46,7862.4,168.13,2887.084,8.87
2021-02-05,3914.0,66.45,59.34,1814.11,13.0,7927.0,153.74,2985.008,8.385
2021-02-12,3898.0,67.0,62.43,1824.23,12.81,8352.25,160.82,3219.869,8.264
2021-02-19,3914.0,65.95,62.91,1784.25,12.87,8946.75,164.95,3223.463,6.4
2021-02-26,3986.0,66.15,66.13,1734.04,12.75,9139.25,165.61,3067.625,6.195
2021-03-05,3947.0,65.25,69.36,1700.64,12.945,8913.2,172.56,2920.753,6.0
2021-03-12,4283.0,66.05,69.22,1727.11,12.775,9103.5,167.08,2965.085,6.07
2021-03-19,4013.0,68.45,64.53,1745.23,13.145,9072.5,165.58,3011.367,6.425
2021-03-26,4025.0,68.5,64.57,1732.52,13.085,8967.0,166.12,3106.278,6.93
2021-04-02,4147.0,70.2,64.86,1728.87,13.115,8794.5,163.0,3240.175,6.925
2021-04-09,4280.0,67.55,62.95,1743.88,13.09,8935.25,170.01,3294.529,6.985
2021-04-16,4191.0,71.6,66.77,1776.51,12.88,9227.0,174.11,3253.075,8.245
2021-04-23,4351.0,71.8,66.11,1777.2,13.43,9581.5,178.54,3196.983,8.2
2021-04-30,4408.0,71.9,67.25,1769.13,13.385,9829.0,179.63,3108.995,8.895
2021-05-07,4883.0,82.5,68.28,1831.24,14.19,10420.0,206.28,3112.03,9.045
2021-05-14,4800.0,85.4,68.71,1843.43,13.33,10214.5,208.59,2981.419,9.132
2021-05-21,4391.0,85.2,66.43999,1881.25,13.185,9867.5,207.83,3052.1,9.98
2021-05-28,4301.0,85.75,69.63,1903.77,13.3,10248.25,204.99,3186.559,10.4
2021-06-04,4230.0,101.25,71.89,1891.59,13.31,9939.5,205.62,3214.142,10.605
2021-06-11,3859.0,110.0,72.68999,1877.53,12.85,9975.1,214.37,3210.061,10.92
2021-06-18,3593.0,107.75,73.51,1764.16,12.61,9119.75,214.08,3152.811,11.87
2021-06-25,3702.0,108.5,76.18,1781.44,13.15,9388.4,214.46,3241.484,12.755
2021-07-02,3898.0,123.6,76.17,1787.3,12.84,9350.52,212.06,3315.833,13.115
2021-07-09,4020.0,126.8,75.55,1808.32,12.6,9482.25,214.08,3278.39,13.0
2021-07-16,4300.0,132.6,73.59,1812.05,13.23,9391.25,219.67,3145.448,13.96
2021-07-23,4542.0,132.3,74.1,1802.15,13.615,9495.0,212.96,3280.062,14.18
2021-07-30,4656.0,132.9,76.33,1814.19,13.68,9701.0,211.99,3356.526,14.755
2021-08-06,4520.0,143.9,70.7,1763.03,13.32,9446.0,172.35,3412.049,15.7
2021-08-13,4530.0,149.7,70.59,1779.74,13.53,9542.5,165.33,3335.04,15.655
2021-08-20,4514.0,144.5,65.18,1781.11,13.27,9044.0,154.31,3256.498,15.575
2021-08-27,4560.0,148.95,72.7,1817.57,13.23,9423.75,159.59,3436.45,17.7
2021-09-03,4550.0,165.15,72.61,1827.73,13.07,9420.5,145.07,3430.888,18.46
2021-09-10,4574.0,170.85,72.92,1787.58,13.26,9684.5,131.76,3416.656,18.65
2021-09-17,4518.0,168.6,75.34,1754.34,13.78,9307.25,114.55,3421.156,25.0
2021-09-24,4665.0,172.5,78.09,1750.42,13.9,9343.75,118.35,3453.924,27.495
2021-10-01,4751.0,233.05,79.28,1760.98,13.615,9135.0,115.47,3261.182,31.07
2021-10-08,5152.0,230.0,82.39,1757.13,13.735,9387.75,123.08,3246.274,32.06
2021-10-15,5160.0,240.05,84.86,1767.62,13.855,10538.0,123.54,3314.407,33.254
2021-10-22,5188.0,231.25,85.53,1792.65,13.505,9857.0,121.52,3370.28,33.255
2021-10-29,5402.0,232.65,84.38,1783.38,13.28,9808.5,121.23,3451.267,30.0
2021-11-05,5319.0,148.25,82.74,1818.36,13.29,9753.0,93.72,3756.55,31.62
2021-11-12,5405.0,139.0,82.17,1864.9,13.905,9841.0,92.1,3794.503,31.565
2021-11-19,5437.0,145.25,78.89,1845.73,14.565,9753.0,92.64,3912.022,34.255
2021-11-26,5269.0,148.0,72.72,1802.59,14.29,9572.0,94.69,3757.13,34.89
2021-12-03,5175.0,121.5,69.88,1783.29,14.065,9486.0,100.72,3804.536,34.19
2021-12-10,5242.0,134.9,75.15,1782.84,13.825,9506.9,105.17,3914.67,35.215
2021-12-17,4879.0,146.0,73.52,1798.11,13.73,9467.5,111.79,3761.041,42.45
2021-12-24,5121.0,142.0,76.14,1810.26,14.05,9595.0,114.22,3932.388,38.84
2021-12-31,5159.0,137.55,77.78,1829.2,14.63,9740.63,112.5,3946.165,30.495
2022-01-07,5330.0,140.2,81.75,1796.55,14.55,9692.0,126.73,3796.324,33.95
2022-01-14,5300.0,154.0,86.06,1817.94,14.19,9730.25,126.8,3900.61,32.845
2022-01-21,5504.0,162.05,87.89,1835.38,14.85,9984.0,130.36,3434.785,22.09
2022-01-28,5803.0,166.5,90.03,1791.53,14.975,9556.5,131.39,3303.395,26.81
2022-02-04,5779.0,183.0,93.27,1808.28,15.275,9870.5,145.55,3453.074,25.35
2022-02-11,5800.0,189.5,94.43999,1858.76,15.21,9894.25,149.75,3365.246,24.57
2022-02-18,6008.0,184.1,93.54,1898.43,14.9,10010.0,140.31,3384.297,23.805
2022-02-25,6718.0,193.0,97.93,1889.34,15.11,9918.0,141.56,3452.674,27.51
2022-03-04,6780.0,432.5,118.11,1970.7,16.12,10702.0,152.9,3258.922,38.65
2022-03-11,7365.0,363.95,112.67,1988.46,15.51,10150.75,154.31,3144.146,37.145
2022-03-18,6116.0,324.0,107.93,1921.62,15.625,10327.0,151.35,3432.298,35.495
2022-03-25,6616.0,324.85,120.65,1958.29,16.255,10249.0,150.17,3525.337,34.43
2022-04-01,6363.0,265.4,104.39,1925.68,16.005,10343.0,159.98,3366.637,34.69
2022-04-08,6681.0,295.0,102.78,1947.54,15.78,10304.75,155.5,3120.161,33.605
2022-04-15,6820.0,322.55,111.7,1978.24,16.195,10297.5,156.1,3028.223,32.93
2022-04-22,6871.0,326.65,106.65,1931.6,16.205,10113.25,153.29,2989.83,25.495
2022-04-29,7683.0,322.85,109.34,1896.93,17.09,9770.5,150.77,2919.739,24.53
2022-05-06,7058.0,319.5,112.39,1883.81,16.62,9411.0,138.44,2982.064,24.03
2022-05-13,6950.0,319.0,111.55,1811.79,17.15,9184.6,130.93,2970.367,23.433
2022-05-20,6689.0,336.35,112.55,1846.5,17.165,9451.0,134.36,2882.652,21.825
2022-05-27,6879.0,329.75,119.43,1853.72,17.47,9453.5,133.41,3115.352,22.625
2022-06-03,6704.0,327.15,119.72,1851.19,16.795,9498.5,144.4,3062.587,24.015
2022-06-10,6281.0,317.5,122.01,1871.6,16.25,9447.25,142.37,2831.976,23.165
2022-06-17,5679.0,335.0,113.12,1839.39,16.22,8967.0,131.38,2578.544,33.955
2022-06-24,4798.0,348.1,113.12,1826.88,16.055,8381.0,128.53,2718.47,37.095
2022-07-01,4886.0,369.0,111.63,1811.43,16.12,8040.25,115.23,2458.456,38.675
2022-07-08,4137.0,388.9,107.02,1742.48,16.2,7795.0,113.76,2618.018,39.385
2022-07-15,3632.0,385.05,101.16,1708.17,16.525,7178.25,103.07,2693.767,39.081
2022-07-22,3727.0,376.3,103.2,1727.64,16.865,7433.0,104.46,2842.411,38.99
2022-07-29,4355.0,388.0,110.01,1765.94,16.885,7931.25,107.22,2967.136,42.225
2022-08-05,4020.0,313.65,94.92,1775.5,17.34,7862.5,109.11,3053.394,44.66
2022-08-12,4432.0,350.5,98.15,1802.4,17.155,8085.0,109.86,3067.842,45.39
2022-08-19,4090.0,371.25,96.72,1747.06,17.085,8100.85,104.21,2953.339,57.02
2022-08-26,4149.0,368.8,100.99,1738.14,17.315,8188.25,105.38,2798.442,68.8
2022-09-02,3830.0,376.0,93.02,1712.19,17.38,7691.0,95.34,2599.264,55.245
2022-09-09,3500.0,337.0,92.84,1716.83,17.32,7924.0,102.23,2721.774,53.9
2022-09-16,3700.0,331.0,91.35,1675.06,17.825,7869.0,99.06,2563.142,42.16
2022-09-23,3673.0,327.0,86.15,1643.94,17.38,7518.0,98.91,2408.895,37.57
2022-09-30,3327.0,328.5,87.96,1660.61,17.17,7683.25,98.31,2306.697,38.725
2022-10-07,3630.0,261.6,97.92,1694.82,16.825,7507.75,95.58,2356.75,34.46
2022-10-14,3650.0,274.0,91.63,1644.47,16.735,7652.75,95.77,2162.323,34.779
2022-10-21,3979.0,270.0,93.5,1657.69,16.36,7719.24,94.45,2336.685,32.47
2022-10-28,3826.0,275.15,95.77,1644.86,16.125,7619.0,92.59,2433.656,30.16
2022-11-04,4182.0,216.0,98.57,1681.87,17.31,8136.0,86.97,2398.236,28.925
2022-11-11,4187.0,190.55,95.99,1771.24,17.62,8501.9,90.47,2754.896,27.225
2022-11-18,3791.0,207.65,87.62,1750.68,17.795,8042.5,93.9,2724.029,26.385
2022-11-25,4060.0,214.7,83.63,1754.93,18.12,7975.0,93.06,2751.271,29.96
2022-12-02,3905.0,267.0,85.57,1797.63,17.635,8432.5,106.59,2771.235,31.76
2022-12-09,3924.0,260.9,76.1,1797.32,16.715,8507.0,111.28,2721.016,33.365
2022-12-16,3863.0,234.2,79.04,1793.08,16.685,8234.0,111.07,2636.097,35.575
2022-12-23,3802.0,228.7,83.92,1798.2,18.015,8328.0,110.86,2535.489,28.12
2022-12-30,4171.0,228.35,85.91,1824.02,18.05,8364.76,111.28,2532.113,29.515
2023-01-06,3981.0,172.3,78.57,1865.69,17.495,8569.9,118.68,2636.101,28.45
2023-01-13,3820.0,169.0,85.28,1920.23,17.87,9168.55,123.59,2800.663,26.807
2023-01-20,3885.0,174.45,87.63,1926.08,18.11,9307.76,123.08,2794.693,22.815
2023-01-27,3874.0,167.15,86.66,1928.04,18.31,9242.24,124.19,2945.268,19.5
2023-02-03,3725.0,138.5,79.93999,1864.97,17.74,8951.25,125.56,3082.106,18.525
2023-02-10,3806.0,132.0,86.39,1865.57,18.085,8828.76,125.38,3011.151,17.985
2023-02-17,4095.0,136.5,83.0,1842.36,17.515,8950.25,125.55,3005.868,15.92
2023-02-24,4156.0,137.9,83.16,1811.04,16.8,8689.0,126.13,2935.113,14.99
2023-03-03,4318.0,131.75,85.83,1856.48,16.995,8954.5,126.17,3028.337,14.325
2023-03-10,4170.0,135.0,82.78,1868.26,16.035,8847.0,129.04,2923.929,14.155
2023-03-17,4071.0,134.5,72.97,1989.25,17.2,8573.25,130.67,3083.519,13.18
2023-03-24,3751.0,135.15,74.99,1978.21,17.88,8911.75,126.18,3121.263,12.7
2023-03-31,4058.0,137.8,79.77,1969.28,17.415,9003.5,127.06,3230.864,13.515
2023-04-07,4220.0,135.1,85.12,2007.91,16.635,8806.75,118.5,3071.765,12.625
2023-04-14,4100.0,135.9,86.31,2004.17,17.385,9030.25,119.41,3070.453,12.593
2023-04-21,4110.0,139.25,81.66,1983.06,16.915,8778.5,117.41,3021.437,11.88
2023-04-28,3937.0,140.0,79.54,1990.0,17.385,8577.0,116.14,2994.97,11.55
2023-05-05,4070.0,127.15,75.3,2016.79,18.07,8560.25,102.33,3007.691,11.315
2023-05-12,3843.0,119.45,74.17,2010.77,18.275,8222.75,103.68,2972.848,11.115
2023-05-19,3725.0,118.7,75.58,1977.81,17.065,8201.0,107.07,3203.486,9.84
2023-05-26,3590.0,118.1,76.95,1946.46,17.07,8106.0,104.91,3545.669,9.235
2023-06-02,3416.0,100.85,76.13,1947.97,17.69,8233.5,106.38,3501.404,9.285
2023-06-09,3478.0,115.75,74.79,1961.19,19.025,8349.0,113.75,3524.971,9.25
2023-06-16,3785.0,115.05,76.61,1957.98,17.795,8555.0,113.8,3673.144,11.2
2023-06-23,3644.0,114.6,73.85,1921.2,17.7,8409.24,112.41,3506.706,11.835
2023-06-30,3751.0,115.5,74.9,1919.35,18.055,8322.05,112.57,3673.059,12.24
2023-07-07,3757.0,116.35,78.47,1925.05,18.685,8360.5,109.53,3577.727,12.085
2023-07-14,3818.0,104.15,79.87,1955.21,17.725,8661.75,113.79,3750.414,11.869
2023-07-21,3993.0,110.5,81.07,1961.94,15.9,8422.5,113.11,3698.849,10.885
2023-07-28,3872.0,110.75,84.99,1959.49,15.625,8625.49,112.45,3851.762,10.78
2023-08-04,3782.0,108.25,86.24,1942.91,15.95,8523.25,104.22,3699.203,10.955
2023-08-11,3727.0,116.5,86.81,1913.76,15.99,8255.6,104.87,3514.546,11.085
2023-08-18,3854.0,116.75,84.8,1889.31,15.545,8213.75,107.25,3462.736,13.95
2023-08-25,3860.0,117.75,84.48,1914.96,15.68,8319.25,109.55,3495.649,13.46
2023-09-01,3910.0,116.9,88.55,1940.06,16.645,8479.25,116.27,3682.836,13.395
2023-09-08,3730.0,116.85,90.65,1919.08,16.1,8229.0,116.43,3565.993,13.33
2023-09-15,3690.0,122.25,93.93,1923.91,16.215,8350.35,123.37,3476.394,13.329
2023-09-22,3647.0,122.25,93.27,1925.23,15.825,8161.74,121.97,3365.289,14.595
2023-09-29,3689.0,123.3,95.31,1848.63,15.91,8212.5,120.79,3434.294,14.63
2023-10-06,3562.0,122.8,84.58,1833.01,16.045,7971.25,117.56,3475.213,14.075
2023-10-13,3680.0,138.4,90.89,1932.82,15.955,7875.81,117.36,3452.97,14.475
2023-10-20,3716.0,138.0,92.16,1981.4,15.835,7879.76,117.33,3316.141,18.4
2023-10-27,3675.0,136.0,90.48,2006.37,16.215,8030.0,118.88,3227.093,17.895
2023-11-03,3632.0,124.55,84.89,1992.65,16.215,8095.7,125.39,3454.566,17.57
2023-11-10,3673.0,124.7,81.43,1940.2,16.9,7954.69,128.31,3591.738,17.185
2023-11-17,3809.0,120.9,80.61,1980.82,17.405,8168.2,129.39,3748.65,16.975
2023-11-24,3782.0,123.75,80.58,2000.82,17.565,8329.75,131.23,3747.925,17.095
2023-12-01,3733.0,120.4,78.88,2072.22,17.185,8538.52,132.6,3738.265,16.25
2023-12-08,3600.0,122.9,75.84,2004.67,17.04,8366.25,136.21,3774.173,15.975
2023-12-15,3601.0,117.0,76.55,2019.62,17.12,8454.65,135.24,4117.003,15.197
2023-12-22,3677.0,116.0,79.07,2053.08,17.39,8483.5,136.17,4132.855,11.945
2023-12-29,3662.0,117.6,77.04,2062.98,17.305,8463.92,136.37,4175.474,11.52
2024-01-05,3690.0,116.0,78.75999,2045.45,17.25,8361.0,140.31,3933.486,11.565
2024-01-12,3780.0,108.8,78.29,2049.06,17.235,8241.2,134.18,4052.425,11.2
2024-01-19,3962.0,106.0,78.56,2029.49,17.635,8271.76,133.96,4375.654,9.585
2024-01-26,4019.0,106.0,83.55,2018.52,17.985,8448.05,135.31,4342.102,9.29
2024-02-02,3788.0,98.4,77.33,2039.76,18.435,8374.34,128.0,4336.726,9.46
2024-02-09,3920.0,96.0,82.18999,2024.26,18.92,8065.04,128.02,4567.301,9.435
2024-02-16,3910.0,94.5,83.47,2013.59,18.32,8409.16,130.36,4527.679,8.57
2024-02-23,3969.0,95.55,81.62,2035.4,18.6,8475.0,125.53,4615.034,8.125
2024-03-01,4024.0,106.95,83.55,2082.92,18.22,8416.0,114.66,4929.583,8.3
2024-03-08,4181.0,111.0,82.08,2178.95,17.51,8487.27,116.93,4957.779,8.46
2024-03-15,4327.0,112.35,85.34,2155.9,17.82,8968.5,106.75,4757.707,8.521
2024-03-22,4307.0,113.4,85.43,2165.44,17.345,8756.04,110.39,4908.262,9.445
2024-03-29,4325.0,114.05,87.48,2229.87,16.36,8766.51,100.1,4905.208,9.535
2024-04-05,4564.0,117.9,91.17,2329.75,16.16,9208.5,98.91,4819.127,9.545
2024-04-12,4498.0,121.3,90.45,2344.37,17.23,9333.2,108.49,4745.049,9.645
2024-04-19,4056.0,120.0,87.29,2391.93,19.0,9797.24,110.89,4306.87,10.5
2024-04-26,3931.0,118.0,89.5,2337.96,18.81,9852.84,111.14,4735.289,10.325
2024-05-03,3890.0,107.15,82.96,2301.74,18.74,9790.13,117.69,4716.188,10.47
2024-05-10,3853.0,106.9,82.79,2360.5,19.255,9897.52,116.67,4808.028,10.475
2024-05-17,3895.0,105.0,83.98,2415.22,18.755,10597.85,117.21,4983.025,11.16
2024-05-24,3872.0,105.1,82.12,2333.83,18.34,10204.59,118.37,5220.915,11.94
2024-05-31,4069.0,105.5,81.62,2327.33,17.67,9913.38,117.52,5123.357,11.905
2024-06-07,3953.0,108.0,79.62,2293.78,18.17,9638.42,108.7,5287.244,11.97
2024-06-14,3983.0,109.6,82.62,2333.04,18.185,9615.52,107.46,5598.312,12.138
2024-06-21,3930.0,108.0,85.24,2321.98,18.2,9547.61,106.63,5538.536,12.465
2024-06-28,3976.0,109.1,86.41,2326.75,16.965,9455.98,106.51,5472.259,12.635
2024-07-05,4088.0,105.0,86.54,2392.16,16.935,9795.24,110.99,5656.309,12.485
2024-07-12,3970.0,104.3,85.03,2411.43,19.55,9726.88,109.05,5775.193,12.33
2024-07-19,4013.0,105.2,82.63,2400.83,14.24,9179.32,107.2,5267.161,12.115
2024-07-26,4044.0,106.15,81.13,2387.19,15.235,8995.45,106.12,5103.128,12.205
2024-08-02,4021.0,121.35,76.81,2443.24,14.945,8933.85,103.83,4607.758,12.52
2024-08-09,3840.0,122.1,79.66,2431.32,14.835,8747.28,101.49,4709.452,12.55
2024-08-16,3872.0,120.65,79.68,2508.01,14.575,9006.25,95.55,5170.246,14.515
2024-08-23,3976.0,120.5,79.02,2512.59,15.005,9173.38,97.6,5228.653,13.82
2024-08-30,4075.0,121.7,78.8,2503.39,15.015,9118.14,98.7,5158.82,14.09
2024-09-06,3980.0,114.75,71.06,2497.41,15.3,8875.52,91.77,4528.215,13.79
2024-09-13,3930.0,114.1,71.61,2577.7,15.495,9189.17,92.58,4980.486,13.674
2024-09-20,4027.0,114.35,74.49,2621.88,15.555,9346.45,91.97,5000.064,12.97
2024-09-27,4159.0,114.6,71.98,2658.24,15.08,9846.53,93.5,5217.228,13.205
2024-10-04,4400.0,122.05,78.05,2653.6,15.095,9796.41,108.69,5206.836,13.09
2024-10-11,4283.0,119.5,79.04,2656.59,14.995,9650.49,106.42,5335.944,13.08
2024-10-18,4318.0,119.35,73.06,2721.46,15.0,9503.03,104.2,5208.618,13.275
2024-10-25,4632.0,119.65,76.05,2747.56,15.08,9469.4,103.75,5212.833,13.795
2024-11-01,4976.0,118.6,73.1,2736.53,14.825,9444.83,102.36,5001.425,13.475
2024-11-08,5160.0,119.7,73.87,2684.77,14.36,9302.37,103.32,5290.518,13.55
2024-11-15,5151.0,122.75,71.04,2563.25,15.045,8881.89,99.76,4833.592,13.579
2024-11-22,4790.0,122.35,75.17,2716.19,15.145,8848.01,101.71,4955.796,14.785
2024-11-29,5238.0,121.55,72.93999,2643.15,15.215,8891.85,102.44,4926.56,14.925
2024-12-06,5336.0,114.0,71.12,2633.37,15.085,9011.91,104.22,5061.295,15.075
2024-12-13,5140.0,112.75,74.49,2648.23,14.98,8940.53,105.06,5149.78,14.877
2024-12-20,4762.0,111.85,72.93999,2622.91,14.075,8832.85,103.79,4964.912,13.665
2024-12-27,4975.0,112.25,74.17,2621.4,13.76,8871.92,103.5,5122.968,14.29
2025-01-03,4723.0,112.85,76.50999,2640.22,13.84,8767.96,98.83,5163.646,14.36
2025-01-10,4710.0,105.4,79.75999,2689.76,14.37,8991.86,97.9,5037.47,14.155
2025-01-17,4441.0,108.9,80.79,2703.25,14.805,9081.89,101.57,5309.737,13.78
2025-01-24,4488.0,108.65,78.5,2770.58,14.675,9156.25,101.59,5341.94,14.11
2025-01-31,4552.0,110.5,76.75999,2798.41,13.845,8928.47,101.59,5015.85,14.44
2025-02-07,4781.0,105.15,74.66,2861.07,13.715,9287.61,106.72,5009.342,14.725
2025-02-14,4725.0,101.45,74.74,2882.53,14.015,9490.43,106.79,5160.943,14.95
2025-02-21,4836.0,99.75,74.43,2936.05,13.6,9518.84,107.6,5136.593,14.175
2025-02-28,4729.0,99.75,73.18,2857.83,13.285,9338.06,106.9,4766.746,13.85
2025-03-07,4870.0,97.0,70.36,2909.1,13.245,9608.63,101.28,4629.59,13.76
2025-03-14,4750.0,97.9,70.58,2984.16,13.425,9731.86,103.75,4598.793,13.644
2025-03-21,4651.0,98.0,72.16,3022.15,13.42,9813.48,101.82,4557.949,13.385
2025-03-28,4762.0,97.6,73.63,3085.12,13.515,9749.69,102.43,4284.909,13.085
2025-04-04,4702.0,100.0,65.58,3038.24,13.075,8717.08,101.83,3597.655,12.915
2025-04-11,4461.0,102.55,64.76,3237.61,13.505,9191.89,99.0,3990.904,12.545
2025-04-18,4117.0,102.55,67.96,3326.85,13.47,9160.97,99.3,3832.466,12.085
2025-04-25,4139.0,102.0,66.87,3319.72,12.935,9376.41,99.85,4251.613,11.27
2025-05-02,3920.0,94.6,61.29,3240.49,12.615,9385.73,96.85,4397.053,11.26
2025-05-09,3790.0,96.05,63.91,3324.98,12.405,9494.69,98.25,4466.5,11.465
2025-05-16,3839.0,94.9,65.41,3203.65,12.815,9478.95,100.6,4922.193,11.895
2025-05-23,3824.0,96.25,64.78,3357.51,13.17,9641.14,99.56,4702.378,12.485
2025-05-30,3888.0,95.9,63.9,3289.25,13.495,9548.08,99.12,4758.064,12.155
2025-06-06,3911.0,101.5,66.47,3310.42,13.65,9762.84,96.26,5038.055,12.445
2025-06-13,3847.0,103.35,74.23,3432.34,13.77,9718.41,95.1,5112.243,12.504
2025-06-20,4071.0,103.75,77.00999,3368.39,13.53,9908.49,94.7,5211.477,14.255
2025-06-27,3986.0,103.7,67.77,3274.33,13.105,10118.67,94.55,5544.987,13.195
2025-07-04,3995.0,105.75,68.3,3337.15,12.61,9959.85,95.89,5647.117,13.16
2025-07-11,4070.0,108.7,70.36,3355.59,12.445,9638.93,97.8,5696.292,13.115
2025-07-18,4262.0,104.55,69.28,3349.94,12.365,9724.74,98.37,5732.623,12.0
2025-07-25,4221.0,104.5,68.43999,3337.3,12.615,9715.82,99.55,5645.858,11.875
2025-08-01,4193.0,103.45,69.67,3363.48,12.25,9581.25,99.65,5527.608,12.0
2025-08-08,4214.0,101.0,66.59,3397.75,12.72,9692.45,101.7,5678.016,11.93
2025-08-15,4338.0,99.4,65.85,3336.19,12.7,9679.75,101.84,5752.736,11.893
2025-08-22,4453.0,99.85,67.73,3371.86,11.525,9718.12,101.2,5754.46,11.55
2025-08-29,4308.0,99.3,68.12,3447.95,11.79,9821.74,101.81,5668.938,11.215
2025-09-05,4371.0,95.2,65.5,3586.69,11.58,9829.46,104.75,5761.4,11.3
2025-09-12,4383.0,92.95,66.99,3643.14,11.225,9994.08,105.7,6001.74,11.355
2025-09-19,4365.0,92.65,66.68,3685.3,11.5,9924.1,105.7,6232.245,11.365
2025-09-26,4321.0,92.95,70.13,3759.98,11.245,10142.59,105.32,6305.053,11.295
2025-10-03,4400.0,92.05,64.53,3886.54,11.11,10690.34,104.04,6583.744,11.04
2025-10-10,4468.0,89.65,62.73,4017.79,10.68,10486.81,106.4,6407.602,11.06
2025-10-17,4439.0,93.0,61.29,4251.82,10.62,10587.67,104.87,6777.981,11.145
2025-10-24,4382.0,92.15,65.93999,4113.05,10.16,10936.53,105.2,6976.938,11.205
2025-10-31,4185.0,92.9,65.07,4002.92,10.265,10873.06,105.83,7228.661,11.0
2025-11-07,4080.0,96.75,63.63,4001.26,10.025,10698.28,102.59,6947.364,11.13
2025-11-14,3935.0,96.15,64.39,4084.06,10.14,10855.88,103.6,6811.199,11.127
2025-11-21,4050.0,95.3,62.56,4065.14,10.445,10778.56,104.33,6406.432,11.465
2025-11-28,4099.0,96.45,63.2,4239.43,10.075,11233.69,104.84,7025.15,11.09
2025-12-05,4095.0,97.25,63.75,4197.78,9.985,11643.55,107.12,7294.837,10.88
2025-12-12,3980.0,96.7,61.12,4299.63,9.86,11535.69,106.05,7033.565,10.7
2025-12-19,3892.0,96.6,60.47,4338.88,9.785,11886.23,107.25,7067.865,9.675
2025-12-26,4060.0,95.2,60.64,4533.21,9.785,12182.19,107.15,7207.639,9.72
2026-01-02,3954.0,98.0,60.75,4332.29,9.405,12508.1,105.55,7367.473,9.7
2026-01-09,3950.0,97.0,63.34,4509.5,9.98,13039.94,108.34,7638.779,9.565
2026-01-16,4026.0,97.75,64.13,4596.09,10.6,12864.52,106.92,7927.408,11.155
2026-01-23,4128.0,98.95,65.88,4987.49,10.655,13048.94,105.87,7957.926,11.285
2026-01-30,4160.0,100.2,70.68999,4894.23,11.03,13067.62,105.62,7998.473,11.525
2026-02-06,4082.0,102.85,68.05,4964.36,11.23,12923.05,99.58,8048.625,11.105
2026-02-13,3950.0,104.85,67.75,5042.04,11.02,12774.57,98.7,8137.859,10.993
2026-02-20,4063.0,107.65,71.76,5107.45,10.165,12880.95,98.2,8260.415,10.66
2026-02-27,3989.0,106.25,72.48,5278.93,10.395,13294.03,99.06,8098.371,10.725
2026-03-06,4250.0,126.95,92.68999,5171.74,10.9,12817.14,102.2,7514.736,15.71
2026-03-13,4525.0,122.05,103.14,5019.49,11.035,12677.8,106.72,7646.636,16.185
2026-03-20,4580.0,121.6,112.19,4492.42,11.095,11834.73,106.74,7670.608,21.705
2026-03-27,4540.0,119.55,112.57,4494.09,11.09,12124.14,106.35,7457.668,20.395
2026-04-03,4745.0,113.0,109.03,4676.76,11.23,12287.94,107.01,7833.387,19.965
2026-04-10,4491.0,104.85,95.2,4749.75,10.795,12819.36,105.47,8889.828,19.42
2026-04-17,4386.0,101.9,90.38,4830.34,11.1,13281.92,106.7,9555.883,15.0
2026-04-24,4517.0,102.4,105.33,4709.5,10.8,13246.81,107.15,10513.66,16.55
2026-05-01,4504.0,107.45,108.17,4614.21,10.875,12916.4,108.34,10595.34,16.865
2026-05-08,4478.0,107.1,101.29,4715.25,11.82,13515.39,110.99,11775.5,16.87
2026-05-15,4380.0,109.2,109.26,4540.08,12.57,13503.11,110.5,11588.46,17.105
2026-05-22,4430.0,112.7,103.54,4509.4,12.985,13614.84,109.0,12202.54,18.81
2026-05-29,4470.0,112.7,92.05,4540.26,12.605,13599.71,108.82,12829.38,18.3
2026-06-05,4492.0,134.0,93.09,4328.45,12.395,13490.32,101.91,12220.76,18.775
2026-06-12,4387.0,131.0,87.33,4219.33,12.04,13645.33,101.5,13371.47,18.855
2026-06-19,4594.0,126.15,80.57,4155.71,12.205,13526.62,100.33,14341.78,15.315
2026-06-26,4504.0,125.8,71.99,4088.74,13.1,13335.92,100.26,13203.57,15.525
2026-07-03,4439.0,122.5,72.12,4176.94,12.805,13317.36,97.99,12626.22,16.08
2026-07-10,4455.0,117.35,76.00999,4119.93,13.345,13418.55,98.8,12967.16,16.52
2026-07-17,4529.0,119.7,88.1,4017.39,14.01,13500.88,99.38,11673.89,20.985
