date,CNH,INR,KRW,TWD,SGD,THB,MYR,IDR,PHP
2010-01-01,3575.68,,,,2897.62,734.54,1272.78,2534.356,3052.68
2010-01-08,3480.13,5201.05,1682.77,8188.11,2922.76,738.96,1292.98,2614.37,3077.18
2010-01-15,3482.74,5244.75,1695.26,8280.9,2908.42,746.52,1298.58,2647.09,3118.47
2010-01-22,3366.2,5252.2,1701.8,8356.89,2819.71,714.1,1300.45,2610.34,3023.47
2010-01-29,3204.16,5036.0,1684.35,7927.31,2745.35,696.55,1259.16,2610.796,2953.19
2010-02-05,3153.09,4882.05,1602.43,7640.44,2683.56,691.41,1247.9,2518.976,2855.64
2010-02-12,3251.28,4757.25,1567.12,7212.87,2758.9,698.03,1253.39,2534.137,2949.65
2010-02-19,3251.28,4826.85,1593.66,7441.84,2757.14,700.44,1257.67,2554.376,2978.53
2010-02-26,3281.67,4844.9,1593.9,7441.84,2750.86,721.37,1270.78,2549.033,3043.75
2010-03-05,3259.76,4922.3,1594.58,7436.1,2790.29,723.96,1299.78,2578.772,3069.63
2010-03-12,3233.13,5088.7,1634.57,7666.26,2881.36,733.34,1311.2,2666.511,3072.91
2010-03-19,3293.87,5137.0,1662.74,7748.33,2915.7,774.59,1296.6,2742.974,3097.23
2010-03-26,3275.0,5262.8,1686.11,7897.91,2906.28,778.86,1315.14,2813.082,3180.68
2010-04-02,3407.35,5282.0,1697.72,7876.86,2943.02,801.15,1335.94,2829.996,3161.8
2010-04-09,3379.17,5290.5,1723.49,8025.93,2971.97,789.66,1333.98,2845.011,3256.12
2010-04-16,3356.33,5361.75,1724.47,8092.03,3007.19,736.16,1332.77,2878.671,3265.54
2010-04-23,3190.0,5262.6,1734.49,8111.57,2988.49,754.58,1336.78,2924.731,3244.45
2010-04-30,3067.37,5304.1,1737.03,8004.89,2974.61,763.51,1346.38,2971.252,3290.09
2010-05-07,2836.79,5278.0,1741.56,8004.25,2821.11,768.55,1332.89,2739.333,3142.06
2010-05-14,2868.02,5018.05,1647.5,7567.1,2855.21,768.79,1339.3,2858.385,3330.42
2010-05-21,2768.79,5093.5,1695.63,7772.13,2701.2,765.54,1285.73,2623.221,3179.36
2010-05-28,2850.3,4931.15,1600.18,7237.71,2739.7,737.28,1269.16,2713.923,3252.63
2010-06-04,2744.39,5066.55,1622.78,7295.32,2806.51,771.48,1294.39,2823.251,3357.05
2010-06-11,2758.87,5135.5,1664.13,7344.59,2796.29,769.55,1294.67,2801.899,3265.44
2010-06-18,2696.17,5119.35,1675.34,7299.49,2833.4,791.85,1317.69,2929.589,3335.48
2010-06-25,2736.29,5262.6,1711.95,7493.11,2851.64,793.67,1326.45,2947.023,3352.46
2010-07-02,2534.11,5269.05,1729.84,7474.71,2844.19,802.57,1307.44,2871.554,3290.98
2010-07-09,2647.1,5237.1,1671.82,7330.74,2917.17,820.6,1324.31,2943.896,3394.56
2010-07-16,2616.13,5352.45,1723.01,7647.25,2957.72,827.54,1336.65,2992.45,3442.68
2010-07-23,2793.08,5393.9,1738.45,7664.57,2973.47,840.24,1345.68,3042.02,3416.1
2010-07-30,2868.85,5449.1,1758.06,7761.22,2987.7,855.83,1360.92,3069.28,3426.95
2010-08-06,2897.66,5367.6,1759.33,7760.63,2995.06,875.07,1360.45,3060.593,3516.28
2010-08-13,2855.55,5439.25,1783.83,7963.3,2939.97,862.16,1360.15,3053.01,3469.52
2010-08-20,2898.33,5452.1,1746.24,7891.58,2936.48,893.92,1395.02,3117.72,3593.6
2010-08-27,2858.57,5530.65,1775.54,7927.31,2938.74,900.37,1411.05,3104.733,3558.67
2010-09-03,2920.21,5408.7,1729.56,7722.91,3002.56,929.9,1435.67,3164.277,3734.7
2010-09-10,2932.55,5479.4,1780.02,7830.21,3022.28,924.57,1437.78,3230.888,3902.56
2010-09-17,2861.37,5640.05,1802.58,7890.11,3076.37,923.57,1466.97,3384.653,3979.35
2010-09-24,2857.48,5884.95,1827.35,8158.33,3092.68,951.9,1451.19,3397.626,4078.87
2010-10-01,2935.57,6018.3,1846.6,8166.62,3130.9,978.58,1466.32,3547.115,4111.99
2010-10-08,3044.23,6143.4,1876.73,8244.18,3153.34,963.19,1481.41,3546.954,4236.98
2010-10-15,3327.68,6103.45,1897.07,8244.19,3204.27,997.15,1489.86,3597.031,4216.35
2010-10-22,3378.66,6062.65,1902.29,8205.3,3173.57,992.24,1490.64,3597.745,4286.87
2010-10-29,3379.98,6066.05,1897.31,8168.06,3142.62,984.46,1505.66,3635.324,4268.74
2010-11-05,3520.8,6017.7,1882.95,8287.09,3240.31,1040.45,1511.74,3655.305,4349.11
2010-11-12,3291.83,6312.45,1938.96,8449.34,3252.0,1018.86,1499.81,3665.846,4076.68
2010-11-19,3178.85,6071.65,1913.12,8316.05,3197.37,1008.77,1506.05,3725.048,4203.6
2010-11-26,3194.85,5890.3,1940.96,8306.12,3158.08,991.71,1492.05,3642.5,4053.58
2010-12-03,3158.16,5751.95,1901.8,8312.15,3172.44,1034.06,1500.98,3696.26,4176.48
2010-12-10,3161.98,5992.8,1957.26,8624.01,3185.42,1035.85,1507.28,3747.714,4135.75
2010-12-17,3225.66,5857.35,1986.14,8718.83,3153.01,1022.46,1499.88,3581.565,4057.33
2010-12-24,3162.96,5948.75,2026.3,8817.9,3143.8,1021.99,1511.58,3611.531,4166.04
2010-12-31,3128.26,6011.6,2029.6,8861.1,3190.04,1032.76,1518.91,3703.512,4201.14
2011-01-07,3166.62,6134.5,2051.0,8972.5,3261.35,1036.45,1572.21,3631.453,4202.52
2011-01-14,3091.86,5904.6,2086.2,8782.72,3245.96,1032.26,1569.89,3569.144,4132.04
2011-01-21,2983.46,5654.55,2108.17,8972.51,3184.6,1006.57,1547.43,3379.543,3951.04
2011-01-28,3036.74,5696.5,2069.92,8954.38,3229.69,981.83,1521.89,3487.61,3970.34
2011-02-04,3077.28,5512.15,2107.87,9145.35,3211.12,984.78,1531.82,3496.169,3872.35
2011-02-11,3120.96,5395.75,2072.03,9145.35,3077.27,949.57,1494.52,3391.766,3749.15
2011-02-18,3211.88,5310.0,1977.19,8609.86,3086.92,995.57,1517.56,3501.497,3851.24
2011-02-25,3197.62,5458.95,2013.14,8843.84,3025.16,985.91,1489.27,3443.53,3737.04
2011-03-04,3270.67,5303.55,1963.43,8599.65,3061.31,995.91,1522.61,3542.903,3882.71
2011-03-11,3247.38,5538.75,2004.68,8784.4,3043.49,1007.06,1495.62,3542.228,3924.35
2011-03-18,3215.69,5445.45,1955.54,8567.82,2935.78,1003.29,1503.89,3494.07,3839.88
2011-03-25,3294.48,5373.7,1981.13,8394.75,3070.84,1037.73,1515.55,3607.113,3875.81
2011-04-01,3272.73,5654.25,2054.04,8610.39,3120.47,1064.35,1555.38,3707.487,4129.54
2011-04-08,3353.36,5826.05,2121.01,8705.13,3187.31,1082.69,1557.49,3741.811,4241.01
2011-04-15,3358.94,5842.0,2127.97,8894.54,3153.3,1084.91,1521.94,3730.512,4251.64
2011-04-22,3299.94,5824.55,2140.5,8718.12,3194.73,1105.29,1522.75,3801.081,4274.77
2011-04-29,3192.72,5884.7,2197.82,8969.43,3179.86,1093.56,1534.95,3819.618,4319.51
2011-05-06,3121.4,5749.5,2192.36,9007.87,3099.52,1050.85,1515.5,3798.554,4219.07
2011-05-13,3128.09,5551.45,2147.45,8977.23,3163.68,1084.96,1540.74,3832.021,4292.11
2011-05-20,3121.6,5544.75,2120.08,9006.61,3168.54,1072.94,1541.03,3872.953,4285.16
2011-05-27,2963.31,5486.35,2111.5,8837.03,3135.52,1067.0,1548.69,3832.378,4274.51
2011-06-03,2986.35,5476.1,2100.24,8810.0,3145.67,1057.86,1559.85,3844.02,4297.62
2011-06-10,2961.93,5516.75,2113.47,9046.28,3078.35,1020.37,1556.19,3787.648,4219.58
2011-06-17,2892.16,5485.8,2046.67,8837.82,3005.28,1018.96,1563.43,3722.303,4153.11
2011-06-24,3027.47,5366.4,2031.93,8636.1,3066.85,1022.94,1564.66,3848.558,4291.44
2011-07-01,3049.75,5471.25,2090.81,8532.83,3139.01,1041.48,1582.94,3927.098,4351.63
2011-07-08,3109.18,5627.2,2125.74,8739.82,3151.28,1088.46,1594.74,4003.691,4391.46
2011-07-15,3128.89,5660.65,2180.35,8749.55,3084.24,1079.91,1577.25,4023.202,4458.74
2011-07-22,3067.99,5581.1,2145.2,8574.91,3182.95,1121.04,1565.06,4106.822,4478.36
2011-07-29,2972.08,5633.95,2171.23,8765.32,3189.26,1133.53,1548.81,4130.8,4503.63
2011-08-05,2897.42,5482.0,2133.21,8644.18,2994.78,1093.38,1524.43,3921.643,4437.55
2011-08-12,2875.37,5211.25,1943.75,7853.13,2850.59,1062.07,1483.67,3890.526,4321.73
2011-08-19,2807.66,5072.95,1793.31,7637.02,2733.63,1069.2,1483.98,3842.748,4339.9
2011-08-26,2901.22,4845.65,1744.88,7342.96,2748.18,1037.22,1444.81,3841.731,4305.56
2011-09-02,2803.85,4747.8,1778.95,7445.1,2843.09,1065.18,1474.09,3841.731,4392.91
2011-09-09,2751.1,5040.0,1867.75,7757.06,2825.1,1062.37,1469.12,3998.502,4346.07
2011-09-16,2733.99,5059.45,1812.93,7610.57,2789.04,1033.34,1430.93,3835.181,4290.17
2011-09-23,2669.48,5084.25,1840.1,7577.4,2698.8,958.16,1365.94,3426.346,3885.96
2011-09-30,2581.35,4867.75,1697.44,7046.22,2675.16,916.21,1387.13,3549.032,3999.65
2011-10-07,2581.35,4943.25,1769.65,7225.38,2640.3,909.17,1400.05,3425.684,4009.26
2011-10-14,2653.78,4888.05,1759.77,7211.96,2744.17,955.81,1442.43,3664.68,4153.4
2011-10-21,2507.88,5132.3,1835.4,7358.08,2712.41,916.34,1438.83,3620.664,4166.6
2011-10-28,2709.02,5049.95,1838.38,7254.51,2905.72,973.18,1481.82,3829.96,4333.72
2011-11-04,2763.75,5360.7,1929.48,7616.06,2848.24,957.31,1477.51,3783.628,4271.72
2011-11-11,2695.0,5284.2,1928.41,7603.23,2790.94,970.97,1468.75,3778.885,4312.96
2011-11-18,2606.5,5168.85,1863.45,7367.29,2730.34,984.16,1454.4,3754.5,4302.43
2011-11-25,2569.97,4905.8,1839.17,7233.78,2643.93,967.18,1431.55,3637.192,4261.59
2011-12-02,2557.31,4710.05,1776.4,6784.52,2773.36,1029.37,1489.02,3779.836,4290.92
2011-12-09,2503.46,5050.15,1916.04,7140.68,2694.6,1034.0,1460.13,3759.609,4292.5
2011-12-16,2390.13,4866.7,1874.75,6893.3,2659.22,1034.06,1466.22,3768.354,4304.94
2011-12-23,2359.16,4651.6,1839.96,6785.09,2676.47,1037.37,1496.15,3797.151,4372.24
2011-12-30,2345.74,4714.0,1867.22,7110.73,2646.35,1025.32,1530.73,3821.992,4371.96
2012-01-06,2290.6,4624.3,1825.74,7072.08,2715.59,1036.26,1514.13,3869.415,4483.36
2012-01-13,2394.33,4746.9,1843.14,7120.51,2791.54,1044.81,1523.07,3935.326,4613.83
2012-01-20,2504.09,4866.0,1875.68,7181.54,2849.38,1058.66,1522.66,3986.515,4747.9
2012-01-27,2504.09,5048.6,1949.89,7233.69,2916.26,1076.29,1520.9,3986.41,4679.89
2012-02-03,2506.09,5204.7,1964.83,7233.69,2917.95,1098.95,1538.77,4015.949,4758.57
2012-02-10,2533.62,5325.85,1972.34,7741.24,2960.0,1112.91,1561.66,3912.393,4783.52
2012-02-17,2537.09,5381.6,1993.71,7862.27,3000.59,1129.93,1557.15,3976.542,4880.71
2012-02-24,2648.02,5564.3,2023.47,7894.36,2978.08,1146.14,1558.77,3894.562,4893.0
2012-03-02,2679.93,5429.3,2019.89,7959.34,2993.49,1165.15,1583.78,4004.868,5016.3
2012-03-09,2664.3,5359.4,2034.63,8114.44,2963.15,1158.71,1579.0,3991.544,4980.71
2012-03-16,2623.52,5333.55,2018.3,8016.01,3010.68,1189.56,1571.4,4028.537,5145.89
2012-03-23,2552.94,5317.9,2034.44,8054.94,2990.08,1194.44,1585.83,4041.559,5042.44
2012-03-30,2454.9,5278.2,2026.83,8076.61,3010.46,1196.77,1596.33,4121.551,5107.73
2012-04-06,2519.83,5295.55,2014.04,7933.0,2986.2,1182.41,1598.87,4166.374,5038.92
2012-04-13,2580.45,5322.9,2029.03,7706.26,2987.82,1169.45,1603.12,4159.277,5097.3
2012-04-20,2626.84,5207.45,2008.91,7788.27,2994.48,1194.6,1591.85,4181.368,5156.46
2012-04-27,2626.16,5290.85,1974.65,7507.15,2981.58,1211.78,1567.8,4163.981,5169.05
2012-05-04,2715.88,5209.0,1975.35,7480.5,2990.59,1227.41,1591.04,4216.681,5297.55
2012-05-11,2636.92,5086.85,1989.15,7700.95,2883.4,1191.01,1584.32,4114.14,5158.14
2012-05-18,2573.98,4928.9,1917.13,7401.37,2779.1,1154.44,1532.46,3980.496,4879.42
2012-05-25,2573.1,4891.45,1782.46,7151.19,2772.75,1132.83,1551.12,3902.508,4925.97
2012-06-01,2633.0,4920.4,1824.17,7071.63,2745.71,1115.19,1573.59,3799.766,5062.44
2012-06-08,2524.33,4841.6,1834.51,7106.09,2737.89,1127.1,1570.62,3825.328,4994.07
2012-06-15,2568.05,5068.35,1835.64,6999.65,2811.0,1165.73,1579.23,3818.109,4930.63
2012-06-22,2512.19,5139.05,1858.16,7155.83,2828.09,1152.91,1603.07,3889.523,5120.07
2012-06-29,2461.61,5146.05,1847.39,7222.05,2878.45,1172.11,1599.15,3955.577,5246.41
2012-07-06,2472.61,5278.9,1854.01,7296.28,2978.55,1200.08,1620.55,4055.197,5362.68
2012-07-13,2450.63,5316.95,1858.2,7368.59,2995.56,1210.29,1626.38,4019.673,5214.52
2012-07-20,2398.46,5227.25,1812.89,7104.27,3015.53,1208.55,1643.0,4081.201,5210.89
2012-07-27,2349.11,5205.1,1822.93,7164.68,2998.49,1178.01,1624.94,4084.212,5219.55
2012-08-03,2353.74,5099.85,1829.16,7124.49,3051.33,1197.53,1635.04,4099.813,5285.91
2012-08-10,2399.75,5215.7,1848.68,7217.51,3054.2,1219.37,1645.36,4141.564,5263.35
2012-08-17,2313.48,5320.4,1946.4,7441.12,3062.11,1223.91,1649.79,4160.508,5206.81
2012-08-24,2275.68,5366.3,1946.54,7467.92,3050.49,1237.19,1648.22,4145.399,5143.35
2012-08-31,2204.87,5386.7,1919.81,7477.53,3025.46,1227.48,1646.11,4060.331,5196.19
2012-09-07,2317.18,5258.5,1905.12,7397.06,3011.7,1246.1,1624.55,4143.679,5201.32
2012-09-14,2315.54,5358.7,1929.58,7424.91,3070.42,1276.12,1642.95,4256.998,5322.47
2012-09-21,2199.06,5577.65,2007.58,7738.05,3078.23,1286.26,1623.7,4244.621,5292.06
2012-09-28,2293.11,5691.15,2002.37,7754.59,3060.34,1298.79,1636.66,4262.561,5346.1
2012-10-05,2293.11,5703.3,1996.21,7715.16,3107.87,1311.35,1660.23,4311.314,5439.84
2012-10-12,2304.53,5746.95,1995.17,7690.65,3041.75,1296.98,1653.36,4311.391,5369.72
2012-10-19,2332.47,5676.05,1933.26,7437.04,3048.92,1307.71,1666.35,4331.254,5432.36
2012-10-26,2247.91,5684.25,1943.84,7408.76,3057.51,1281.81,1671.89,4339.153,5405.16
2012-11-02,2306.77,5664.3,1891.43,7134.06,3040.75,1306.6,1656.13,4338.892,5424.51
2012-11-09,2240.92,5697.7,1918.72,7210.47,3009.56,1290.83,1641.08,4333.64,5468.79
2012-11-16,2177.24,5686.25,1904.41,7293.22,2945.63,1280.13,1629.28,4351.284,5439.28
2012-11-23,2192.68,5574.05,1860.83,7130.07,2989.28,1281.7,1614.32,4348.808,5552.34
2012-11-30,2139.66,5626.6,1911.33,7326.01,3069.95,1324.04,1610.83,4276.141,5640.45
2012-12-07,2246.76,5879.85,1932.9,7580.17,3107.11,1334.95,1617.77,4290.796,5794.2
2012-12-14,2355.86,5907.4,1957.45,7642.26,3168.43,1358.5,1651.98,4308.863,5707.11
2012-12-21,2372.0,5879.6,1995.04,7698.77,3163.56,1373.38,1658.85,4250.214,5823.94
2012-12-28,2480.05,5847.7,1980.42,7540.14,3191.8,1391.93,1681.33,4316.687,5812.73
2013-01-04,2524.41,5908.35,1997.05,7699.5,3225.22,1416.66,1692.58,4410.02,5971.45
2013-01-11,2483.23,6016.15,2011.94,7805.99,3216.5,1412.06,1682.7,4305.912,6051.75
2013-01-18,2595.44,5951.3,1996.67,7819.15,3211.22,1434.44,1676.44,4465.484,6139.21
2013-01-25,2571.67,6064.4,1987.85,7732.87,3269.31,1461.41,1637.13,4437.598,6167.64
2013-02-01,2743.32,6074.65,1946.69,7672.58,3291.14,1499.22,1627.55,4481.634,6318.61
2013-02-08,2771.73,5998.9,1957.79,7855.97,3270.3,1497.3,1623.8,4491.267,6458.67
2013-02-15,2771.73,5903.5,1950.9,7906.65,3283.07,1521.52,1627.93,4609.786,6521.64
2013-02-22,2596.6,5887.4,1981.18,7906.65,3288.13,1540.13,1622.08,4651.123,6665.06
2013-03-01,2668.84,5850.3,2018.89,7986.89,3269.5,1539.6,1637.44,4811.613,6642.27
2013-03-08,2606.93,5719.7,2026.49,7964.63,3289.53,1566.92,1653.96,4874.495,6833.77
2013-03-15,2539.87,5945.7,2006.01,8015.14,3286.05,1598.13,1627.64,4819.324,6654.6
2013-03-22,2618.31,5872.6,1986.5,7927.49,3258.57,1478.97,1626.89,4723.159,6518.71
2013-03-29,2495.08,5651.35,1948.71,7796.22,3308.1,1561.06,1671.63,4940.986,6847.47
2013-04-05,2483.55,5682.55,2004.89,7918.61,3299.78,1489.53,1688.65,4926.068,6727.14
2013-04-12,2462.11,5553.25,1927.23,7942.35,3294.19,1527.32,1698.53,4937.21,6891.43
2013-04-19,2533.83,5528.55,1924.23,7821.63,3294.05,1545.46,1706.28,4998.461,6957.1
2013-04-26,2447.31,5783.1,1906.75,7930.8,3348.87,1582.93,1711.29,4978.507,7025.44
2013-05-03,2492.91,5871.45,1944.56,8022.06,3369.9,1578.95,1694.77,4925.483,7215.35
2013-05-10,2540.84,5944.0,1965.71,8135.03,3443.77,1622.48,1772.38,5105.937,7262.38
2013-05-17,2592.05,6107.25,1944.75,8280.26,3449.3,1627.96,1769.16,5145.683,7279.87
2013-05-24,2597.23,6187.3,1986.81,8368.19,3393.17,1607.46,1773.06,5155.093,7268.91
2013-05-31,2606.43,5983.55,1973.45,8209.78,3311.37,1562.07,1769.22,5068.628,7021.95
2013-06-07,2484.16,5985.95,2001.05,8254.8,3184.72,1516.24,1775.59,4865.324,6701.95
2013-06-14,2416.77,5881.0,1923.85,8095.2,3161.43,1465.27,1762.19,4760.744,6242.26
2013-06-21,2317.39,5808.4,1889.24,7937.74,3124.45,1400.5,1755.85,4515.372,6182.17
2013-06-28,2200.64,5667.65,1822.83,7793.31,3150.44,1451.9,1773.54,4818.895,6465.28
2013-07-05,2226.85,5842.2,1863.32,8062.21,3169.73,1441.33,1772.27,4602.807,6500.48
2013-07-12,2275.37,5867.9,1833.31,8001.82,3236.06,1453.71,1785.65,4633.108,6574.21
2013-07-19,2190.48,6009.0,1869.98,8220.49,3213.26,1481.84,1797.74,4724.411,6621.02
2013-07-26,2224.01,6029.2,1871.41,8062.03,3236.1,1476.71,1807.61,4658.874,6763.62
2013-08-02,2247.26,5886.2,1910.81,8149.4,3254.13,1420.94,1782.51,4640.781,6533.95
2013-08-09,2286.01,5677.9,1923.38,8099.88,3229.91,1432.25,1779.32,4640.781,6404.23
2013-08-16,2304.14,5565.65,1880.71,7856.14,3197.53,1445.76,1788.24,4568.654,6525.95
2013-08-23,2286.93,5507.85,1920.11,7925.0,3088.85,1338.13,1721.07,4169.827,6161.21
2013-08-30,2313.91,5471.75,1870.16,7873.31,3028.94,1294.3,1727.58,4195.089,6075.17
2013-09-06,2357.78,5471.8,1926.36,8021.89,3048.35,1336.25,1723.8,4072.354,5974.62
2013-09-13,2488.9,5680.4,1955.31,8164.2,3120.3,1401.08,1770.8,4375.539,6133.24
2013-09-20,2432.51,5850.6,1994.32,8142.48,3237.53,1486.76,1801.83,4583.828,6424.45
2013-09-27,2394.97,6012.1,2005.58,8209.18,3210.18,1417.49,1776.16,4423.719,6379.81
2013-10-04,2409.04,5833.2,2011.8,8230.68,3138.08,1427.72,1776.56,4389.347,6390.48
2013-10-11,2468.51,5907.3,1996.98,8364.55,3179.71,1457.78,1785.75,4519.912,6489.8
2013-10-18,2426.05,6096.2,2024.9,8349.37,3192.9,1484.72,1799.59,4546.571,6607.83
2013-10-25,2368.56,6189.35,2052.4,8441.19,3205.24,1454.88,1817.57,4580.846,6539.81
2013-11-01,2384.96,6144.9,2034.39,8346.62,3201.2,1429.08,1810.41,4432.589,6585.38
2013-11-08,2307.95,6317.35,2039.42,8388.18,3177.25,1405.03,1804.48,4476.72,6355.18
2013-11-15,2350.73,6140.75,1984.87,8229.59,3201.27,1420.66,1789.87,4335.448,6346.4
2013-11-22,2397.96,6056.15,2005.64,8177.12,3172.85,1359.07,1794.52,4317.96,6084.84
2013-11-29,2438.94,5995.45,2006.23,8116.78,3176.35,1371.13,1812.72,4256.436,6208.82
2013-12-06,2452.29,6176.1,2044.87,8406.83,3114.17,1361.57,1826.95,4180.788,6014.94
2013-12-13,2406.64,6259.9,1980.41,8367.72,3066.02,1341.13,1840.35,4174.83,5767.13
2013-12-20,2278.14,6168.4,1962.91,8376.94,3094.48,1342.72,1838.03,4195.556,5835.13
2013-12-27,2303.48,6274.25,1983.35,8408.53,3149.76,1298.71,1861.06,4212.98,5889.83
2014-01-03,2290.78,6313.8,2002.28,8535.04,3131.47,1224.62,1834.74,4257.663,5947.93
2014-01-10,2204.85,6211.15,1946.14,8546.54,3143.87,1255.45,1826.61,4254.971,5842.88
2014-01-17,2178.49,6171.45,1938.54,8529.35,3147.33,1295.41,1813.01,4412.228,5987.09
2014-01-24,2245.68,6261.65,1944.48,8596.0,3075.99,1314.63,1802.57,4437.343,6191.5
2014-01-31,2202.45,6266.75,1940.56,8598.31,3027.22,1274.28,1804.03,4418.757,6041.19
2014-02-07,2212.48,6089.5,1941.15,8462.57,3013.14,1296.49,1808.59,4466.665,6011.14
2014-02-14,2295.57,6063.2,1922.5,8387.35,3038.71,1311.87,1819.37,4508.044,6113.66
2014-02-21,2264.29,6048.35,1940.28,8513.68,3099.93,1304.21,1830.74,4646.153,6308.36
2014-02-28,2178.97,6155.45,1957.83,8601.86,3110.78,1325.33,1835.66,4620.216,6424.99
2014-03-07,2168.36,6276.95,1979.99,8639.58,3136.26,1355.08,1832.26,4685.89,6481.83
2014-03-14,2122.84,6526.65,1974.68,8713.96,3073.72,1372.18,1805.12,4878.643,6391.24
2014-03-21,2158.8,6504.2,1919.9,8687.63,3073.39,1360.5,1820.48,4700.215,6339.26
2014-03-28,2151.97,6494.9,1934.94,8577.17,3172.17,1368.9,1850.73,4768.277,6359.62
2014-04-04,2185.47,6695.9,1981.0,8774.64,3212.72,1392.01,1856.61,4857.944,6561.2
2014-04-11,2270.67,6694.35,1988.09,8888.54,3198.22,1389.16,1852.66,4816.576,6596.96
2014-04-18,2224.48,6776.3,1997.44,8908.05,3253.8,1409.18,1852.69,4897.052,6671.18
2014-04-25,2167.83,6779.4,2004.28,8966.66,3267.57,1408.16,1860.98,4897.643,6685.1
2014-05-02,2158.66,6782.75,1971.66,8774.12,3252.55,1421.48,1869.08,4838.76,6742.97
2014-05-09,2133.91,6694.8,1959.44,8867.32,3252.13,1377.37,1866.72,4898.138,6847.26
2014-05-16,2145.95,6858.8,1956.55,8889.69,3262.59,1405.26,1883.34,5031.571,6817.71
2014-05-23,2148.41,7203.0,2013.44,8888.45,3278.02,1396.84,1869.22,4973.057,6811.33
2014-05-30,2156.46,7367.1,2017.17,9008.22,3295.85,1415.73,1873.38,4893.908,6647.65
2014-06-06,2134.72,7229.95,1994.96,9075.91,3299.43,1458.02,1862.7,4937.176,6762.62
2014-06-13,2176.24,7583.4,1995.48,9134.46,3293.25,1456.02,1876.74,4926.663,6784.95
2014-06-20,2136.73,7542.1,1990.85,9196.39,3258.8,1467.29,1885.72,4847.701,6730.96
2014-06-27,2150.26,7511.45,1968.07,9273.79,3271.05,1483.24,1880.93,4845.134,6842.15
2014-07-04,2178.7,7508.8,1988.51,9306.83,3272.25,1495.83,1884.91,4905.825,6962.28
2014-07-11,2148.01,7751.6,2009.66,9510.05,3293.73,1518.01,1883.15,5032.599,6901.09
2014-07-18,2164.14,7459.6,1988.74,9495.84,3310.53,1533.41,1872.97,5087.014,6853.07
2014-07-25,2260.45,7663.9,2019.42,9400.97,3350.17,1543.85,1877.34,5088.802,6889.55
2014-08-01,2329.4,7790.45,2033.85,9439.29,3344.42,1500.2,1863.34,5088.802,6894.23
2014-08-08,2331.13,7602.6,2073.1,9266.51,3288.89,1520.31,1839.87,5053.76,6880.34
2014-08-15,2360.64,7568.55,2031.1,9085.96,3314.77,1546.62,1864.31,5148.962,7008.51
2014-08-22,2365.36,7791.7,2063.22,9206.81,3325.5,1556.97,1870.99,5198.896,7133.09
2014-08-29,2338.29,7913.2,2056.7,9380.1,3327.09,1561.63,1866.11,5136.863,7050.89
2014-09-05,2449.26,7954.35,2068.54,9436.27,3341.73,1584.32,1868.46,5217.335,7263.58
2014-09-12,2438.36,8086.85,2049.41,9407.94,3345.55,1581.36,1855.64,5143.711,7201.88
2014-09-19,2425.21,8105.5,2041.86,9223.18,3305.05,1584.91,1849.49,5227.582,7287.29
2014-09-26,2437.2,8121.45,2053.82,9240.45,3292.21,1600.16,1840.5,5132.563,7261.3
2014-10-03,2450.99,7968.85,2031.64,8989.82,3253.24,1570.28,1840.82,4949.346,7247.03
2014-10-10,2466.79,7945.55,1976.16,9106.28,3223.87,1552.72,1808.88,4962.96,7167.35
2014-10-17,2441.73,7859.95,1940.92,8966.44,3167.73,1528.71,1788.31,5028.946,7003.22
2014-10-24,2390.71,7779.7,1900.66,8512.88,3222.55,1539.91,1818.86,5073.068,7103.55
2014-10-31,2508.32,8014.55,1925.69,8646.01,3274.25,1584.16,1855.15,5089.547,7215.73
2014-11-07,2502.15,8322.2,1964.43,8974.76,3286.39,1578.37,1824.19,4987.424,7205.72
2014-11-14,2581.09,8337.0,1939.87,8912.62,3315.67,1575.88,1813.79,5049.488,7217.34
2014-11-21,2583.46,8389.9,1945.14,8982.88,3345.32,1579.2,1809.13,5112.045,7276.18
2014-11-28,2808.82,8477.35,1964.84,9091.53,3350.5,1593.91,1820.89,5149.888,7294.38
2014-12-05,3124.89,8588.25,1980.78,9187.15,3324.39,1597.76,1749.37,5187.994,7230.56
2014-12-12,3193.23,8538.3,1986.62,9206.57,3324.13,1514.95,1732.99,5160.433,7224.21
2014-12-19,3383.17,8224.1,1921.71,9027.33,3279.53,1514.35,1715.99,5144.621,7125.63
2014-12-26,3445.84,8225.2,1929.98,8999.52,3353.68,1510.41,1764.44,5166.983,7186.32
2015-01-02,3533.71,8200.7,1948.16,9218.5,3370.59,1497.67,1752.77,5242.769,7230.57
2015-01-09,3546.72,8395.45,1926.44,9307.26,3338.44,1529.42,1732.44,5216.665,7402.72
2015-01-16,3635.15,8284.5,1924.7,9215.58,3300.68,1517.74,1743.57,5148.379,7490.88
2015-01-23,3571.73,8513.8,1888.13,9138.29,3411.5,1598.33,1803.08,5323.885,7548.93
2015-01-30,3434.39,8835.6,1936.09,9470.94,3391.2,1581.25,1781.26,5289.404,7689.91
2015-02-06,3312.42,8808.9,1949.26,9361.91,3431.36,1613.63,1813.25,5342.515,7728.18
2015-02-13,3469.83,8661.05,1955.52,9456.18,3426.22,1615.89,1800.95,5374.165,7773.45
2015-02-20,3522.32,8805.5,1957.5,9529.51,3435.66,1603.45,1807.87,5400.104,7825.39
2015-02-27,3572.84,8833.6,1961.45,9529.51,3402.86,1587.01,1821.21,5450.294,7730.57
2015-03-06,3478.52,8901.85,1985.8,9622.1,3417.51,1568.29,1806.96,5514.787,7861.33
2015-03-13,3617.66,8937.75,2012.94,9645.77,3362.77,1541.55,1781.75,5426.466,7809.54
2015-03-20,3892.57,8647.75,1985.79,9579.35,3412.44,1529.96,1803.65,5443.065,7818.38
2015-03-27,3971.7,8570.9,2037.24,9749.69,3450.1,1495.22,1813.37,5396.854,7877.96
2015-04-03,4170.54,8341.4,2019.8,9503.72,3453.75,1536.05,1834.52,5456.399,7993.09
2015-04-10,4344.42,8586.25,2045.42,9600.32,3472.38,1547.83,1844.31,5491.34,8127.48
2015-04-17,4596.14,8780.35,2087.76,9617.7,3525.19,1566.85,1845.86,5410.644,7946.89
2015-04-24,4702.64,8606.0,2143.5,9570.93,3513.0,1555.46,1862.58,5435.355,7947.25
2015-05-01,4749.89,8305.25,2159.8,9913.28,3487.39,1526.74,1818.27,5086.425,7714.82
2015-05-08,4558.4,8181.5,2127.17,9820.05,3452.01,1510.51,1807.65,5182.213,7763.21
2015-05-15,4617.47,8191.5,2085.52,9692.0,3463.1,1512.19,1811.92,5227.096,7881.95
2015-05-22,4951.34,8262.35,2106.5,9579.48,3450.18,1523.86,1787.5,5315.153,7810.17
2015-05-29,4840.83,8458.95,2146.1,9638.8,3392.11,1496.05,1747.52,5216.379,7580.46
2015-06-05,5230.55,8433.65,2114.8,9701.07,3333.67,1507.37,1745.33,5100.572,7526.7
2015-06-12,5335.12,8114.7,2068.1,9340.13,3353.85,1508.23,1734.37,4935.817,7503.72
2015-06-19,4637.05,7982.9,2052.17,9301.93,3300.96,1491.46,1721.77,4985.006,7601.17
2015-06-26,4336.19,8224.95,2046.96,9218.37,3320.9,1518.03,1710.47,4923.005,7622.05
2015-07-03,3885.92,8381.1,2090.26,9462.57,3342.73,1489.59,1734.24,4982.91,7535.3
2015-07-10,4106.56,8484.9,2104.41,9358.23,3279.88,1484.9,1715.58,4859.034,7392.59
2015-07-17,4151.5,8360.55,2031.17,8914.13,3353.45,1479.31,1726.73,4869.849,7617.13
2015-07-24,4176.28,8609.85,2076.79,9045.98,3352.65,1438.08,1720.76,4856.595,7665.52
2015-07-31,3816.7,8521.55,2045.96,8767.86,3202.5,1440.12,1723.14,4802.529,7550.0
2015-08-07,3906.94,8532.85,2030.16,8665.34,3196.66,1428.79,1682.65,4770.303,7532.52
2015-08-14,4073.54,8564.6,2010.23,8442.29,3114.25,1413.92,1596.82,4585.391,7408.44
2015-08-21,3589.54,8518.55,1983.46,8305.64,2971.01,1365.61,1574.67,4335.953,7278.98
2015-08-28,3342.29,8299.95,1876.07,7786.92,2955.94,1365.94,1612.74,4446.201,7098.81
2015-09-04,3365.83,8001.95,1937.67,8019.18,2863.81,1370.75,1589.16,4415.343,7051.78
2015-09-11,3347.19,7655.05,1886.04,8000.6,2888.03,1381.72,1603.6,4360.468,6911.38
2015-09-18,3251.27,7789.3,1941.37,8305.82,2879.59,1390.32,1669.45,4380.32,7131.91
2015-09-25,3231.95,7981.9,1995.95,8462.14,2832.64,1376.83,1615.01,4209.439,6917.55
2015-10-02,3202.95,7868.5,1942.85,8132.35,2793.15,1346.35,1628.8,4207.799,6850.61
2015-10-09,3340.12,7950.9,1969.68,8305.03,2998.5,1411.33,1706.54,4589.344,7138.91
2015-10-16,3534.07,8189.7,2019.53,8445.96,3030.61,1418.38,1716.82,4521.882,7055.74
2015-10-23,3571.24,8238.15,2030.26,8604.95,3068.46,1416.14,1710.93,4653.146,7236.38
2015-10-30,3534.08,8295.45,2040.4,8673.81,2998.35,1394.94,1665.71,4455.18,7134.26
2015-11-06,3793.37,8065.8,2029.47,8554.31,3010.47,1414.54,1685.7,4566.552,7118.2
2015-11-13,3746.24,7954.3,2041.07,8693.57,2925.68,1382.46,1658.91,4472.838,6897.77
2015-11-20,3774.38,7762.25,1973.29,8329.5,2917.91,1393.84,1661.89,4561.334,6932.81
2015-11-27,3556.99,7856.55,1989.86,8465.45,2859.12,1363.13,1682.59,4560.56,6927.07
2015-12-04,3677.59,7942.7,2028.99,8398.4,2879.05,1333.57,1667.87,4508.452,6921.93
2015-12-11,3608.06,7781.9,1974.4,8398.6,2834.63,1280.92,1640.14,4393.522,6735.01
2015-12-18,3767.91,7610.45,1948.62,8115.89,2852.84,1284.92,1643.9,4468.654,6867.07
2015-12-25,3838.2,7761.95,1975.32,8257.32,2877.62,1282.93,1663.51,4522.654,7002.42
2016-01-01,3731.0,7861.05,1990.65,8363.28,2882.73,1288.02,1692.51,4593.008,6952.08
2016-01-08,3361.56,7963.2,1961.31,8338.06,2751.23,1244.18,1657.61,4546.288,6575.43
2016-01-15,3118.73,7601.35,1917.62,7893.97,2630.76,1245.85,1628.55,4523.976,6449.5
2016-01-22,3113.46,7437.8,1878.87,7762.01,2577.09,1268.03,1625.21,4456.744,6208.05
2016-01-29,2946.09,7422.45,1879.43,7756.18,2629.11,1300.98,1667.8,4615.163,6687.62
2016-02-05,2963.79,7563.55,1912.06,8145.21,2623.21,1306.29,1662.46,4798.946,6765.13
2016-02-12,2963.79,7489.1,1917.79,8063.0,2539.95,1276.49,1643.74,4714.393,6654.45
2016-02-19,3051.59,6980.95,1835.28,8063.0,2656.87,1320.19,1674.88,4697.56,6792.06
2016-02-26,2948.03,7210.75,1916.24,8325.04,2649.38,1343.07,1663.44,4733.149,6771.3
2016-03-04,3093.89,7029.75,1920.16,8411.16,2837.0,1379.53,1692.49,4850.883,6899.07
2016-03-11,3018.28,7485.35,1955.63,8643.55,2828.86,1393.41,1696.54,4813.779,7098.64
2016-03-18,3171.96,7510.2,1971.41,8706.14,2906.8,1382.96,1716.34,4885.708,7306.74
2016-03-25,3197.82,7604.35,1992.12,8810.71,2847.39,1394.78,1703.79,4827.087,7360.05
2016-04-01,3221.89,7716.5,1983.81,8704.97,2818.49,1400.72,1710.55,4843.186,7245.13
2016-04-08,3185.73,7713.05,1973.57,8657.55,2808.32,1369.64,1718.4,4846.704,7247.2
2016-04-15,3272.21,7555.2,1972.05,8541.5,2923.94,1385.42,1727.99,4823.568,7321.3
2016-04-22,3174.9,7850.45,2014.71,8700.39,2940.43,1410.81,1717.96,4914.737,7255.39
2016-04-29,3156.75,7899.3,2015.49,8535.75,2838.52,1404.61,1672.72,4838.583,7159.29
2016-05-06,3130.35,7849.8,1994.15,8377.9,2730.8,1390.7,1649.36,4822.595,6991.87
2016-05-13,3074.94,7733.45,1976.71,8146.43,2734.91,1394.69,1628.26,4761.715,7436.79
2016-05-20,3078.22,7814.9,1966.99,8053.69,2763.82,1385.86,1628.79,4711.878,7299.03
2016-05-27,3062.5,7749.7,1947.67,8131.26,2802.51,1412.67,1637.19,4814.731,7411.68
2016-06-03,3189.33,8156.65,1969.17,8463.61,2809.23,1436.43,1636.46,4853.922,7514.22
2016-06-10,3163.99,8220.8,1985.84,8591.57,2822.97,1429.21,1641.22,4848.056,7509.94
2016-06-17,3110.36,8170.05,2017.63,8715.48,2763.42,1421.32,1624.18,4835.143,7622.07
2016-06-24,3077.16,8170.2,1953.4,8568.08,2735.39,1413.19,1634.05,4834.569,7629.72
2016-07-01,3154.2,8088.6,1925.24,8476.99,2846.37,1444.99,1646.22,4971.581,7830.35
2016-07-08,3192.28,8328.35,1987.32,8738.24,2847.04,1455.65,1644.54,4971.581,7771.52
2016-07-15,3276.28,8323.2,1963.1,8640.91,2925.35,1492.0,1668.4,5110.178,8030.06
2016-07-22,3225.16,8541.4,2017.26,8949.85,2945.35,1509.13,1657.42,5197.251,8025.35
2016-07-29,3203.93,8541.2,2010.34,9013.14,2868.69,1524.07,1653.26,5215.994,7963.11
2016-08-05,3205.11,8638.5,2016.19,8984.41,2828.17,1518.69,1664.04,5420.246,7970.35
2016-08-12,3294.23,8683.15,2017.94,9092.12,2867.4,1552.64,1684.15,5377.196,7955.86
2016-08-19,3365.02,8672.15,2050.47,9150.39,2844.02,1538.76,1687.68,5416.035,7930.75
2016-08-26,3307.09,8666.9,2056.24,9034.27,2857.65,1549.41,1683.09,5438.831,7845.49
2016-09-02,3314.11,8572.55,2037.5,9131.72,2803.92,1521.48,1671.79,5353.461,7807.42
2016-09-09,3318.04,8809.65,2038.31,8987.55,2873.33,1445.28,1686.44,5281.917,7581.79
2016-09-16,3238.73,8866.7,2037.87,9053.69,2827.45,1479.07,1652.99,5267.769,7553.76
2016-09-23,3275.67,8779.85,1999.36,8902.3,2856.95,1492.88,1670.99,5388.908,7723.6
2016-09-30,3253.28,8831.55,2054.07,9284.62,2869.47,1483.21,1652.55,5364.804,7629.73
2016-10-07,3253.28,8611.15,2043.63,9166.85,2875.24,1504.34,1665.38,5377.149,7578.29
2016-10-14,3305.85,8697.6,2053.8,9265.81,2815.24,1477.61,1658.97,5399.885,7389.3
2016-10-21,3327.74,8583.4,2022.66,9165.17,2831.06,1500.37,1669.98,5409.243,7650.22
2016-10-28,3340.13,8693.05,2033.0,9306.57,2816.26,1494.44,1670.27,5410.269,7404.8
2016-11-04,3354.17,8625.7,2019.42,9306.92,2788.8,1485.7,1648.24,5362.66,7227.37
2016-11-11,3417.22,8433.75,1982.02,9068.15,2814.6,1494.53,1634.19,5231.971,6975.09
2016-11-18,3417.46,8296.3,1984.43,8957.76,2838.65,1473.86,1623.8,5170.109,7067.73
2016-11-25,3521.3,8074.1,1974.58,9008.79,2859.33,1500.4,1627.26,5122.104,6889.78
2016-12-02,3528.95,8114.3,1974.46,9159.07,2919.37,1501.66,1628.96,5245.956,6886.74
2016-12-09,3493.7,8086.8,1970.61,9189.49,2956.13,1526.32,1641.42,5308.126,7043.16
2016-12-16,3346.03,8261.75,2024.69,9392.68,2937.86,1522.51,1637.79,5231.652,6850.71
2016-12-23,3307.6,8139.45,2042.24,9326.78,2871.05,1509.98,1617.15,5027.704,6563.67
2016-12-30,3310.08,7985.75,2035.9,9078.64,2880.76,1542.94,1641.73,5296.711,6840.64
2017-01-06,3347.67,8185.8,2026.46,9253.5,2962.63,1571.48,1675.49,5347.022,7248.2
2017-01-13,3319.91,8243.8,2049.12,9372.22,3025.07,1575.24,1672.5,5272.983,7238.52
2017-01-20,3354.89,8400.35,2076.79,9378.83,3011.08,1562.99,1664.89,5254.311,7232.66
2017-01-27,3387.96,8349.35,2065.61,9331.46,3064.85,1590.8,1686.36,5312.84,7333.67
2017-02-03,3364.49,8641.25,2083.59,9447.95,3041.94,1582.95,1685.01,5360.767,7226.7
2017-02-10,3413.49,8740.95,2073.16,9455.56,3100.39,1585.24,1698.94,5371.669,7235.21
2017-02-17,3421.44,8793.55,2075.08,9665.59,3107.65,1577.84,1707.68,5350.932,7244.79
2017-02-24,3473.85,8821.7,2080.58,9779.92,3117.03,1564.59,1698.35,5385.906,7258.99
2017-03-03,3427.86,8939.5,2094.12,9750.47,3122.34,1566.2,1708.38,5391.215,7247.12
2017-03-10,3427.89,8897.55,2078.75,9648.21,3133.35,1539.91,1717.58,5390.677,7146.27
2017-03-17,3445.81,8934.55,2097.35,9627.89,3169.38,1560.98,1745.2,5540.432,7345.02
2017-03-24,3489.6,9160.05,2164.58,9908.69,3142.9,1573.51,1745.75,5567.134,7269.62
2017-03-31,3456.05,9108.0,2168.95,9902.98,3175.11,1575.11,1740.09,5568.106,7311.72
2017-04-07,3517.46,9173.75,2160.23,9811.52,3177.27,1583.53,1741.72,5653.486,7583.75
2017-04-14,3486.5,9198.3,2151.73,9873.37,3169.24,1589.5,1730.99,5616.545,7629.64
2017-04-21,3466.79,9150.8,2134.88,9732.93,3139.83,1570.02,1756.05,5664.475,7578.16
2017-04-28,3439.75,9119.4,2165.04,9717.41,3175.44,1566.32,1768.06,5685.298,7661.01
2017-05-05,3382.55,9304.05,2205.44,9872.0,3229.73,1569.02,1762.74,5683.377,7841.99
2017-05-12,3385.38,9285.3,2241.24,9899.94,3255.29,1543.94,1775.87,5675.216,7815.53
2017-05-19,3403.85,9400.9,2286.02,9986.82,3216.92,1549.64,1768.28,5791.884,7767.62
2017-05-26,3480.43,9427.9,2288.48,9947.62,3219.42,1569.27,1772.3,5716.815,7867.49
2017-06-02,3486.51,9595.1,2355.3,10101.95,3240.01,1567.6,1776.95,5742.446,7907.66
2017-06-09,3576.17,9653.5,2371.72,10158.15,3254.19,1566.65,1788.89,5675.523,7990.24
2017-06-16,3518.76,9668.25,2381.69,10199.65,3231.44,1576.58,1791.31,5723.636,7882.22
2017-06-23,3622.88,9588.05,2361.83,10156.73,3209.47,1582.36,1779.45,5829.708,7814.17
2017-06-30,3666.8,9574.95,2378.6,10377.7,3226.48,1574.74,1763.67,5829.708,7843.16
2017-07-07,3655.93,9520.9,2391.79,10395.07,3229.01,1569.44,1759.93,5814.793,7889.33
2017-07-14,3703.09,9665.8,2379.87,10297.25,3287.43,1577.79,1755.0,5831.795,7885.9
2017-07-21,3728.6,9886.35,2414.63,10443.91,3314.12,1573.51,1759.16,5765.424,7989.73
2017-07-28,3721.89,9915.25,2450.06,10436.7,3330.75,1581.06,1767.08,5831.027,8071.47
2017-08-04,3707.58,10014.5,2400.99,10423.05,3326.52,1578.26,1774.53,5777.482,7932.82
2017-08-11,3647.35,10066.4,2395.45,10506.56,3279.72,1561.31,1766.96,5766.138,7928.43
2017-08-18,3724.68,9710.8,2319.71,10329.57,3251.99,1566.53,1776.22,5893.841,8016.73
2017-08-25,3795.75,9837.4,2358.37,10321.33,3259.57,1575.85,1769.17,5915.363,8015.14
2017-09-01,3830.54,9857.05,2378.51,10515.51,3277.26,1618.42,1773.16,5864.059,7958.57
2017-09-08,3825.99,9974.4,2357.69,10594.82,3228.56,1635.61,1779.9,5857.119,8022.75
2017-09-15,3831.3,9934.8,2343.72,10609.95,3209.56,1660.53,1786.33,5872.392,8180.85
2017-09-22,3837.73,10085.4,2386.07,10580.41,3220.25,1659.05,1771.04,5911.708,8281.27
2017-09-29,3836.5,9964.4,2388.71,10449.68,3219.91,1673.16,1755.58,5900.854,8171.43
2017-10-06,3836.5,9788.6,2394.47,10383.94,3291.29,1695.97,1764.0,5905.378,8310.88
2017-10-13,3921.0,9979.7,2394.47,10532.81,3319.11,1712.48,1755.32,5924.124,8447.94
2017-10-20,3926.85,10167.45,2473.62,10724.09,3340.73,1692.58,1740.65,5929.549,8420.95
2017-10-27,4021.97,10146.55,2489.54,10728.88,3386.44,1716.03,1746.13,5975.281,8295.95
2017-11-03,3992.7,10323.05,2496.63,10709.11,3382.31,1701.47,1740.93,6039.541,8376.13
2017-11-10,4111.91,10452.5,2557.97,10800.77,3420.1,1689.28,1742.28,6021.828,8433.48
2017-11-17,4120.85,10321.75,2542.95,10732.67,3382.38,1709.38,1721.66,6051.732,8311.08
2017-11-24,4104.2,10283.6,2533.99,10701.64,3442.15,1695.84,1717.23,6067.142,8365.11
2017-12-01,3998.14,10389.7,2544.33,10854.09,3449.54,1699.65,1717.86,5952.138,8144.02
2017-12-08,4003.38,10121.8,2475.41,10600.37,3424.64,1706.52,1721.25,6030.958,8304.7
2017-12-15,3980.86,10265.65,2464.0,10398.62,3416.94,1717.69,1753.07,6119.419,8337.04
2017-12-22,4054.6,10333.25,2482.07,10491.44,3385.71,1742.08,1760.24,6221.013,8432.31
2017-12-29,4030.86,10493.0,2440.54,10537.27,3402.92,1753.71,1796.81,6355.654,8558.42
2018-01-05,4138.75,10530.7,2467.49,10642.86,3489.45,1795.45,1817.97,6353.738,8770.0
2018-01-12,4225.0,10558.85,2497.52,10879.8,3520.56,1810.19,1822.67,6370.065,8814.62
2018-01-19,4285.4,10681.25,2496.42,10883.96,3550.36,1821.34,1828.83,6490.896,8915.92
2018-01-26,4381.3,10894.7,2520.26,11150.85,3567.14,1828.88,1853.92,6660.618,9041.2
2018-02-02,4271.23,11069.65,2574.76,11147.1,3529.82,1827.35,1870.48,6628.82,8810.75
2018-02-09,3840.65,10760.6,2525.39,11126.23,3377.24,1786.45,1819.82,6505.523,8503.69
2018-02-16,3966.96,10454.95,2363.77,10371.75,3443.51,1805.89,1838.28,6591.582,8612.44
2018-02-23,4071.09,10452.3,2421.83,10421.09,3533.22,1808.06,1861.5,6619.804,8467.56
2018-03-02,4016.46,10491.05,2451.52,10794.55,3479.2,1811.98,1856.07,6582.316,8458.57
2018-03-09,4108.87,10458.35,2402.16,10698.17,3485.57,1775.37,1843.92,6433.322,8372.51
2018-03-16,4056.42,10226.85,2459.45,10864.82,3512.14,1811.76,1846.39,6304.952,8238.15
2018-03-23,3904.94,10195.15,2493.97,11027.7,3421.39,1794.21,1865.22,6210.698,7970.8
2018-03-30,3898.5,9998.05,2416.76,10823.33,3427.97,1776.26,1863.46,6188.987,7979.83
2018-04-06,3854.86,10113.7,2445.85,10919.49,3442.5,1739.92,1837.01,6175.052,7945.66
2018-04-13,3871.14,10331.6,2429.58,10821.53,3501.3,1767.17,1868.47,6270.327,7899.98
2018-04-20,3760.85,10480.6,2455.07,10965.39,3573.38,1801.28,1887.75,6337.695,7726.72
2018-04-27,3756.88,10564.05,2476.33,10779.38,3577.21,1778.02,1863.47,5919.238,7721.02
2018-05-04,3774.6,10692.3,2492.4,10553.43,3545.38,1779.87,1841.83,5792.345,7546.19
2018-05-11,3872.84,10618.25,2461.38,10529.37,3570.17,1765.93,1846.51,5956.832,7752.11
2018-05-18,3903.06,10806.5,2477.71,10858.98,3529.27,1754.17,1854.5,5783.31,7672.28
2018-05-25,3816.5,10596.4,2460.65,10830.84,3513.23,1741.21,1797.4,5975.742,7647.51
2018-06-01,3770.59,10605.15,2460.8,10942.3,3427.51,1719.82,1756.38,5983.587,7630.26
2018-06-08,3779.62,10696.2,2438.96,10949.08,3436.37,1722.04,1778.32,5993.627,7740.74
2018-06-15,3753.43,10767.65,2451.58,11156.42,3356.73,1704.82,1761.78,5993.627,7529.54
2018-06-22,3608.91,10817.7,2404.04,11087.47,3287.4,1634.98,1694.15,5821.812,7063.2
2018-06-29,3510.99,10821.85,2357.22,10899.28,3268.7,1595.58,1691.5,5799.237,7193.68
2018-07-06,3365.12,10714.3,2326.13,10836.91,3191.82,1614.76,1663.86,5694.912,7186.71
2018-07-13,3492.69,10772.65,2272.87,10608.57,3260.35,1643.52,1721.93,5944.074,7399.18
2018-07-20,3492.89,11018.9,2310.9,10864.54,3297.83,1671.06,1754.67,5872.784,7399.61
2018-07-27,3521.23,11010.2,2289.19,10932.11,3324.98,1701.87,1769.14,5989.136,7701.38
2018-08-03,3315.28,11278.35,2294.99,11075.78,3265.73,1712.09,1780.09,6007.538,7819.39
2018-08-10,3405.02,11360.8,2287.68,11012.43,3284.78,1705.96,1805.75,6077.173,7804.98
2018-08-17,3229.62,11429.5,2282.79,10983.68,3209.44,1690.04,1783.47,5783.798,7583.52
2018-08-24,3325.33,11470.75,2247.05,10690.96,3213.0,1703.82,1808.59,5968.75,7766.47
2018-08-31,3334.5,11557.1,2293.21,10809.35,3213.48,1721.58,1819.66,6018.46,7855.71
2018-09-07,3277.64,11680.5,2322.88,11063.94,3134.39,1689.49,1799.17,5851.465,7598.64
2018-09-14,3242.09,11589.1,2281.58,10846.99,3161.42,1722.21,1803.76,5931.281,7413.15
2018-09-21,3410.49,11515.2,2318.25,10868.14,3217.68,1756.12,1810.64,5957.744,7383.0
2018-09-28,3438.87,11143.1,2339.17,10972.41,3257.05,1756.41,1793.15,5976.553,7276.82
2018-10-05,3438.87,10930.45,2343.07,11006.34,3209.79,1720.52,1777.15,5731.935,7078.2
2018-10-12,3170.73,10316.45,2267.52,10517.12,3069.17,1696.16,1730.74,5756.49,7004.77
2018-10-19,3134.95,10472.5,2161.85,10045.81,3062.51,1667.91,1732.14,5837.291,7151.52
2018-10-26,3173.64,10303.55,2156.26,9919.26,2972.02,1628.96,1683.06,5784.921,7064.33
2018-11-02,3290.25,10030.0,2027.15,9489.18,3116.39,1681.84,1713.87,5906.292,7140.29
2018-11-09,3167.44,10553.0,2096.0,9906.59,3077.97,1668.52,1708.09,5874.154,6968.82
2018-11-16,3257.67,10585.2,2086.09,9830.01,3083.6,1635.0,1706.38,6012.35,7083.34
2018-11-23,3143.48,10682.2,2092.4,9797.09,3052.49,1622.1,1695.88,6006.202,7340.18
2018-11-30,3172.69,10526.75,2057.48,9667.3,3117.61,1641.8,1679.86,6056.124,7367.85
2018-12-07,3181.56,10876.75,2096.86,9888.03,3111.12,1649.99,1680.54,6126.356,7461.06
2018-12-14,3165.91,10693.7,2075.76,9760.88,3077.09,1609.45,1661.96,6169.843,7524.37
2018-12-21,3029.4,10805.45,2069.38,9774.16,3046.04,1595.33,1670.28,6163.596,7479.71
2018-12-28,3010.65,10754.0,2061.49,9646.16,3053.43,1563.88,1692.07,6194.498,7466.02
2019-01-04,3035.87,10859.9,2041.04,9727.41,3059.23,1575.13,1669.78,6274.54,7761.11
2019-01-11,3094.78,10727.35,2010.25,9382.51,3198.65,1597.04,1683.22,6361.465,7904.09
2019-01-18,3168.17,10794.95,2075.57,9759.4,3224.34,1583.77,1692.22,6448.156,8047.12
2019-01-25,3184.47,10906.95,2124.28,9836.06,3202.25,1623.62,1701.03,6482.843,8053.2
2019-02-01,3247.4,10780.55,2177.73,9969.61,3188.68,1651.4,1683.53,6538.638,8144.16
2019-02-08,3247.4,10893.65,2203.46,9932.26,3202.04,1651.68,1686.52,6521.663,8070.89
2019-02-15,3338.71,10943.6,2177.05,9932.26,3239.74,1636.94,1688.83,6389.085,7908.89
2019-02-22,3520.12,10724.4,2196.09,10064.78,3269.9,1659.2,1721.42,6501.378,7962.13
2019-03-01,3749.71,10791.65,2230.5,10322.92,3220.4,1641.44,1700.76,6499.884,7641.77
2019-03-08,3657.58,10863.5,2195.44,10389.17,3195.87,1630.12,1679.9,6383.068,7797.11
2019-03-15,3745.01,11035.4,2137.44,10241.75,3200.18,1625.57,1680.54,6461.183,7798.28
2019-03-22,3833.8,11426.85,2176.11,10439.24,3212.1,1646.29,1666.66,6525.274,8013.42
2019-03-29,3872.34,11456.9,2186.95,10639.07,3212.88,1638.65,1643.63,6468.755,7920.93
2019-04-05,4062.23,11623.9,2140.67,10641.04,3322.64,1646.18,1641.81,6474.018,7873.18
2019-04-12,3988.62,11665.95,2209.61,10704.38,3331.98,1660.45,1630.17,6405.866,7880.82
2019-04-19,4120.61,11643.45,2233.45,10805.3,3347.58,1674.1,1622.07,6507.221,7835.15
2019-04-26,3889.28,11752.8,2216.15,10968.5,3356.95,1667.15,1638.38,6401.08,7868.28
2019-05-03,3913.21,11754.65,2179.31,10952.47,3392.29,1679.05,1637.3,6319.459,7967.98
2019-05-10,3730.45,11712.25,2196.32,11096.3,3273.5,1648.69,1610.27,6209.118,7742.2
2019-05-17,3648.76,11278.9,2108.04,10712.99,3205.46,1608.11,1605.36,5826.868,7583.82
2019-05-24,3593.91,11407.15,2055.8,10384.11,3169.89,1614.12,1598.32,6057.353,7747.09
2019-05-31,3629.79,11844.1,2045.31,10328.28,3117.76,1620.22,1650.76,6209.117,7970.02
2019-06-07,3564.68,11922.8,2041.74,10498.49,3166.29,1653.5,1649.33,6209.117,7983.98
2019-06-14,3654.88,11870.65,2072.33,10409.2,3222.63,1672.33,1638.63,6250.265,7990.2
2019-06-21,3833.94,11823.3,2095.41,10524.67,3321.4,1717.14,1682.23,6315.436,8055.47
2019-06-28,3825.59,11724.1,2125.62,10803.77,3321.61,1730.34,1672.13,6358.629,7999.71
2019-07-05,3893.2,11788.85,2130.62,10730.83,3366.81,1731.23,1682.53,6373.477,8117.94
2019-07-12,3808.73,11811.15,2110.59,10785.73,3357.34,1731.59,1669.45,6373.345,8141.82
2019-07-19,3807.96,11552.5,2086.66,10824.35,3377.96,1735.1,1658.19,6456.539,8270.07
2019-07-26,3858.57,11419.25,2094.36,10873.19,3363.76,1717.97,1647.96,6325.237,8183.99
2019-08-02,3747.44,11284.3,2066.26,10891.98,3261.11,1684.71,1626.76,6340.18,8129.93
2019-08-09,3633.53,10997.35,1998.13,10549.04,3168.94,1650.64,1615.05,6282.132,7854.39
2019-08-16,3710.54,11109.65,1937.75,10494.49,3115.03,1631.4,1599.22,6286.657,7795.98
2019-08-23,3820.86,11047.8,1927.17,10420.89,3110.35,1646.68,1609.33,6255.597,7889.41
2019-08-30,3799.59,10829.35,1948.3,10538.11,3106.52,1654.92,1612.14,6328.47,7979.66
2019-09-06,3948.51,11023.25,1967.79,10618.05,3144.48,1670.06,1604.47,6308.95,7933.47
2019-09-13,3972.38,10946.2,2009.13,10780.64,3211.49,1661.96,1601.25,6334.843,7992.32
2019-09-20,3935.65,11075.9,2049.2,10827.55,3159.68,1636.2,1597.41,6231.473,7871.11
2019-09-27,3852.65,11274.2,2091.52,10929.69,3125.63,1643.76,1584.14,6196.889,7819.22
2019-10-04,3814.53,11512.4,2049.93,10829.68,3078.36,1605.96,1557.67,6061.252,7704.6
2019-10-11,3911.73,11174.75,2020.69,10894.48,3113.97,1626.0,1556.84,6105.8,7849.94
2019-10-18,3869.38,11305.05,2044.61,10889.96,3114.16,1631.43,1571.15,6191.947,7885.23
2019-10-25,3896.79,11661.85,2060.69,11180.22,3185.53,1593.28,1570.0,6252.345,7922.5
2019-11-01,3952.39,11627.15,2087.89,11296.12,3229.43,1592.52,1593.34,6207.191,7977.12
2019-11-08,3973.01,11890.6,2100.2,11399.53,3264.3,1637.85,1609.73,6177.986,8065.76
2019-11-15,3877.09,11908.15,2137.23,11579.54,3238.86,1602.23,1594.75,6128.345,7932.96
2019-11-22,3849.99,11895.45,2162.18,11525.6,3225.65,1597.72,1596.84,6100.242,7824.59
2019-11-29,3828.67,11914.4,2101.96,11566.8,3193.92,1590.59,1561.74,6011.83,7738.96
2019-12-06,3902.39,12056.05,2087.96,11489.57,3194.71,1558.99,1568.44,6186.868,7801.72
2019-12-13,3968.22,11921.5,2081.85,11609.64,3214.05,1573.91,1571.16,6197.318,7877.63
2019-12-20,4017.25,12086.7,2170.25,11927.73,3212.39,1572.92,1610.18,6284.372,7773.12
2019-12-27,4022.03,12271.8,2204.18,11959.08,3226.53,1578.22,1610.61,6329.314,7815.26
2020-01-03,4144.96,12245.8,2204.21,12091.59,3238.82,1594.97,1611.38,6323.466,7839.79
2020-01-10,4163.18,12226.65,2176.46,12110.43,3255.95,1580.63,1591.46,6274.941,7776.77
2020-01-17,4154.85,12256.8,2206.39,12024.65,3281.03,1600.48,1595.81,6291.657,7722.58
2020-01-24,4003.9,12352.35,2250.57,12090.29,3240.02,1569.55,1572.81,6244.109,7623.41
2020-01-31,4003.9,12248.25,2246.13,12118.71,3153.73,1514.14,1531.06,5940.048,7200.79
2020-02-07,3899.87,11661.85,2119.01,11495.1,3181.48,1535.24,1554.49,5999.607,7507.2
2020-02-14,3987.73,12098.35,2211.95,11612.81,3220.03,1526.3,1544.46,5866.945,7282.0
2020-02-21,4149.49,12113.45,2243.59,11815.7,3181.03,1495.09,1531.2,5882.255,7369.78
2020-02-28,3940.05,12080.85,2162.84,11686.35,3011.08,1340.52,1482.64,5452.704,6787.91
2020-03-06,4138.51,11201.75,1987.01,11292.17,2960.98,1364.57,1483.1,5498.54,6770.38
2020-03-13,3895.31,10989.45,2040.22,11321.81,2634.0,1128.91,1344.75,4907.571,5793.94
2020-03-20,3653.22,9955.2,1771.44,10128.87,2410.74,1127.24,1303.28,4194.944,4778.76
2020-03-27,3710.06,8745.45,1566.15,9234.09,2528.76,1099.76,1343.09,4545.571,5266.62
2020-04-03,3713.22,8660.25,1717.73,9698.92,2389.29,1138.84,1330.65,4623.429,5346.97
2020-04-10,3769.18,8083.8,1725.44,9663.63,2571.32,1228.03,1357.5,4649.079,5510.83
2020-04-17,3839.49,9111.9,1860.7,10157.61,2614.6,1239.24,1407.34,4634.821,5789.97
2020-04-24,3796.97,9266.75,1914.53,10597.04,2518.16,1258.78,1369.85,4496.064,5464.98
2020-05-01,3912.58,9154.4,1889.01,10347.36,2624.23,1301.66,1407.78,4716.403,5700.71
2020-05-08,3963.62,9859.9,1947.56,10992.14,2591.88,1266.02,1382.31,4597.43,5621.94
2020-05-15,3912.82,9251.5,1945.82,10901.42,2523.55,1280.76,1403.44,4507.607,5541.95
2020-05-22,3824.06,9136.85,1927.28,10814.92,2499.83,1303.97,1436.76,4545.952,5539.19
2020-05-29,3867.02,9039.25,1970.13,10811.15,2510.75,1342.85,1473.25,4753.612,5838.84
2020-06-05,4001.25,9580.3,2029.6,10942.16,2751.5,1435.7,1556.33,4947.782,6465.13
2020-06-12,4003.08,10142.15,2181.87,11479.4,2684.63,1382.56,1546.02,4880.359,6476.24
2020-06-19,4098.71,9972.9,2132.3,11429.94,2634.83,1370.82,1507.26,4942.275,6315.07
2020-06-26,4138.99,10244.4,2141.32,11549.86,2604.51,1330.34,1488.14,4904.088,6191.84
2020-07-03,4419.6,10383.0,2134.65,11660.67,2652.94,1372.27,1552.65,4973.794,6372.66
2020-07-10,4753.13,10607.35,2152.41,11909.16,2652.65,1350.5,1591.84,5031.256,6197.38
2020-07-17,4544.7,10768.05,2150.25,12073.68,2618.48,1359.58,1596.33,5079.585,6088.75
2020-07-24,4505.59,10901.7,2201.19,12181.56,2579.51,1340.92,1589.61,5082.991,6003.26
2020-07-31,4695.05,11194.15,2200.44,12304.04,2529.82,1328.53,1603.75,5149.627,5928.45
2020-08-07,4707.93,11073.45,2249.37,12664.8,2545.51,1324.4,1578.14,5143.893,5846.02
2020-08-14,4704.63,11214.05,2351.67,12828.87,2581.32,1327.05,1564.59,5247.69,6076.91
2020-08-21,4718.84,11178.4,2407.49,12795.46,2528.54,1299.26,1577.12,5272.81,6005.4
2020-08-28,4844.27,11371.6,2304.59,12607.84,2539.63,1323.31,1525.21,5346.659,5884.18
2020-09-04,4770.22,11647.6,2353.8,12728.85,2509.64,1311.95,1515.86,5239.851,5785.09
2020-09-11,4627.28,11333.85,2368.25,12637.95,2490.09,1279.96,1504.85,5016.712,5967.96
2020-09-18,4737.09,11464.45,2396.69,12675.95,2497.71,1288.39,1506.63,5059.223,5908.9
2020-09-25,4570.02,11504.95,2412.4,12875.62,2472.28,1244.94,1509.14,4945.791,5838.66
2020-10-02,4587.4,11050.25,2278.79,12232.91,2496.11,1237.54,1500.3,4926.734,5999.4
2020-10-09,4681.14,11416.95,2327.89,12515.61,2532.96,1267.14,1530.35,5053.663,5931.61
2020-10-16,4791.68,11914.2,2391.96,12887.19,2533.02,1233.68,1503.84,5103.414,5898.47
2020-10-23,4718.49,11762.45,2341.53,12750.37,2537.39,1213.61,1494.64,5112.188,6484.06
2020-10-30,4695.33,11930.35,2360.81,12898.82,2423.84,1194.95,1466.89,5128.225,6324.0
2020-11-06,4885.72,11642.4,2267.15,12546.34,2578.68,1260.08,1519.64,5335.529,6685.69
2020-11-13,4856.85,12263.55,2416.5,12973.53,2711.39,1346.47,1589.69,5461.058,6969.88
2020-11-20,4943.29,12780.25,2493.87,13273.33,2813.01,1389.34,1593.75,5571.656,7169.79
2020-11-27,4980.77,12859.05,2553.5,13716.44,2855.82,1437.78,1607.59,5783.335,6791.46
2020-12-04,5065.92,12968.95,2633.45,13867.09,2839.89,1449.83,1621.85,5810.483,7134.56
2020-12-11,4889.63,13258.55,2731.45,14132.44,2821.7,1482.67,1684.58,5938.329,7246.16
2020-12-18,4999.97,13513.85,2770.06,14261.69,2848.98,1482.38,1652.49,6104.324,7272.8
2020-12-25,5042.01,13760.55,2772.18,14249.96,2842.04,1486.31,1641.17,6008.709,7204.38
2021-01-01,5211.29,13749.25,2806.86,14331.42,2843.81,1449.35,1627.21,5979.073,7139.71
2021-01-08,5495.43,14018.5,2873.47,14732.53,2993.19,1536.44,1633.19,6257.835,7289.88
2021-01-15,5458.08,14347.25,3152.18,15463.95,3004.87,1519.13,1627.01,6373.412,7238.46
2021-01-22,5569.78,14433.7,3085.9,15616.39,2991.53,1497.88,1596.74,6307.127,7045.83
2021-01-29,5351.96,14371.9,3140.63,16019.03,2902.52,1466.98,1566.4,5862.352,6612.62
2021-02-05,5483.41,13634.6,2976.21,15138.31,2907.11,1496.61,1578.63,6151.729,7019.18
2021-02-12,5807.72,14924.25,3120.63,15802.4,2925.48,1508.35,1599.42,6222.521,6991.01
2021-02-19,5778.84,15163.3,3100.58,15802.4,2880.64,1500.51,1584.93,6231.932,6926.41
2021-02-26,5336.76,14981.75,3107.62,16341.38,2949.04,1496.78,1577.75,6241.796,6794.86
2021-03-05,5262.8,14529.15,3012.95,15953.8,3013.85,1544.11,1600.12,6258.749,6881.37
2021-03-12,5146.38,14938.1,3026.26,15855.23,3095.22,1568.19,1615.69,6358.209,6728.55
2021-03-19,5007.09,15030.95,3054.39,16255.18,3134.54,1563.96,1626.19,6356.16,6436.1
2021-03-26,5037.99,14744.0,3039.53,16070.24,3157.95,1574.86,1601.42,6195.562,6544.63
2021-04-02,5161.56,14507.3,3041.01,16305.88,3181.68,1596.27,1585.35,6011.456,6443.09
2021-04-09,5035.34,14867.35,3112.8,16571.28,3184.54,1566.34,1612.25,6070.209,6545.17
2021-04-16,4966.18,14834.85,3131.88,16854.1,3201.76,1548.96,1608.38,6086.258,6494.81
2021-04-23,5135.45,14617.85,3198.62,17158.81,3194.04,1553.59,1608.43,6016.864,6378.07
2021-04-30,5123.49,14341.35,3186.1,17300.27,3218.27,1583.13,1601.65,5995.616,6370.87
2021-05-07,4996.05,14631.1,3147.86,17566.66,3200.26,1585.03,1587.45,5928.309,6258.71
2021-05-14,5110.59,14823.15,3197.2,17285.0,3055.02,1549.48,1582.52,5938.351,6269.36
2021-05-21,5134.15,14677.8,3153.32,15827.09,3117.89,1552.44,1562.17,5773.12,6199.25
2021-05-28,5321.09,15175.3,3156.42,16302.06,3178.5,1581.98,1594.44,5848.616,6674.51
2021-06-04,5282.28,15435.65,3188.73,16870.86,3151.04,1611.53,1578.45,6065.166,6796.34
2021-06-11,5224.7,15670.25,3240.08,17147.41,3157.97,1636.56,1575.16,6095.497,6907.79
2021-06-18,5102.47,15799.35,3249.32,17213.52,3144.16,1612.98,1589.05,6007.12,6851.38
2021-06-25,5239.97,15683.35,3267.93,17318.54,3121.6,1582.67,1559.68,6022.399,6950.51
2021-07-02,5081.12,15860.35,3302.84,17502.99,3128.95,1578.49,1533.35,6023.008,7002.26
2021-07-09,5069.44,15722.2,3281.78,17710.15,3131.4,1552.09,1520.58,6039.844,6834.92
2021-07-16,5094.77,15689.8,3217.95,17661.48,3152.3,1574.37,1522.48,6072.51,6693.83
2021-07-23,5089.23,15923.4,3276.91,17895.25,3157.05,1545.1,1523.44,6101.69,6520.74
2021-07-30,4811.17,15856.05,3254.42,17572.92,3166.94,1521.92,1494.6,6070.039,6270.23
2021-08-06,4921.56,15763.05,3202.32,17247.41,3177.18,1521.72,1489.8,6203.431,6539.91
2021-08-13,4945.98,16238.2,3270.36,17526.28,3165.49,1528.32,1505.11,6139.492,6320.19
2021-08-20,4769.27,16529.1,3171.29,16982.11,3102.75,1553.18,1518.03,6030.772,6633.22
2021-08-27,4827.04,16450.5,3060.51,16341.94,3080.77,1611.2,1590.16,6041.366,6786.62
2021-09-03,4843.06,16705.2,3133.9,17209.93,3083.85,1650.33,1589.19,6126.921,6897.13
2021-09-10,5013.52,17323.6,3201.06,17516.92,3098.8,1635.35,1575.97,6094.873,6970.51
2021-09-17,4855.94,17369.25,3125.76,17474.57,3071.23,1625.65,1548.51,6133.246,6912.85
2021-09-24,4849.43,17585.15,3140.51,17276.79,3061.35,1631.15,1532.06,6144.815,6951.53
2021-10-01,4866.38,17853.2,3125.24,17260.19,3051.11,1605.17,1524.48,6228.845,6923.6
2021-10-08,4929.94,17532.05,3019.18,16570.89,3112.81,1639.41,1563.9,6481.769,6906.86
2021-10-15,4932.11,17895.2,2956.3,16640.43,3173.91,1638.34,1598.28,6633.338,7213.46
2021-10-22,4959.73,18338.55,3015.06,16781.19,3205.14,1643.42,1588.08,6643.738,7289.61
2021-10-29,4908.77,18114.9,3006.16,16888.74,3198.17,1623.43,1562.31,6591.346,7054.7
2021-11-05,4842.35,17671.65,2970.68,16987.41,3242.34,1626.22,1531.73,6581.785,7340.77
2021-11-12,4888.38,17916.8,2969.27,17296.9,3228.45,1633.94,1531.22,6651.054,7382.84
2021-11-19,4890.06,18102.75,2968.8,17518.13,3232.34,1645.06,1525.54,6720.263,7280.57
2021-11-26,4860.13,17764.8,2971.02,17818.31,3166.27,1610.61,1512.22,6561.553,7278.44
2021-12-03,4901.02,17026.45,2936.44,17369.39,3101.93,1588.19,1501.74,6538.506,7055.19
2021-12-10,5055.12,17196.7,2968.33,17697.14,3135.61,1618.23,1488.88,6652.922,7192.17
2021-12-17,4954.76,17511.3,3010.23,17826.26,3111.63,1641.73,1502.01,6601.932,7297.66
2021-12-24,4921.35,16985.2,3017.73,17812.59,3108.28,1637.22,1516.45,6562.9,7181.86
2021-12-31,4940.37,17003.75,3012.43,17961.64,3123.68,1657.62,1567.53,6581.482,7122.63
2022-01-07,4822.37,17354.05,2977.65,18218.84,3205.26,1657.62,1543.11,6701.316,7011.11
2022-01-14,4726.73,17812.7,2954.89,18169.76,3281.97,1672.63,1555.33,6693.401,7261.34
2022-01-21,4779.31,18255.75,2921.92,18403.33,3294.86,1652.73,1527.06,6726.373,7293.52
2022-01-28,4563.77,17617.15,2834.29,17899.3,3246.33,1639.51,1520.02,6645.511,7251.97
2022-02-04,4563.77,17101.95,2663.34,17674.4,3331.41,1674.22,1522.76,6731.391,7456.35
2022-02-11,4601.4,17516.3,2750.26,17674.4,3428.95,1699.2,1578.89,6815.607,7270.36
2022-02-18,4651.24,17374.75,2747.71,18310.94,3428.9,1713.2,1603.05,6892.818,7418.79
2022-02-25,4573.43,17276.3,2744.52,18232.35,3294.47,1679.9,1591.72,6888.171,7212.23
2022-03-04,4496.43,16658.4,2676.76,17652.18,3226.78,1671.72,1603.94,6928.328,7342.01
2022-03-11,4306.52,16245.35,2713.43,17736.52,3249.66,1658.01,1568.22,6922.602,7112.19
2022-03-18,4265.9,16630.45,2661.28,17264.74,3330.63,1678.51,1591.26,6954.965,7007.63
2022-03-25,4174.57,17287.05,2707.02,17456.52,3413.69,1676.8,1603.3,7002.532,7124.84
2022-04-01,4276.16,17153.0,2729.98,17676.95,3419.11,1701.31,1602.41,7078.76,7152.88
2022-04-08,4230.77,17670.45,2739.85,17625.59,3383.28,1686.0,1607.29,7210.835,7018.02
2022-04-15,4188.75,17784.35,2700.39,17284.54,3335.85,1674.34,1589.01,7235.532,6984.9
2022-04-22,4013.25,17475.65,2696.06,17004.18,3361.11,1690.59,1601.97,7225.606,6998.59
2022-04-29,4016.24,17171.95,2704.71,17025.09,3356.9,1667.44,1600.43,7228.914,6731.25
2022-05-06,3908.82,17102.55,2695.05,16592.18,3291.89,1629.58,1564.34,7228.914,6759.9
2022-05-13,3988.6,16411.25,2644.51,16408.2,3191.16,1584.38,1544.41,6597.993,6379.17
2022-05-20,4077.6,15782.15,2604.24,15832.54,3240.58,1622.95,1549.12,6918.144,6746.33
2022-05-27,4001.3,16266.15,2639.29,16144.85,3230.55,1638.75,1546.76,7026.256,6726.14
2022-06-03,4089.57,16352.45,2638.05,16266.22,3231.97,1647.67,1537.83,7182.961,6741.4
2022-06-10,4238.99,16584.3,2670.65,16552.57,3181.73,1632.62,1493.95,7086.648,6530.04
2022-06-17,4309.04,16201.8,2595.87,16460.12,3098.09,1559.39,1456.74,6936.967,6331.56
2022-06-24,4394.77,15293.5,2440.93,15641.26,3111.65,1568.76,1436.7,7042.937,6217.56
2022-07-01,4466.72,15699.25,2366.6,15303.32,3095.59,1572.67,1449.74,6794.328,6165.35
2022-07-08,4428.78,15752.05,2305.42,14343.08,3131.26,1557.87,1425.79,6740.219,6361.82
2022-07-15,4248.53,16220.6,2350.61,14464.53,3099.15,1533.37,1418.44,6651.905,6195.26
2022-07-22,4238.23,16049.2,2330.98,14550.62,3181.34,1552.73,1465.8,6886.962,6263.39
2022-07-29,4170.1,16719.45,2393.14,14949.36,3211.56,1576.41,1492.23,6951.123,6315.93
2022-08-05,4156.91,17158.25,2451.5,15000.07,3282.88,1601.09,1501.55,7084.655,6405.5
2022-08-12,4191.15,17397.5,2490.8,15036.04,3269.27,1622.26,1506.19,7129.277,6699.66
2022-08-19,4151.07,17698.15,2527.94,15288.97,3246.51,1625.92,1504.44,7172.434,6863.86
2022-08-26,4107.55,17758.45,2492.69,15408.78,3249.53,1644.78,1500.29,7135.248,6752.5
2022-09-02,4023.61,17558.9,2481.03,15278.44,3205.69,1622.15,1491.18,7177.179,6692.65
2022-09-09,4093.79,17539.45,2409.41,14673.04,3262.95,1654.62,1496.53,7242.656,6606.0
2022-09-16,3932.68,17833.35,2384.28,14583.42,3268.29,1630.4,1467.31,7168.87,6548.77
2022-09-23,3856.02,17530.85,2382.78,14561.76,3227.1,1631.71,1424.98,7178.583,6259.54
2022-09-30,3804.89,17327.35,2290.0,14118.38,3130.24,1589.51,1394.63,7040.798,5741.07
2022-10-07,3804.89,17094.35,2155.49,13424.58,3145.81,1579.66,1406.0,7026.783,5932.19
2022-10-14,3842.47,17314.65,2232.84,13702.28,3039.61,1560.78,1382.47,6814.53,5904.75
2022-10-21,3742.89,17185.7,2212.55,13128.12,2969.95,1591.32,1446.42,7017.771,5983.56
2022-10-28,3541.33,17576.3,2213.12,12819.2,3059.19,1606.07,1447.31,7056.04,6153.43
2022-11-04,3767.18,17786.8,2268.4,12788.42,3130.11,1626.32,1438.28,7045.527,6185.53
2022-11-11,3788.44,18117.15,2348.43,13026.71,3228.33,1637.29,1468.21,7089.206,6286.77
2022-11-18,3801.57,18349.7,2483.16,14007.56,3272.23,1617.38,1449.32,7082.181,6437.38
2022-11-25,3775.78,18307.65,2444.48,14504.99,3244.55,1620.84,1486.54,7053.15,6606.94
2022-12-02,3870.95,18512.75,2437.86,14778.51,3259.14,1641.63,1481.8,7019.639,6489.65
2022-12-09,3998.24,18696.1,2434.33,14970.68,3245.97,1623.13,1477.19,6715.118,6580.12
2022-12-16,3954.23,18496.6,2389.04,14705.43,3240.81,1619.01,1478.54,6812.193,6496.5
2022-12-23,3828.22,18269.0,2360.02,14528.55,3257.7,1617.55,1474.68,6800.673,6541.03
2022-12-30,3871.63,17806.8,2313.69,14271.63,3251.32,1668.66,1495.49,6850.619,6566.39
2023-01-06,3980.89,18105.3,2236.4,14137.69,3276.72,1673.86,1480.55,6684.558,6667.97
2023-01-13,4074.38,17859.45,2289.97,14373.34,3293.75,1681.73,1495.03,6641.83,6951.54
2023-01-20,4181.53,17956.6,2386.09,14824.13,3293.71,1677.25,1500.33,6874.931,7056.62
2023-01-27,4181.53,18027.65,2395.26,14932.93,3394.21,1681.3,1497.55,6898.981,7052.16
2023-02-03,4141.63,17604.35,2484.02,14932.93,3384.29,1688.36,1490.47,6911.732,7027.38
2023-02-10,4106.31,17854.05,2480.4,15602.66,3360.69,1664.57,1474.59,6880.329,6876.79
2023-02-17,4034.51,17856.5,2469.73,15586.65,3328.37,1651.67,1476.9,6895.714,6779.02
2023-02-24,4061.05,17944.2,2451.21,15479.7,3282.3,1634.02,1456.8,6856.576,6685.9
2023-03-03,4130.55,17465.8,2423.61,15503.79,3232.02,1606.88,1453.55,6813.636,6655.37
2023-03-10,3967.14,17594.35,2432.07,15608.42,3177.43,1599.65,1433.08,6765.302,6589.88
2023-03-17,3958.82,17412.9,2394.59,15526.2,3183.28,1563.67,1411.73,6678.237,6469.72
2023-03-24,4027.05,17100.05,2395.69,15452.96,3212.64,1591.85,1399.7,6762.254,6602.17
2023-03-31,4050.93,16945.05,2414.96,15914.7,3258.9,1609.17,1422.59,6805.277,6499.68
2023-04-07,4123.28,17359.75,2476.86,15868.06,3300.48,1577.07,1427.04,6792.765,6488.51
2023-04-14,4092.0,17599.15,2490.41,15836.5,3302.66,1592.67,1435.13,6818.574,6481.91
2023-04-21,4032.57,17828.0,2571.49,15929.43,3321.82,1558.36,1422.11,6821.807,6520.44
2023-04-28,4029.09,17624.05,2544.4,15602.99,3270.51,1529.12,1415.95,6915.716,6625.08
2023-05-05,4016.88,18065.0,2501.53,15579.18,3266.63,1533.3,1431.04,6787.631,6685.66
2023-05-12,3937.76,18069.0,2500.94,15626.07,3208.55,1561.35,1422.92,6707.763,6578.15
2023-05-19,3944.54,18314.8,2475.42,15502.36,3202.59,1514.89,1428.54,6700.561,6664.55
2023-05-26,3850.95,18203.4,2537.79,16174.92,3207.39,1530.84,1402.98,6687.001,6530.2
2023-06-02,3861.83,18499.35,2558.81,16505.05,3166.3,1531.2,1381.26,6633.261,6512.01
2023-06-09,3836.7,18534.1,2601.36,16706.91,3186.97,1555.11,1376.08,6694.024,6507.15
2023-06-16,3963.35,18563.4,2641.16,16886.4,3260.03,1559.39,1388.61,6698.547,6508.34
2023-06-23,3864.03,18826.0,2625.79,17288.91,3191.6,1505.52,1390.89,6639.733,6393.55
2023-06-30,3842.45,18665.5,2570.1,17202.4,3205.91,1503.1,1376.68,6661.879,6468.07
2023-07-07,3825.7,19189.05,2564.28,16915.54,3139.47,1490.51,1377.67,6716.459,6379.03
2023-07-14,3899.1,19331.8,2526.71,16664.21,3248.63,1517.92,1412.09,6869.572,6624.79
2023-07-21,3821.91,19564.5,2628.3,17283.71,3278.3,1529.25,1413.52,6880.802,6647.56
2023-07-28,3992.74,19745.0,2609.76,17030.7,3371.17,1543.27,1450.35,6900.23,6625.26
2023-08-04,4020.58,19646.05,2608.32,17292.93,3292.39,1530.46,1445.21,6852.842,6450.84
2023-08-11,3884.25,19517.0,2602.8,16843.68,3294.28,1535.16,1457.16,6879.979,6405.91
2023-08-18,3784.0,19428.3,2591.26,16601.25,3173.93,1519.12,1446.09,6859.912,6290.27
2023-08-25,3709.15,19310.15,2504.5,16381.31,3189.88,1560.2,1444.41,6895.443,6160.61
2023-09-01,3791.49,19265.8,2519.14,16481.58,3233.3,1561.51,1463.43,6977.654,6181.06
2023-09-08,3739.99,19435.3,2563.71,16644.94,3207.75,1547.17,1454.95,6924.78,6222.94
2023-09-15,3708.78,19819.95,2547.68,16576.02,3280.69,1542.03,1459.03,6982.791,6126.34
2023-09-22,3738.93,20192.35,2601.28,16920.92,3204.82,1522.59,1450.23,7016.844,6142.79
2023-09-29,3689.52,19674.25,2508.13,16344.48,3217.41,1471.43,1424.17,6939.892,6321.24
2023-10-06,3689.52,19638.3,2465.07,16353.74,3174.39,1438.45,1416.88,6888.518,6259.95
2023-10-13,3663.41,19653.5,2408.73,16520.57,3185.79,1450.75,1444.14,6926.78,6266.34
2023-10-20,3510.59,19751.05,2456.15,16782.57,3076.69,1399.35,1441.04,6849.168,6142.9
2023-10-27,3562.39,19542.65,2375.0,16440.72,3061.85,1388.23,1441.9,6758.793,5961.99
2023-11-03,3584.14,19047.25,2302.81,16134.61,3143.66,1419.76,1449.93,6788.85,5989.27
2023-11-10,3586.49,19230.6,2368.34,16507.65,3106.68,1389.57,1445.18,6809.263,6161.89
2023-11-17,3568.07,19525.55,2409.66,16682.67,3124.67,1415.78,1460.67,6977.668,6211.89
2023-11-24,3538.01,19731.8,2469.85,17208.95,3094.81,1397.43,1453.92,7009.631,6269.5
2023-12-01,3482.88,19794.7,2496.63,17287.42,3090.31,1380.31,1456.38,7059.906,6245.18
2023-12-08,3399.46,20267.9,2505.01,17438.35,3110.73,1380.99,1441.97,7159.598,6234.77
2023-12-15,3341.55,20969.4,2517.85,17383.99,3116.51,1391.03,1462.45,7190.988,6478.44
2023-12-22,3337.23,21456.65,2563.56,17673.87,3140.32,1405.09,1454.38,7237.519,6501.0
2023-12-29,3431.11,21349.4,2599.51,17596.63,3240.27,1415.85,1454.66,7272.797,6450.04
2024-01-05,3329.11,21731.4,2655.28,17930.81,3184.3,1427.96,1487.61,7350.619,6629.64
2024-01-12,3284.17,21710.8,2578.08,17519.14,3191.72,1413.53,1487.34,7241.138,6643.18
2024-01-19,3269.78,21894.55,2525.05,17512.83,3152.29,1382.51,1486.37,7227.402,6503.54
2024-01-26,3333.82,21571.8,2472.74,17681.52,3159.53,1368.15,1506.28,7137.088,6686.09
2024-02-02,3179.63,21352.6,2478.56,17995.03,3179.77,1384.08,1516.58,7238.785,6707.25
2024-02-09,3364.93,21853.8,2615.31,18059.93,3138.3,1388.37,1512.28,7235.152,6850.16
2024-02-16,3364.93,21782.5,2620.32,18096.07,3221.94,1386.27,1533.55,7335.545,6873.23
2024-02-23,3489.74,22040.7,2648.76,18607.25,3184.91,1398.14,1549.11,7295.095,6913.21
2024-03-01,3537.8,22212.7,2667.7,18889.19,3135.76,1367.42,1538.02,7311.907,6919.59
2024-03-08,3544.91,22378.4,2642.36,18935.93,3147.09,1386.42,1539.86,7381.907,6942.21
2024-03-15,3569.99,22493.55,2680.35,19785.32,3172.96,1386.04,1552.83,7328.054,6822.32
2024-03-22,3545.0,22023.35,2666.84,19682.5,3217.97,1381.04,1542.39,7350.152,6881.97
2024-03-29,3537.48,22096.75,2748.56,20228.43,3224.01,1377.94,1536.07,7288.813,6903.53
2024-04-05,3567.8,22326.9,2746.63,20294.45,3218.26,1375.58,1555.25,7286.882,6745.46
2024-04-12,3475.84,22513.7,2714.21,20337.6,3216.91,1396.38,1551.04,7286.882,6659.39
2024-04-19,3541.66,22519.4,2681.82,20736.57,3176.51,1332.08,1547.57,7087.317,6443.0
2024-04-26,3584.27,22147.0,2591.86,19527.12,3280.1,1359.94,1575.16,7036.075,6628.75
2024-05-03,3604.39,22419.95,2656.33,20120.51,3292.93,1369.92,1589.59,7134.724,6615.55
2024-05-10,3666.28,22475.85,2676.63,20330.32,3290.7,1371.9,1600.67,7088.795,6511.93
2024-05-17,3677.97,22055.2,2727.63,20708.84,3313.48,1382.68,1616.62,7317.238,6618.69
2024-05-24,3601.48,22502.0,2724.62,21258.47,3316.56,1364.48,1619.4,7222.382,6619.89
2024-05-31,3579.92,22957.1,2687.6,21565.34,3336.59,1345.66,1596.68,6970.736,6433.1
2024-06-07,3574.11,22530.7,2636.52,21174.22,3330.77,1332.74,1617.86,6897.95,6518.76
2024-06-14,3541.53,23290.15,2722.67,21858.38,3297.55,1306.56,1607.32,6734.832,6383.7
2024-06-21,3495.62,23465.6,2758.42,22504.72,3306.02,1306.41,1590.37,6879.978,6158.48
2024-06-28,3461.66,23501.1,2784.26,23253.39,3332.8,1300.96,1590.09,7063.577,6411.91
2024-07-05,3431.06,24010.6,2797.82,23032.25,3410.81,1311.99,1611.02,7253.372,6492.75
2024-07-12,3472.4,24323.85,2862.23,23556.59,3497.78,1332.04,1619.06,7327.58,6648.23
2024-07-19,3539.02,24502.15,2857.0,23916.93,3447.56,1317.14,1636.55,7294.495,6791.69
2024-07-26,3409.29,24530.9,2795.46,22869.26,3426.47,1307.21,1612.88,7288.167,6726.01
2024-08-02,3384.39,24834.85,2731.9,22119.21,3381.45,1313.08,1611.05,7308.123,6605.3
2024-08-09,3331.63,24717.7,2676.19,21638.09,3261.83,1297.07,1596.05,7256.996,6647.8
2024-08-16,3345.63,24367.5,2588.43,21469.0,3352.89,1303.0,1623.9,7432.09,6847.37
2024-08-23,3327.19,24541.15,2697.23,22349.33,3387.99,1354.87,1635.74,7544.298,6961.96
2024-08-30,3321.43,24823.15,2701.69,22158.05,3442.93,1359.07,1678.8,7670.733,6897.54
2024-09-06,3231.35,25235.9,2674.31,22268.09,3454.47,1427.64,1653.12,7721.846,6936.09
2024-09-13,3159.25,24852.15,2544.28,21435.19,3562.65,1424.39,1652.15,7812.131,7022.85
2024-09-20,3201.05,25356.5,2575.41,21759.65,3624.76,1451.69,1668.82,7743.004,7252.32
2024-09-27,3703.69,25790.95,2593.37,22159.42,3573.36,1450.15,1660.09,7696.916,7428.3
2024-10-04,4017.85,26178.95,2649.78,22822.79,3589.13,1444.25,1629.97,7496.091,7467.92
2024-10-11,3887.17,25014.6,2569.71,22302.71,3573.76,1470.1,1633.55,7520.602,7310.32
2024-10-18,3925.23,24964.25,2596.91,22901.64,3640.19,1489.82,1645.99,7760.06,7415.73
2024-10-25,3956.42,24854.05,2593.82,23487.27,3593.41,1463.42,1618.3,7694.66,7314.23
2024-11-01,3890.02,24180.8,2583.27,23348.45,3555.43,1464.17,1603.98,7505.257,7142.96
2024-11-08,4104.05,24304.35,2542.36,22780.08,3724.37,1464.69,1621.24,7287.191,6977.18
2024-11-15,3968.83,24148.2,2561.15,23553.89,3744.7,1442.63,1592.44,7161.258,6676.65
2024-11-22,3865.7,23532.7,2416.86,22742.77,3746.02,1446.3,1589.78,7195.565,6780.13
2024-11-29,3916.58,23907.25,2501.24,22904.32,3739.29,1427.54,1594.29,7114.266,6613.85
2024-12-06,3973.14,24131.1,2455.91,22262.5,3796.16,1451.96,1613.25,7382.785,6729.14
2024-12-13,3933.18,24677.8,2428.16,23193.27,3810.35,1431.67,1608.75,7324.789,6616.51
2024-12-20,3927.74,24768.3,2494.46,23020.48,3719.93,1365.07,1591.41,6983.865,6406.38
2024-12-27,3981.03,23587.5,2404.15,22510.25,3771.63,1401.46,1628.14,7036.571,6528.79
2025-01-03,3775.17,23813.4,2404.77,23275.68,3801.83,1384.76,1629.46,7164.429,6603.81
2025-01-10,3732.48,24004.75,2441.92,22908.3,3801.56,1367.99,1602.41,7088.866,6496.32
2025-01-17,3812.34,23431.5,2515.78,23011.86,3810.78,1340.63,1566.72,7154.658,6352.12
2025-01-24,3832.86,23203.2,2523.55,23148.08,3804.26,1354.07,1573.73,7166.056,6296.2
2025-01-31,3817.08,23092.2,2536.8,23525.41,3855.82,1314.5,1556.92,7109.196,5862.59
2025-02-07,3892.7,23482.15,2517.37,23525.41,3861.42,1282.09,1590.91,6742.576,6154.99
2025-02-14,3939.01,23559.95,2521.92,23478.27,3877.5,1272.1,1591.6,6638.459,6061.33
2025-02-21,3978.44,22929.25,2591.05,23152.61,3929.94,1246.21,1591.03,6803.001,6098.04
2025-02-28,3890.05,22795.9,2654.58,23730.25,3895.7,1203.72,1574.7,6270.597,5997.97
2025-03-07,3944.01,22124.7,2532.78,23053.18,3914.48,1202.03,1547.27,6636.0,6298.29
2025-03-14,4006.56,22552.5,2563.48,22576.07,3836.02,1173.76,1512.15,6515.631,6294.11
2025-03-21,3914.7,22397.2,2566.36,21968.05,3926.45,1186.61,1505.45,6258.179,6266.75
2025-03-28,3915.17,23350.4,2643.13,22209.1,3972.43,1175.45,1513.65,6510.62,6147.44
2025-04-04,3861.5,23519.35,2557.98,21602.89,3825.86,1125.21,1504.14,6510.62,6084.19
2025-04-11,3750.52,22904.45,2465.42,21298.22,3512.53,1128.66,1454.76,6262.226,6082.44
2025-04-18,3772.52,22828.55,2432.72,19528.77,3720.33,1150.95,1499.4,6438.269,6134.62
2025-04-25,3786.99,23851.65,2483.42,19395.03,3823.78,1159.0,1509.2,6678.915,6268.75
2025-05-02,3770.57,24039.35,2546.3,19872.73,3845.14,1198.98,1542.49,6815.73,6411.86
2025-05-09,3846.16,24346.7,2559.79,20787.64,3876.16,1210.94,1546.5,6832.803,6458.2
2025-05-16,3889.09,24008.0,2577.27,20915.04,3897.87,1195.77,1571.75,7106.526,6465.53
2025-05-23,3882.27,25019.8,2626.87,21843.69,3882.42,1176.36,1535.38,7214.163,6413.1
2025-05-30,3840.23,24853.15,2592.09,21652.24,3894.61,1149.18,1508.35,7175.819,6341.53
2025-06-06,3873.98,24750.7,2697.67,21347.3,3934.29,1136.43,1516.79,7113.425,6376.79
2025-06-13,3864.18,25003.05,2812.05,21660.66,3911.42,1122.7,1518.11,7166.065,6395.59
2025-06-20,3846.64,24718.6,2894.62,22072.95,3883.43,1067.63,1502.74,6907.138,6339.77
2025-06-27,3921.76,25112.4,3021.84,22045.74,3966.2,1082.42,1528.16,6897.4,6408.27
2025-07-04,3982.2,25637.8,3055.94,22580.08,4013.62,1119.94,1550.19,6865.192,6395.57
2025-07-11,4014.81,25461.0,3054.28,22547.5,4087.81,1121.13,1536.07,7047.438,6459.88
2025-07-18,4058.55,25149.85,3175.77,22751.03,4189.5,1206.58,1525.86,7311.915,6303.72
2025-07-25,4127.16,24968.4,3188.07,23383.13,4261.06,1217.15,1533.76,7543.503,6413.18
2025-08-01,4054.93,24837.0,3196.05,23364.38,4153.83,1218.33,1533.35,7537.768,6306.13
2025-08-08,4104.97,24565.35,3119.41,23434.38,4239.83,1259.07,1556.98,7533.385,6339.38
2025-08-15,4202.35,24363.3,3210.01,24021.26,4230.53,1259.42,1576.34,7898.375,6315.93
2025-08-22,4378.0,24631.3,3225.66,24334.48,4253.02,1253.39,1597.47,7858.851,6281.58
2025-08-29,4496.76,24870.1,3168.73,23764.47,4269.7,1236.61,1575.12,7830.493,6155.57
2025-09-05,4460.32,24426.85,3186.01,24233.1,4307.08,1264.8,1578.15,7867.348,6149.13
2025-09-12,4522.0,24741.0,3205.12,24494.58,4344.24,1293.62,1600.13,7854.06,6109.21
2025-09-19,4501.92,25114.0,3395.54,25474.64,4302.71,1292.72,1598.23,8051.118,6264.49
2025-09-26,4550.05,25327.05,3445.24,25578.37,4265.98,1278.74,1609.05,8099.333,6027.12
2025-10-03,4640.69,24654.7,3386.05,25580.32,4411.95,1293.61,1635.06,8118.301,6108.86
2025-10-10,4616.83,24894.25,3549.21,26761.06,4427.06,1286.98,1622.25,8257.859,6037.79
2025-10-17,4514.23,25285.35,3610.6,27301.92,4328.93,1274.61,1607.18,7915.656,6089.53
2025-10-24,4660.68,25709.85,3748.89,27302.37,4422.21,1313.91,1613.27,8271.722,5988.02
2025-10-31,4640.67,25795.15,3941.59,27532.26,4428.62,1309.5,1609.15,8163.875,5929.68
2025-11-07,4678.79,25722.1,4107.5,28233.35,4492.24,1302.91,1619.13,8394.59,5759.37
2025-11-14,4628.14,25492.3,3953.76,27651.41,4546.07,1269.26,1625.67,8370.436,5584.35
2025-11-21,4453.61,25910.05,4011.57,27397.5,4469.14,1254.4,1617.57,8414.352,5997.13
2025-11-28,4526.66,26068.15,3853.26,26434.94,4523.96,1256.69,1604.47,8508.706,6022.24
2025-12-05,4584.54,26202.95,3926.59,27626.48,4531.36,1273.77,1616.52,8632.761,5949.22
2025-12-12,4580.95,26186.45,4100.05,27980.89,4586.45,1254.1,1637.81,8660.499,6036.72
2025-12-19,4568.18,26046.95,4167.16,28198.02,4569.78,1252.19,1665.9,8609.551,5920.87
2025-12-26,4657.24,25966.4,4020.55,27696.35,4636.15,1259.25,1677.1,8537.911,6065.64
2026-01-02,4629.94,26042.3,4129.68,28556.02,4656.12,1259.67,1669.76,8748.132,6135.06
2026-01-09,4758.92,26328.55,4309.63,29349.81,4744.66,1254.09,1686.54,8936.754,6348.14
2026-01-16,4731.87,25683.3,4586.32,30288.96,4849.1,1275.6,1712.74,9075.406,6464.67
2026-01-23,4702.5,25694.35,4840.74,31408.7,4891.45,1314.39,1719.99,8951.01,6333.26
2026-01-30,4706.34,25048.65,4990.07,31961.51,4905.13,1325.62,1740.88,8329.606,6328.97
2026-02-06,4643.6,24825.45,5224.36,32063.75,4934.41,1354.01,1732.83,7935.26,6390.91
2026-02-13,4660.41,25693.7,5089.14,31782.92,4937.78,1430.41,1739.54,8212.271,6384.58
2026-02-20,4660.41,25471.1,5507.01,33605.71,5017.6,1479.71,1752.83,8271.767,6465.12
2026-02-27,4710.65,25571.25,5808.53,33605.71,4995.07,1528.26,1716.61,8235.485,6611.24
2026-03-06,4660.44,25178.65,6244.13,35414.49,4848.25,1410.37,1718.06,7585.687,6320.41
2026-03-13,4669.14,24450.45,5584.87,33599.54,4842.27,1409.35,1698.85,7137.212,6058.94
2026-03-20,4567.02,23151.1,5487.24,33400.32,4948.87,1432.99,1720.71,7106.839,6018.62
2026-03-27,4502.57,23114.5,5781.2,33543.88,4898.18,1447.05,1712.65,7097.057,5972.83
2026-04-03,4440.79,22819.6,5438.87,33112.59,4947.5,1454.0,1695.5,7026.782,5998.68
2026-04-10,4636.56,22713.1,5377.3,32572.43,4989.41,1506.84,1691.31,7458.496,6098.21
2026-04-17,4728.67,24050.6,5858.87,35417.83,4997.93,1482.45,1695.21,7634.004,5999.13
2026-04-24,4769.37,24353.55,6191.92,36804.34,4922.86,1456.1,1720.34,7129.49,5943.49
2026-05-01,4807.31,23897.95,6475.63,38932.4,4912.69,1493.69,1722.02,6956.804,5833.64
2026-05-08,4871.91,23997.55,6598.87,38926.63,4921.9,1500.36,1748.06,6969.396,5960.97
2026-05-15,4859.59,24176.15,7498.0,41603.94,4989.08,1517.95,1740.22,6723.32,5976.77
2026-05-22,4845.1,23643.5,7493.18,41172.36,5068.15,1538.67,1712.67,6162.045,5961.4
2026-05-29,4892.12,23719.3,7847.71,42267.97,5037.86,1568.37,1683.07,6127.381,5768.76
2026-06-05,4816.92,23547.75,8476.15,44732.94,5049.96,1582.6,1693.43,5594.765,5938.38
2026-06-12,4777.32,23366.7,8160.59,45070.94,5025.8,1592.41,1683.63,6007.656,5910.06
2026-06-19,4941.6,23622.9,8123.62,44169.04,5192.7,1572.5,1712.03,6177.139,6135.35
2026-06-26,4868.22,24013.1,9052.42,46465.2,5191.73,1542.34,1667.74,5896.134,6072.24
2026-07-03,4842.17,24056.0,8411.21,44571.76,5244.29,1611.28,1679.05,5875.78,6188.03
2026-07-10,4780.79,24270.85,8088.34,46780.62,5469.29,1621.55,1691.49,5924.36,6286.7
2026-07-17,4529.1,24206.9,7475.94,45354.61,5509.43,1639.04,1731.45,6175.535,6404.11
