date,KRW,THB,INR,IDR,PHP,CNH,MYR,SGD,TWD
2019-06-28,-0.032,-0.045,0.909,1.666,,-1.954,1.513,-0.367,-0.001759
2019-07-05,-0.029,0.062,0.788,1.968,,-1.2,1.515,-0.364,-0.001094
2019-07-12,-0.029,0.014,0.697,1.606,,-0.1,1.515,-0.375,-0.001515
2019-07-19,-0.033,0.05,0.818,1.727,,2.136,1.515,-0.127,-0.002273
2019-07-26,-0.038,0.1,0.717,1.6,,-1.0,3.064,0.0,-0.002167
2019-08-02,-0.03,0.065,0.894,3.333,,0.329,1.471,-0.235,-0.000364
2019-08-09,-0.026,0.055,0.919,2.272,,0.829,1.515,-0.031,-0.001879
2019-08-16,-0.029,0.15,1.031,2.437,,1.9,1.562,-0.133,-0.002688
2019-08-23,-0.03,0.06,1.098,2.03,,5.283,1.515,-0.28,-0.002212
2019-08-30,-0.029,0.197,0.953,1.781,,0.53,1.562,-0.2,-0.002969
2019-09-06,-0.033,0.055,2.121,1.75,,0.988,0.637,-0.013,-0.003236
2019-09-13,-0.033,-0.1,1.025,1.6,,0.626,1.562,-0.087,-0.005834
2019-09-20,-0.037,0.055,1.017,1.666,,3.112,1.667,-0.327,-0.005168
2019-09-27,-0.031,0.05,0.849,1.495,,-0.576,1.457,-0.032,-0.002468
2019-10-04,-0.044,0.06,0.924,1.409,,1.5,1.515,-0.389,-0.003807
2019-10-11,-0.024,0.065,0.821,1.43,,1.855,1.534,-0.126,-0.004381
2019-10-18,-0.027,0.07,0.812,1.5,,2.1565,1.562,-0.122,-0.004376
2019-10-25,-0.029,0.045,0.612,1.033,,1.3,0.002,-0.038,-0.003449
2019-11-01,-0.022,0.02,0.625,1.132,,3.012,1.664,-0.05675,-0.004569
2019-11-08,-0.017,0.074,1.252,1.666,,2.695,1.667,-0.124,-0.003034
2019-11-15,-0.019,0.075,0.767,1.733,,2.457,1.667,-0.18,-0.002834
2019-11-22,-0.021,0.008,0.641,1.416,,2.066,1.665,0.075,-0.001968
2019-11-29,-0.03,0.031,0.583,1.485,,2.0395,1.515,0.125,-0.002273
2019-12-06,-0.011,0.03,0.53,0.909,,1.858,2.121,-0.15,-1e-06
2019-12-13,-0.019,-0.001,0.603,-0.556,,1.052,2.059,-0.19,-0.007861
2019-12-20,-0.042,0.025,0.703,2.032,,2.3525,1.515,0.3,-0.003429
2019-12-27,-0.017,-0.1,0.572,1.447,,-0.33,1.62,-0.3,-0.01006
2020-01-03,-0.025,0.006,0.727,1.061,,1.6825,1.515,-0.12,-0.002652
2020-01-10,-0.032,0.218,0.647,0.632,,1.401,1.471,-0.02,-0.00353
2020-01-17,-0.031,0.0,0.667,0.773,,0.0,1.515,0.0,-0.003212
2020-01-24,-0.031,0.291,0.6,0.9,,7.752,1.724,-0.15,-0.002923
2020-01-31,-0.017,0.496,0.862,1.62,,11.194,1.724,0.186125,-0.001379
2020-02-07,-0.019,0.032,0.664,1.689,,1.139,1.724,-0.15,-0.001207
2020-02-14,-0.017,0.083,0.672,1.465,,0.384,1.724,-0.096,-0.002311
2020-02-21,-0.014,0.65,0.862,3.964,,3.743,1.724,-0.16,-0.001276
2020-02-28,-0.012,0.144,1.264,6.664,,1.203,1.515,-0.175,-0.001515
2020-03-06,-0.002,0.011,2.257,4.846,,1.05,1.337,-0.05,-0.003219
2020-03-13,-0.109,0.058,2.874,5.755,,0.6,-0.457,-0.45,-0.00844
2020-03-20,-0.059,0.2,5.996,16.439,,-2.0,4.727,0.021,-0.007033
2020-03-27,-0.039,0.052,4.508,2.58,,-8.0,1.527,-0.295,-0.007569
2020-04-03,-0.028,0.103,3.592,6.831,,-1.0,1.667,-0.05,-0.004434
2020-04-10,-0.027,0.304,4.873,2.333,,1.532,1.667,0.04,-0.008002
2020-04-17,-0.043,0.214,1.933,3.471,,2.299,1.667,0.035,-0.006668
2020-04-24,-0.029,0.0,1.766,5.5,,2.2,1.667,0.07,-0.006068
2020-05-01,-0.011,0.093,1.419,8.058,,2.949,1.562,-0.1,-0.006408
2020-05-08,-0.01,0.122,1.303,5.604,,1.439,3.125,-0.01,-0.004063
2020-05-15,-0.002,0.047,0.571,2.57,,4.249,3.03,-0.06,-0.002
2020-05-22,0.05,0.047,0.0,3.499,,3.945,3.125,-0.065,4e-06
2020-05-29,0.004,0.026,0.857,2.656,,4.401,3.333,0.005,0.0
2020-06-05,-0.002,0.0,0.715,0.0,,4.0,3.125,-0.08455,-0.005001
2020-06-12,0.003,-0.002,0.786,4.217,,3.602,3.125,-0.1,-0.006074
2020-06-19,-0.016,0.073,0.821,1.428,,4.203,3.333,-0.0145,-0.002858
2020-06-26,0.0,-0.029,0.642,2.853,,3.649,3.042,-0.1515,-0.005722
2020-07-03,-0.001,-0.013,0.571,4.241,,2.701,3.03,-0.11455,-0.004288
2020-07-10,-0.007,-0.022,1.106,3.088,,3.25,3.03,-0.08,-0.001715
2020-07-17,-0.011,0.362,0.892,3.333,,3.703,2.121,-0.05,-0.003144
2020-07-24,-0.011,0.305,0.998,2.124,,5.15,3.333,-0.019,-0.002866
2020-07-31,0.001,0.028,0.714,2.558,,5.5,2.941,-0.1,-0.000716
2020-08-07,-0.003,0.25,0.643,2.121,,5.64,3.03,0.015,-0.001143
2020-08-14,-0.002,0.171,0.643,3.385,,4.80025,3.03,-0.02,0.000571
2020-08-21,-0.002,2.203,0.75,1.0,,3.999,3.03,-0.08,1e-06
2020-08-28,0.0,0.092,0.605,0.0,,3.887,3.125,-0.005,-0.000296
2020-09-04,0.002,0.152,0.678,1.167,,3.395,3.333,-0.025,0.000831
2020-09-11,0.0,0.076,0.857,2.333,,4.501,3.125,-0.005,-0.002501
2020-09-18,0.0,0.024,0.607,1.4,,4.7,3.333,0.0,-0.008344
2020-09-25,0.007,0.163,0.75,2.148,,7.24,3.333,0.05,-0.002002
2020-10-02,0.003,0.275,0.5,1.394,,28.5,3.03,-0.05,-0.002001
2020-10-09,0.011,0.368,0.428,0.0,,12.668,3.03,0.058,-0.01073
2020-10-16,0.006,0.066,0.714,-0.286,,2.749,3.03,-0.075,-0.008582
2020-10-23,0.05,0.123,-0.15,0.002,,3.101,3.03,-0.019,-0.006002
2020-10-30,0.009,0.037,0.714,0.857,,2.701,3.333,-0.003,-0.013591
2020-11-06,0.021,-0.128,0.75,-0.714,,6.502,24.711,-0.035,-0.006005
2020-11-13,0.013,-0.027,0.716,1.0,,4.552,2.333,-0.02,0.000714
2020-11-20,0.009,-0.024,0.6,0.714,,4.048,3.03,-0.03,0.000571
2020-11-27,0.016,-0.288,0.666,0.571,,4.251,3.029,0.0,0.000713
2020-12-04,0.007,0.042,0.666,0.714,,2.8,3.03,-0.03,-0.009298
2020-12-11,0.0,0.007,0.767,1.286,,3.55,2.941,-0.03,-0.006441
2020-12-18,-0.036,-0.2,0.883,1.123,,3.9,3.03,-0.045,-0.00622
2020-12-25,-0.02,1.234,0.843,1.43,,3.45,3.333,-0.035,0.000116
2021-01-01,-0.014,-10.0,-1.501,-0.43,,6.149,3.027,-0.02,-0.003592
2021-01-08,-0.01,0.25,0.907,2.712,,1.55,2.939,0.0,-0.005697
2021-01-15,-0.004,-0.02,0.899,1.0,,2.636,3.03,0.026,0.002698
2021-01-22,0.005,0.15,1.996,1.569,,2.45,3.333,0.016,-0.000622
2021-01-29,0.0,0.2,0.833,0.428,,6.07,3.571,0.01,0.000344
2021-02-05,0.001,1.9,0.824,0.856,,4.932,3.569,0.0,-0.002962
2021-02-12,0.001,0.082,1.114,1.568,,6.251,3.57,-0.004,-0.003797
2021-02-19,0.01,0.25,1.663,1.857,,3.251,3.571,0.0,-0.00207
2021-02-26,0.002,0.1,2.496,5.704,,2.601,3.03,0.04,-0.002029
2021-03-05,0.008,-0.75,1.249,3.14,,4.335,3.03,0.05,0.001929
2021-03-12,0.007,0.14,1.065,1.57,,4.997,3.03,0.125,0.001532
2021-03-19,0.02,0.45,1.216,1.0,,3.5,3.125,0.07,-0.000351
2021-03-26,0.008,-0.809,2.244,0.141,,6.625,3.333,0.06,-0.003398
2021-04-02,0.015,-0.323,1.249,1.927,,6.4,3.333,0.051,-0.001983
2021-04-09,0.012,9.889,3.372,2.427,,4.35,3.03,-0.042,0.021372
2021-04-16,0.007,2.408,1.039,0.571,,4.55,3.333,0.004,-0.002716
2021-04-23,-0.001,0.325,1.024,0.746,,3.1,3.333,0.04,-0.002923
2021-04-30,0.001,0.08,1.3,1.571,,4.4,2.941,0.02,-0.002254
2021-05-07,0.001,-0.292,1.198,-0.531,,3.4,3.03,0.0,-0.003637
2021-05-14,0.006,-0.085,1.291,1.214,,3.3,3.03,0.01,-0.004252
2021-05-21,-0.003,0.644,1.306,0.04,,2.799,3.125,0.005,-0.00297
2021-05-28,-0.002,0.285,1.194,2.868,,7.74,3.337,0.043,-0.00292
2021-06-04,-0.002,-0.055,0.838,1.671,,1.451,3.125,0.02,-0.003459
2021-06-11,-0.002,-0.579,0.861,1.406,,2.0,3.125,0.005,-0.003403
2021-06-18,-0.002,0.3,0.938,2.017,,4.601,3.333,0.075,-0.002836
2021-06-25,0.005,0.114,0.839,1.772,,5.201,3.333,0.02,-0.002782
2021-07-02,0.007,0.341,0.942,1.214,,3.702,3.03,0.019,-0.001479
2021-07-09,0.013,0.95,0.905,1.777,,9.001,3.03,0.017,-0.000601
2021-07-16,0.011,0.547,0.845,3.895,,5.949,6.249,-0.02,-0.001218
2021-07-23,0.016,0.449,0.786,1.733,,5.649,3.03,0.0,0.000649
2021-07-30,0.007,-0.362,0.74,1.718,,5.799,2.941,0.073,-4.2e-05
2021-08-06,0.02,1.0,0.853,2.679,,4.799,3.226,0.0,-0.000689
2021-08-13,0.016,0.045,0.727,1.725,,5.9,3.121,0.01,-0.000197
2021-08-20,0.019,0.2,0.703,2.254,,4.3,3.03,0.01,0.000381
2021-08-27,0.018,0.0,0.72,1.896,,4.649,6.271,0.05,-0.000451
2021-09-03,0.017,-0.147,0.655,1.44,,3.213,3.333,0.076,-0.001441
2021-09-10,0.019,0.15,0.547,1.471,,3.0,3.333,0.02,-0.001901
2021-09-17,0.02,0.6,0.74,1.469,,5.1,3.333,0.03,-0.00151
2021-09-24,0.019,0.25,0.783,1.706,,4.8,3.333,0.03,-0.001547
2021-10-01,0.023,0.4,0.778,1.617,,25.494,3.03,-0.01,-0.001437
2021-10-08,0.03,-0.101,0.773,1.436,,11.749,3.03,0.123,0.000194
2021-10-15,0.004,0.1,0.227,0.239,,5.85,6.249,0.09,-0.000237
2021-10-22,0.028,2.95,0.223,1.131,,3.0,3.03,0.11,-0.000746
2021-10-29,0.04,0.05,0.542,1.577,,3.251,3.333,0.04,-0.000875
2021-11-05,0.045,0.15,0.253,1.468,,4.4,3.333,0.015,-0.000158
2021-11-12,0.053,-0.2,0.435,1.484,,3.999,3.333,0.07,-0.000668
2021-11-19,0.034,-0.2,0.425,1.34,,3.201,3.333,0.06,-0.000725
2021-11-26,0.001,-0.15,0.48,1.603,,4.4,3.018,0.1,6.9e-05
2021-12-03,0.023,-0.05,0.485,0.936,,3.499,3.03,0.164,-0.000625
2021-12-10,0.014,-3.5,0.393,0.966,,1.299,2.059,0.084,-0.000841
2021-12-17,0.003,0.1,0.488,0.766,,0.75,3.03,0.072,-0.000723
2021-12-24,-0.013,0.25,-0.452,2.131,,0.151,3.03,0.096,0.00102
2021-12-31,-0.008,-1.5,-0.227,1.136,,0.5,3.03,0.04,-0.001076
2022-01-07,0.02,-1.0,0.433,0.823,,3.096,3.03,0.018,-0.002055
2022-01-14,0.019,-2.882,0.446,0.482,,1.94,6.06,0.09,-0.001582
2022-01-21,0.017,-0.575,0.456,0.667,,3.1,3.03,0.17,-0.002109
2022-01-28,0.032,0.2,0.422,0.88,,12.875,10.721,1.0,-0.002357
2022-02-04,-0.017,-0.25,-0.296,0.282,,13.995,3.575,0.07,-0.000836
2022-02-11,0.022,-1.55,0.437,0.229,,8.546,2.5,0.04,-0.001269
2022-02-18,-0.03,-0.185,-0.245,-0.392,,6.512,3.571,0.124,-0.000631
2022-02-25,-0.018,0.95,-0.494,0.203,,6.753,3.03,0.35,0.000219
2022-03-04,0.023,0.25,0.471,0.513,,3.251,3.033,-0.03,-0.000895
2022-03-11,0.024,0.05,0.578,0.414,,3.5,2.121,-0.02,-0.000443
2022-03-18,0.01,0.001,0.509,0.128,,3.0,3.03,0.05,-0.001741
2022-03-25,0.033,0.226,1.968,0.23,,3.5,3.333,0.3,-0.011937
2022-04-01,0.025,0.103,0.902,0.327,,9.45,3.333,0.04,-0.000444
2022-04-08,0.024,0.022,0.806,1.887,,4.2,3.333,0.08,-0.003565
2022-04-15,-0.01,0.289,-0.324,-0.005,,7.8,6.254,-0.013,-1.8e-05
2022-04-22,0.006,0.559,-0.357,-1.603,,9.25,3.333,0.04,-0.000276
2022-04-29,0.033,2.0,1.244,1.67,,7.7,3.225,0.09,0.009422
2022-05-06,-0.016,-1.637,0.659,-0.692,,3.7,3.03,0.06,-0.003059
2022-05-13,-0.009,0.143,0.785,2.402,,3.35,3.027,0.24,-0.004135
2022-05-20,0.001,-2.088,0.501,3.648,,2.3,3.03,0.095,-0.001478
2022-05-27,0.058,-0.995,1.045,-4.753,,2.485,3.03,0.094,-0.01424
2022-06-03,0.035,0.426,0.785,-3.441,,1.1,3.03,-0.026,-0.005444
2022-06-10,-0.001,0.17,0.911,-1.13,,2.95,3.333,-0.113,-0.000121
2022-06-17,0.006,0.208,-0.292,-0.591,,2.21,3.333,-0.045,0.001631
2022-06-24,-0.035,0.3,2.119,1.108,,0.7,3.333,-0.112,-0.004332
2022-07-01,0.002,0.026,-0.362,-0.058,,0.281,3.03,0.14,-0.001768
2022-07-08,-0.033,-0.463,0.475,1.861,,-0.75,3.125,0.002,-0.006009
2022-07-15,-0.004,8.386,-0.29,-1.887,,-0.3,3.03,0.09,-0.000345
2022-07-22,0.094,0.62,0.826,2.435,,0.1,3.03,-0.029,-2.2e-05
2022-07-29,0.007,-2.434,-0.187,1.086,,-2.55,2.941,-0.288,-0.002919
2022-08-05,-0.019,-7.035,1.291,3.323,,-2.1,3.03,-0.3,-0.007833
2022-08-12,-0.086,-1.675,0.564,1.319,,-1.8,2.121,-0.015,-0.001696
2022-08-19,-0.03,0.55,1.858,0.725,,3.625,3.03,-0.072,-0.006106
2022-08-26,-0.021,0.0,0.833,1.118,,-1.95,3.125,-0.086,0.001303
2022-09-02,0.002,-0.242,0.607,1.054,,-0.736,3.333,0.012,-0.001962
2022-09-09,0.014,-3.356,4.64,-1.517,,-1.8,3.333,0.069,-0.005346
2022-09-16,0.005,0.625,0.731,0.991,,-2.3,3.333,-0.142,-0.004956
2022-09-23,-0.085,1.906,-0.474,-4.145,,-3.3,3.333,-0.314,-0.005304
2022-09-30,-0.06,-0.74,1.088,2.084,,-37.32,3.03,-0.112,-0.003962
2022-10-07,-0.005,-0.219,0.123,0.703,,-3.057,2.187,0.162,-0.000897
2022-10-14,-0.028,-0.008,0.662,-0.638,,-4.8,3.03,0.121,-0.009654
2022-10-21,0.02,0.15,5.482,1.017,,-3.4,3.125,0.12,0.004395
2022-10-28,0.063,-0.26,1.382,2.264,,-5.3,3.333,-0.079,-0.005028
2022-11-04,-0.014,-7.0,2.695,3.939,,-5.25,3.333,-0.414,0.016956
2022-11-11,-0.015,0.2,-0.762,9.156,,-5.2,2.333,-0.55,0.068857
2022-11-18,0.018,-2.0,0.093,1.239,,-5.5,3.333,0.09,-0.001666
2022-11-25,0.021,-0.3,-0.149,0.551,,-6.6,3.03,-0.05,-0.039463
2022-12-02,0.036,-2.5,0.482,3.998,,-6.0,3.03,0.2,0.001337
2022-12-09,0.022,0.25,0.011,1.262,,-6.4,2.941,-0.175,-0.016809
2022-12-16,-0.022,4.25,-0.553,-0.214,,-6.65,2.857,-1.1,0.000258
2022-12-23,-0.004,-1.945,-0.381,0.042,,-5.3,3.125,-0.95,0.000837
2022-12-30,0.002,-21.0,-0.055,2.666,,-6.6,3.03,-1.875,-0.000663
2023-01-06,0.013,0.25,-0.182,3.911,,-5.5,3.03,-0.65,0.001975
2023-01-13,-0.018,-0.207,0.635,5.232,,-0.274,2.941,-0.187,-0.003745
2023-01-20,-0.013,-2.5,-0.06,0.124,,-2.8,3.226,-0.25,-0.003019
2023-01-27,-0.015,0.75,-0.003,2.002,,-2.4,3.571,-0.45,0.006035
2023-02-03,-0.045,0.0,-0.081,-2.515,,-5.2,3.571,-0.335,-0.012555
2023-02-10,0.009,-1.25,-0.144,-0.231,,-3.8,2.5,-0.32,-0.001028
2023-02-17,0.017,-0.649,0.191,-0.02,,-3.131,3.571,-0.1,-0.000745
2023-02-24,0.016,-0.05,0.762,-0.427,,-6.2,3.03,-0.275,-0.001748
2023-03-03,0.012,-0.8,-0.158,-0.331,,-5.8,3.03,-0.55,-0.001442
2023-03-10,-0.074,-0.35,0.801,-1.622,,-4.5,2.121,-0.425,-0.000627
2023-03-17,-0.12,-0.25,0.465,0.516,,-5.8,2.941,-0.15,0.001523
2023-03-24,-0.057,-2.9,0.404,0.369,,-8.0,3.333,-0.3,-0.004628
2023-03-31,-0.095,-0.25,0.655,1.199,,-6.7,3.333,-0.7,-0.003635
2023-04-07,0.025,-0.65,-0.091,-0.113,,-7.3,3.333,-0.5,0.001368
2023-04-14,-0.072,0.5,0.606,0.314,,-6.0,3.333,-0.775,-0.005024
2023-04-21,-0.068,0.0,0.569,-0.557,,-4.25,3.03,-0.4,-0.006712
2023-04-28,-0.072,-3.0,0.525,-1.701,,-4.5,3.257,-0.375,-0.006035
2023-05-05,0.017,0.75,-0.094,-0.213,,-4.7,3.03,-0.5,-0.001419
2023-05-12,0.017,-0.25,-0.093,-0.414,,-3.6,2.044,-0.65,-0.00163
2023-05-19,-0.073,0.1,0.551,0.561,,-4.85,3.03,-0.4,-0.002707
2023-05-26,-0.027,0.1,0.572,0.523,,-4.828,3.335,-0.262,-0.016266
2023-06-02,-0.247,0.2,0.413,0.941,,-7.8,2.187,-0.66,-0.009157
2023-06-09,-0.074,0.0,0.452,0.041,,-5.64,2.333,-0.44,-0.006501
2023-06-16,0.02,0.437,-0.087,-0.369,,-4.412,3.334,-0.4,1.7e-05
2023-06-23,-0.088,3.0,0.15,0.318,,-3.6,3.333,-0.375,-0.022154
2023-06-30,-0.07,0.0,1.151,3.193,,-11.5,46.086,-0.95,0.01426
2023-07-07,-0.075,0.1,0.511,-3.383,,-6.5,3.03,-0.56,-0.002975
2023-07-14,-0.064,-0.55,0.17,0.281,,-6.65,3.125,-0.47,-0.005285
2023-07-21,-0.06,-1.0,0.011,0.471,,-4.42,3.03,-0.52,0.002018
2023-07-28,-0.064,0.65,0.263,-0.93,,-8.4,2.941,-0.61,-0.007307
2023-08-04,-0.074,0.9,0.277,0.967,,-6.3,3.03,-0.565,-0.000542
2023-08-11,-0.021,0.0,0.325,1.638,,-5.2,2.121,-0.615,0.001877
2023-08-18,-0.096,-1.5,0.433,0.503,,-6.0,3.03,-0.65,-0.002172
2023-08-25,-0.061,-0.5,0.538,0.319,,-2.25,3.333,-0.575,0.005132
2023-09-01,-0.075,-0.257,0.349,0.493,,-3.543,3.334,-0.63,-0.004389
2023-09-08,-0.069,0.25,0.586,1.085,,-0.55,3.333,-0.6,-0.007793
2023-09-15,0.024,0.0,-0.205,0.379,,1.85,3.333,-0.555,-0.009861
2023-09-22,-0.074,0.15,0.587,0.143,,0.1,3.333,-0.53,-0.005878
2023-09-29,-0.034,-0.25,0.163,-0.398,,-0.702,3.03,-0.675,0.000988
2023-10-06,-0.058,-0.741,0.396,0.371,,-0.805,2.942,-0.575,-0.002032
2023-10-13,-0.075,1.36,0.478,1.42,,-2.3,3.03,-0.675,-0.005798
2023-10-20,-0.062,2.0,1.24,1.179,,-3.7,3.03,-0.525,-0.002924
2023-10-27,-0.053,-0.5,0.363,0.917,,-12.0,3.333,-0.62,-0.003117
2023-11-03,-0.072,-0.4,0.275,0.866,,-2.8,3.333,-0.615,0.008134
2023-11-10,0.018,0.45,-0.1,-0.328,,-1.0,3.125,-0.625,4.2e-05
2023-11-17,-0.064,-1.65,0.076,2.084,,-1.5,3.333,-0.53,0.01965
2023-11-24,-0.061,-1.5,0.14,0.017,,-0.4,3.333,-0.659,-0.005197
2023-12-01,-0.078,0.2,0.146,0.066,,-5.5,3.03,-0.63,-0.008755
2023-12-08,-0.093,0.05,0.117,-0.399,,-1.0,2.941,-0.53,-0.01015
2023-12-15,-0.062,1.65,2.744,2.782,,0.2,3.03,-0.55,-0.002847
2023-12-22,-0.056,-0.6,-0.315,0.084,,-4.5,3.125,-0.22,-0.008129
2023-12-29,-0.068,-4.0,1.407,0.092,,-7.0,3.125,-0.8,0.036203
2024-01-05,-0.062,-0.5,0.202,0.215,,-1.0,2.941,-0.67,-0.003847
2024-01-12,-0.074,-0.452,0.146,0.264,,-1.809,2.942,-0.569,0.001323
2024-01-19,-0.091,0.6,0.051,0.193,,2.0,3.03,-0.48,0.000768
2024-01-26,-0.057,0.0,0.184,0.133,,-7.2,3.448,-0.54,0.009519
2024-02-02,-0.071,0.8,0.278,0.318,,-4.0,3.439,-0.8,-0.004874
2024-02-09,-0.077,7.617,0.299,0.315,,-29.25,3.448,-0.91,-0.00221
2024-02-16,-0.104,0.476,0.417,1.153,,2.381,3.449,-0.566,-0.004347
2024-02-23,-0.058,0.0,0.246,0.564,,-3.7,3.333,-0.64,-0.000895
2024-03-01,-0.067,0.5,0.065,0.888,,-6.8,3.03,-0.545,-0.000997
2024-03-08,-0.049,-0.475,0.329,0.941,,-6.5,3.03,-0.65,-0.004382
2024-03-15,-0.07,0.05,0.405,0.532,,-5.2,3.03,-0.595,-0.006922
2024-03-22,-0.035,0.45,0.148,-1.817,,-0.2,3.03,-0.595,-0.022657
2024-03-29,-0.079,0.1,0.33,0.367,,3.5,3.333,-0.6,-0.000421
2024-04-05,-0.066,-0.1,0.41,0.293,,3.8,3.225,-0.925,-0.007185
2024-04-12,-0.076,3.0,0.154,-2.368,,0.5,3.333,-0.78,-0.005558
2024-04-19,-0.079,0.45,0.206,0.62,,1.8,3.333,-0.725,0.000506
2024-04-26,-0.064,0.05,0.229,0.391,,-3.8,3.03,-0.75,0.000896
2024-05-03,-0.062,-0.4,0.299,0.787,,-0.7,3.03,-0.605,0.007167
2024-05-10,-0.066,0.1,0.436,0.422,,-6.8,2.941,-0.555,-0.002494
2024-05-17,-0.061,0.225,0.21,0.633,,-6.0,3.125,-0.675,-0.005077
2024-05-24,-0.066,0.428,0.27,0.417,,-6.225,3.334,-0.588,-0.001375
2024-05-31,-0.071,0.0,0.399,0.39,,-8.0,3.03,-0.655,-0.010571
2024-06-07,-0.073,0.05,0.441,-0.393,,-5.35,3.333,-0.65,-0.001106
2024-06-14,-0.076,0.3,0.429,1.564,,-6.0,41.589,-1.15,0.000396
2024-06-21,-0.0806,1.15,0.4097,0.3801,,-6.6,3.3331,-0.59,-0.003019
2024-06-28,-0.0743,0.5,0.3124,1.3717,,-8.0,3.0301,-0.765,-0.002505
2024-07-05,-0.0741,0.0,0.4563,0.9572,,-3.0,3.1248,-0.755,-0.01092
2024-07-12,-0.0686,-0.35,0.2062,1.3613,,-1.7,3.0301,-0.8,0.007041
2024-07-19,-0.09,0.5,0.2472,0.393,,-0.4,3.0301,-0.68,-0.006241
2024-07-26,-0.0768,-1.0,0.448,-0.7269,,-10.0,3.3331,-0.665,0.003639
2024-08-02,-0.0634,-0.55,-0.1553,-0.1873,,-9.5,3.0301,-0.675,0.024027
2024-08-09,-0.0785,-0.4,-0.7332,1.3385,,-4.0,2.92,-0.6,0.041694
2024-08-16,-0.071,0.4,0.4614,0.4005,,-7.5,3.0301,-0.765,-0.002558
2024-08-23,-0.0835,0.05,0.4224,0.3387,,-7.0,3.0301,-0.865,-0.000792
2024-08-30,-0.1074,-0.7301,0.3522,0.5021,,-7.6771,3.3341,-0.8124,-0.0052
2024-09-06,-0.1065,-0.1,0.1901,-1.0122,,-8.2,3.3331,-0.705,-0.000769
2024-09-13,-0.0783,0.75,0.239,0.9761,,-7.8,3.1245,-0.75,-0.013296
2024-09-20,-0.036,1.2,0.2596,0.4164,,-8.4,3.3331,-0.64,-0.014688
2024-09-27,-0.1546,-0.425,0.3647,0.5703,,-37.0,3.0301,-0.54,0.009428
2024-10-04,-0.0745,0.55,0.4385,-1.7824,,-4.8,2.941,-0.495,-0.025059
2024-10-11,-0.0987,0.45,0.4916,0.668,,-5.5699,3.1255,-0.6123,-0.005887
2024-10-18,-0.0589,-0.2,0.6447,0.9081,,-5.45,3.0301,-0.7,0.011584
2024-10-25,-0.0694,-0.4,0.6251,-2.3597,,-6.8,3.3331,-0.63,-0.003998
2024-11-01,-0.0757,0.2,0.3551,0.6908,,-7.4,3.3331,-0.615,0.000592
2024-11-08,-0.0469,0.1422,0.3498,0.9369,,-5.0549,3.1254,-0.543,-0.001717
2024-11-15,-0.0161,0.725,0.3121,0.9438,,4.5,3.3331,-0.705,-0.000747
2024-11-22,-0.0273,0.85,0.1984,0.355,,1.8,3.3331,-0.635,-0.006083
2024-11-29,-0.031,-0.05,0.4857,0.6222,,-6.8,3.0301,-0.695,-0.006606
2024-12-06,-0.0128,-3.5,0.4638,0.458,,-8.5,3.0301,-0.525,-0.000587
2024-12-13,-0.083,0.75,0.8316,-0.2717,,5.0,2.941,-0.45,-0.002057
2024-12-20,-0.022,3.9,0.734,1.2877,,4.2,3.1247,-0.44,-0.000352
2024-12-27,-0.0073,1.8,0.9244,1.4961,,-7.0,3.1385,-0.69,0.00136
2025-01-03,-0.0416,0.35,0.8857,0.8438,,6.1,3.0301,-0.585,-0.009564
2025-01-10,-0.0396,1.05,1.0738,1.4614,,-6.4,2.941,-0.47,-0.003646
2025-01-17,-0.0584,-0.6456,0.8326,2.9122,,-2.4151,2.941,-0.7112,-0.002082
2025-01-24,-0.1544,0.6,0.7678,0.4792,,-41.2,-0.8356,-0.545,0.008555
2025-01-31,-0.0493,-0.3,0.4695,0.5816,,-1.6,-1.0004,-0.765,-0.004896
2025-02-07,-0.0578,0.0,0.7074,0.7182,,0.2,-1.9076,-0.625,0.002354
2025-02-14,-0.0622,-0.3008,0.8253,0.716,,-2.3963,-0.9087,-0.5774,0.008109
2025-02-21,-0.0758,0.25,0.602,0.6249,,-5.7,-0.955,-0.71,0.000306
2025-02-28,-0.0738,0.7,0.6528,0.8378,,-7.2,-0.8419,-0.65,-0.00276
2025-03-07,-0.0825,-2.5,0.2508,-2.4572,,-6.5,-0.8791,-0.86,0.00506
2025-03-14,-0.0603,1.0,0.1645,1.4745,,-4.5,-3.0912,-0.62,-0.002286
2025-03-21,-0.0774,0.15,0.9605,0.7398,,-6.4,-1.7417,-0.615,-0.002057
2025-03-28,-0.0868,0.3,0.326,0.7633,,-6.8,-1.6002,-0.705,-0.001831
2025-04-04,-0.0776,0.45,0.4321,-4.1334,,1.5,-1.7744,-0.7,-0.002889
2025-04-11,-0.0971,-4.25,0.9117,1.26,,-9.9,-1.1444,-0.685,0.073258
2025-04-18,-0.0908,-0.75,0.4176,0.7117,,-8.8,-1.5483,-0.7203,-0.009188
2025-04-25,-0.0816,0.1,0.2742,0.6723,,-7.3,-1.5484,-0.665,-0.004634
2025-05-02,-0.0827,-1.2,0.7774,0.121,,-6.331,-1.556,-0.81,0.038686
2025-05-09,-0.0841,0.05,0.6696,0.7251,,-5.6483,-1.556,-0.675,0.029022
2025-05-16,-0.105,1.05,0.6449,0.0768,,-6.5,-1.556,-0.76,-0.017277
2025-05-23,-0.1073,-0.963,0.7606,-2.1508,,-5.7312,-1.556,-0.7476,0.027992
2025-05-30,-0.2503,1.05,0.4302,0.6616,,-5.45,-1.556,-0.8,-0.006079
2025-06-06,-0.1085,0.05,0.4631,0.5851,,-6.4,-1.556,-0.875,-0.009431
2025-06-13,-0.0965,0.5,0.4014,0.6614,,-6.5,-1.556,-0.91,-0.006091
2025-06-20,-0.0921,1.25,0.3993,0.6302,,-5.9,-1.556,-0.95,-0.010839
2025-06-27,-0.0997,-1.0,0.2971,1.1378,,-11.1998,-1.556,-0.96,0.053407
2025-07-04,-0.0795,-1.0,0.4638,0.5317,,-5.9,-1.556,-0.9,-0.033466
2025-07-11,-0.0766,0.75,0.401,0.3058,,-5.7978,-1.556,-0.92,-0.012873
2025-07-18,-0.084,0.35,0.487,0.5955,,-6.55,-1.556,-1.1,-0.006718
2025-07-25,-0.0724,-0.2,0.7267,0.5483,,-6.0,-1.556,-0.895,-0.031259
2025-08-01,-0.0888,0.725,0.31,0.6035,,-6.4,-1.556,-0.955,0.007103
2025-08-08,-0.0792,-0.5,0.2545,0.7908,,-7.0,-1.556,-0.875,-0.015042
2025-08-15,-0.0687,0.5,0.4541,-0.1555,,-5.3,-1.556,-1.1,-0.006202
2025-08-22,-0.0942,0.35,0.337,0.2763,,-5.8,-1.556,-1.1,-0.001379
2025-08-29,-0.089,-0.1557,0.398,-0.9742,,-6.0806,-1.556,-1.213,-0.002246
2025-09-05,-0.094,0.0,0.3201,-0.5523,,-6.0,-1.556,-0.995,0.000592
2025-09-12,-0.0815,0.0,0.4187,0.3872,,-6.4,-1.556,-1.06,-0.007518
2025-09-19,-0.0732,0.375,0.7562,3.5405,,-6.55,-1.556,-0.92,-0.020557
2025-09-26,-0.0603,-0.2,0.5314,1.3372,,-6.0,-1.556,-1.015,0.001446
2025-10-03,-0.2473,0.5,0.383,0.2496,,-5.5994,-1.556,-1.26,-6.5007
2025-10-10,-0.0821,-0.05,0.4634,-0.9405,,-4.3042,-1.556,-0.8717,-4.7613
2025-10-17,-0.0758,-0.1,0.4367,-1.0988,,-5.4995,-1.556,-1.035,-8.7682
2025-10-24,-0.0841,-0.15,0.3408,0.4823,,-5.7998,-1.556,-1.05,-3.0661
2025-10-31,-0.0607,0.2,0.5076,2.508,,-5.7,-1.556,-1.125,-5.517
2025-11-07,-0.1084,0.2,1.0162,3.0552,,-9.2,-1.556,-2.2,20.2838
2025-11-14,-0.0709,0.2,0.4491,1.0818,,-4.5002,-1.556,-1.05,24.0045
2025-11-21,-0.0581,0.9,0.5263,0.1148,,-4.7,-1.556,-0.95,-0.6297
2025-11-28,-0.0558,0.05,-0.4017,0.2334,,-6.599,-1.556,-1.12,-28.9417
2025-12-05,-0.0819,1.0,1.2798,0.3354,,-5.8996,-1.556,-1.21,-1.779
2025-12-12,-0.0688,0.25,-0.5862,0.2242,,-4.7506,-1.556,-1.065,-17.5072
2025-12-19,-0.0691,-0.2,2.6983,0.9421,,-4.5003,-1.556,-0.865,-12.1926
2025-12-26,-0.0446,0.0,-5.3056,-1.4734,,-4.3,-1.556,-0.82,-4.8854
2026-01-02,-0.0587,3.2,0.669,2.2674,,-4.2989,-1.556,-1.135,-29.4136
2026-01-09,-0.0789,0.1,0.6743,1.6926,,-2.95,-1.556,-0.945,-15.7614
2026-01-16,-0.0354,-0.0456,1.0252,1.4378,,-3.9122,-1.556,-0.9052,-5.0305
2026-01-23,-0.0398,0.2,1.7689,1.6147,,-4.0009,-1.556,-0.82,0.2648
2026-01-30,-0.0424,-0.1,0.8641,2.0321,,-4.2499,-1.556,-0.895,-6.9431
2026-02-06,-0.0465,0.0,0.6635,2.3164,,-6.0,-1.556,-0.945,0.0677
2026-02-13,-0.0513,0.0582,0.9384,0.0117,,-4.6498,-1.556,-2.2593,2.2407
2026-02-20,-0.0396,-0.05,0.9265,0.4807,,-4.5003,-1.556,-0.79,5.5773
2026-02-27,-0.0445,0.0,0.7004,0.3254,,-4.9996,-1.556,-0.915,-5.2142
2026-03-06,-0.0928,3.75,0.5209,3.6402,,-4.4502,-1.556,-0.965,-10.1793
2026-03-13,-0.0461,2.75,1.2463,1.1411,,-4.9001,-1.556,-0.935,-21.3092
2026-03-20,-0.0434,4.5,1.3311,2.7029,,-4.6501,-1.556,-0.9,1.4199
2026-03-27,-0.0426,-5.0,3.599,1.8934,,-5.2003,-1.556,-0.89,-7.2009
2026-04-03,-0.069,0.0,8.5458,2.3302,,-4.7997,-1.556,-0.92,-3.9332
2026-04-10,-0.0387,1.0,5.0258,1.5427,,-4.5999,-1.556,-0.975,-12.8945
2026-04-17,-0.0346,0.75,1.2019,-2.5852,,-4.88,-1.556,-0.915,8.8293
2026-04-24,-0.0211,0.5,1.0765,2.4842,,-4.5504,-1.556,-0.87,-23.206
2026-05-01,-0.0654,5.0,1.4071,-0.1029,,-5.0501,-1.556,-0.82,2.2037
2026-05-08,-0.0464,-0.4,1.3052,0.0097,,-4.3,-1.556,-0.81,4.2395
2026-05-15,-0.0134,-0.2,1.7276,-1.6816,,-4.7,-1.556,-0.9,-18.6932
2026-05-22,-0.0023,-0.1875,2.21,1.1344,,-4.7495,-1.556,-0.7809,6.3131
2026-05-29,-0.0345,-1.0,1.1856,1.3369,,-5.3501,-1.556,-1.075,2.3573
2026-06-05,-0.0296,0.85,2.0837,2.3807,,-4.6001,-1.556,-0.88,4.3899
2026-06-12,0.0088,-3.5003,-0.2967,0.3685,,-4.5,-1.556,-0.8814,4.5275
2026-06-19,0.0096,0.204,-0.2607,-0.585,,-4.3998,-1.556,-0.8859,-4.2511
2026-06-26,-0.2083,-0.25,0.9127,3.1747,,-4.7992,-1.556,-0.745,1.491
2026-07-03,-0.0121,0.0,0.7326,1.5055,,-4.25,-1.556,-0.81,1.1205
2026-07-10,-0.0094,0.5,0.1712,1.1317,,-4.25,-1.556,-0.865,54.2614
2026-07-17,-0.0172,1.0055,-0.5983,-0.7624,,-4.4996,-1.556,-0.875,0.6275
