date,KRW,THB,INR,PHP,CNH,IDR,MYR,SGD,TWD,PLN,BRL,HUF,MXN,EUR,JPY,CAD,CLP
2013-01-04,2.52,2.143,7.3,-2.19,1.9162,3.18,1.8557,0.2922,-0.6011,4.0235,6.0502,5.0434,3.6709,-0.0882,-0.0756,0.9553,4.63
2013-01-11,2.45,1.9297,6.47,-2.9,2.3173,5.31,2.1805,0.2807,-2.7684,3.8663,5.8448,5.1289,3.7395,-0.072,-0.0845,0.9818,4.93
2013-01-18,2.68,2.0472,6.66,-0.97,2.2623,1.86,2.5012,0.2747,-1.4197,3.7623,5.9208,5.3979,3.8269,-0.0594,-0.0705,0.9864,5.01
2013-01-25,2.6,2.1371,4.05,-0.38,2.1263,2.78,2.8052,0.246,-2.3928,3.8723,5.1237,4.8677,3.7459,-0.0281,-0.0056,0.9836,5.8
2013-02-01,2.5,1.9953,6.19,0.16,3.4547,2.4,3.3064,0.265,1.303,3.8285,4.1322,5.0377,3.8824,-0.028,-0.0178,0.989,5.98
2013-02-08,2.5,2.1717,8.2,0.18,2.0245,1.36,2.8802,0.2147,1.5483,3.7176,4.6729,5.1967,3.8392,-0.0509,-0.0447,0.9888,6.14
2013-02-15,2.68,2.4418,7.53,-0.43,1.777,1.33,3.0032,0.2419,1.925,3.6651,3.7484,4.711,3.9527,-0.0403,-0.053,1.0039,6.23
2013-02-22,2.52,2.0672,7.46,0.1,1.7427,2.92,2.9098,0.2298,0.867,3.6288,3.6793,4.9854,3.8748,-0.058,-0.0416,0.9881,5.93
2013-03-01,2.59,2.0267,7.25,0.41,2.0004,1.16,2.3625,0.2161,0.5754,3.6081,4.7867,4.6951,3.8284,-0.0469,-0.0266,0.9945,5.79
2013-03-08,2.56,2.4428,9.13,1.08,2.4485,2.31,2.4236,0.2509,-0.1132,3.3378,4.6967,4.9548,3.6406,0.0514,0.0477,1.0971,5.95
2013-03-15,2.59,2.0776,8.92,-0.63,2.1811,3.39,3.2187,0.2508,0.383,3.3,4.176,4.8659,3.6044,0.0407,0.0551,1.0994,5.5
2013-03-22,2.61,1.9772,9.15,-0.53,2.4717,4.8,3.3096,0.2932,0.8794,3.2953,4.9621,4.8496,3.7457,0.0065,0.0373,1.0804,5.67
2013-03-29,2.52,2.0537,9.56,-0.49,1.9928,5.21,-0.1192,0.2227,-0.2442,3.2391,4.0054,4.6323,3.694,0.0475,0.0471,1.0706,5.6
2013-04-05,1.9,2.7378,8.99,0.39,2.0795,5.35,2.0605,0.2488,-0.3268,3.2511,5.4744,4.4503,3.6274,0.0511,0.061,1.1077,5.53
2013-04-12,2.27,2.245,7.26,-1.16,1.6683,1.64,2.4076,0.2469,-0.125,3.2341,4.5831,4.7616,3.4958,0.0483,0.0719,1.1284,5.94
2013-04-19,2.17,2.1899,4.87,0.43,1.5607,2.19,1.848,0.2602,-1.047,3.0735,5.4715,4.0877,3.2699,0.0558,0.0897,1.1082,6.37
2013-04-26,1.6,3.3,4.17,0.85,1.7405,2.43,2.1281,0.2556,-1.8665,2.96,5.1002,4.4636,3.2652,0.0429,0.0947,1.1187,5.38
2013-05-03,1.94,3.0723,4.0,-0.3,1.5322,6.36,3.2231,0.2741,0.3585,2.9482,6.2092,4.1171,3.3891,0.0616,0.0871,1.0938,5.59
2013-05-10,2.54,2.5923,6.5,2.05,2.7291,1.7,1.4598,0.2489,2.1659,2.9282,6.3076,4.3396,3.3147,0.0765,0.1179,1.0832,5.9
2013-05-17,2.09,3.5305,5.4,2.37,2.9602,9.49,3.1389,0.3381,3.2242,2.967,7.1964,4.1697,3.356,0.0582,0.1266,1.1177,6.15
2013-05-24,2.1,3.8136,7.58,3.09,2.6519,10.69,2.4575,0.3324,0.9652,2.9974,8.0812,4.373,3.5536,0.0868,0.1128,1.1538,6.0
2013-05-31,2.18,3.2909,8.98,3.85,2.6034,24.94,3.2041,0.2742,2.1688,2.9919,7.352,4.0972,3.7256,0.0915,0.136,1.1405,6.27
2013-06-07,2.36,3.4573,8.65,2.79,3.1566,29.01,1.7297,0.201,-0.3756,2.8778,7.9899,4.1244,3.9132,0.0895,0.1072,1.1727,6.59
2013-06-14,2.0,3.8586,6.95,0.1,3.6491,23.68,2.6013,0.2036,-0.5387,2.7174,7.9454,4.2848,3.641,0.1023,0.0901,1.147,6.39
2013-06-21,2.22,3.7959,8.96,8.03,6.0815,41.02,5.62,0.2288,1.7901,2.6644,7.4565,4.0773,3.6195,0.1012,0.0827,1.0551,6.84
2013-06-28,2.23,3.4829,8.14,0.21,3.6658,18.67,2.6654,0.2025,-0.8035,2.5792,8.7326,3.9422,3.4845,0.1297,0.1394,1.138,6.72
2013-07-05,1.91,3.0022,9.14,1.11,2.8635,25.08,0.2204,0.2317,1.3517,2.5572,8.4892,3.9533,3.4361,0.1313,0.104,1.1521,7.01
2013-07-12,2.19,3.6749,12.96,-0.36,2.6032,18.85,2.1935,0.2246,-0.5559,2.5273,8.5083,3.8889,3.3731,0.1218,0.0877,1.18,6.76
2013-07-19,2.11,1.9609,9.39,-0.31,2.915,27.58,2.7461,0.2311,0.1502,2.5521,8.4132,3.8959,3.3935,0.1391,0.0915,1.1781,6.23
2013-07-26,2.3,3.6723,8.41,-1.15,2.4705,20.41,2.5999,0.222,-0.3223,2.5148,8.5392,3.483,3.6375,0.149,0.0863,1.142,6.33
2013-08-02,2.39,3.6608,11.54,0.15,2.4563,13.31,3.4886,0.2239,1.544,2.5137,8.0459,3.4862,3.6856,0.1453,0.0963,1.1302,6.25
2013-08-09,2.31,3.4554,10.62,-0.37,2.4001,16.61,3.173,0.2215,-0.7152,2.4829,8.2202,3.7683,3.5047,0.148,0.0914,1.1186,6.2
2013-08-16,2.35,3.7514,14.67,1.55,2.0581,21.22,2.777,0.2445,-1.1681,2.3814,8.8238,3.5476,3.5263,0.1364,0.086,1.1387,5.8
2013-08-23,2.43,5.6279,14.85,0.11,2.1151,23.23,3.2376,0.2242,-1.5016,2.4655,8.9601,3.8437,3.6234,0.1288,0.0882,1.1676,6.41
2013-08-30,2.71,5.7513,28.41,0.6,2.3536,19.3,1.086,0.2201,-1.3636,2.4709,9.0785,3.5288,3.5558,0.1446,0.0986,1.1574,6.55
2013-09-06,2.68,3.7513,13.33,-0.77,1.9743,23.98,4.1563,0.2551,-1.7926,2.4971,9.0667,3.3929,3.3554,0.1347,0.088,1.1672,5.94
2013-09-13,2.8,2.502,16.41,-1.05,1.5986,-3.77,3.211,0.2286,-1.2765,2.4853,8.9568,3.3143,3.4409,0.1487,0.0817,1.1464,5.8
2013-09-20,2.43,1.3286,14.26,-3.73,1.2905,-30.12,0.9967,0.2092,-2.837,2.4333,8.9823,3.0565,3.2603,0.1595,0.0514,1.1368,5.89
2013-09-27,2.83,3.7287,13.59,-2.26,1.2452,-8.63,3.0318,0.2096,-1.3416,2.4319,9.6031,2.8385,3.0994,0.1598,0.0674,1.1272,5.21
2013-10-04,2.63,2.3921,10.86,-9.81,1.1585,-19.4,2.0645,0.2381,-1.5583,2.4912,9.7588,2.7386,3.2285,0.1542,0.0563,1.1613,6.06
2013-10-11,2.58,3.7283,9.0,-0.77,1.0478,-35.09,3.5232,0.2071,-3.4528,2.5017,8.8893,2.573,3.1724,0.1316,0.0488,1.1307,5.86
2013-10-18,1.7,1.2865,9.66,-3.81,1.1466,-13.19,-0.1631,0.2011,-3.0592,2.5511,9.8672,2.5928,3.1053,0.1285,0.0503,1.1089,4.73
2013-10-25,2.45,3.7529,10.57,-2.8,1.3267,-21.18,3.5379,0.1972,-2.7659,2.5183,9.931,2.7318,3.1118,0.1552,0.0669,1.1435,5.17
2013-11-01,3.11,2.5623,14.17,0.56,1.3322,-18.57,0.6508,0.2018,-1.3096,2.5138,10.1863,2.6573,3.0927,0.1603,0.0595,1.1551,5.87
2013-11-08,3.07,3.819,15.75,-0.07,1.2855,-7.31,0.7892,0.1988,-0.5837,2.5038,10.1618,2.9973,3.4336,0.1649,0.0861,1.1439,5.79
2013-11-15,2.7,3.5157,15.2,-2.47,1.3248,-14.7,1.8766,0.2146,-1.7123,2.5966,9.3276,2.6408,3.3524,0.1688,0.0818,1.1401,5.31
2013-11-22,2.57,5.2129,11.74,-2.73,1.1544,-9.23,2.0957,0.2058,-2.0209,2.5772,9.6476,2.5823,3.4112,0.1977,0.0784,1.168,4.62
2013-11-29,3.03,6.4888,10.05,-2.72,1.0886,-2.12,1.6865,0.219,-0.7514,2.4939,9.6791,2.2024,2.7996,0.2502,-0.0799,1.1459,4.04
2013-12-06,2.82,6.437,11.02,1.7,1.0159,9.41,2.3151,0.2135,-1.3464,2.5507,10.1899,2.3408,2.7217,0.3069,-0.1469,1.1547,4.9
2013-12-13,2.31,5.1142,9.3,2.28,0.9133,4.33,1.5543,0.205,-2.1376,2.544,10.4288,2.1877,2.3439,0.3453,-0.1152,1.1291,5.12
2013-12-20,2.38,6.12,10.69,0.97,1.0615,1.9,1.6975,0.2099,-1.7147,2.4409,10.3553,2.1215,2.3801,0.3031,0.0386,1.1321,4.41
2013-12-27,3.07,5.7187,8.39,0.44,0.7607,9.69,1.8418,0.2068,-2.4811,2.4607,10.7245,2.1927,2.7764,0.3459,0.0755,1.0885,4.56
2014-01-03,2.77,6.5229,10.08,2.5,1.1615,6.47,2.2625,0.2013,0.6362,2.5206,10.6025,2.2728,3.1158,0.2385,0.0847,1.1221,4.63
2014-01-10,2.61,3.1691,6.19,-1.12,1.2331,-6.73,2.0843,0.2147,-0.734,2.5849,10.9799,2.3963,2.8253,0.2641,0.0751,1.1266,4.74
2014-01-17,2.6,3.56,6.58,4.49,2.406,-13.99,1.5926,0.2307,0.2005,2.5573,10.6184,2.4042,3.0989,0.3022,0.0685,1.1033,4.87
2014-01-24,2.72,3.5556,9.92,7.34,2.1095,1.99,2.8243,0.2487,1.0409,2.627,11.2311,2.2414,3.0946,0.2651,0.048,1.1075,4.75
2014-01-31,3.35,7.5445,12.02,2.53,1.5044,6.9,0.5137,0.194,-1.0499,2.6618,9.5093,3.1517,3.197,0.2271,0.0614,1.0988,4.86
2014-02-07,2.79,3.5084,7.88,-0.25,1.2473,-9.83,2.7842,0.2011,-1.2693,2.6091,10.4708,2.4416,2.948,0.2621,0.0566,1.0802,4.41
2014-02-14,2.6,2.3556,6.76,-2.58,0.9816,-10.42,2.1779,0.1925,-1.6965,2.6037,10.9912,2.6311,2.9531,0.2499,0.0495,1.1085,4.82
2014-02-21,2.51,3.0449,6.27,-0.02,1.5328,-1.65,2.3965,0.1918,-0.1919,2.5494,10.1818,2.542,2.9933,0.2512,0.0529,1.0846,4.42
2014-02-28,2.32,2.9081,10.5,1.52,1.8015,0.59,2.9301,0.225,-0.8235,2.5536,10.7657,2.3551,2.9986,0.2575,0.0554,1.0998,4.5
2014-03-07,2.42,3.6103,6.67,0.13,1.395,1.4,2.3954,0.1971,-0.9285,2.5666,11.3576,2.3772,3.0095,0.3013,0.0568,1.0739,4.34
2014-03-14,2.24,3.6127,8.81,1.27,1.438,1.5,2.5964,0.1999,0.6259,2.568,10.0931,2.6816,3.105,0.267,0.043,1.0923,4.03
2014-03-21,2.34,2.8284,9.24,2.89,1.1132,4.5,2.6322,0.2176,1.3894,2.555,11.6643,2.3043,3.0664,0.3027,0.0329,1.0692,4.06
2014-03-28,2.14,2.6389,7.14,-0.44,1.0451,2.19,2.2429,0.2249,-1.1141,2.6191,11.4344,2.194,3.0501,0.3051,0.0419,1.0894,4.05
2014-04-04,1.97,2.8337,10.9,1.23,1.437,5.37,2.388,0.2135,-1.3744,2.6027,12.0686,2.3815,2.9962,0.3457,0.0362,1.109,4.44
2014-04-11,1.87,2.6144,10.55,1.14,1.415,6.43,2.6829,0.193,-1.5908,2.5452,12.195,2.3743,3.1697,0.3233,0.0227,1.1053,4.44
2014-04-18,1.9,2.1537,9.56,-1.92,1.4828,4.8,2.3505,0.2066,-0.3754,2.5787,11.5272,2.2542,3.1505,0.2923,0.0268,1.1098,4.75
2014-04-25,2.01,1.8334,8.96,0.83,1.5981,3.21,2.3886,0.2322,0.6312,2.5288,11.7947,2.3314,3.2431,0.3659,0.0187,1.0819,4.38
2014-05-02,2.25,2.2744,6.91,0.88,1.5442,4.66,2.2017,0.2306,-0.1645,2.5401,12.233,2.1344,3.1691,0.3179,0.0043,1.072,4.5
2014-05-09,2.21,2.9403,4.88,-3.45,1.3979,3.5,2.0753,0.2295,-1.3356,2.4918,11.7919,2.1056,3.2104,0.3639,0.0035,1.0778,4.54
2014-05-16,2.06,2.7863,7.9,0.9,1.9058,0.87,2.1259,0.2271,-0.9396,2.5702,11.3755,2.1572,3.1564,0.3198,-0.0083,1.1231,4.66
2014-05-23,2.01,2.8547,3.72,-0.62,2.5115,1.29,1.8166,0.2278,-0.1584,2.5914,11.4121,2.0368,3.1841,0.3192,-0.0111,1.1276,4.53
2014-05-30,2.14,2.6391,4.78,0.49,2.3911,2.99,1.7685,0.2383,-0.6413,2.5283,11.6016,1.8485,3.0854,0.2978,0.001,1.1111,4.16
2014-06-06,1.17,2.2185,3.44,0.11,2.3246,2.73,2.1546,0.2153,-0.9822,2.5906,12.0121,1.9194,2.7325,0.1975,0.0065,1.1315,4.38
2014-06-13,1.87,1.3159,4.23,0.25,3.0626,2.37,2.3698,0.2222,-0.981,2.515,11.6507,1.8104,2.6091,0.073,0.011,1.1103,4.13
2014-06-20,1.83,1.8175,4.8,-1.95,3.4395,3.69,1.9755,0.2353,-0.7795,2.5799,11.4071,1.7511,2.4411,0.1313,0.0108,1.1355,4.46
2014-06-27,1.83,1.6182,5.77,0.72,2.8199,8.03,1.7694,0.2332,-1.1393,2.599,11.6197,1.5959,2.681,0.1049,0.0021,1.126,4.24
2014-07-04,1.82,1.3277,3.65,0.32,3.2089,5.62,1.9655,0.2298,0.0392,2.577,11.7379,1.7235,2.7195,0.0918,-0.0105,1.1203,4.31
2014-07-11,1.83,0.9696,6.03,-0.54,3.1823,5.58,1.9108,0.2155,1.2193,2.6026,11.2304,1.618,2.7951,0.0864,0.0094,1.1284,3.88
2014-07-18,2.02,1.5172,4.33,0.88,3.2912,4.38,2.3614,0.2396,0.627,2.5997,11.3434,1.5495,2.9146,0.0951,-0.0098,1.1021,4.27
2014-07-25,2.03,0.9953,4.05,0.23,3.0022,4.09,2.3168,0.2222,-0.7442,2.5134,10.992,1.8263,2.8187,0.1152,0.0077,1.1152,4.0
2014-08-01,2.25,1.8903,7.82,4.31,3.2199,10.83,3.1716,0.2603,1.4172,2.5807,11.2141,1.6708,2.8794,0.1201,0.0174,1.0762,4.27
2014-08-08,2.11,2.1919,7.53,-0.98,3.2732,7.41,2.7445,0.2572,0.6303,2.6336,11.6254,1.6531,2.758,0.1013,0.0132,1.0886,4.17
2014-08-15,1.85,1.8237,6.23,-0.3,3.2078,5.66,2.4993,0.2453,-1.1392,2.5762,11.2707,1.5693,2.8401,0.0696,0.0023,1.0776,3.64
2014-08-22,1.94,1.7626,6.09,0.42,2.8893,5.95,2.4086,0.2747,-0.5438,2.5755,11.2951,1.4773,2.7595,0.0648,-0.0016,1.0912,4.75
2014-08-29,2.08,1.9703,7.3,1.17,2.584,6.22,2.7438,0.2661,-1.1865,2.5218,11.3114,1.2596,2.8356,0.0331,-0.0443,1.0733,1.68
2014-09-05,1.95,2.0995,6.17,0.84,2.9684,6.58,3.6488,0.2724,-0.78,2.5668,10.9003,0.6385,2.667,-0.06,-0.0818,1.1127,4.2
2014-09-12,1.94,2.3135,6.89,1.29,3.0198,7.91,3.3129,0.3631,0.1973,2.5316,11.2556,0.9589,2.8028,-0.0325,-0.1115,1.1214,3.78
2014-09-19,2.15,2.3393,5.91,2.57,4.0423,9.02,3.0821,0.2988,-0.3676,2.5496,11.0946,0.7348,2.9112,-0.0162,-0.3118,1.1128,4.46
2014-09-26,1.8,2.1485,6.23,1.1,3.0589,6.78,2.9208,0.3287,0.1003,2.2427,11.2257,0.8811,2.7028,0.029,-0.1447,1.1002,3.56
2014-10-03,2.32,2.7964,8.25,1.01,3.0235,8.19,3.3498,0.3108,-0.8882,2.246,11.4029,1.0285,2.7067,-0.0073,-0.0213,1.1271,3.64
2014-10-10,1.91,1.8293,6.18,0.79,2.9817,9.01,2.3689,0.2683,-0.3478,2.0786,10.4979,1.2137,2.7,-0.0247,-0.0163,1.1882,3.77
2014-10-17,1.74,2.0326,7.56,1.06,3.106,7.1,3.1234,0.2669,0.6412,1.9558,11.1897,1.3221,2.6418,-0.0144,-0.0415,1.2641,3.52
2014-10-24,1.64,1.9623,3.9,1.04,3.2201,5.84,2.8766,0.2715,-0.5578,1.9478,11.5908,1.3543,2.5252,0.0246,-0.0467,1.1709,3.53
2014-10-31,2.27,2.2417,5.13,2.17,3.2582,3.96,2.5911,0.4341,0.9545,1.8851,11.3417,1.1829,2.4963,0.0032,-0.0388,1.1278,3.6
2014-11-07,1.93,2.8428,6.95,2.28,3.8529,7.89,3.5479,0.6138,0.6465,2.0516,12.1991,1.4715,2.5413,-0.0236,0.0224,1.1128,3.91
2014-11-14,1.98,4.372,6.24,1.75,3.5505,6.2,3.798,0.3572,0.6519,2.2693,11.8517,1.5085,2.6501,-0.017,0.0051,1.0895,3.79
2014-11-21,2.04,3.8046,4.51,1.7,2.9777,1.24,2.5876,0.5169,0.4132,1.9732,11.0974,1.4185,2.7261,-0.0368,-0.0604,1.1089,3.67
2014-11-28,2.19,3.3502,5.56,2.04,3.546,3.88,4.5106,0.5935,0.9305,1.9386,11.2222,1.1151,2.5058,0.0504,-0.4127,1.0677,3.59
2014-12-05,2.01,3.8399,5.65,1.92,4.3276,5.11,6.6416,1.147,-0.3286,1.9323,12.215,0.6318,2.5467,0.0234,-0.5577,1.0439,3.47
2014-12-12,1.94,6.7064,7.18,1.75,4.864,10.87,3.6797,0.8736,-0.13,1.909,11.9504,0.3365,2.0633,0.0001,-0.4806,1.0894,3.64
2014-12-19,1.89,7.0628,7.72,1.51,5.5709,13.06,2.5084,1.4198,-0.1189,1.9398,10.4946,0.7015,1.9675,-0.1274,-0.1466,1.0361,3.68
2014-12-26,2.09,7.262,8.21,1.1,4.1319,10.43,3.6573,1.3711,-0.3894,1.9685,10.3128,0.8132,1.2733,-0.1376,-0.1529,1.0,3.8
2015-01-02,2.14,5.7954,7.75,-0.36,4.1249,11.83,5.9393,1.2096,-0.8159,1.9907,10.6865,1.5041,2.6038,-0.1126,-0.0337,1.0297,3.32
2015-01-09,1.75,4.2906,6.27,2.03,4.1849,5.88,4.8607,0.8314,0.1469,2.0001,12.3383,1.2083,2.4308,-0.0745,-0.0347,1.0542,3.38
2015-01-16,1.75,2.205,5.81,1.78,4.3459,5.95,3.7123,0.5227,-0.7154,1.6705,10.8211,1.458,2.5691,-0.1416,-0.1636,1.1217,3.4
2015-01-23,1.66,2.9717,5.22,-0.57,4.9003,4.4,4.0136,0.7192,-0.3233,1.8168,12.4324,1.3688,2.6932,-0.0747,-0.0941,0.8417,3.7
2015-01-30,1.73,2.8434,7.55,0.25,5.5224,7.94,4.2544,1.1708,-2.101,1.7701,11.233,1.4669,2.7138,-0.063,-0.1093,0.8025,4.23
2015-02-06,1.94,2.6947,6.87,0.93,6.3782,7.24,3.4732,0.8801,-3.8922,2.1162,11.5776,1.3488,2.6864,-0.0956,-0.1067,0.8506,3.76
2015-02-13,1.65,4.3585,6.83,2.41,4.8907,9.27,3.1931,0.8662,-0.3617,1.9498,11.9226,1.3318,2.7845,-0.1221,-0.0538,0.8178,3.76
2015-02-20,1.26,4.2692,7.36,0.59,4.6151,14.05,4.4276,1.344,1.3341,1.856,11.6332,1.2696,2.6832,-0.1854,-0.1594,0.7317,3.62
2015-02-27,1.82,2.2671,5.83,0.52,4.318,10.85,3.5494,1.2496,1.2602,1.7073,10.9834,1.3784,2.7767,-0.1415,-0.2517,0.797,3.35
2015-03-06,1.73,2.9792,7.92,0.98,4.9406,11.74,3.3495,1.5499,0.6428,1.5104,13.4222,1.283,2.878,-0.1714,-0.2099,0.8512,3.3
2015-03-13,1.67,5.9973,9.31,2.04,5.4538,11.1,3.6986,1.2889,0.5723,1.7026,12.0948,1.147,2.932,-0.1426,-0.2657,0.8083,3.16
2015-03-20,1.46,4.2128,7.27,2.57,4.7134,13.81,4.798,1.3591,0.4387,1.7575,12.1384,1.1352,2.7757,-0.1947,-0.2438,0.7851,3.19
2015-03-27,1.56,2.5208,10.8,3.15,4.6905,11.2,4.1164,1.1676,-0.772,1.7398,12.0854,0.9052,2.6975,-0.1985,-0.3171,0.7703,3.06
2015-04-03,1.5,1.9671,7.05,3.76,4.5366,8.45,0.9349,1.1331,-1.4123,1.5778,12.3927,1.1522,2.6632,-0.1802,-0.1495,0.7723,2.85
2015-04-10,1.53,2.8136,6.66,6.73,4.2436,10.42,3.5705,1.1479,0.4754,1.4574,13.1697,1.0024,2.7462,-0.1644,-0.104,0.7944,3.17
2015-04-17,1.35,3.0994,5.92,3.4,4.6206,8.1,3.1036,0.7315,-2.8576,1.5351,13.5386,1.1155,2.83,-0.2023,-0.0948,0.7967,3.22
2015-04-24,1.32,2.4318,8.96,2.38,3.5816,10.48,1.7073,0.8901,-0.2306,1.4852,13.4828,1.0525,2.9123,-0.1796,-0.051,0.7985,3.3
2015-05-01,0.68,3.201,10.71,2.42,3.4393,11.1,1.8242,1.0357,-3.8901,1.4643,13.6804,1.1341,2.7999,-0.1584,-0.0693,0.7887,3.38
2015-05-08,1.42,5.3728,8.72,2.01,2.8522,11.21,3.4745,0.9927,0.7441,1.4784,14.5364,1.2469,2.9875,-0.1811,-0.0403,0.7973,3.43
2015-05-15,1.42,4.2368,8.29,2.56,2.8046,9.83,2.996,0.6813,-1.3774,1.2944,14.6865,1.3403,2.819,-0.1723,-0.0548,0.8092,3.48
2015-05-22,1.39,2.7506,6.19,1.74,2.6871,7.28,3.144,0.7728,-1.0846,1.3591,13.8769,1.1546,2.9862,-0.1953,-0.0311,0.8803,3.5
2015-05-29,1.53,2.364,7.18,2.07,2.7997,7.05,2.9373,1.091,-1.1201,1.4755,14.5498,0.9643,2.9964,-0.1794,-0.2258,0.876,3.59
2015-06-05,1.48,2.9765,7.54,4.2,2.252,10.9,3.779,1.2037,-0.5235,1.356,14.6965,0.9433,2.9362,-0.167,-0.3084,0.8577,3.28
2015-06-12,1.35,2.8223,7.9,6.69,2.6804,8.64,4.1795,0.913,-0.7111,1.2651,14.5681,0.5879,2.9406,-0.1932,-0.3064,0.8879,3.48
2015-06-19,1.11,2.7027,5.59,2.42,3.1916,5.68,2.3592,0.9237,-2.2845,1.4963,14.3436,0.5194,2.7384,-0.1733,-0.3336,0.8453,3.34
2015-06-26,1.14,2.597,5.1,1.63,3.3701,5.92,2.2751,0.918,-0.8568,1.4342,14.4488,0.4456,2.7609,-0.1925,-0.2853,0.8169,3.27
2015-07-03,1.26,2.4852,5.58,2.06,3.6775,5.99,3.4043,0.908,-0.4937,1.4169,14.3337,1.1038,2.9157,-0.1969,-0.1581,0.7813,3.36
2015-07-10,1.39,2.9796,5.18,3.08,2.6776,8.33,2.8527,0.769,-2.9714,1.3905,14.6809,1.2612,2.8913,-0.1668,-0.1296,0.7641,3.5
2015-07-17,1.41,3.6513,4.0,3.99,2.8158,7.82,3.2336,1.0707,0.8451,1.367,14.4351,0.965,2.9601,-0.1833,-0.0706,0.6391,3.42
2015-07-24,1.48,4.3626,6.12,3.35,2.9309,12.78,8.421,0.9199,0.2974,1.4224,14.727,0.9283,3.0485,-0.1632,-0.063,0.5494,3.83
2015-07-31,1.56,4.056,7.39,3.26,3.1544,10.49,10.5967,1.4714,1.2236,1.4208,14.5316,0.8692,2.9433,-0.1392,-0.0229,0.5566,3.61
2015-08-07,1.57,4.5058,5.42,3.08,3.0883,9.46,9.6617,1.4139,1.4322,1.4729,14.2642,0.7314,2.9167,-0.1353,-0.0335,0.4908,3.6
2015-08-14,1.93,7.1924,6.7,7.15,4.4404,18.74,9.2584,1.6568,2.0323,1.5022,14.9377,0.5835,2.9481,-0.1434,-0.0251,0.5675,3.74
2015-08-21,1.76,10.1627,7.98,6.05,5.524,18.53,3.278,1.6325,3.5614,1.4989,15.0142,0.3078,3.064,-0.16,0.0102,0.5002,3.78
2015-08-28,1.46,6.2188,7.91,5.17,4.7719,14.62,-5.6758,1.9658,-1.2895,1.4662,14.5412,0.435,3.0461,-0.1968,-0.3239,0.4214,3.52
2015-09-04,1.73,4.7483,8.67,4.42,4.8793,16.51,2.6795,2.141,1.4711,1.457,14.8418,0.5022,3.0638,-0.2104,-0.3898,0.4419,3.8
2015-09-11,1.75,4.2313,7.75,3.56,4.8319,16.03,-3.3883,2.198,0.5076,1.4865,14.8194,0.5323,3.1881,-0.2496,-0.4593,0.4752,3.82
2015-09-18,1.57,2.7854,6.95,2.79,4.0779,10.25,-0.8197,1.7587,0.584,1.4835,14.4594,0.4717,2.9683,-0.2732,-0.9832,0.4029,3.43
2015-09-25,1.71,4.273,8.29,2.9,5.2879,20.94,2.4673,1.9091,6.3852,1.4643,14.9081,0.4958,3.2322,-0.2291,-0.5022,0.5931,3.43
2015-10-02,1.7,4.0819,6.71,2.38,5.0782,16.52,1.0165,1.7502,3.1887,1.417,15.311,0.8053,2.9694,-0.1803,-0.1409,0.5467,3.51
2015-10-09,1.55,1.2739,5.53,1.59,4.0775,16.42,-2.7382,0.9508,-0.878,1.5609,14.6798,0.973,3.0716,-0.1743,-0.0574,0.5537,3.25
2015-10-16,1.18,1.9064,5.62,1.55,3.0547,15.8,-2.5275,0.8967,-1.5029,1.436,16.1035,1.1233,2.879,-0.1843,-0.0748,0.6224,3.35
2015-10-23,1.35,1.7409,3.54,2.09,2.5928,13.41,-0.5279,1.4337,0.309,1.3956,14.6314,1.1216,2.9587,-0.1868,-0.0688,0.5843,3.62
2015-10-30,1.69,3.0296,7.0,3.11,4.3215,12.2,2.9616,1.5759,0.1499,1.5437,13.7582,1.3111,3.043,-0.1119,0.0215,0.567,3.51
2015-11-06,1.63,2.4981,7.06,2.63,3.7215,8.39,1.3561,1.4771,0.7191,1.5462,12.68,1.4887,3.12,-0.1212,0.0343,0.5788,4.15
2015-11-13,1.66,2.9982,6.93,3.47,4.3078,11.6,2.0223,1.5694,1.7027,1.5906,12.68,1.3029,3.1184,-0.1105,0.0449,0.6333,3.99
2015-11-20,1.74,1.579,5.39,2.84,4.3078,7.57,-1.0723,1.4632,-1.4996,1.4801,12.45,1.288,3.1919,-0.2412,-0.0701,0.5823,4.28
2015-11-27,1.63,1.2072,6.09,2.7,4.6475,6.8,-0.9429,1.5629,1.2419,1.2412,12.08,0.6395,2.7887,-0.7731,-0.8746,0.5027,4.23
2015-12-04,1.64,1.3951,7.47,4.14,4.3367,8.31,-1.1227,1.6066,0.9904,1.2536,14.9608,-0.035,2.5953,-0.5495,-0.7981,0.5156,4.39
2015-12-11,1.61,3.0536,7.0,5.59,5.9342,14.29,1.2318,1.7758,2.1156,1.3582,14.3427,0.8173,2.2653,-0.7093,-0.9812,0.5075,4.44
2015-12-18,1.34,3.2002,5.2,8.73,6.2671,10.57,0.4343,1.7368,2.7924,1.371,13.77,0.6251,2.6024,-0.6355,-0.6779,0.5321,4.63
2015-12-25,1.53,3.3852,5.09,8.16,6.9091,10.78,-1.3508,1.9113,2.4027,1.2601,14.125,0.602,2.4012,-0.5389,-0.3629,0.454,3.87
2016-01-01,0.94,2.9095,5.37,4.83,5.8282,8.78,4.009,1.8849,4.8184,1.6423,13.4642,1.4318,3.1629,-0.2753,-0.125,0.5712,5.12
2016-01-08,1.8,4.1265,6.15,5.56,7.9427,10.62,4.7422,2.0534,5.8319,1.607,13.6181,1.221,3.4426,-0.2455,-0.0429,0.6377,5.24
2016-01-15,1.68,4.4007,7.98,9.59,9.194,11.39,2.6058,1.7948,7.451,1.5946,13.3741,1.3715,3.3981,-0.2618,-0.0064,0.5028,5.39
2016-01-22,1.72,1.9308,6.21,4.51,5.7218,6.88,-0.1622,1.5113,-1.4818,1.5882,13.5096,1.3128,4.3134,-0.2319,0.027,0.6329,3.81
2016-01-29,1.73,1.4129,6.48,7.01,6.2624,4.78,0.2004,1.3259,0.035,1.393,13.1354,1.271,3.7686,-0.2334,-0.0275,0.6269,7.01
2016-02-05,1.62,1.2245,6.65,4.72,8.0875,6.18,0.7107,1.5272,-5.2545,1.529,13.3759,1.3362,3.1768,-0.2315,-0.2892,0.6468,6.66
2016-02-12,1.68,1.3363,7.99,2.5,6.3424,7.29,1.1834,1.1223,-5.286,1.7384,13.5612,1.3395,3.48,-0.2576,-0.2047,0.6597,1.8
2016-02-19,1.89,1.8169,7.86,4.84,6.3274,7.91,1.365,1.3641,2.5959,1.155,13.6839,1.3563,3.7196,-0.2943,-0.2511,0.6407,3.65
2016-02-26,1.66,1.0562,9.51,3.26,4.4507,4.9,-0.3256,1.322,3.2402,1.6318,12.1599,1.0012,3.5665,-0.3888,-0.6037,0.6625,2.28
2016-03-04,1.73,1.1195,6.59,2.1,3.1438,4.94,-1.8568,1.3006,-1.3786,1.2381,11.5601,1.1266,3.5938,-0.487,-0.6385,0.618,7.09
2016-03-11,1.91,0.5659,7.52,2.18,2.7843,5.69,0.9482,1.1561,-2.8595,1.2782,12.1409,1.1286,3.5224,-0.4425,-0.606,0.6147,3.83
2016-03-18,1.78,0.8022,6.74,1.75,1.5316,3.26,1.3283,1.0038,-1.406,1.1436,10.497,1.2981,3.7541,-0.4396,-0.6266,0.5951,3.83
2016-03-25,1.53,1.428,9.04,8.34,1.9622,4.32,-0.9854,1.0235,-0.8056,1.0529,10.13,1.1396,3.8431,-0.4405,-0.6128,0.5891,3.76
2016-04-01,1.68,0.6375,4.93,2.07,2.3913,2.02,0.758,0.9988,-0.4595,1.1681,12.2269,1.4134,3.9496,-0.4364,-0.4686,0.5844,3.77
2016-04-08,1.66,1.3518,6.77,1.94,2.539,3.6,0.9389,0.9768,-0.6744,1.2112,13.4768,1.0897,4.1169,-0.3947,-0.405,0.6167,3.96
2016-04-15,1.78,1.5082,6.22,1.74,2.2991,5.28,1.9462,1.0879,0.8296,1.3536,13.9952,1.275,4.1618,-0.398,-0.2724,0.608,3.79
2016-04-22,1.31,0.9914,6.96,3.15,2.3057,3.5,0.866,1.4567,0.8324,1.3397,12.5928,1.178,4.4231,-0.4025,-0.2614,0.6672,4.0
2016-04-29,1.16,1.5951,7.74,4.59,2.0245,5.56,3.0797,1.5106,1.1744,1.4242,13.8061,1.1043,4.2098,-0.3933,-0.2178,0.6498,4.0
2016-05-06,0.84,0.9311,7.06,4.52,1.9706,6.07,1.9806,1.4387,1.4669,1.4464,13.5891,0.998,4.3182,-0.4289,-0.1864,0.6694,3.07
2016-05-13,1.46,1.8847,6.69,3.01,2.6216,6.5,2.5363,1.268,1.9005,1.5219,13.623,0.9792,4.2359,-0.4117,-0.2552,0.6628,3.04
2016-05-20,1.56,1.8504,8.52,2.27,2.3515,11.22,3.1296,1.6842,1.0302,1.5662,12.8704,1.1468,4.7794,-0.3761,-0.1409,0.7011,4.83
2016-05-27,1.44,1.8312,6.03,2.21,2.4071,4.88,1.6655,1.413,0.9814,1.53,12.6545,1.1926,4.6452,-0.4535,-0.2584,0.7278,5.66
2016-06-03,1.45,1.6065,6.77,2.26,1.7827,4.65,1.5301,1.1335,0.6912,1.6819,12.4468,1.0419,4.492,-0.6193,-0.7468,0.711,4.63
2016-06-10,1.39,1.0528,6.12,2.73,1.7097,5.11,1.6672,1.1362,-0.5977,1.5323,11.9327,0.763,4.3222,-0.6794,-0.9902,0.6694,4.85
2016-06-17,1.22,1.0844,6.93,2.27,2.1092,6.0,1.355,0.9467,-0.6631,1.5799,11.2275,0.6923,4.4732,-0.8299,-1.0492,0.6317,4.41
2016-06-24,1.47,1.4947,8.98,2.8,1.7991,9.59,4.2911,0.9624,0.2554,1.2405,12.0402,0.5597,3.6265,-1.112,-1.2386,0.4986,3.69
2016-07-01,1.17,0.704,7.5,2.46,1.9581,4.17,0.9787,0.9356,-1.569,1.6413,13.0336,0.7957,4.3495,-0.6372,-0.4493,0.5296,5.34
2016-07-08,1.23,0.8286,6.23,3.08,2.1491,4.66,1.2108,0.8506,-0.0536,1.6482,13.2652,0.7228,4.1455,-0.6956,-0.645,0.6975,4.99
2016-07-15,1.27,0.8439,5.78,1.88,2.1586,3.69,0.4101,0.7956,-3.1867,1.657,13.6457,0.4434,4.2371,-0.7241,-0.7558,0.6558,4.6
2016-07-22,1.09,1.051,6.17,1.89,2.6333,5.35,1.6442,1.1219,-1.2564,1.6178,13.4502,0.6798,4.1985,-0.7099,-0.6091,0.6198,4.73
2016-07-29,1.07,1.0582,6.21,2.85,1.9857,6.38,2.0716,1.0746,-0.9086,1.7571,13.9626,0.6646,4.5239,-0.6187,-0.454,0.5076,3.78
2016-08-05,1.15,1.056,5.54,2.77,1.9424,5.04,0.6214,0.8429,-5.2238,1.6681,13.3111,0.3973,4.1121,-0.6199,-0.5088,0.5824,2.73
2016-08-12,1.1,1.1001,5.85,2.3,1.853,3.52,1.5897,0.8291,-2.8795,1.6439,14.11,0.1895,4.0052,-0.5301,-0.4712,0.7072,3.53
2016-08-19,0.92,0.913,6.06,1.65,2.0388,4.85,1.6928,0.7839,0.0836,1.6404,13.9129,0.2543,4.1406,-0.4832,-0.3687,0.7407,3.77
2016-08-26,1.03,1.1003,6.29,1.08,2.1872,5.66,1.4937,0.9207,-1.2015,1.6276,13.8358,0.6222,4.1419,-0.5541,-0.3425,0.7452,2.66
2016-09-02,1.12,1.3212,6.12,2.56,2.3023,5.97,4.0447,0.9025,-2.6136,1.6471,12.8966,0.6506,3.9751,-0.7291,-0.9437,0.693,4.84
2016-09-09,1.19,1.7368,5.64,3.75,5.1195,4.95,2.2264,0.7514,1.2495,1.6195,12.1439,0.6335,3.5729,-0.6735,-0.9841,0.6733,6.02
2016-09-16,1.28,1.478,6.54,6.33,8.3459,5.64,2.7901,0.8907,-0.0939,1.6603,13.5398,0.8129,4.0898,-0.8072,-1.1442,0.6187,7.63
2016-09-23,1.32,1.0838,5.73,3.07,5.2123,4.06,2.2933,0.5837,-2.3581,1.4599,12.2831,1.1001,4.5806,-0.8003,-0.9501,0.7012,3.06
2016-09-30,1.01,1.2057,6.53,3.53,3.4629,4.24,1.8665,0.5712,-1.2208,1.7086,12.6415,0.8624,4.979,-0.8016,-0.6298,0.5683,4.42
2016-10-07,1.13,1.4022,5.62,3.15,3.9427,6.1,1.8369,0.6749,0.4301,1.7105,13.098,0.7693,4.9696,-0.5067,-0.439,0.7131,3.3
2016-10-14,1.2,1.9777,5.91,8.2,3.9945,6.48,2.6926,0.66,1.3397,1.7165,12.202,0.7828,4.6832,-0.6165,-0.3409,0.7041,4.76
2016-10-21,1.29,1.8232,5.82,2.49,4.0564,8.1,2.0524,0.6653,1.8234,1.72,13.5552,0.6756,4.9039,-0.5475,-0.2602,0.6292,4.4
2016-10-28,1.02,1.5575,5.97,2.27,3.9828,6.22,3.2752,0.6352,1.8596,1.7609,13.8702,0.8403,4.9693,-0.5384,-0.2671,0.5973,5.3
2016-11-04,1.2,1.5034,5.59,2.23,3.2844,8.81,2.4265,0.6199,0.5069,1.8093,13.7875,0.685,4.9134,-0.4586,-0.2839,0.7109,2.99
2016-11-11,1.41,2.7227,4.78,7.32,5.7455,7.98,19.432,0.9176,3.7831,1.7244,12.315,0.5369,6.1612,-0.3096,-0.2143,0.7036,1.4
2016-11-18,1.24,1.6136,5.99,6.84,4.2217,17.16,9.9515,0.9645,3.397,1.6614,12.175,0.4831,5.6827,-0.3874,-0.1831,0.6974,3.6
2016-11-25,1.13,1.5904,4.5,6.31,3.9707,10.22,9.7944,1.0349,0.7588,1.6277,11.915,0.3821,5.7468,-0.4568,-0.3915,0.6384,0.14
2016-12-02,1.11,0.9588,5.02,5.51,6.7794,6.13,5.6862,0.8548,1.2913,1.4254,11.76,-0.1227,5.1556,-1.2599,-1.439,0.5608,2.41
2016-12-09,1.09,1.0141,4.44,4.79,6.8228,4.39,-5.9866,0.794,-0.142,1.4164,12.0012,-0.409,4.9581,-1.2439,-1.291,0.4182,3.56
2016-12-16,0.92,1.2978,4.66,9.05,9.0964,8.09,5.5215,1.1326,1.1946,1.4309,11.6718,-0.1695,5.3295,-1.3629,-1.1037,0.352,3.9
2016-12-23,0.85,2.0749,4.89,6.85,12.2888,4.67,6.2663,1.2573,4.2849,1.5936,11.615,-0.2388,5.5246,-1.4423,-1.0,0.3185,3.45
2016-12-30,1.07,1.489,4.58,5.58,13.443,4.01,2.0793,1.1831,0.908,1.72,13.0361,0.0097,5.9014,-0.937,-0.962,0.5439,3.2
2017-01-06,1.22,1.6828,4.63,4.28,13.8197,4.88,-0.7381,0.9005,-0.1927,1.7507,12.9402,0.094,6.4096,-0.564,-0.3574,0.6621,2.11
2017-01-13,1.3,1.5356,5.78,5.09,8.0385,3.64,-0.7158,0.8614,-1.0166,1.6492,11.925,0.0355,6.0661,-0.3854,-0.1696,0.7027,5.21
2017-01-20,1.02,1.4725,5.7,5.45,7.4162,3.53,4.0295,0.8182,-0.8307,1.5772,11.625,0.0371,6.1341,-0.4256,-0.0689,0.702,2.12
2017-01-27,0.7,1.9769,6.39,3.07,7.5947,4.36,0.2122,0.8929,-0.8094,1.6778,11.475,0.0532,6.2129,-0.3812,-0.0245,0.6658,1.43
2017-02-03,1.11,1.1331,4.32,3.3,6.235,4.03,3.9157,0.7466,-0.6344,1.7089,11.4314,0.2048,6.192,-0.311,0.0178,0.781,6.62
2017-02-10,0.74,1.2357,5.22,3.67,4.5749,2.97,3.6844,0.912,-1.1553,1.7511,11.5297,0.1466,6.5113,-0.25,0.0402,0.7794,1.74
2017-02-17,0.37,1.5319,5.8,4.49,6.2165,5.1,5.1196,0.8431,-0.6263,1.7973,10.965,0.0878,6.6319,-0.2721,0.0308,0.8527,0.89
2017-02-24,0.64,1.3719,4.62,4.77,4.1899,3.3,6.1078,0.8418,-1.3147,1.7407,10.57,0.078,6.3254,-0.3136,-0.0085,0.8589,2.51
2017-03-03,0.96,1.5357,5.36,6.7,4.6399,5.54,2.8805,0.8972,1.1159,1.6466,12.0107,-0.1085,6.52,-0.6178,-0.5681,0.7472,1.81
2017-03-10,1.34,1.744,5.4,4.74,5.4132,4.21,10.5221,0.9189,0.377,1.6217,11.0761,-0.2875,6.5378,-0.5698,-0.5905,0.6118,2.32
2017-03-17,1.14,1.9617,4.6,3.15,4.1554,3.33,9.5662,0.8153,-0.95,1.6022,10.6301,-0.2055,6.6871,-0.766,-0.7002,0.5715,2.24
2017-03-24,0.64,1.2941,4.56,3.7,4.1187,3.41,5.6884,0.8817,-1.3471,1.432,11.5028,-0.3363,6.6393,-0.7082,-0.4264,0.6069,2.44
2017-03-31,0.78,1.2176,4.63,3.41,4.0986,3.49,4.4032,0.8616,-0.7356,1.5399,10.2747,-0.0021,6.7326,-0.4681,-0.1371,0.63,2.43
2017-04-07,0.88,1.6385,5.59,3.25,4.0483,4.6,3.5825,0.8628,0.078,1.613,11.629,-0.0128,6.9943,-0.4898,-0.1761,0.6976,3.24
2017-04-14,0.85,1.4748,5.58,2.18,3.2306,3.74,-1.8756,0.8903,-0.8324,1.5377,10.4,-0.0043,6.9364,-0.5588,-0.2247,0.6905,4.71
2017-04-21,0.85,1.2597,6.02,2.73,3.6831,4.77,0.5183,0.8225,-0.4345,1.531,10.7604,0.0952,7.3684,-0.5676,-0.2378,0.6574,1.09
2017-04-28,0.74,1.6836,5.97,3.8,4.8443,4.89,-1.6421,0.811,-0.9974,1.6262,10.9453,0.0726,7.2193,-0.5493,-0.1939,0.6834,1.84
2017-05-05,1.03,1.9263,5.2,5.1,4.8515,5.04,2.788,0.8139,-0.3666,1.6112,11.2233,0.1024,7.0629,-0.4515,-0.0945,0.7426,3.39
2017-05-12,1.09,1.9599,5.44,2.42,3.748,4.78,1.4888,0.8223,-0.3678,1.6076,10.3333,0.1325,7.0936,-0.4718,-0.1136,0.7052,3.0
2017-05-19,0.76,1.9312,5.6,2.84,3.8557,5.09,3.9271,0.8346,-1.922,1.6109,11.2801,0.1087,7.3008,-0.4867,-0.1219,0.6569,0.66
2017-05-26,0.72,1.1307,5.28,2.71,6.0284,3.34,0.1467,0.8228,-0.2996,1.6188,11.2106,-0.014,7.429,-0.5477,-0.1417,0.6803,3.24
2017-06-02,0.78,1.4439,5.22,2.69,5.6524,3.57,3.476,0.7971,1.8865,1.5172,10.614,-0.1126,7.2699,-0.6963,-0.3707,0.5451,3.48
2017-06-09,0.7,1.4704,5.92,2.76,4.2446,5.3,-0.1032,0.8278,1.5554,1.4192,10.3078,-0.2079,6.8858,-0.762,-0.5032,0.4666,1.93
2017-06-16,0.73,1.3616,5.67,3.59,4.7104,4.82,3.7181,0.6795,2.0121,1.3385,9.9737,-0.2465,6.8699,-0.7589,-0.5156,0.5151,2.01
2017-06-23,0.61,1.2469,5.2,3.03,2.6976,5.53,8.2063,0.6618,0.1062,1.2452,9.5343,-0.4891,6.8952,-0.7642,-0.457,0.5136,1.32
2017-06-30,0.89,1.348,5.28,5.45,4.0024,3.86,5.3793,0.7674,2.0962,1.4912,9.4941,-0.1569,7.0663,-0.5388,-0.2064,0.6404,1.13
2017-07-07,1.09,1.2275,5.52,5.65,4.1232,7.22,3.437,1.1727,2.1696,1.421,9.8912,-0.1822,6.9247,-0.5463,-0.2317,0.7172,1.52
2017-07-14,0.94,1.3133,5.17,6.99,3.3636,4.67,3.3011,0.745,1.3202,1.4087,9.0771,-0.2017,6.9467,-0.5553,-0.241,0.761,1.46
2017-07-21,1.15,1.243,4.51,5.88,3.4294,4.1,1.1209,0.866,0.0525,1.3893,9.0385,-0.164,7.0793,-0.5525,-0.2107,0.7974,2.35
2017-07-28,1.09,-0.7924,5.45,3.41,2.9487,4.57,2.7903,0.8833,-1.0703,1.3826,8.7457,-0.249,7.0675,-0.5515,-0.2104,0.7778,-0.01
2017-08-04,1.17,0.6205,4.67,3.18,3.1057,4.85,2.6205,0.874,-0.3327,1.381,8.1779,-0.1273,7.1311,-0.5002,-0.2063,0.7241,2.64
2017-08-11,1.14,1.0349,5.36,5.36,2.3544,6.67,3.3264,0.8051,-0.1445,1.3746,8.9541,-0.119,7.1353,-0.5398,-0.2463,0.8727,0.74
2017-08-18,1.31,1.0655,5.13,5.36,2.3223,4.97,2.6111,0.9852,-0.5137,1.3478,8.6076,-0.1288,7.247,-0.5401,-0.2535,0.8691,1.72
2017-08-25,1.12,1.5474,4.26,6.17,2.7865,4.46,-0.2153,1.1608,-1.0064,1.3446,7.8517,-0.1639,7.2044,-0.5322,-0.2294,0.8606,0.32
2017-09-01,1.05,1.2593,3.97,6.05,2.5878,4.72,-1.1146,0.9761,-1.7077,1.1546,7.2971,-0.4801,7.1207,-0.6059,-0.3901,1.0026,4.25
2017-09-08,1.03,-0.3007,4.24,4.83,2.9727,4.37,-1.1756,0.9183,-3.5452,1.1354,6.3231,-0.38,6.971,-0.5975,-0.3593,1.1193,1.51
2017-09-15,1.06,0.5638,4.92,4.48,3.1569,3.39,-1.4764,0.8677,-2.1043,1.0984,7.5856,-0.4528,7.0579,-0.5815,-0.3442,1.0872,1.03
2017-09-22,1.09,0.9899,6.81,3.3,3.1536,3.81,-0.7418,0.9987,-2.0854,1.1697,6.709,-0.4326,7.2765,-0.6997,-0.413,1.0255,4.52
2017-09-29,1.17,1.6163,6.94,3.09,3.5129,4.29,1.8432,0.9533,-0.015,1.3993,6.8556,-0.1775,7.2393,-0.5804,-0.2788,1.1045,3.64
2017-10-06,1.1,1.7199,6.5,4.33,3.1839,3.88,0.889,1.0003,0.1645,1.4436,7.1877,-0.1039,7.758,-0.5138,-0.2094,1.0855,3.29
2017-10-13,1.21,0.5236,5.43,6.72,3.3875,4.51,2.0536,0.9515,-0.4677,1.4034,6.8043,-0.2318,7.5656,-0.5139,-0.1798,1.1382,-1.26
2017-10-20,1.26,1.4238,5.42,4.45,3.47,4.29,0.5965,1.111,0.213,1.4231,7.3119,-0.1423,7.8467,-0.5108,-0.1537,1.114,1.71
2017-10-27,1.25,1.5808,5.69,7.14,3.5466,6.41,1.9038,1.1612,-0.5342,1.406,7.1323,-0.0709,7.7047,-0.495,-0.1434,1.1042,0.22
2017-11-03,1.37,1.0056,5.64,4.59,3.7079,4.32,-0.6384,1.0953,-0.1032,1.5262,6.748,0.0892,7.7594,-0.4491,-0.0705,1.1392,1.28
2017-11-10,1.45,0.5573,7.12,4.38,3.5753,4.87,0.2791,1.1174,-0.0832,1.5149,6.219,0.0055,7.7344,-0.3958,0.0133,1.0892,1.62
2017-11-17,1.4,-1.8824,6.16,3.61,3.3404,4.82,0.5773,1.099,-2.732,1.5402,5.9983,0.0309,7.7527,-0.4276,-0.0139,1.1128,-0.37
2017-11-24,1.29,0.1804,5.21,3.04,3.9002,3.6,0.5826,0.9973,-3.514,1.5552,6.0675,-0.0038,8.0509,-0.4813,-0.0624,1.1087,0.58
2017-12-01,1.38,0.4807,5.82,2.97,3.7313,4.95,0.5599,1.2466,-1.1582,0.8853,5.8796,-1.3872,8.0578,-1.1534,-0.7935,0.9448,2.39
2017-12-08,0.87,-0.1163,5.26,3.48,3.3905,4.51,0.6677,1.1904,-1.1822,-0.2173,6.3277,-1.3532,7.5864,-1.6804,-1.2933,0.6979,0.06
2017-12-15,1.08,-0.2705,5.4,3.21,3.7257,4.59,1.816,1.1089,-1.7081,-0.8203,6.1231,-2.3045,6.9269,-2.8748,-1.8955,0.0808,1.04
2017-12-22,0.3,-0.2733,4.52,2.71,3.8623,4.03,-0.0938,1.3362,-2.5489,0.5496,5.2995,-1.5497,7.3533,-2.1528,-1.8392,0.2893,-0.75
2017-12-29,1.18,-0.3023,4.78,1.32,3.4025,3.25,1.4651,1.177,-4.9308,1.6835,5.9692,-0.0812,8.2346,-0.3845,-0.0606,1.1491,1.43
2018-01-05,0.9,-0.6566,5.05,2.1,3.407,2.5,2.9547,1.1319,-1.433,1.627,6.5782,-0.2489,7.9245,-0.3781,-0.0591,1.2631,3.35
2018-01-12,0.81,0.2425,5.27,1.89,3.5263,2.91,2.2541,1.1015,-0.314,1.6136,6.4228,-0.2807,8.0417,-0.3834,-0.1005,1.3832,3.43
2018-01-19,1.05,0.9334,5.32,3.38,3.8681,1.97,1.8349,1.0964,-1.445,1.5849,7.2442,-0.27,7.8874,-0.4094,-0.0923,1.4101,4.48
2018-01-26,1.11,0.3813,5.67,2.72,4.6131,2.32,3.3046,0.8754,-2.0254,1.4987,6.3613,-0.3589,7.6505,-0.4157,-0.0996,1.4581,3.93
2018-02-02,1.18,1.2296,6.83,4.48,3.938,1.29,4.6759,1.2413,-0.7575,1.5273,6.4469,-0.3361,7.5146,-0.4909,-0.1859,1.43,6.55
2018-02-09,1.33,1.2264,6.94,4.39,4.3707,5.14,6.5068,1.2375,-1.7207,1.5177,6.5483,-0.1161,7.8686,-0.4865,-0.2165,1.4288,4.93
2018-02-16,0.93,0.5625,6.82,5.07,4.1305,3.22,3.2885,1.2858,-5.1646,1.5184,6.2744,0.0727,7.8797,-0.3859,-0.0553,1.4477,1.88
2018-02-23,1.27,0.7329,7.61,6.23,3.9375,5.99,5.2677,1.4855,-1.321,1.5625,5.9154,0.0312,7.7468,-0.3627,-0.0626,1.4905,0.78
2018-03-02,1.62,1.6478,8.54,5.62,3.8241,5.94,3.675,1.557,-1.0365,1.0394,6.492,-0.4457,7.8773,-0.953,-0.7586,1.3156,1.95
2018-03-09,1.51,0.1961,7.96,6.7,4.2915,6.85,3.2369,1.5762,-0.7444,0.9892,6.3083,-0.4063,7.8244,-0.948,-0.7353,1.1606,1.4
2018-03-16,1.21,0.4792,7.89,4.84,4.2026,4.9,3.4245,1.4545,-3.5241,0.9264,6.0359,-0.6996,7.7818,-0.8758,-0.7135,1.2576,1.68
2018-03-23,-0.54,0.0949,8.2,7.14,3.9092,4.31,1.1127,1.608,-2.4342,1.4395,5.7827,-0.1709,7.6996,-0.5476,-0.3125,1.4394,2.87
2018-03-30,1.04,0.451,6.44,6.97,4.048,4.19,2.7024,1.5292,-2.469,1.7683,5.4436,0.1495,7.8917,-0.253,0.0205,1.6559,1.81
2018-04-06,1.09,1.5464,6.34,5.88,3.714,5.27,3.1395,1.3935,-0.5503,1.7144,5.9422,0.1237,7.8096,-0.2242,0.0502,1.7027,1.72
2018-04-13,0.98,1.3043,6.98,5.43,3.4502,4.99,3.325,1.2795,1.3824,1.781,6.1357,0.1888,7.9906,-0.2235,0.0962,1.6589,5.36
2018-04-20,1.28,2.1927,8.19,5.17,3.9053,7.86,2.3178,1.5647,0.1072,1.8846,6.2963,0.3226,7.9997,-0.1785,0.1136,1.7082,2.66
2018-04-27,1.61,2.474,7.48,4.17,4.1425,7.28,2.4845,1.8163,0.2352,1.9955,6.0736,0.2439,8.1236,-0.1929,0.0894,1.6211,-0.71
2018-05-04,1.26,1.8397,7.77,4.58,4.0308,15.06,3.7224,1.7467,0.8488,2.027,6.9075,0.3474,8.0396,-0.0769,0.131,1.758,3.43
2018-05-11,1.62,0.5031,7.29,5.62,3.8441,9.84,3.3676,1.6971,-1.6923,1.9762,6.7487,0.4046,8.2424,-0.0938,0.1377,1.7544,-0.65
2018-05-18,1.42,1.844,8.04,5.56,3.9168,8.18,3.4085,1.6157,0.7793,1.9167,6.2868,0.5246,8.4017,-0.1736,0.0819,1.6837,1.26
2018-05-25,1.48,1.1044,7.92,6.25,4.0258,7.94,2.9798,1.7332,0.4355,1.8441,6.1539,0.2562,8.5838,-0.2558,0.0111,1.5754,4.26
2018-06-01,1.15,0.6707,7.66,5.67,3.8225,6.77,2.4035,1.6823,-0.6159,1.6807,6.5519,-0.1838,8.4161,-0.517,-0.2644,1.3661,0.51
2018-06-08,0.93,1.2603,8.91,6.32,3.8999,14.91,4.6434,1.6947,0.0639,1.6203,6.9229,-0.1281,8.2884,-0.5962,-0.4133,1.3722,0.44
2018-06-15,0.96,2.4466,7.65,6.48,4.1378,10.1,3.8565,1.6576,0.282,1.68,6.8246,-0.0371,8.1805,-0.3576,-0.2998,1.6603,-0.68
2018-06-22,1.08,2.459,6.79,4.45,3.9783,13.96,3.2873,1.6721,0.5558,1.8283,5.6867,0.1612,8.1435,-0.3941,-0.3892,1.6084,5.13
2018-06-29,1.78,2.7386,8.19,4.99,3.4341,6.86,5.1084,1.676,0.4471,1.8511,6.7984,0.0915,8.0208,-0.2688,-0.0491,1.7136,1.54
2018-07-06,1.56,2.4124,7.63,5.63,2.6761,9.08,4.6153,1.6629,0.8115,1.8633,6.8243,0.1321,8.0405,-0.2797,-0.0459,1.6566,1.79
2018-07-13,1.55,2.2221,6.25,5.96,2.6781,9.75,1.7324,1.683,1.4964,1.8661,7.0022,0.0251,8.0615,-0.2366,0.0246,1.7892,0.68
2018-07-20,1.75,2.2809,7.01,5.18,3.109,10.15,3.2232,1.69,0.2563,1.8048,6.933,0.0633,8.173,-0.2388,0.034,1.798,3.14
2018-07-27,1.62,1.8074,6.67,4.47,2.3889,4.96,1.404,1.7136,-0.0399,1.8365,6.9766,-0.1036,8.3751,-0.2526,0.0313,1.8017,2.28
2018-08-03,1.67,1.4127,6.37,3.39,2.7632,8.58,0.825,1.885,0.7963,1.8907,6.3906,0.0999,8.0472,-0.2297,0.0169,1.7714,4.32
2018-08-10,1.86,1.6382,6.92,4.46,2.4163,7.6,0.562,1.7787,0.7151,1.8081,6.8083,0.1242,8.0922,-0.2754,-0.0277,1.766,0.38
2018-08-17,1.69,1.5758,9.7,4.36,3.2945,12.05,0.4321,1.7395,-0.7836,1.8464,6.6839,0.0996,8.1275,-0.244,-0.0318,1.7615,8.7
2018-08-24,1.52,0.6903,8.18,3.97,2.8259,6.82,4.9993,1.8162,-0.5873,1.7238,6.5413,0.0761,8.1318,-0.2341,0.0345,1.7521,2.14
2018-08-31,1.64,1.3262,9.24,5.53,2.9938,33.98,7.5958,1.8329,-0.0326,1.7361,6.4861,-0.022,8.1219,-0.3547,-0.2136,1.7021,3.41
2018-09-07,1.75,1.208,8.44,7.42,5.1304,21.38,1.9082,1.7647,0.0414,1.6817,6.2859,-0.0032,7.9881,-0.3787,-0.3194,1.5823,4.65
2018-09-14,1.79,0.4145,7.94,6.33,4.038,10.18,1.405,1.7988,-0.4116,1.6081,6.1881,-0.0832,7.9496,-0.4406,-0.3472,1.5365,0.71
2018-09-21,1.76,0.0913,7.93,6.37,4.5523,7.01,1.0859,1.82,-1.1567,1.646,6.1338,-0.0723,8.0276,-0.4436,-0.3048,1.5695,6.59
2018-09-28,1.65,1.0116,8.85,5.19,4.7627,6.18,2.4726,1.617,-0.6647,1.671,5.3519,-0.105,8.0267,-0.4156,-0.2012,1.6159,5.09
2018-10-05,1.73,1.5926,12.78,8.46,5.2717,14.17,2.6265,1.736,1.3465,1.6707,6.3629,-0.082,7.9237,-0.3716,-0.1541,1.6915,-0.38
2018-10-12,1.6,2.0593,7.99,6.1,4.0269,12.5,3.7055,1.6644,0.7445,1.6715,5.9134,-0.1113,7.9501,-0.3855,-0.2184,1.7731,6.25
2018-10-19,1.44,1.9282,7.48,5.18,3.5546,8.37,3.7286,1.7261,0.0076,1.7084,6.0257,0.0418,7.9953,-0.3262,-0.1407,1.8415,-0.09
2018-10-26,1.33,2.7283,6.82,4.38,4.0293,6.99,2.37,1.7327,0.0559,1.7501,6.4282,0.1722,8.0674,-0.2905,-0.0806,1.9235,1.36
2018-11-02,1.73,2.2513,6.27,3.96,3.3279,4.58,2.1061,1.7859,-2.7464,1.8849,5.8296,0.2986,8.5727,-0.1643,0.061,2.0045,2.92
2018-11-09,1.82,2.4641,7.16,5.49,3.6592,6.09,1.4468,1.8441,-0.3237,1.9272,6.0718,0.4075,8.6541,-0.1654,0.0538,2.0348,3.48
2018-11-16,1.88,3.0092,6.55,4.21,3.7767,3.71,1.9955,1.9616,-0.8779,1.9201,5.3367,0.2906,8.5786,-0.0966,0.0553,2.0692,0.52
2018-11-23,1.7,3.091,6.47,3.77,3.9328,5.63,1.6414,2.1243,0.0984,1.9413,5.0504,0.4389,8.7265,-0.1069,0.093,2.0686,1.8
2018-11-30,1.41,1.9976,6.6,3.4,3.9193,3.46,4.1994,2.1078,-0.6785,1.7948,4.7914,-1.0152,8.1674,-1.0171,-1.1033,1.7419,0.97
2018-12-07,0.97,1.5294,5.69,4.73,3.1874,8.31,2.1194,1.9633,0.0284,1.5982,5.0144,-0.6771,8.1024,-0.9362,-1.2898,1.8011,2.21
2018-12-14,0.58,2.0242,7.86,5.26,3.098,9.48,3.2666,2.0443,-0.4944,1.7062,5.0457,-0.3786,7.4253,-0.7923,-1.0496,1.8746,-0.28
2018-12-21,1.43,2.7181,6.59,7.5,3.2354,8.05,3.0717,2.2296,-2.3351,2.019,4.28,-0.8566,7.081,-0.5047,-0.5014,1.7379,1.57
2018-12-28,1.95,1.9863,6.43,5.21,3.148,5.58,-0.244,2.0832,-0.1971,2.2544,4.4791,0.3825,8.0073,-0.2088,-0.0809,1.8489,2.34
2019-01-04,1.88,1.1755,6.37,5.43,2.8906,5.44,3.2996,2.0656,0.3771,1.9277,5.6094,0.1099,8.0141,-0.2094,-0.0685,1.9294,0.3
2019-01-11,1.8,1.6644,6.63,4.82,2.936,6.63,1.9112,1.9515,1.4585,1.9171,5.3435,0.1839,8.0957,-0.2191,-0.0603,1.9619,2.2
2019-01-18,1.61,2.3283,7.25,6.04,3.037,10.35,4.1302,2.0542,1.5301,1.8313,5.1813,0.0718,8.1881,-0.2656,-0.0869,1.9446,4.81
2019-01-25,1.69,2.59,6.9,4.91,2.5048,7.39,4.5512,1.9411,1.4325,1.6165,5.5477,-0.0411,8.2514,-0.2744,-0.0763,1.9273,5.24
2019-02-01,1.75,2.5134,8.04,5.57,2.0587,7.85,0.6224,2.0385,0.8513,1.5812,4.6488,0.0755,8.2077,-0.3078,-0.0791,1.9457,6.62
2019-02-08,1.85,2.8325,7.68,5.09,1.6851,9.3,1.9365,2.0548,1.4995,1.6729,5.5597,0.1068,8.3231,-0.2956,-0.094,1.9248,0.43
2019-02-15,1.73,2.0863,8.66,5.26,2.239,11.21,2.3119,2.0355,3.5608,1.6283,5.9851,0.0946,8.5736,-0.2888,-0.0564,1.8835,1.51
2019-02-22,1.78,2.489,7.34,4.55,2.2751,7.5,3.7065,1.9983,1.4684,1.6133,5.2448,0.0675,8.4264,-0.3195,-0.0626,1.825,3.25
2019-03-01,1.56,3.2001,8.4,4.48,2.5773,8.5,3.0719,2.0677,1.5642,1.4905,5.2842,-0.1534,8.2779,-0.4307,-0.2731,1.7668,4.56
2019-03-08,1.59,2.7198,6.91,6.2,2.6773,9.9,3.1397,1.9694,2.6459,1.5789,5.4437,-0.1298,8.3689,-0.4571,-0.2869,1.7801,2.31
2019-03-15,1.73,2.3765,7.92,7.61,2.5276,6.24,2.4673,2.0153,0.8021,1.544,4.8654,-0.1685,8.2186,-0.4278,-0.3213,1.7533,3.93
2019-03-22,1.38,2.6737,8.86,6.35,2.5608,8.71,-0.0751,1.9931,1.146,1.4753,5.2568,-0.304,8.206,-0.5006,-0.3431,1.6395,2.61
2019-03-29,1.73,2.726,9.77,6.25,2.6221,8.16,2.7427,1.9746,1.6412,1.4859,5.4789,-0.0945,8.4368,-0.4482,-0.1992,1.6997,3.62
2019-04-05,1.54,3.0236,8.86,6.77,2.5238,9.16,2.1549,1.9098,1.6725,1.5728,6.2195,-0.0388,8.3026,-0.4445,-0.2202,1.7769,2.84
2019-04-12,1.61,2.8584,9.51,8.1,2.658,8.55,5.1744,1.9337,1.3677,1.5535,5.8134,-0.0404,8.3745,-0.4543,-0.2651,1.8089,2.86
2019-04-19,1.43,3.0886,9.26,6.28,2.561,8.72,7.0451,1.8816,0.2387,1.5194,5.6114,-0.0653,8.3595,-0.5073,-0.3108,1.7468,1.3
2019-04-26,1.39,3.9362,8.91,5.94,2.5339,9.79,3.261,1.9764,2.6129,1.5144,6.1414,-0.0492,8.4046,-0.514,-0.3136,1.7499,2.58
2019-05-03,1.52,3.429,8.86,5.2,2.4131,9.88,3.1656,1.9886,2.5903,1.5394,6.2158,-0.0664,8.4369,-0.4996,-0.295,1.72,0.86
2019-05-10,1.32,1.1231,8.01,5.7,2.9296,13.12,4.319,2.0224,3.4724,1.5775,6.2337,-0.007,8.48,-0.446,-0.2282,1.713,2.48
2019-05-17,1.12,1.7718,8.74,7.08,3.2113,15.38,8.3987,2.1167,5.8297,1.6051,6.1016,0.1269,8.5232,-0.4693,-0.2414,1.6958,3.34
2019-05-24,1.09,2.5918,6.85,5.31,2.9066,10.01,5.7014,2.0615,2.8918,1.5618,6.5371,0.0154,8.525,-0.4748,-0.2591,1.7204,2.6
2019-05-31,1.22,1.6414,6.98,5.03,2.7519,11.07,7.3555,2.088,5.5989,1.5315,5.9125,-0.04,8.7967,-0.5609,-0.4226,1.6174,2.38
2019-06-07,1.31,1.2584,6.8,5.08,2.6706,13.09,1.2773,1.9255,1.8587,1.4638,5.9328,-0.1091,8.7003,-0.5657,-0.4776,1.5902,3.71
2019-06-14,0.92,1.0371,7.05,4.81,2.9523,9.82,3.9743,1.8935,1.9466,1.3875,5.6737,0.096,8.2375,-0.643,-0.5773,1.5442,2.06
2019-06-21,0.9,0.9906,7.92,3.94,2.5022,7.28,3.3781,1.8267,-3.3259,1.3503,5.7625,-0.0178,8.1605,-0.6748,-0.5908,1.4043,-0.31
2019-06-28,1.23,1.2902,7.23,3.35,2.3569,6.39,4.7262,1.7167,0.0251,1.345,5.6868,0.0416,8.1981,-0.6737,-0.4716,1.4852,0.7
2019-07-05,1.39,1.5875,6.52,3.5,2.1044,8.68,0.8926,1.6986,1.2012,1.2801,5.3971,-0.0507,8.2569,-0.6771,-0.4661,1.4908,2.97
2019-07-12,1.41,1.5985,5.64,3.64,2.1909,5.85,1.0465,1.6299,0.9263,1.296,5.7672,0.1176,8.2895,-0.604,-0.4277,1.5666,3.71
2019-07-19,1.29,1.99,6.53,3.78,2.348,6.67,1.3647,1.8147,-1.8748,1.2974,5.293,0.2247,8.2612,-0.6214,-0.4002,1.6075,3.75
2019-07-26,1.03,2.2236,6.1,3.99,2.4558,5.35,0.0223,1.7154,-0.6107,1.3211,5.2979,0.0369,8.2768,-0.5643,-0.2984,1.5951,1.61
2019-08-02,1.1,2.0836,7.61,4.16,2.9853,11.03,-1.4767,1.7568,2.0781,1.3963,5.2264,0.1382,8.2435,-0.5732,-0.3861,1.589,1.77
2019-08-09,1.39,1.95,7.17,4.12,2.9193,7.48,-4.1018,1.8015,0.5871,1.3979,5.4669,0.1163,8.2763,-0.5695,-0.4503,1.5697,1.89
2019-08-16,1.02,3.6994,7.55,4.78,3.0405,7.24,2.781,1.751,-0.9793,1.3396,5.3464,-0.063,8.2031,-0.6241,-0.4489,1.555,2.06
2019-08-23,1.39,2.5476,7.72,4.3,3.934,6.12,1.4938,1.6878,-0.744,1.4838,4.6609,0.11,8.4624,-0.5771,-0.3458,1.582,1.65
2019-08-30,1.26,3.2144,7.44,4.09,3.2495,6.26,5.4501,1.6851,-1.3769,1.5035,4.721,-0.0523,8.3697,-0.7163,-0.5638,1.5814,1.81
2019-09-06,1.05,2.5217,7.65,3.96,2.7647,5.93,3.5021,1.7971,-1.318,1.4509,4.6897,-0.1295,8.0986,-0.6998,-0.6183,1.5995,1.62
2019-09-13,0.85,0.5172,7.38,4.61,2.9033,7.26,3.5453,1.7855,-4.5029,1.4795,4.4678,0.0602,7.7773,-0.5735,-0.5222,1.6306,1.39
2019-09-20,1.11,2.1364,7.57,3.56,3.312,6.65,8.8493,1.5709,-3.7482,1.4633,4.5771,0.0884,8.2554,-0.5503,-0.4978,1.5895,1.23
2019-09-27,1.24,2.2144,5.96,3.53,3.0402,5.77,4.177,1.6863,-0.7268,1.6392,4.7014,0.1449,8.073,-0.5539,-0.2609,1.5153,1.22
2019-10-04,1.2,1.8966,6.92,3.03,2.7068,5.6,3.9384,1.6541,-2.6041,1.5908,4.7983,0.0593,7.8635,-0.5827,-0.336,1.6976,1.37
2019-10-11,1.14,2.2314,5.72,3.04,2.83,5.95,4.4983,1.5457,-3.8686,1.6232,4.4118,0.0838,7.9857,-0.4973,-0.2912,1.7605,1.92
2019-10-18,1.02,2.1347,6.09,2.67,2.7682,6.17,2.7076,1.5399,-3.2662,1.5586,4.8876,0.162,7.9037,-0.494,-0.2798,1.6753,1.79
2019-10-25,1.19,1.7914,5.33,3.11,2.6674,3.92,3.1281,1.5355,-2.0195,1.6439,4.4118,0.1603,7.7887,-0.4784,-0.2046,1.7378,1.21
2019-11-01,1.24,1.6695,5.1,3.01,2.8261,4.46,1.5537,1.4917,-3.0679,1.7157,4.5013,0.1791,7.5442,-0.4225,-0.1456,1.8869,1.0
2019-11-08,1.16,2.0482,5.03,3.24,2.828,5.97,-0.8487,1.5211,-1.4472,1.8369,4.6253,0.2387,7.606,-0.3656,-0.0743,1.8491,1.23
2019-11-15,1.15,2.1473,5.74,3.12,3.137,5.88,0.6468,1.6029,-0.9274,1.8314,4.3564,0.3685,7.9789,-0.314,-0.0271,1.8786,-1.27
2019-11-22,1.39,1.9447,5.12,2.85,2.8626,6.43,-0.408,1.6348,-0.1162,1.9026,4.1641,0.2549,7.8598,-0.2739,0.0023,1.8976,0.56
2019-11-29,1.07,2.1728,4.25,2.31,2.8595,6.16,2.0653,1.6142,-0.004,2.1167,3.9864,-0.2319,6.7275,-1.0136,-1.1157,1.5868,-0.28
2019-12-06,1.18,2.0635,4.58,3.13,2.9333,3.3,1.9288,1.6047,0.3663,1.6103,4.0136,-0.4535,6.2853,-0.8815,-1.0992,1.6296,1.29
2019-12-13,0.99,1.8995,5.29,3.33,3.0321,2.14,2.0513,1.6479,-2.845,1.6079,3.6179,-0.4586,5.8462,-0.8938,-1.0071,1.5497,1.13
2019-12-20,0.8,2.2203,5.39,3.59,3.0585,5.35,1.8686,1.6904,-2.4211,1.8652,3.6515,-0.4206,7.0308,-0.8702,-0.6872,1.3732,0.54
2019-12-27,0.28,1.9969,5.57,4.12,2.7825,5.16,1.6524,1.6195,-4.1118,2.0303,3.3266,-0.4977,7.1233,-0.5603,-0.0953,1.3256,1.56
2020-01-03,0.92,1.166,5.57,3.2,2.749,4.96,0.8268,1.6104,-1.066,1.7474,3.9821,0.1779,7.3571,-0.3488,-0.0819,1.8121,1.75
2020-01-10,0.75,1.9578,4.84,3.89,2.7337,2.55,2.8179,1.6474,-2.2111,1.6532,4.0951,0.1507,6.8878,-0.3887,-0.0938,1.856,1.88
2020-01-17,0.9,2.1908,4.94,3.07,3.1005,4.52,1.9048,1.6709,-2.2514,1.5794,3.6459,0.2432,7.1672,-0.3863,-0.0801,1.8799,1.89
2020-01-24,0.8,4.2307,4.93,2.79,2.9573,3.65,3.9857,1.5877,-2.0121,1.5245,4.0046,0.2504,7.1453,-0.4033,-0.0886,1.8718,1.87
2020-01-31,1.15,4.321,6.61,3.36,3.2165,9.32,0.6126,1.7326,-0.3017,1.5813,4.0779,0.4004,7.1061,-0.4513,-0.1508,1.8291,2.31
2020-02-07,1.07,2.2746,5.68,3.79,2.6338,8.41,4.334,1.6735,0.6868,1.5242,4.3822,0.4612,7.0515,-0.4586,-0.1532,1.8402,1.8
2020-02-14,1.19,3.7323,5.37,3.28,2.5013,5.83,6.1665,1.5612,-1.0352,1.5443,3.974,0.7663,6.9258,-0.5013,-0.2065,1.7485,1.74
2020-02-21,1.28,4.7896,5.95,4.84,2.7924,17.4,4.902,1.4941,0.5589,1.5059,3.8993,0.5636,7.0321,-0.5178,-0.2031,1.7032,1.61
2020-02-28,1.08,3.0067,9.17,4.9,2.4087,24.32,3.3949,1.2419,-0.9059,1.4406,3.8031,0.4382,7.1654,-0.7656,-0.5128,1.4505,1.25
2020-03-06,0.78,2.4995,12.9,3.86,1.937,11.51,7.3802,0.8369,-3.6315,1.3717,3.0559,0.7046,6.6129,-0.7764,-0.8185,0.9121,1.15
2020-03-13,-2.76,1.0386,13.31,6.77,1.6618,11.96,6.3243,0.4026,-8.938,1.1589,3.5787,0.0427,6.6383,-1.3819,-2.6332,0.6917,0.15
2020-03-20,-1.77,1.9619,14.05,23.85,1.4774,18.66,4.7448,0.9098,-8.3461,1.5788,3.3168,0.4908,6.8275,-0.5159,-1.7893,1.0717,0.88
2020-03-27,0.18,1.5806,29.82,10.41,1.0689,5.75,-0.5662,0.8023,-7.4571,1.5487,4.3426,0.2995,6.1973,-0.3227,-1.0007,0.9854,-0.06
2020-04-03,0.62,2.1205,19.75,9.98,1.6868,24.78,11.6763,1.1286,-4.2167,2.0193,5.0696,1.8262,7.6669,0.3221,0.393,0.9281,-0.56
2020-04-10,0.23,2.3761,13.41,3.42,1.7926,1.56,4.0627,0.9287,-8.6428,1.4599,3.8704,1.8457,7.5774,0.2047,0.0707,0.6813,-1.15
2020-04-17,-0.17,3.0913,9.19,5.02,1.8348,10.14,5.1307,1.0104,-7.1818,1.3577,3.9975,1.4708,7.0213,0.2494,0.4045,0.9457,-0.46
2020-04-24,-0.04,0.9475,9.33,2.49,1.68,27.03,2.2017,0.8484,-6.6841,1.2303,4.0816,1.335,7.6512,0.0583,0.29,0.7078,-0.16
2020-05-01,0.04,0.2163,4.91,1.13,1.4978,27.18,2.5051,0.4134,-6.7393,0.8767,3.4825,1.1352,6.5068,-0.1627,0.0026,0.5389,-0.33
2020-05-08,0.01,0.8061,7.1,3.2,1.7476,18.87,2.0578,0.3167,-4.4497,0.7394,3.2363,1.0051,6.6449,-0.2559,-0.041,0.4368,0.22
2020-05-15,0.29,0.3617,5.31,2.03,1.807,10.38,3.6875,0.2842,-4.1687,0.7311,3.1371,0.8581,6.1454,-0.301,-0.0282,0.3397,0.93
2020-05-22,0.48,0.6695,4.99,4.11,2.1798,11.3,0.738,0.2819,-1.6255,0.6644,2.5231,0.7729,5.9817,-0.2912,-0.0629,0.3979,0.5
2020-05-29,0.47,0.2529,3.92,3.28,2.9214,8.87,2.3085,0.2579,-1.5392,0.4437,2.1972,0.5551,5.8578,-0.3855,-0.1849,0.333,0.49
2020-06-05,0.42,-0.504,3.25,0.03,2.1307,11.65,1.2691,0.1905,-3.9017,0.2954,2.2957,0.5301,5.4573,-0.4993,-0.305,0.3264,0.7
2020-06-12,-0.08,-0.4601,4.13,2.41,2.2651,18.73,1.8885,0.2262,-6.0272,0.2513,2.0277,0.4766,5.0045,-0.5392,-0.3242,0.26,0.2
2020-06-19,0.03,0.1618,4.21,2.83,2.2778,18.89,4.431,0.2448,-5.6719,0.13,1.8894,-0.3158,5.3269,-0.5137,-0.2479,0.1531,0.28
2020-06-26,0.41,0.0739,3.71,2.57,2.0998,12.87,-2.877,0.2299,-5.0421,0.1757,1.7789,-0.2431,5.0065,-0.4822,-0.1976,0.1902,-0.51
2020-07-03,0.22,0.1374,3.51,2.01,2.1635,10.67,2.1061,0.2353,-5.0069,0.1388,2.2006,0.414,5.0287,-0.516,-0.1737,0.1505,-0.16
2020-07-10,0.07,0.018,4.27,3.35,2.0872,11.46,0.87,0.1919,-3.3159,0.0528,1.8663,0.6209,5.177,-0.5485,-0.217,0.1193,-0.33
2020-07-17,-0.11,1.3438,4.14,2.85,2.2778,14.52,1.3507,0.2014,-3.754,0.0606,1.9441,0.5054,5.1003,-0.5129,-0.1477,0.1728,-0.25
2020-07-24,-0.11,1.5043,4.0,3.32,2.4175,9.43,1.342,0.2288,-3.5015,-0.0232,1.6851,0.4226,5.1785,-0.5251,-0.1604,0.1719,0.1
2020-07-31,0.11,1.5775,4.1,2.24,2.5406,13.5,2.7547,0.1858,-3.9526,0.0006,1.6442,0.5485,4.9611,-0.5122,-0.1437,0.167,0.23
2020-08-07,0.13,1.5348,3.85,2.32,2.7231,8.08,0.2645,0.2056,-3.8024,0.0203,1.8169,0.5662,5.0033,-0.4902,-0.1231,0.199,0.3
2020-08-14,0.18,1.4233,3.84,2.37,2.7661,13.5,2.5769,0.2393,-2.2851,0.0457,1.5799,0.5876,4.7638,-0.4669,-0.0943,0.2264,-0.06
2020-08-21,0.25,3.1188,4.16,2.09,2.5363,1.11,2.2747,0.235,-2.8454,0.0471,1.8207,0.6073,4.83,-0.4832,-0.091,0.2049,0.03
2020-08-28,0.29,2.2786,4.09,1.76,2.5973,2.63,3.8691,0.2195,-2.3685,0.0562,1.4979,0.3415,4.6612,-0.5551,-0.2266,0.1636,0.24
2020-09-04,0.39,3.1354,3.99,2.04,2.5725,3.01,1.102,0.2001,-1.756,0.0242,1.5076,0.1688,4.548,-0.5799,-0.2622,0.1582,0.4
2020-09-11,0.3,1.4567,4.17,2.46,2.6128,10.35,1.8779,0.2249,-3.9934,0.0078,1.567,0.3122,4.5712,-0.5719,-0.3004,0.1229,0.44
2020-09-18,0.3,1.485,3.75,2.24,2.6965,3.16,5.0441,0.2061,-10.199,0.0174,1.1964,0.4614,4.3842,-0.5563,-0.2708,0.11,0.62
2020-09-25,0.3,2.1443,4.09,1.91,3.2625,8.11,2.4493,0.2001,-7.1827,0.1254,0.9779,0.6209,4.3845,-0.5458,-0.2154,0.0787,0.19
2020-10-02,0.21,2.2164,3.65,1.46,2.8682,7.23,2.9464,0.2065,-5.0502,0.1861,1.5557,0.7269,4.3178,-0.4982,-0.1592,0.1515,0.01
2020-10-09,0.38,1.1314,3.21,2.82,2.9654,4.26,5.3188,0.2029,-8.9925,0.132,1.5483,0.6099,4.2888,-0.5169,-0.1663,0.1757,0.02
2020-10-16,0.25,1.8809,3.29,3.13,2.8469,6.02,1.4662,0.2053,-8.6673,0.1264,1.446,0.6849,4.3066,-0.5331,-0.1674,0.159,0.22
2020-10-23,0.33,1.7037,3.42,1.27,2.6317,3.22,0.9571,0.1957,-7.5749,0.1295,1.4258,0.669,4.3101,-0.5449,-0.1629,0.0984,0.38
2020-10-30,0.13,1.1124,3.84,0.01,2.7692,4.76,2.4515,0.2076,-10.8145,0.1264,1.6912,0.7112,4.2488,-0.5742,-0.1995,0.0993,0.45
2020-11-06,0.59,-0.9428,3.29,0.88,2.7189,3.75,4.5528,0.1856,-7.4982,0.0447,1.5929,0.7026,3.9764,-0.565,-0.1827,0.1058,0.44
2020-11-13,0.61,0.1807,3.17,4.75,2.9203,6.77,2.1077,0.1858,-4.8646,0.0416,1.6327,0.6588,3.9715,-0.5625,-0.1755,0.0946,0.38
2020-11-20,0.39,0.0307,3.25,2.11,2.7433,6.61,3.8511,0.1836,-3.2678,0.0341,1.2454,0.5879,4.4048,-0.5655,-0.2158,0.1245,-0.52
2020-11-27,0.3,0.2905,3.47,1.36,2.9785,5.93,2.6008,0.2068,-3.4795,-0.1226,0.7556,0.1825,4.0322,-0.9388,-0.6162,0.1098,-0.41
2020-12-04,0.03,-0.2719,3.28,1.0,2.707,4.6,1.4428,0.21,-11.0176,-0.093,0.5681,0.2258,3.6716,-1.0473,-0.7171,-0.0225,-0.65
2020-12-11,0.25,-0.8917,3.8,3.42,2.3553,5.55,1.4753,0.1971,-9.9311,-0.2848,0.886,0.0572,3.6067,-1.1135,-0.7604,-0.3361,-0.02
2020-12-18,-1.27,-0.9035,4.11,2.44,2.5969,6.52,3.9422,0.1947,-10.903,-0.4153,0.3698,-0.1841,4.0938,-1.2492,-0.7926,-0.2948,0.36
2020-12-25,-1.65,0.9149,3.85,2.43,2.4881,7.56,0.3152,0.2147,-7.2485,-0.4738,0.6298,-0.2871,4.2674,-1.2061,-0.7696,-0.1997,0.32
2021-01-01,-0.01,-1.35,3.01,1.64,2.4144,3.1,6.0288,0.0535,-5.706,-0.1407,0.548,0.0977,4.3031,-0.7759,-0.3672,-0.0523,0.24
2021-01-08,-0.02,0.4862,3.95,2.61,1.7077,8.66,2.1043,0.0602,-5.6605,-0.2918,1.3686,0.3233,3.8324,-0.7096,-0.2968,-0.0555,-0.28
2021-01-15,-0.22,0.5012,4.38,1.21,2.2098,5.6,0.9244,0.0751,-2.0927,-0.3527,1.0306,0.3565,4.1922,-0.7161,-0.2937,-0.0302,-0.83
2021-01-22,0.02,1.2832,4.05,0.98,2.3117,5.28,0.096,0.0789,-3.2562,-0.3749,0.9618,0.4167,4.1894,-0.7343,-0.2911,-0.0649,-0.34
2021-01-29,-0.25,1.2204,4.61,1.59,2.8768,6.57,5.113,0.0685,-3.1034,-0.3889,0.8528,0.3368,3.9224,-0.7386,-0.2843,-0.0666,-0.49
2021-02-05,0.13,1.8096,4.5,1.23,2.7923,6.4,3.5115,0.043,-2.8396,-0.2717,1.1689,0.4321,4.0408,-0.7127,-0.2649,-0.0334,-0.34
2021-02-12,0.4,1.0779,4.88,0.91,2.6248,3.65,0.7004,0.0556,-5.0432,-0.2065,1.3261,0.557,3.8526,-0.6813,-0.2593,-0.001,-0.75
2021-02-19,0.04,1.6508,4.88,1.95,2.6678,4.9,-0.1828,0.1375,-3.4161,-0.2862,1.3071,0.4513,3.8744,-0.6961,-0.2609,-0.0063,-0.8
2021-02-26,0.03,2.1624,8.34,9.58,2.4987,11.4,0.8377,0.1354,-8.8827,-0.3189,1.1334,0.4289,3.8724,-0.8132,-0.3925,-0.0568,-0.61
2021-03-05,0.19,1.5325,7.5,3.77,2.6142,10.27,0.1813,0.1481,-1.9069,-0.2675,1.6817,0.435,3.9104,-0.8012,-0.3903,-0.0524,-0.54
2021-03-12,0.37,0.8442,7.4,4.45,2.638,6.35,0.4581,0.1683,-2.7069,-0.3213,1.8356,0.4753,3.7612,-0.7931,-0.3739,-0.1181,-0.73
2021-03-19,-0.08,1.3406,7.44,4.26,2.6594,4.71,3.1854,0.2028,-1.3159,-0.3002,1.5359,0.5425,3.8472,-0.7991,-0.3346,-0.1463,-0.31
2021-03-26,0.08,1.449,7.27,2.24,2.8682,4.13,1.5992,0.2867,-5.7284,-0.3175,1.8952,0.4337,3.8765,-0.766,-0.343,-0.0671,-0.06
2021-04-02,0.0,1.2236,5.91,4.4,2.8335,9.07,2.888,0.1865,-3.5874,-0.1406,2.3663,0.4647,4.0152,-0.7281,-0.3788,-0.0565,-0.24
2021-04-09,0.1,2.1801,5.41,6.3,2.6002,7.57,0.64,0.0949,-0.9837,-0.1745,2.5663,0.5335,3.8585,-0.7064,-0.3097,-0.0572,0.09
2021-04-16,0.27,2.1146,6.17,3.59,2.781,3.32,1.1977,0.0951,-3.6882,-0.1888,2.5722,0.5249,3.9809,-0.7048,-0.2943,-0.0569,0.25
2021-04-23,-0.17,2.9386,5.83,3.43,2.4792,4.74,2.6026,0.094,-3.3323,-0.2033,2.5554,0.5224,4.0171,-0.7017,-0.2828,-0.0391,0.44
2021-04-30,0.0,1.0126,6.7,5.7,2.4979,4.57,3.5659,0.1487,-3.6855,-0.1306,3.2463,0.5469,4.0083,-0.6815,-0.2423,-0.0366,0.25
2021-05-07,-0.03,-0.1613,5.63,4.27,2.4749,2.56,1.1948,0.1384,-4.3075,-0.1143,3.1614,0.5545,4.0976,-0.6646,-0.2306,-0.0267,0.26
2021-05-14,0.02,1.2483,6.23,2.6,2.3496,3.86,0.6437,0.1556,-5.9625,-0.1217,3.2888,0.5553,4.1472,-0.6551,-0.2386,0.0227,0.53
2021-05-21,-0.06,1.4879,6.37,2.08,2.2095,4.16,1.8138,0.146,-3.3917,-0.1481,3.4357,0.5858,4.1811,-0.6576,-0.2319,0.0378,0.57
2021-05-28,-0.03,1.8532,6.26,4.32,2.3011,6.13,1.9274,0.1156,-3.8752,-0.1965,3.4749,0.5466,4.2122,-0.6757,-0.2636,0.0665,0.41
2021-06-04,0.1,0.0023,4.15,2.79,2.1059,4.81,1.3419,0.1405,-3.7834,-0.1501,3.6416,0.6027,4.022,-0.6827,-0.2628,0.0558,0.16
2021-06-11,-0.05,-0.0588,4.34,1.99,2.2151,3.13,3.9235,0.0932,-3.8495,-0.1604,4.0129,0.477,3.9906,-0.6848,-0.2782,0.0244,0.29
2021-06-18,0.12,1.3569,4.58,2.02,2.745,6.6,0.4227,0.1777,-3.4754,-0.126,3.5558,0.2677,4.4691,-0.6721,-0.2815,0.0386,0.68
2021-06-25,0.18,1.208,3.95,1.6,2.6118,4.74,1.0115,0.16,-3.3759,-0.1675,3.9607,0.3531,4.6122,-0.7043,-0.2885,0.0435,0.75
2021-07-02,0.33,2.4497,4.55,6.7,2.6859,7.5,3.0199,0.1261,-0.0197,-0.118,2.9626,0.3296,4.4062,-0.6627,-0.2385,0.0628,1.19
2021-07-09,0.62,1.7187,4.38,6.0,2.8901,5.44,2.0393,0.1292,-1.3171,-0.108,3.8853,0.5155,4.6138,-0.6643,-0.2652,0.0562,1.15
2021-07-16,0.41,1.4385,4.41,3.02,2.7467,4.76,5.2302,0.0831,-1.1096,-0.097,3.8841,0.3346,4.5723,-0.6549,-0.2252,0.0682,1.14
2021-07-23,0.76,1.0866,3.99,4.03,2.9485,4.95,2.9321,0.1,-1.5678,-0.0995,4.7414,0.4692,4.9866,-0.6576,-0.2363,0.071,1.26
2021-07-30,0.64,0.5941,3.95,2.38,2.8704,2.66,4.1574,0.0995,-0.5626,-0.0738,4.4328,0.707,4.8177,-0.6404,-0.2156,0.0857,1.17
2021-08-06,0.67,2.1851,3.72,5.1,2.7504,4.87,3.3218,0.1047,-0.944,-0.0561,4.3692,0.7441,4.6791,-0.6336,-0.2002,0.103,1.19
2021-08-13,0.69,1.1533,3.77,6.49,3.1409,4.27,1.9667,0.1094,-0.3728,-0.0518,4.5306,0.905,4.8095,-0.6259,-0.2016,0.0981,1.01
2021-08-20,0.51,0.6775,3.69,3.95,2.6772,6.33,2.768,0.1115,-0.077,-0.0409,4.67,1.0958,4.9086,-0.6321,-0.2185,0.109,1.44
2021-08-27,0.63,0.0713,3.45,2.83,2.9278,5.46,3.4568,0.1234,-0.2334,-0.0283,5.5135,0.7183,4.8388,-0.6237,-0.2154,0.1182,1.76
2021-09-03,0.66,0.6876,3.45,2.53,3.4066,2.93,4.1806,0.1313,-1.6221,-0.0227,6.2239,0.5495,4.8342,-0.6531,-0.2503,0.117,2.21
2021-09-10,0.7,0.2743,3.52,2.67,3.2867,3.04,4.1219,0.135,-3.0262,-0.0698,5.8702,0.0509,4.7081,-0.6583,-0.2347,0.1001,2.14
2021-09-17,0.56,1.2905,3.55,1.66,3.4996,2.83,0.8001,0.1445,-1.747,-0.0412,5.5965,1.0735,4.784,-0.6647,-0.243,0.1123,2.28
2021-09-24,0.57,0.9305,3.95,2.32,3.4169,4.07,2.4318,0.1597,-2.1366,0.0129,6.1867,1.3955,5.0769,-0.6384,-0.2068,0.1046,3.25
2021-10-01,0.81,1.2873,3.88,4.78,2.9881,3.33,2.6045,0.1287,-1.8683,0.178,5.917,1.3206,5.5063,-0.6281,-0.1962,0.1101,3.8
2021-10-08,0.95,1.0498,3.87,2.99,3.1759,3.57,2.0758,0.1228,0.2501,0.4897,6.6278,1.5455,5.7219,-0.6292,-0.2082,0.0963,4.64
2021-10-15,0.75,0.8358,3.87,3.27,3.0703,1.58,3.3998,0.1692,-1.3768,0.3695,6.9349,1.6464,5.6757,-0.6296,-0.1918,0.093,5.37
2021-10-22,1.21,1.6654,4.18,3.24,2.8592,5.95,2.3554,0.228,-2.0694,0.364,7.5838,1.5905,5.8278,-0.6398,-0.1929,0.0969,3.94
2021-10-29,1.18,0.6275,4.74,2.52,2.7984,4.55,3.0673,0.2053,-2.2503,0.8469,7.1311,1.7579,5.6769,-0.6547,-0.1997,0.0677,4.48
2021-11-05,1.2,0.2945,4.62,3.39,2.587,3.85,2.3466,0.1865,-0.567,1.0481,8.0633,1.6706,6.0539,-0.6186,-0.1465,0.0896,4.18
2021-11-12,1.19,-0.6384,3.55,2.24,2.456,3.58,2.1314,0.2008,-1.3115,1.3242,8.39,1.9975,5.915,-0.6184,-0.1479,0.0932,3.45
2021-11-19,0.98,-0.3239,3.83,1.38,2.5728,2.82,1.4007,0.2318,-0.7836,1.4569,8.2811,2.4303,6.4972,-0.6192,-0.181,0.0793,4.06
2021-11-26,1.02,1.8599,4.1,1.78,2.6902,3.8,1.4376,0.2168,0.0539,1.9904,8.6381,2.619,7.3881,-0.6669,-0.1622,0.0836,4.38
2021-12-03,0.62,0.9357,3.88,2.93,2.9179,5.19,0.8858,0.242,-2.5361,3.0892,8.3549,1.4395,6.2171,-1.2757,-0.6065,-0.286,4.47
2021-12-10,0.16,0.2145,3.72,2.99,2.3749,3.78,3.1041,0.2665,-1.7753,1.778,8.7414,2.1879,6.2749,-1.2782,-0.6441,-0.3865,4.34
2021-12-17,-0.16,-0.4663,4.27,0.55,2.7057,1.99,2.4576,0.2347,-2.2291,2.1123,8.5783,2.4531,6.7838,-1.1944,-0.6819,-0.2525,5.06
2021-12-24,0.52,-0.107,4.08,0.99,2.2172,0.33,0.9961,0.2878,-2.8978,2.437,8.3207,3.0045,6.5399,-0.92,-0.3919,-0.0448,4.83
2021-12-31,1.14,-0.9436,3.68,11.55,2.3382,1.86,0.7699,0.2898,-1.572,2.5226,8.8179,3.3984,6.1255,-0.6622,-0.2092,0.0895,4.83
2022-01-07,0.89,-0.6594,3.86,10.27,1.7231,2.97,0.0757,0.1907,-1.9191,2.0974,9.5568,3.1857,5.9349,-0.66,-0.208,0.1082,4.35
2022-01-14,1.14,-0.2539,3.93,4.84,2.3402,1.8,1.6726,0.2018,-2.7368,1.9804,9.7546,2.9017,6.1469,-0.6541,-0.2127,0.1355,3.64
2022-01-21,0.87,-0.4011,4.12,3.6,2.3246,1.61,0.0831,0.2206,-2.5126,2.1212,10.1615,3.0606,6.1948,-0.6635,-0.2221,0.2161,4.5
2022-01-28,1.24,0.1662,4.24,3.41,2.8812,1.48,1.4646,0.2326,-2.0212,2.4858,9.6832,3.7495,6.0807,-0.6693,-0.2252,0.075,5.74
2022-02-04,1.12,-0.6253,4.22,3.85,2.7472,1.68,-0.5185,0.25,-2.0719,2.6456,10.0037,3.6555,5.9458,-0.6679,-0.2101,0.0931,5.88
2022-02-11,1.18,-0.5384,3.95,2.84,2.8429,0.98,-0.1263,0.187,-1.0549,2.228,9.8567,3.5253,6.2215,-0.6865,-0.2669,0.1515,5.1
2022-02-18,0.88,-0.4282,4.12,2.99,3.152,1.6,0.8965,0.3133,-0.6342,2.3783,10.4972,3.683,6.2195,-0.7255,-0.2458,0.2186,5.05
2022-02-25,0.83,-0.0965,5.41,4.48,3.0202,1.9,-0.6753,0.4314,-1.4595,2.758,9.7423,3.6809,6.4649,-0.885,-0.4201,0.2248,4.91
2022-03-04,1.07,0.3392,5.79,8.11,2.8676,3.15,0.1508,0.224,0.3489,3.3828,11.5806,4.6773,6.4269,-1.1129,-0.6569,0.1064,6.34
2022-03-11,0.94,0.7468,6.28,6.93,2.7763,1.42,0.8526,0.3012,-1.23,3.3655,10.6639,5.1373,6.6987,-0.8987,-0.4308,0.135,5.84
2022-03-18,0.92,0.571,5.65,5.64,2.9094,1.48,1.9865,0.364,-4.0879,3.3361,11.5183,4.8083,6.7764,-0.8419,-0.3126,0.284,6.95
2022-03-25,0.96,0.6727,5.96,2.93,2.7063,1.25,2.8433,0.5601,-1.1895,3.5814,12.293,5.2887,6.7014,-0.8458,-0.4298,0.3976,6.57
2022-04-01,0.98,0.0249,3.41,3.78,2.7885,1.19,1.4272,0.4445,-0.8169,3.9378,12.2111,5.2648,6.6176,-0.756,-0.3185,0.5134,6.81
2022-04-08,0.99,0.5745,3.98,3.57,2.8267,2.26,1.7931,0.5804,-1.661,4.3931,12.3493,5.6558,6.7839,-0.7694,-0.3959,0.6587,7.16
2022-04-15,1.04,0.6931,4.44,4.25,3.0696,0.19,2.4481,0.5537,-1.3706,4.6115,12.0379,5.6593,6.8261,-0.7592,-0.3287,0.7752,6.73
2022-04-22,0.85,1.1389,3.45,4.01,3.8588,2.26,1.0115,0.6926,-1.033,4.7699,12.5754,5.6224,7.7312,-0.7377,-0.3072,0.7928,8.18
2022-04-29,0.79,1.0232,7.51,6.89,3.4185,5.97,5.5376,0.919,-2.2469,5.4683,13.1274,5.8563,7.7211,-0.7436,-0.3297,0.8243,8.07
2022-05-06,1.09,0.8349,4.81,8.95,2.9833,5.16,1.5668,0.9211,-1.2074,5.2065,13.2282,5.9759,7.4545,-0.7074,-0.3391,0.8706,8.43
2022-05-13,0.9,0.9013,4.31,5.49,2.6495,3.81,1.618,1.0668,-0.7328,5.4129,12.4947,5.7052,7.8865,-0.7162,-0.342,0.9967,8.36
2022-05-20,1.1,-1.5008,6.72,2.58,2.5518,0.33,2.5827,1.1987,-2.1168,5.6476,12.8374,5.9585,7.9516,-0.685,-0.2916,1.1207,7.8
2022-05-27,1.35,0.3803,5.02,2.68,2.2023,1.17,2.1107,1.2889,-3.6371,5.9187,12.9205,5.9471,8.0108,-0.693,-0.33,1.2786,8.47
2022-06-03,1.05,0.6211,4.38,5.31,2.318,0.64,0.4054,1.2868,-2.5723,6.0617,13.3719,6.1598,7.759,-0.7355,-0.3461,1.2984,8.1
2022-06-10,0.95,0.6985,5.19,6.56,2.417,2.19,0.2081,1.3644,-1.3412,5.9727,13.3479,5.8574,7.7708,-0.7743,-0.3311,1.3387,8.23
2022-06-17,1.05,1.5668,5.1,5.56,2.6249,3.94,1.5177,1.3654,-3.2596,6.3132,13.2378,6.8014,8.6165,-0.7804,-0.5103,1.4113,9.3
2022-06-24,1.07,0.7351,4.55,3.71,2.2941,3.02,2.5156,1.5189,-3.7523,6.4961,12.7866,6.5189,8.5443,-0.7838,-0.466,1.5213,8.85
2022-07-01,1.15,1.2161,3.92,7.07,2.2017,3.51,1.7719,1.7056,1.1324,6.9377,12.814,7.37,8.2535,-0.6699,-0.4496,1.7448,9.09
2022-07-08,1.63,0.3968,5.59,5.59,1.7945,3.56,0.8191,1.9948,0.6437,7.1983,13.6026,10.0556,8.4307,-0.5419,-0.3466,1.9275,9.08
2022-07-15,1.74,1.0402,5.27,6.69,1.8718,11.16,2.5912,2.182,1.1395,7.3452,13.5984,10.8062,8.8841,-0.4931,-0.3288,2.258,7.76
2022-07-22,1.85,0.8401,6.9,5.54,2.0877,5.45,5.9989,2.3448,-0.1375,7.6276,13.3955,9.6976,8.9347,-0.2594,-0.3305,2.3262,9.07
2022-07-29,1.7,0.2008,5.84,4.03,1.6209,1.61,1.537,2.2395,1.1182,9.0816,13.9405,10.8722,8.8596,-0.1978,-0.3062,2.3671,8.93
2022-08-05,1.9,-1.6743,5.83,4.56,1.401,3.16,2.3861,2.1255,1.6732,7.5039,13.4082,10.0561,9.1185,-0.1447,-0.2551,2.4005,10.23
2022-08-12,1.94,-0.757,7.09,4.59,1.5079,2.56,2.0551,2.1409,0.1209,7.9847,14.0196,10.2738,9.2906,-0.1361,-0.2905,2.4639,9.49
2022-08-19,1.87,1.4467,7.58,4.68,2.3493,3.84,2.9905,2.173,1.3286,7.9578,14.024,10.5552,9.5848,0.0099,-0.2642,2.6361,10.64
2022-08-26,2.21,0.8003,5.59,4.67,1.9575,2.61,3.3171,2.3063,0.2646,8.4472,13.918,10.7013,9.4069,0.1942,-0.2493,2.8184,9.85
2022-09-02,2.07,1.697,7.25,7.57,2.3968,4.2,-0.285,2.4852,1.6761,8.4531,13.4489,10.9862,9.3619,0.2248,-0.3365,2.9785,10.31
2022-09-09,2.26,0.3097,5.75,5.45,2.4266,3.35,2.6301,2.7415,0.8061,8.0173,12.6977,10.9623,9.2712,0.4041,-0.4069,3.1388,10.06
2022-09-16,2.92,2.1786,6.26,5.98,2.8174,4.95,6.2952,2.7796,3.3921,7.8434,13.1568,11.4837,9.6667,0.4381,-0.3997,3.1034,10.64
2022-09-23,2.36,1.909,8.76,5.7,2.4972,5.65,5.8007,2.6952,2.274,7.9183,12.9965,11.2889,9.6705,0.4073,-0.3355,3.1295,10.73
2022-09-30,2.64,1.6707,9.41,5.4,2.7266,4.69,5.3995,2.7599,3.05,9.044,13.0742,13.7024,9.7176,0.5653,-0.2979,3.1936,8.58
2022-10-07,3.46,2.6353,6.47,4.62,2.3984,4.56,4.3331,3.1025,1.7683,8.611,13.0793,12.9865,9.9616,0.7121,-0.2683,3.3187,9.81
2022-10-14,2.86,2.5914,6.06,6.16,1.5142,5.11,5.895,3.4914,3.7432,8.6075,12.3188,15.3246,10.0352,0.8607,-0.275,3.4345,10.08
2022-10-21,3.51,2.1553,10.75,5.23,2.1466,5.57,5.2068,3.6857,3.3622,8.3878,13.1118,15.9521,10.4895,1.027,-0.2851,3.6818,10.06
2022-10-28,3.59,0.8656,6.68,5.7,1.5862,5.47,4.2769,3.5905,2.498,8.1539,13.3621,14.7266,10.2934,1.2104,-0.2422,3.5979,10.16
2022-11-04,3.73,-5.9226,5.32,7.78,1.396,5.77,4.7081,3.4794,0.968,8.0624,12.4594,14.8675,10.172,1.3088,-0.2324,3.6255,10.23
2022-11-11,3.67,-2.7143,6.36,3.11,1.2863,3.17,4.3758,3.4461,-10.8412,7.5616,13.0118,13.9374,10.1822,1.2966,-0.2719,3.6943,8.59
2022-11-18,3.7,-0.0845,7.0,4.76,1.3113,4.75,-0.6969,3.6957,-1.2126,7.0762,12.8274,15.489,10.4387,1.3395,-0.2084,3.7571,9.56
2022-11-25,3.81,-1.0182,5.91,4.17,1.0545,4.69,4.3854,3.902,-5.8231,7.3146,12.7674,15.6624,10.7268,1.5036,-0.1854,3.8336,10.44
2022-12-02,3.99,-1.0929,6.36,3.97,1.1953,2.55,1.0207,4.1493,-6.3753,13.058,12.8589,14.9509,10.1837,0.9471,-0.8292,3.5498,10.03
2022-12-09,3.7,-1.2121,6.92,4.02,1.4648,4.22,2.1461,4.0242,-3.3052,10.3244,12.9615,15.3819,10.4456,1.2363,-0.6869,3.8253,9.03
2022-12-16,3.32,-0.8707,4.49,5.65,1.6783,4.65,3.438,3.6331,-0.4813,8.3806,12.3927,15.7216,10.7295,1.3274,-0.6359,3.8783,9.18
2022-12-23,3.56,-1.1922,6.31,4.9,1.7074,4.39,0.9853,3.8869,-0.9677,9.2112,10.9473,14.7847,10.8073,1.3723,-0.6183,4.1723,8.48
2022-12-30,3.75,-2.7881,6.08,5.12,1.6395,5.8,3.2173,3.7745,0.7415,7.5102,11.9686,15.465,10.8978,1.8096,-0.3694,4.2137,7.7
2023-01-06,3.61,-2.6283,6.01,5.84,1.6531,4.86,2.7255,3.7796,-0.137,7.1031,13.4513,15.2965,10.8242,1.8411,-0.292,4.2645,10.42
2023-01-13,3.52,0.1823,7.44,5.07,2.335,2.95,3.7457,3.9061,-1.9775,7.2425,11.6971,16.0744,11.033,1.9522,-0.2508,4.3193,8.3
2023-01-20,3.59,0.8578,7.18,3.8,2.6202,5.02,1.7516,3.9267,-0.6532,7.2614,12.6448,16.6025,11.2505,2.0824,-0.27,4.3439,9.3
2023-01-27,3.36,2.6814,7.56,5.38,2.7607,4.13,2.2263,3.8354,-1.7197,7.4171,12.8725,17.1248,10.9513,2.1895,-0.2807,4.411,10.48
2023-02-03,3.3,3.5226,7.67,4.03,2.0873,4.44,1.6072,3.8391,-0.9912,7.205,12.2552,16.9125,10.9159,2.3448,-0.2715,4.4325,10.47
2023-02-10,3.43,1.8,8.18,5.81,2.1695,5.52,1.4293,3.6871,0.7937,7.3595,12.2977,17.0188,11.41,2.3542,-0.325,4.4292,10.95
2023-02-17,3.16,2.2054,6.47,4.68,2.3458,5.45,3.0469,3.8215,1.5462,7.5232,12.4911,17.1551,11.4963,2.3681,-0.264,4.4307,10.47
2023-02-24,3.24,2.2924,6.77,6.83,2.3012,6.12,2.8506,3.9222,2.3044,7.3256,12.3816,16.8134,11.552,2.4756,-0.3338,4.4252,9.84
2023-03-03,3.25,1.7428,7.56,5.79,2.2164,5.58,3.2145,3.7168,2.3515,7.2561,12.5677,16.6783,11.5292,2.6216,-0.3639,4.4282,9.18
2023-03-10,2.81,1.9146,8.14,6.02,2.3294,7.09,4.3042,3.6759,2.9059,7.0829,13.3243,16.2139,11.5069,2.4883,-0.6502,4.3841,10.07
2023-03-17,2.28,0.1942,8.35,5.27,2.0993,5.72,-0.9766,3.8867,1.0271,7.0862,11.9035,16.2927,12.0406,2.6024,-0.6535,4.2369,8.94
2023-03-24,2.02,-0.1078,6.92,4.34,1.8555,4.46,1.151,3.9378,-1.6266,7.0583,13.5634,16.0371,12.0538,2.6628,-0.5997,4.2719,8.61
2023-03-31,2.82,1.2262,7.53,4.62,1.9745,4.89,0.0678,3.7106,1.3137,7.1325,13.4297,16.8353,11.851,2.7845,-0.3752,4.3376,8.97
2023-04-07,2.83,1.7915,6.78,5.41,1.787,6.71,2.204,3.6126,0.6211,7.174,12.8822,17.0356,12.1966,2.7554,-0.4079,4.3837,10.23
2023-04-14,2.95,1.4868,6.99,6.34,1.8763,5.91,1.313,3.5391,0.9152,7.1916,13.0284,16.7449,12.5069,2.8641,-0.3629,4.3819,9.9
2023-04-21,2.86,1.773,6.46,5.58,2.266,6.26,1.4008,3.7758,1.2909,7.1079,12.5562,16.8063,12.9136,2.9471,-0.3884,4.3592,10.45
2023-04-28,3.57,0.6557,6.26,6.91,2.1674,4.97,2.0656,3.7976,2.2899,7.1931,12.7915,16.6087,12.5718,2.9506,-0.4061,4.3827,9.87
2023-05-05,3.08,0.1258,5.96,5.81,2.1554,7.25,2.7123,3.7499,1.9206,7.0744,12.5759,16.3705,12.3123,2.9669,-0.4377,4.3475,10.78
2023-05-12,3.15,1.3573,7.05,6.07,2.2454,7.25,0.9686,3.7703,2.6943,7.041,13.3111,16.1625,12.4503,3.0318,-0.3697,4.3565,10.4
2023-05-19,3.45,2.5086,7.8,6.85,2.5493,6.77,2.3679,3.8885,1.9007,7.1586,13.2422,16.069,12.9457,3.0525,-0.3241,4.3786,10.86
2023-05-26,3.4,1.4966,7.4,6.74,2.5596,6.27,3.5564,4.0142,1.8485,7.2649,13.4069,15.8588,12.8886,3.0388,-0.4311,4.3547,11.03
2023-06-02,3.31,1.3669,6.92,6.84,1.9688,6.76,3.3448,3.9145,2.7447,7.1811,13.3042,15.3447,12.5096,3.045,-0.4446,4.3354,10.5
2023-06-09,3.23,1.6405,6.58,6.55,2.2157,5.39,3.0502,3.9704,3.1339,7.0526,12.8302,14.6338,12.4319,3.1129,-0.4576,4.548,11.42
2023-06-16,3.19,1.4044,6.0,6.12,2.4352,6.31,2.3756,3.8451,2.0673,7.2954,12.6705,14.6013,12.2663,3.2387,-0.3734,4.5992,10.7
2023-06-23,3.44,2.5882,5.39,5.66,2.482,6.54,4.4156,3.8248,6.0356,7.1386,11.9629,14.8301,12.3233,3.2896,-0.3871,4.6304,10.51
2023-06-30,3.76,2.4203,7.33,5.98,2.3721,6.05,4.2118,3.911,5.1995,7.0921,12.1588,14.9357,12.027,3.3697,-0.3006,4.6737,10.15
2023-07-07,3.58,2.2549,6.48,6.08,2.0939,7.53,3.5477,3.9072,5.5339,7.1756,13.2484,14.9076,11.9552,3.3993,-0.2886,4.7359,9.94
2023-07-14,3.47,1.9453,6.51,5.1,2.0109,6.25,1.3271,3.9438,1.3932,7.1795,13.222,14.7336,12.0384,3.4515,-0.2766,4.9011,10.53
2023-07-21,3.45,0.8462,6.87,5.15,2.1942,6.3,0.8086,3.9233,2.972,7.2672,12.8868,14.2578,12.0776,3.5194,-0.2697,4.8992,10.26
2023-07-28,3.32,1.8552,5.5,5.54,1.9718,8.02,1.7399,3.6384,4.0121,7.2931,13.0159,14.0257,11.8209,3.5676,-0.2614,4.8987,9.82
2023-08-04,3.46,2.9948,6.84,5.69,2.1094,6.47,1.3454,3.7606,3.6876,7.2371,12.5622,14.0457,11.9024,3.5977,-0.3146,4.9041,10.11
2023-08-11,3.52,3.44,5.81,6.01,2.4332,7.2,1.5268,3.7424,3.5482,7.088,13.2076,13.8426,11.6743,3.6066,-0.3251,4.8954,9.73
2023-08-18,3.42,3.1305,6.44,5.53,2.7414,7.6,2.6659,3.7794,2.7922,7.2026,13.2849,13.6369,11.7643,3.6033,-0.3585,4.9021,10.01
2023-08-25,3.33,2.267,6.52,6.05,3.9503,7.6,1.5792,3.8596,1.3708,7.2337,13.0222,13.2299,11.6786,3.6337,-0.3336,4.914,9.26
2023-09-01,3.45,2.676,6.87,5.79,3.7082,6.21,1.3001,3.7674,3.1946,7.4181,12.8806,12.747,11.737,3.582,-0.4435,4.8704,9.35
2023-09-08,3.58,2.8681,8.12,6.96,4.1421,7.02,2.4213,3.8105,5.1569,7.0992,11.6653,12.8173,11.4729,3.6312,-0.4585,4.8792,8.96
2023-09-15,3.48,3.3433,6.52,6.02,4.9092,6.48,2.6024,3.8398,4.3246,6.8528,11.9255,12.3983,11.4897,3.8022,-0.4874,4.8743,8.74
2023-09-22,3.6,2.7417,6.98,4.76,4.4995,6.06,1.2648,3.793,4.1553,6.5213,12.0066,12.1545,11.4219,3.804,-0.4574,4.8583,8.68
2023-09-29,3.67,2.0084,7.39,5.4,4.1234,5.93,1.5915,3.7736,3.1001,6.4307,11.837,12.1104,11.4004,3.834,-0.4371,4.8844,7.93
2023-10-06,3.72,2.4432,6.59,5.34,4.5505,6.3,1.0278,3.747,3.4415,6.0345,12.1564,12.243,11.4706,3.8824,-0.3689,4.9016,8.68
2023-10-13,3.51,3.0542,7.09,5.01,3.9254,5.98,2.1967,3.8316,3.8796,6.1735,11.6432,11.9042,11.5576,3.8487,-0.4325,4.9109,7.69
2023-10-20,3.47,3.7692,6.33,4.8,4.1543,6.53,2.8565,3.9186,3.9137,5.8517,12.2836,11.7826,11.5878,3.871,-0.3913,4.9282,8.42
2023-10-27,3.63,2.5977,6.53,6.39,2.9338,6.0,2.4156,3.7761,4.1101,5.8252,11.6423,11.4903,11.4469,3.863,-0.422,4.899,7.63
2023-11-03,3.39,1.2683,6.06,4.45,2.765,5.13,4.0297,3.8115,0.0571,5.8176,11.5096,11.5244,11.0576,3.8874,-0.3458,4.9334,8.28
2023-11-10,3.64,3.95,6.04,4.25,3.0717,6.05,1.5835,3.7297,3.2238,5.8458,11.0012,11.1243,11.3001,3.8886,-0.3354,4.9269,8.22
2023-11-17,3.23,1.172,6.1,4.31,2.7027,5.7,0.966,3.808,-2.8722,5.7846,10.3587,11.1254,11.2767,3.9014,-0.3067,4.9438,8.57
2023-11-24,3.42,2.8991,6.33,3.8,2.4977,5.85,1.9661,3.8284,0.5917,5.8174,10.5542,10.9261,11.4185,3.8769,-0.291,4.9437,8.69
2023-12-01,3.16,2.6465,6.38,5.49,2.5279,6.86,2.2783,3.6888,0.229,6.6436,10.9288,9.2988,11.1952,3.6409,-0.6385,4.8127,8.07
2023-12-08,3.69,3.1978,6.4,6.02,3.188,5.58,2.0318,3.9268,-0.1187,6.4411,10.4152,8.4079,11.3174,3.7331,-0.6568,4.8721,8.07
2023-12-15,3.48,2.2711,6.33,4.69,2.9859,6.15,1.5984,3.9093,-3.1496,6.0971,9.8473,6.8102,11.2751,3.7225,-0.7278,4.8846,8.06
2023-12-22,3.38,1.2479,6.98,2.99,2.0811,5.05,3.6623,3.7883,-2.3435,6.41,9.1519,9.5237,11.2365,3.6941,-0.7354,4.8155,8.11
2023-12-29,3.52,2.1763,6.15,4.95,2.999,6.42,-1.5022,3.7257,-3.2334,5.8917,9.8535,10.2929,11.1396,3.9337,-0.3086,4.8899,7.59
2024-01-05,3.53,2.359,6.69,5.51,3.0062,6.01,2.1986,3.8276,0.1263,5.7873,10.9061,9.9443,11.3506,3.8905,-0.3115,4.9182,7.75
2024-01-12,3.42,3.2035,7.04,5.62,3.1825,6.68,2.2929,3.9129,-0.9243,5.7888,10.7388,9.6874,11.3053,3.8896,-0.2703,4.9154,7.54
2024-01-19,3.32,3.8336,6.49,5.88,3.2587,6.27,3.835,3.8482,-1.2525,5.7389,10.6154,9.5478,11.3748,3.9,-0.2433,4.9518,7.86
2024-01-26,3.47,3.4146,6.61,6.2,2.7126,6.74,3.2082,3.8175,0.6724,5.779,10.7249,9.4018,11.3687,3.8894,-0.2233,4.9551,7.98
2024-02-02,3.54,3.9563,6.36,5.88,3.1006,6.03,5.1524,3.7008,2.2403,5.7826,10.2976,9.4051,11.3136,3.8593,-0.2278,4.9306,7.91
2024-02-09,3.54,4.6216,6.53,6.44,3.2859,6.64,4.9227,3.6961,2.6209,5.7871,10.6868,9.194,11.2216,3.88,-0.2479,4.926,7.7
2024-02-16,3.7,4.8155,6.51,5.9,3.5376,7.71,5.7544,3.8045,3.6382,5.758,10.6304,9.0268,11.3684,3.8891,-0.2369,4.9216,7.37
2024-02-23,3.53,4.0244,6.41,4.9,2.9502,6.54,5.0717,3.7666,3.5935,5.7579,9.9718,8.8153,11.234,3.872,-0.2398,4.9036,7.1
2024-03-01,3.48,3.781,6.62,5.69,3.0721,6.94,4.2211,3.7484,3.8591,5.8342,9.275,8.3983,11.0619,3.8358,-0.3589,4.8542,7.19
2024-03-08,3.6,2.6348,4.79,5.9,2.5088,6.73,5.6406,3.7538,2.9512,5.848,9.1853,8.1218,10.9258,3.8626,-0.3018,4.8616,7.14
2024-03-15,3.44,3.727,5.95,5.22,2.7085,6.56,3.0708,3.7187,4.6723,5.7691,8.8485,8.042,11.0609,3.8672,-0.3144,4.8426,7.06
2024-03-22,3.43,4.5208,6.45,5.47,3.5754,6.55,4.8558,3.828,6.3485,5.761,9.0028,7.9122,11.0831,3.8913,-0.1847,4.8678,6.91
2024-03-29,3.42,3.8248,6.4,6.27,4.2262,7.07,5.0094,3.6843,4.3268,5.7079,9.3631,7.8303,11.0077,3.8695,-0.1802,4.8777,6.55
2024-04-05,3.54,3.4566,6.48,6.92,3.7965,7.33,5.0992,3.6083,4.6336,5.7342,9.3172,7.6753,11.0545,3.8758,-0.1709,4.8457,6.4
2024-04-12,3.51,3.6693,6.41,5.9,4.738,7.34,5.2334,3.6463,5.0322,5.6988,9.3309,7.5862,11.1578,3.851,-0.1942,4.8705,6.44
2024-04-19,3.3,5.1399,6.57,6.57,4.9328,7.01,5.3122,3.6692,4.0746,5.7856,9.3853,7.5215,11.3235,3.8735,-0.167,4.8658,6.51
2024-04-26,3.51,3.2131,6.56,6.36,3.4113,7.04,4.9155,3.6593,5.0422,5.8117,9.3842,7.3582,11.0685,3.8629,-0.1741,4.8475,6.06
2024-05-03,3.58,2.7205,6.62,6.24,3.3746,5.83,4.4587,3.7131,2.8322,5.8218,9.1697,7.2696,11.0353,3.8842,-0.1275,4.8549,5.82
2024-05-10,3.37,3.4782,6.65,5.89,2.8275,6.92,3.6718,3.7244,4.0447,5.7387,9.2483,7.1909,11.0978,3.8628,-0.1437,4.835,6.14
2024-05-17,3.38,3.2154,6.56,5.52,2.4081,6.86,3.9222,3.648,4.0515,5.7722,9.1707,6.9145,11.1672,3.8183,-0.1231,4.8289,5.93
2024-05-24,3.36,3.9469,6.56,6.03,2.3294,6.75,4.27,3.6467,3.9319,5.7893,9.0932,6.8855,11.0857,3.768,-0.1072,4.7549,5.76
2024-05-31,3.44,3.9886,6.53,7.14,2.4425,6.59,4.0641,3.6463,5.912,5.8313,8.9373,6.6762,11.0429,3.7364,-0.1581,4.6735,6.0
2024-06-07,3.5,4.0099,6.59,6.07,2.2552,6.61,3.8762,3.7319,4.0853,5.7794,9.034,6.5942,11.0897,3.6641,-0.1774,4.6286,6.07
2024-06-14,3.39,3.247,6.33,6.19,2.3766,7.83,3.7963,3.7492,3.9957,5.785,9.2623,6.6357,11.3221,3.6204,-0.2053,4.6035,5.73
2024-06-21,3.29,3.636,6.42,6.27,2.3073,6.33,3.9804,3.7458,3.9474,5.7814,9.1361,6.7343,11.2843,3.631,-0.1705,4.6305,5.8
2024-06-28,3.37,3.8217,6.37,5.83,2.6292,6.1,4.5011,3.6613,4.5358,5.7886,9.4881,6.6997,10.8739,3.637,-0.1509,4.5693,5.58
2024-07-05,3.4,3.0483,6.48,5.61,2.6939,5.76,5.0148,3.7245,5.7648,5.7762,9.5598,6.7009,11.0141,3.6514,-0.1085,4.5533,5.58
2024-07-12,3.31,3.1047,6.38,5.53,2.9017,5.88,3.544,3.6423,3.225,5.7853,9.578,6.6443,10.9271,3.6525,-0.0925,4.5266,5.63
2024-07-19,3.27,3.0937,6.39,5.23,2.914,6.42,3.766,3.661,4.1576,5.7879,9.4462,6.5714,11.0185,3.6667,-0.0729,4.4738,5.71
2024-07-26,3.28,2.1528,6.49,5.79,2.5228,6.67,3.8532,3.6249,3.1459,5.7821,9.4591,6.522,10.9949,3.6655,-0.0599,4.392,5.59
2024-08-02,3.24,2.1851,6.43,6.2,2.0193,7.2,4.788,3.5709,-0.3003,5.781,9.5702,6.4738,10.906,3.6414,-0.0725,4.3686,5.69
2024-08-09,3.26,1.3261,6.45,5.66,2.3564,6.44,6.0016,3.5742,-4.31,5.8396,9.36,6.5377,10.8968,3.6632,-0.0558,4.3274,5.69
2024-08-16,3.26,2.6496,6.43,5.72,1.5139,7.44,2.6084,3.5896,-0.7378,5.7995,9.4811,6.4878,10.9144,3.6467,-0.0372,4.2636,5.62
2024-08-23,3.06,2.0263,6.28,5.47,1.4684,6.21,3.6612,3.2904,-1.7225,5.7635,9.525,6.4506,10.9609,3.6012,0.0219,4.1931,5.72
2024-08-30,2.98,2.2779,6.41,5.42,1.5174,6.61,2.5738,3.05,-0.8424,5.8075,9.4039,6.4336,10.8284,3.5522,-0.0364,4.1192,5.79
2024-09-06,3.06,2.2129,6.59,4.93,1.1395,6.66,2.9513,3.1728,-2.0457,5.788,9.5569,6.3016,10.6945,3.4749,-0.1005,4.1258,5.64
2024-09-13,2.9,1.8361,6.34,4.83,1.4274,6.63,4.7142,3.1069,-1.5148,5.747,9.5143,6.279,10.688,3.4129,-0.1207,4.1203,5.54
2024-09-20,2.61,3.2179,6.34,4.13,1.2862,6.29,-2.0571,2.9885,0.7439,5.7523,8.9741,6.2445,10.6448,3.4152,-0.0999,4.1267,5.36
2024-09-27,2.83,2.2466,6.53,4.09,1.9079,6.16,2.791,3.0132,-2.365,5.6822,9.3051,6.1701,10.4079,3.369,-0.0575,4.0386,5.13
2024-10-04,2.72,4.3753,6.73,5.26,2.2518,7.33,3.7142,3.2338,2.2737,5.8121,9.7302,6.3006,10.6161,3.2948,-0.0016,3.9966,5.2
2024-10-11,2.86,3.8624,6.73,5.26,2.2659,6.44,3.3194,3.1355,3.1547,5.8126,9.7592,6.3657,10.5946,3.2463,-0.0327,3.8643,5.02
2024-10-18,2.98,3.6023,6.35,4.97,2.1491,6.41,2.8422,3.0809,1.7768,5.7659,9.566,6.3158,11.0892,3.1941,0.0005,3.7171,5.06
2024-10-25,3.0,3.6525,6.28,5.09,1.9468,6.53,3.7236,3.0357,2.3696,5.7647,9.4588,6.3136,10.8508,3.1665,-0.0004,3.6086,5.0
2024-11-01,3.2,3.8629,6.07,5.05,2.2053,6.44,3.2514,3.0332,1.4507,5.8178,9.8444,6.4874,10.9476,3.18,0.0059,3.6093,5.01
2024-11-08,3.57,3.5245,6.23,5.76,2.3352,6.41,4.4774,3.0712,2.4602,5.8553,9.6945,6.443,10.8167,3.1723,0.0279,3.6366,5.1
2024-11-15,3.83,4.0073,6.18,5.22,3.644,6.54,2.6712,3.0499,3.1981,5.8768,9.9488,6.3463,10.9139,3.1746,0.0477,3.5399,4.97
2024-11-22,3.49,3.5829,6.39,5.29,3.8407,6.34,3.9882,3.0528,3.4444,5.9638,9.6129,6.3119,10.9661,3.0703,0.0939,3.4595,5.16
2024-11-29,3.21,1.9669,6.77,5.34,2.6622,6.05,4.0753,2.9446,1.856,6.6264,9.6409,5.8712,10.765,2.9313,-0.4013,3.1526,5.1
2024-12-06,3.32,1.746,6.52,5.33,1.9826,5.72,3.9279,2.9801,2.6679,6.4642,9.4643,6.0039,10.9924,2.8842,-0.3579,3.0123,5.04
2024-12-13,3.18,3.4474,7.05,6.21,3.4678,6.39,3.4727,2.8923,2.8519,6.0552,9.3985,5.8717,11.2022,2.8303,-0.3776,2.9203,4.93
2024-12-20,2.99,4.5761,7.1,7.32,3.1853,6.64,2.8703,2.9483,2.5974,5.7405,11.1416,6.0244,12.0429,2.7637,-0.418,3.0041,4.87
2024-12-27,3.65,3.7561,8.18,10.78,3.0227,6.86,4.0786,2.8658,2.8556,5.7271,11.7467,6.0894,11.244,2.7595,0.0636,3.0248,4.79
2025-01-03,3.12,3.7595,7.74,6.82,4.0131,6.39,2.9868,2.9254,5.2983,5.6511,11.0814,6.162,10.6433,2.89,0.0514,3.0874,4.95
2025-01-10,3.13,4.4187,10.87,6.07,3.2322,6.65,3.9736,2.9641,4.1893,5.7879,11.5444,6.2756,10.4389,2.8263,0.0759,3.0473,4.83
2025-01-17,3.0,3.3649,7.9,5.69,3.1112,6.83,3.5084,2.8417,4.5413,5.7642,11.284,6.2796,10.6089,2.7823,0.1485,2.9891,4.42
2025-01-24,2.96,2.1289,7.44,4.78,1.9568,2.92,3.675,2.8562,0.4858,5.7077,11.7787,6.2919,10.2378,2.7237,0.1798,2.9413,4.5
2025-01-31,2.98,2.6888,7.45,5.67,2.7659,5.7,2.9135,2.8331,3.5737,5.6968,12.1859,6.2433,10.0539,2.6761,0.1824,2.8638,4.71
2025-02-07,2.89,2.5756,7.67,5.38,2.5361,5.9,3.2663,2.8151,4.0209,5.7498,12.1105,6.2601,9.8207,2.6629,0.2008,2.9024,4.59
2025-02-14,2.67,2.3877,7.86,5.37,2.3959,5.83,3.3857,2.7347,2.7765,5.7096,11.8778,6.2757,9.8702,2.615,0.2373,2.8632,4.45
2025-02-21,2.47,2.6155,7.41,4.99,1.9374,5.43,2.9735,2.6972,2.5837,5.7449,12.1964,6.2448,9.6515,2.5591,0.2431,2.8465,4.65
2025-02-28,2.51,4.3037,7.61,5.22,2.2498,5.97,3.9762,2.6021,3.7573,5.7452,12.4167,6.2345,9.5988,2.4893,0.1952,2.7734,4.93
2025-03-07,2.35,1.6014,7.31,4.98,1.7468,5.47,4.6706,2.4027,1.5096,5.7555,12.4917,6.2492,9.3748,2.443,0.1932,2.7214,4.58
2025-03-14,2.47,1.8409,7.43,5.04,1.7442,5.67,3.3715,2.5714,2.0691,5.7184,12.8674,6.162,9.3499,2.4244,0.1708,2.6746,4.54
2025-03-21,2.41,1.9448,8.6,4.83,1.9398,5.81,2.7442,2.6803,2.4132,5.781,12.8573,6.1853,9.3629,2.4127,0.2156,2.6256,4.64
2025-03-28,2.47,2.0631,7.69,5.0,1.8257,6.0,3.1284,2.3656,1.6133,5.7485,12.0247,6.1643,9.2091,2.3637,0.2897,2.5751,4.49
2025-04-04,2.39,1.9011,7.78,4.91,2.2467,6.27,2.4709,2.5783,1.2091,5.6773,12.9687,6.2107,9.3397,2.2821,0.1808,2.5171,4.36
2025-04-11,2.33,1.7372,7.27,5.16,1.2143,6.82,5.9342,2.314,-4.2555,5.7765,12.9598,6.3237,9.4368,2.2294,0.17,2.4794,4.34
2025-04-18,2.11,2.1909,7.08,5.13,0.9446,5.86,2.2339,2.3636,-1.9784,5.6581,12.9506,6.2666,9.4812,2.1556,0.2483,2.5377,4.36
2025-04-25,2.13,1.9582,7.28,4.8,1.4369,5.67,4.1049,2.3052,-0.3505,5.4879,13.2824,6.1679,9.3549,2.1406,0.2673,2.5763,4.46
2025-05-02,2.18,1.4638,7.65,5.0,2.1141,5.46,6.4331,2.2672,-8.368,5.4325,13.6273,6.1813,9.2823,2.1465,0.2612,2.5927,4.58
2025-05-09,2.1,1.4134,7.25,5.59,1.4927,5.87,1.7364,2.2254,-10.4697,5.3604,13.8231,6.1817,9.1494,2.1299,0.2721,2.5441,4.59
2025-05-16,1.93,2.7697,6.92,5.49,1.3707,5.46,1.6966,2.1514,-4.0505,5.2509,13.6756,6.1627,9.1057,2.0806,0.2902,2.5219,4.43
2025-05-23,1.57,1.2426,6.57,5.01,1.3361,5.34,3.2927,2.0468,-9.243,5.2768,13.551,6.221,9.1054,1.9974,0.2848,2.5528,4.34
2025-05-30,1.95,2.2173,6.65,5.18,1.6371,5.81,2.5516,2.081,-5.5941,5.2545,13.5702,6.1633,8.9494,1.996,0.2377,2.5424,4.32
2025-06-06,2.0,1.837,5.83,4.98,1.4196,5.65,0.6206,1.8467,-3.542,5.2599,13.7337,6.1761,8.6391,1.9244,0.2647,2.5852,4.19
2025-06-13,1.91,2.4118,5.96,5.32,1.4604,5.85,2.7203,1.8607,-9.7963,5.2686,13.4495,6.1513,8.4284,1.9034,0.238,2.5824,4.16
2025-06-20,2.15,3.859,6.08,5.58,1.508,5.7,2.0833,1.9098,-5.7488,5.2578,13.2962,6.185,8.4689,1.918,0.2769,2.589,4.32
2025-06-27,2.17,2.1351,6.2,4.98,1.4869,5.46,2.4272,1.7676,-14.3284,5.2704,13.5733,6.2049,8.2019,1.9299,0.2967,2.5641,4.27
2025-07-04,2.31,1.8913,5.98,5.27,1.5,5.58,2.5713,1.7296,-3.1666,5.0688,13.8753,6.2067,8.1602,1.9235,0.2927,2.5529,4.29
2025-07-11,2.34,2.7285,5.94,5.43,1.579,5.68,3.0046,1.7214,-4.0178,5.094,13.8239,6.2341,8.3533,1.9335,0.3214,2.5876,4.39
2025-07-18,2.3,2.14,6.12,5.23,1.5402,5.56,2.3277,1.5334,0.1802,5.0771,13.788,6.2786,8.4472,1.94,0.3317,2.5974,4.6
2025-07-25,2.37,1.8973,6.36,5.17,1.4752,5.52,2.3886,1.6254,-0.0164,5.0729,13.8608,6.2608,8.2946,1.956,0.3548,2.6339,4.36
2025-08-01,2.55,2.4314,6.25,5.27,1.5428,5.55,2.8008,1.5688,-1.1348,5.0628,14.1028,6.2946,8.2528,1.955,0.3333,2.6059,4.24
2025-08-08,2.46,2.2094,6.18,5.46,1.4144,4.97,0.4972,1.6388,1.588,5.0417,13.8953,6.3248,8.1455,1.9725,0.3222,2.671,4.02
2025-08-15,2.46,2.3761,6.21,5.38,1.6221,4.78,2.3063,1.5842,2.2485,4.982,13.8918,6.3089,8.207,1.9658,0.3613,2.6499,4.01
2025-08-22,2.38,2.1729,6.26,5.72,1.5502,4.88,2.1648,1.4991,-0.3281,4.9599,13.8354,6.3346,8.3113,1.9688,0.3683,2.6449,4.18
2025-08-29,2.4,2.0943,6.23,5.58,1.5227,5.84,2.2399,1.3127,0.34,4.9067,13.7817,6.3331,8.1341,1.9562,0.2798,2.5745,4.11
2025-09-05,2.38,1.4074,6.16,5.41,1.525,5.41,2.7688,1.3453,0.3477,4.8084,13.7501,6.3491,8.0292,1.954,0.2941,2.5456,4.12
2025-09-12,2.3,1.6976,6.11,5.44,1.4155,5.34,4.5552,1.3347,1.5233,4.8236,13.5411,6.3369,7.9886,1.938,0.279,2.5143,4.11
2025-09-19,2.41,2.275,6.35,5.17,1.6241,6.07,1.4321,1.4644,2.6826,4.7806,13.3242,6.2617,7.9441,1.9406,0.2911,2.4516,4.1
2025-09-26,2.57,2.7792,6.53,5.38,1.5233,5.97,0.8302,1.3843,2.1594,4.7492,13.1908,6.2893,8.0281,1.9227,0.3092,2.4543,4.04
2025-10-03,2.43,2.7573,6.33,5.37,1.4718,5.09,2.9275,1.3179,3.1229,4.6812,13.716,6.3825,7.9285,1.9402,0.3678,2.4293,4.11
2025-10-10,2.42,2.3564,6.03,5.15,1.609,5.49,1.5219,1.3096,3.0224,4.5482,13.5585,6.3909,7.9179,1.9585,0.3537,2.3731,4.11
2025-10-17,2.24,2.9385,5.84,4.61,1.4317,5.66,2.9875,1.3319,3.1797,4.5078,13.7087,6.3905,7.9861,1.9368,0.3031,2.3193,4.07
2025-10-24,2.32,2.4676,6.08,4.76,1.5118,5.53,3.4795,1.2478,2.8507,4.4186,13.7282,6.4381,7.927,1.9456,0.3513,2.2336,3.93
2025-10-31,2.47,2.5155,6.14,4.83,1.4445,4.83,3.3834,1.214,3.8484,4.3248,14.0573,6.3976,7.786,1.958,0.3254,2.1747,3.74
2025-11-07,2.44,2.4533,6.1,5.22,1.5496,5.12,3.6011,1.1515,3.0335,4.3093,14.0624,6.407,7.7203,1.9689,0.3426,2.165,3.91
2025-11-14,2.21,2.3657,5.92,5.08,1.5944,5.08,2.6993,1.2008,-4.2162,4.2913,13.7678,6.3965,7.8614,1.9587,0.3355,2.1656,3.8
2025-11-21,2.22,3.1077,6.04,4.67,1.5241,5.09,2.5758,1.254,0.4937,4.2513,13.9106,6.3537,7.781,1.9671,0.3635,2.2015,3.71
2025-11-28,1.99,2.3215,6.17,4.45,1.4416,4.71,2.3025,1.1316,5.2429,4.3464,13.0663,6.0256,7.5963,1.8683,0.1292,2.0196,3.23
2025-12-05,2.31,2.6181,7.01,4.94,1.344,4.68,3.4493,1.1507,2.7241,4.2682,13.211,5.6795,7.5151,1.8676,0.1353,2.0089,3.21
2025-12-12,2.09,2.4795,7.67,5.35,1.6042,4.81,1.6529,1.1232,5.4362,4.1442,13.3633,5.7407,7.4298,1.8556,0.1641,2.016,2.99
2025-12-19,2.29,2.2379,9.14,5.29,1.4649,5.05,3.0806,1.2687,6.9419,4.0113,12.9812,5.7722,7.2903,1.8953,0.3181,2.0501,2.24
2025-12-26,2.63,2.3912,10.13,4.85,1.5627,4.9,1.2217,1.2547,6.9671,3.9509,12.9343,5.9303,6.9123,1.927,0.3234,2.0367,2.33
2026-01-02,2.58,2.742,6.68,5.25,1.4534,4.59,2.1383,1.2114,7.7879,3.9545,13.3727,6.153,7.2168,1.9833,0.5258,2.0772,1.94
2026-01-09,2.68,2.2812,6.87,5.28,1.7009,4.61,-0.3021,1.168,7.839,3.9059,13.7348,6.0944,7.0803,1.9633,0.5835,2.1597,3.69
2026-01-16,2.61,2.2167,6.93,5.37,1.8321,4.7,2.7006,1.1775,4.6756,3.8881,13.607,6.1601,7.11,1.9791,0.6026,2.1438,3.75
2026-01-23,2.37,2.203,6.21,4.81,1.6119,4.3,4.9068,1.1658,1.4069,3.8643,13.5358,6.2543,7.0532,1.9689,0.6074,2.1477,3.94
2026-01-30,2.4,1.9455,6.18,4.81,1.6988,4.4,-0.1468,1.1591,6.0071,3.8414,13.6045,6.1964,6.9462,1.9673,0.5893,2.1675,3.99
2026-02-06,2.51,1.734,5.55,4.77,1.3764,4.36,1.151,1.1325,4.0446,3.8858,13.6399,6.234,6.7805,1.9683,0.5868,2.1842,3.96
2026-02-13,2.37,1.8845,5.65,4.83,1.3292,4.55,0.8761,1.1243,1.6772,3.8861,13.6039,6.1574,7.0148,1.9623,0.5871,2.1744,3.89
2026-02-20,2.5,1.5701,5.68,5.09,1.295,4.69,1.9816,1.1614,3.4352,3.8584,13.594,6.0853,7.0423,1.9429,0.5982,2.175,3.78
2026-02-27,2.63,2.028,6.93,4.78,1.3894,4.55,1.6489,1.1142,4.2825,3.8119,13.6719,5.8567,6.7905,1.9321,0.5518,2.1724,3.8
2026-03-06,2.77,2.9186,8.19,6.37,1.4287,5.12,1.8688,1.0987,7.4524,3.8205,13.5835,5.9265,6.7722,1.9301,0.5335,2.1246,3.67
2026-03-13,2.79,5.6513,8.92,7.0,1.2423,5.3,1.5,1.1507,7.0544,3.7997,13.2579,6.0235,7.1016,1.9224,0.541,2.1072,3.56
2026-03-20,2.75,5.6024,8.9,6.52,1.2839,5.15,1.8467,1.1514,5.0082,3.7913,12.7561,6.1242,7.1464,1.9328,0.5031,2.15,3.45
2026-03-27,2.84,2.8553,10.23,6.55,1.1135,4.73,1.5685,1.1756,6.9599,3.7808,12.4942,5.8934,6.8421,1.8966,0.521,2.1163,2.65
2026-04-03,2.65,3.6147,14.94,7.05,1.1552,4.72,2.4162,1.1404,8.1034,3.7971,13.0865,5.9829,6.7706,1.9268,0.5679,2.1151,3.62
2026-04-10,2.73,3.0271,12.83,6.17,1.1207,4.59,3.2929,1.0608,5.8155,3.7602,13.1861,5.9112,6.8818,1.954,0.6177,2.1164,3.71
2026-04-17,2.66,1.715,8.14,5.14,1.0894,4.85,2.3881,1.1095,3.4494,3.7308,13.0899,5.6814,6.859,1.9511,0.6148,2.1569,3.72
2026-04-24,2.72,3.7488,7.88,5.25,1.0851,4.34,2.8711,1.1228,6.1261,3.7389,13.4172,5.7043,6.8378,1.9497,0.5971,2.1899,3.64
2026-05-01,2.77,4.0358,9.55,5.5,1.1505,4.89,2.0908,1.1031,5.5582,3.754,13.5824,5.7636,6.6734,1.9524,0.6084,2.1521,3.58
2026-05-08,3.04,1.5173,7.31,5.55,1.1452,4.37,2.704,1.2109,5.1123,3.7216,13.5271,5.6485,6.6817,1.9475,0.5965,2.1479,3.18
2026-05-15,2.79,2.8603,7.04,4.92,1.1318,4.82,1.5964,1.1765,6.3838,3.6898,13.5278,5.0041,6.721,1.9455,0.602,2.1135,3.45
2026-05-22,2.66,1.9918,7.25,4.88,1.0729,6.57,2.1937,1.1399,4.9756,3.7208,13.1508,5.6312,6.808,1.9891,0.6486,2.1414,2.91
2026-05-29,2.84,1.5556,8.36,4.6,1.0078,6.44,3.0094,1.0452,7.4017,3.7366,13.2519,5.5672,6.6915,2.0387,0.6335,2.1168,3.29
2026-06-05,3.0,2.8874,7.5,5.75,1.0943,5.89,1.9377,1.1709,7.8728,3.7221,13.2581,5.4441,6.6485,2.1164,0.7163,2.1535,3.72
2026-06-12,2.79,0.6502,6.86,4.91,1.1457,4.91,4.549,1.1658,2.0968,3.7518,13.2218,5.4481,6.717,2.1598,0.7549,2.1111,3.63
2026-06-19,2.97,2.0774,7.04,4.69,1.2541,6.21,3.2989,1.1994,5.6217,3.7523,13.1209,5.358,6.664,2.1831,0.7896,2.1234,3.57
2026-06-26,3.76,2.4917,7.28,4.13,1.2112,5.97,3.3976,1.1283,5.5395,3.7578,13.0105,5.1353,6.6079,2.1558,0.7512,2.131,2.9
2026-07-03,3.33,1.0179,6.98,4.92,1.2359,6.44,3.2484,1.2576,6.2254,3.7431,13.2675,5.2579,6.628,2.1931,0.8315,2.1148,3.47
2026-07-10,3.02,2.4204,7.37,5.41,1.2621,6.33,2.617,1.2052,0.982,3.7969,13.108,5.4359,6.7297,2.2198,0.826,2.1445,3.61
2026-07-17,3.47,3.4003,7.4,5.09,1.2458,6.59,2.0202,1.2391,4.3964,3.7636,13.009,5.37,6.7195,2.2148,0.8145,2.1457,3.36
2026-07-24,3.82,4.1452,7.53,6.55,1.2092,6.61,3.6095,1.2692,3.6698,3.8323,12.8869,5.3891,6.718,2.1926,0.801,2.1465,3.11
