date,US,KRW,THB,IDR,PHP,CNH,MYR,SGD,TWD,EUR,CAD,JPY,CLP,PLN,BRL,HUF,MXN
2013-01-04,0.271628,2.7904,2.9246,4.3564,2.9412,3.0985,3.0222,0.2112,0.7715,0.1722,1.2307,0.121814,,3.2656,2.5737,5.4474,
2013-01-11,0.245012,2.7625,2.9344,4.3731,2.7022,3.0308,3.0495,0.2242,0.7692,0.2022,1.2125,0.095586,,3.4576,2.5199,5.4569,
2013-01-18,0.254315,2.7535,2.8894,4.3925,2.6799,3.0296,3.0281,0.1849,0.7527,0.24,1.1993,0.094175,,3.387,2.7307,5.2958,
2013-01-25,0.275845,2.7295,2.898,4.3534,2.6556,3.0262,3.0446,0.1992,0.7622,0.3075,1.1607,0.092653,,3.2564,2.9322,5.3647,
2013-02-01,0.25788,2.7849,2.892,4.4256,2.4005,3.0407,3.0509,0.2436,0.7816,0.308,1.2273,0.095171,,3.2549,3.0152,5.1345,
2013-02-08,0.249998,2.7399,2.7924,4.3566,2.4554,2.9858,3.0405,0.2604,0.7728,0.2602,1.1308,0.047793,,3.4167,3.378,5.1033,
2013-02-15,0.266095,2.7278,2.8195,4.3302,2.3518,2.9973,3.0242,0.2488,0.7743,0.2663,1.1549,0.05311,,3.3866,3.3875,5.0549,
2013-02-22,0.249995,2.685,2.8409,4.24,2.2561,3.0118,2.996,0.178,0.7924,0.2257,1.0976,0.055167,,3.4146,3.5361,4.9973,
2013-03-01,0.238181,2.6435,2.8573,4.2632,2.2014,3.0224,2.9934,0.18,0.786,0.152,0.9821,0.048935,,3.4747,3.3654,4.8663,
2013-03-08,0.253975,2.6621,2.8735,4.2061,1.8424,3.0247,2.9706,0.1807,0.7888,0.1869,1.0423,0.041967,,3.3535,3.4821,4.8232,
2013-03-15,0.249996,2.6253,2.8329,4.2705,1.7681,3.0498,2.967,0.169,0.8038,0.1608,1.039,0.042442,,3.1583,3.5139,4.8626,
2013-03-22,0.249995,2.6034,2.8239,4.3688,1.7554,3.0356,2.9516,0.1688,0.7966,0.1502,1.0212,0.041624,,3.1208,3.6139,4.8555,
2013-03-29,0.25,2.5479,2.826,4.4333,1.7329,3.0386,2.9521,0.2103,0.8082,0.1308,1.0344,0.055179,,3.1428,3.6266,4.6753,
2013-04-05,0.230195,2.4411,2.8217,4.4975,1.7246,3.0165,2.9643,0.1839,0.784,0.1128,0.9983,0.090014,,2.9761,3.5289,4.3107,
2013-04-12,0.230001,2.6823,2.8405,4.5039,1.8045,2.9583,2.9653,0.1627,0.7675,0.1223,0.9822,0.140525,,3.0193,3.7258,4.3323,
2013-04-19,0.229803,2.6279,2.8171,4.5073,1.8334,2.9971,2.9653,0.1696,0.7612,0.1244,0.9736,0.129651,,2.8466,3.4937,4.1655,
2013-04-26,0.215086,2.5689,2.8306,4.4191,1.5495,3.0281,2.9832,0.1734,0.7235,0.1047,0.9838,0.12867,,2.6669,3.5193,4.308,
2013-05-03,0.215825,2.5003,2.7075,4.358,1.5304,2.9718,2.9711,0.1883,0.6923,0.0939,1.0155,0.116785,,2.5827,3.4382,4.1869,
2013-05-10,0.236665,2.5672,2.723,4.3654,1.6298,3.0155,2.9343,0.1891,0.7022,0.1387,1.0602,0.122124,,2.5549,3.572,4.1285,
2013-05-17,0.245821,2.5816,2.6837,4.4079,1.5389,3.0237,2.9478,0.194,0.6986,0.0871,1.0627,0.163249,,2.5574,3.6071,4.0859,
2013-05-24,0.247185,2.6261,2.694,4.5576,1.7752,3.034,3.0083,0.3206,0.7126,0.1312,1.083,0.163538,,2.5882,3.7881,4.1652,
2013-05-31,0.305121,2.7577,2.6963,4.7278,2.1597,3.0244,3.0181,0.3956,0.7183,0.1786,1.1283,0.163538,,2.7521,4.2603,4.3902,
2013-06-07,0.297697,2.7332,2.6775,4.8298,2.2545,3.1069,2.9931,0.2602,0.7244,0.2433,1.1724,0.163538,,2.8576,4.4064,4.4161,
2013-06-14,0.270058,2.7462,2.8194,7.789,2.3205,3.2012,3.1163,0.3035,0.7158,0.2264,1.1422,,,2.776,5.0373,4.54,
2013-06-21,0.363577,2.9423,2.9648,6.1539,2.6391,3.5164,3.2042,0.4402,0.7245,0.3395,1.2696,,,3.1088,5.4409,5.1165,
2013-06-28,0.347499,2.853,2.8991,6.6497,3.3533,3.4798,3.2686,0.2642,0.7022,0.2998,1.2713,,,3.107,4.9898,4.7128,
2013-07-05,0.394838,2.8709,2.8823,6.8133,2.8315,3.3047,3.2223,0.187,0.7615,0.2261,1.2698,,,3.0279,5.1302,4.3936,
2013-07-12,0.350965,2.8026,2.8872,7.0723,2.5,3.4201,3.216,0.1376,0.7475,0.2095,1.1668,,,2.9102,5.1168,4.3463,
2013-07-19,0.302246,2.7862,2.9059,7.3847,2.1194,3.4612,3.2872,0.1549,0.7474,0.1976,1.1151,,,2.8571,4.6985,4.4275,
2013-07-26,0.312745,2.874,2.8937,7.2585,2.2507,3.6704,3.2699,0.1749,0.735,0.2556,1.1873,,,2.8654,4.6493,4.3538,
2013-08-02,0.297369,2.8994,2.9115,7.1403,2.0169,3.6048,3.2736,0.2036,0.7577,0.2466,1.207,,,2.8597,5.0678,4.4617,
2013-08-09,0.305801,2.8513,2.8735,7.1567,1.997,3.6186,3.2158,0.2124,0.7858,0.2628,1.1776,,,2.9263,4.896,4.3654,
2013-08-16,0.350669,2.8954,2.8823,7.3998,2.0043,3.7614,3.2164,0.2382,0.8061,0.319,1.2685,,,3.0851,5.4971,4.6137,
2013-08-23,0.384243,2.8748,2.8879,7.6695,2.1007,3.818,3.2719,0.2673,0.8123,0.3635,1.238,,,3.153,5.4769,4.7506,
2013-08-30,0.382881,2.8265,3.0643,7.8541,2.3448,3.8013,3.3109,0.2759,0.8051,0.3318,1.2338,0.126674,,3.1407,5.5061,4.718,
2013-09-06,0.462513,2.9486,3.1094,7.8774,2.6922,3.8482,3.2925,0.3705,0.8298,0.3617,1.3342,0.130522,,3.2929,5.4976,4.7664,
2013-09-13,0.439249,2.8928,3.056,7.5961,2.6117,3.8235,3.2574,0.2803,0.8186,0.3495,1.3205,0.126692,,3.1515,5.4549,4.4077,
2013-09-20,0.330433,2.8186,2.9657,7.1569,2.1659,3.7987,3.2018,0.2706,0.7978,0.3244,1.2201,0.119041,,3.109,5.1446,4.208,
2013-09-27,0.328446,2.8077,2.9685,7.2368,2.1488,3.736,3.2327,0.3645,0.812,0.2834,1.2026,0.103547,,3.1226,5.3095,4.1462,
2013-10-04,0.329204,2.7986,2.9491,7.3009,2.0871,3.7302,3.1454,0.305,0.7915,0.2922,1.1927,0.102114,,3.1098,5.3579,4.1237,
2013-10-11,0.338106,2.8594,2.9414,7.1292,1.9302,3.7516,3.1196,0.3381,0.8062,0.2963,1.206,0.101071,,3.0278,5.3245,4.0374,
2013-10-18,0.310558,2.7836,2.8981,6.8993,1.8805,3.785,3.0802,0.3076,0.7908,0.285,1.1692,0.102821,,2.9516,5.4498,3.9253,
2013-10-25,0.303,2.7691,2.8632,6.425,1.5699,3.8916,3.0392,0.2622,0.7952,0.2863,1.0738,0.102205,,2.9047,5.4177,3.8501,
2013-11-01,0.313091,2.8062,2.9131,6.6935,1.5768,4.0077,3.0556,0.2768,0.7905,0.2283,1.1146,0.102953,,2.9076,5.6239,3.8967,
2013-11-08,0.305816,2.8206,2.9118,7.0692,1.5395,4.0277,3.0678,0.222,0.7883,0.2327,1.1243,0.0997,,2.929,6.0923,3.8588,
2013-11-15,0.294219,2.8594,2.9287,7.5448,1.6532,4.2308,3.0996,0.2394,0.7824,0.2206,1.0977,0.101526,,2.8819,5.6817,3.6721,
2013-11-22,0.278412,2.8758,2.9697,7.679,1.7948,4.4614,3.0785,0.2466,0.7756,0.2407,1.0882,0.098173,,2.8861,5.933,3.6823,
2013-11-29,0.27948,2.9175,2.7326,7.7764,1.5837,4.3043,3.1526,0.2683,0.7881,0.2296,1.0863,0.092636,,2.9282,6.0484,3.647,
2013-12-06,0.303593,2.9243,2.7986,7.9973,1.8022,4.346,3.1972,0.3376,0.7648,0.2999,1.0803,0.096332,,2.9579,6.1194,3.6176,
2013-12-13,0.322173,2.8811,2.7904,7.8191,1.8006,4.3811,3.2248,0.361,0.76,0.3398,1.0832,0.098005,,2.8969,5.9129,3.5829,
2013-12-20,0.375587,2.8387,2.7517,7.7139,1.9394,4.4632,3.2771,0.3108,0.7522,0.3324,1.0824,0.099096,,2.8825,6.1538,3.5207,
2013-12-27,0.391314,2.8102,2.6575,7.5635,2.0107,4.4402,3.3039,0.4081,0.7562,0.3471,1.1299,0.100365,,2.8932,6.1339,3.4899,
2014-01-03,0.396455,2.8737,2.5587,7.7545,2.065,4.441,3.3087,0.3948,0.7666,0.3251,1.1176,0.105796,,2.9383,6.185,3.5829,
2014-01-10,0.373873,2.8313,2.6156,7.9371,2.4536,4.3311,3.1895,0.4072,0.7561,0.3046,0.9987,0.097921,,2.8408,6.1868,3.3924,
2014-01-17,0.379324,2.8239,2.5698,7.5953,2.3895,4.2976,3.2088,0.4119,0.7779,0.2961,1.0185,0.09583,,2.877,6.2291,3.2394,
2014-01-24,0.347786,2.8049,2.5874,7.7029,2.5696,3.985,3.2306,0.3751,0.7244,0.2586,0.9869,0.092584,,2.9762,6.5919,3.3439,
2014-01-31,0.33561,2.8359,2.6174,7.8458,2.565,3.991,3.2752,0.3894,0.7048,0.1962,0.9705,0.0931,,3.2243,6.8686,4.1134,
2014-02-07,0.307404,2.8118,2.6154,7.7804,2.5712,3.9834,3.2581,0.3144,0.722,0.215,1.001,0.091182,,3.086,6.4504,3.8384,
2014-02-14,0.318692,2.8055,2.5614,7.5981,2.4905,3.9556,3.2457,0.2993,0.6801,0.2197,1.0291,0.081958,,3.0719,6.4372,3.9398,
2014-02-21,0.314156,2.8257,2.5028,7.3803,2.5041,3.8739,3.2196,0.3083,0.6772,0.2227,1.0247,0.086781,,3.0274,6.0603,4.0332,
2014-02-28,0.324824,2.7912,2.4895,7.3554,2.4001,3.644,3.2296,0.3086,0.675,0.2367,1.0118,0.083241,,3.0413,6.0544,3.9035,
2014-03-07,0.373326,2.8257,2.501,7.3025,2.3083,3.7164,3.2378,0.3295,0.7012,0.274,1.0606,0.083627,,3.025,6.222,3.8509,
2014-03-14,0.34235,2.7647,2.4013,7.1696,2.2356,3.8085,3.2215,0.3375,0.7021,0.2428,1.0131,0.083134,,2.9714,6.2847,3.8701,
2014-03-21,0.428589,2.8296,2.4457,7.3061,2.255,3.7408,3.2379,0.4002,0.7083,0.2941,1.0759,0.072705,,2.974,6.5051,3.785,
2014-03-28,0.445705,2.8137,2.4187,7.3018,2.5006,3.713,3.259,0.4863,0.6918,0.2427,1.0714,0.077533,,2.9745,6.1832,3.6543,
2014-04-04,0.414639,2.8274,2.4286,7.229,2.5024,3.6328,3.2652,0.4884,0.7015,0.2468,1.0825,0.087945,,2.9142,6.1315,3.5438,
2014-04-11,0.354995,2.8035,2.4025,7.2069,2.4992,3.7171,3.2936,0.4177,0.6889,0.2483,1.0435,0.086562,,2.9096,6.112,3.4592,
2014-04-18,0.399137,2.8288,2.3853,7.2109,2.5921,3.6267,3.2891,0.4201,0.6982,0.2537,1.0786,0.088125,,2.9568,6.1379,3.4556,
2014-04-25,0.429982,2.8227,2.2985,7.1868,2.6713,3.7435,3.2795,0.4268,0.661,0.2625,1.0571,0.090446,,2.9158,6.0836,3.2171,
2014-05-02,0.426397,2.8012,2.2836,7.1972,2.6455,3.8106,3.254,0.4022,0.6565,0.2215,1.0531,0.086324,,2.8776,6.1695,3.014,
2014-05-09,0.378984,2.7949,2.2304,7.2285,2.5784,3.7335,3.2406,0.3758,0.6545,0.2194,1.0417,0.08717,,2.8558,6.1215,3.0226,
2014-05-16,0.358882,2.7873,2.2555,7.2528,2.5545,3.7095,3.3212,0.3701,0.6509,0.1669,1.0324,0.083213,,2.7749,6.1204,2.8504,
2014-05-23,0.342415,2.794,2.3317,7.2801,2.4676,3.7477,3.3445,0.3925,0.6641,0.1531,1.0541,0.085164,,2.7099,5.9323,2.714,
2014-05-30,0.367129,2.7805,2.3862,7.3325,2.2413,3.6227,3.3512,0.39,0.6585,0.1447,1.0393,0.08773,,2.7221,5.7411,2.67,
2014-06-06,0.406794,2.7876,2.3602,7.29,2.239,3.5105,3.3223,0.3942,0.6935,0.1119,1.0526,0.083373,,2.4779,5.714,2.3848,
2014-06-13,0.45129,2.7081,2.3987,7.2721,2.2866,3.6267,3.309,0.4093,0.6924,0.0904,1.0826,0.084696,,2.484,5.5896,2.4643,
2014-06-20,0.464215,2.6495,2.3982,7.2502,2.3787,3.7105,3.3323,0.4179,0.7275,0.0969,1.1272,0.081589,,2.588,5.7078,2.4536,
2014-06-27,0.460712,2.6679,2.4387,7.4373,2.4511,3.7277,3.3416,0.3442,0.7347,0.092,1.107,0.077879,,2.4653,5.6789,2.4724,
2014-07-04,0.511901,2.5974,2.5393,7.3993,2.4174,3.8579,3.3892,0.3487,0.7493,0.0723,1.1323,0.072,,2.4566,5.7017,2.4429,
2014-07-11,0.447939,2.5536,2.5297,7.3381,2.2715,3.8534,3.4102,0.3567,0.7493,0.0686,1.0977,0.059155,,2.4389,5.7801,2.4409,
2014-07-18,0.475718,2.5089,2.4681,7.4242,2.2618,3.977,3.3958,0.36,0.7608,0.0729,1.0715,0.066826,,2.4732,5.634,2.4104,
2014-07-25,0.491809,2.4751,2.4936,7.3375,2.3178,3.8803,3.3573,0.3799,0.773,0.0703,1.0734,0.069005,,2.3775,5.5869,2.4133,
2014-08-01,0.472342,2.491,2.5405,7.3975,2.3869,3.9,3.3321,0.4222,0.7713,0.068,1.0674,0.064967,,2.4693,5.8335,2.7848,
2014-08-08,0.436202,2.4506,2.4974,7.6257,2.4869,3.9413,3.3091,0.4198,0.7555,0.0568,1.0446,0.059458,,2.365,5.7203,2.8024,
2014-08-15,0.407432,2.4794,2.4872,7.5711,2.4869,3.9244,3.3101,0.473,0.7548,0.0378,1.0429,0.067796,,2.2568,5.6263,2.6321,
2014-08-22,0.491845,2.5118,2.5169,7.5399,2.5145,3.9109,3.3514,0.4871,0.7716,0.0417,1.0846,0.065755,,2.2812,5.5415,2.5326,
2014-08-29,0.488175,2.4617,2.4821,7.4998,2.549,3.9473,3.3745,0.474,0.7424,0.0174,1.105,0.067975,,2.1937,5.4051,2.502,
2014-09-05,0.507943,2.4513,2.511,7.4056,2.4822,3.9765,3.3902,0.5015,0.776,-0.0311,1.11,0.071578,,2.0481,5.3224,2.2493,
2014-09-12,0.560233,2.3734,2.4886,7.3383,2.4145,3.9842,3.4689,0.5639,0.805,-0.0058,1.1579,0.070231,,2.0678,5.7993,2.3209,
2014-09-19,0.568943,2.3284,2.4736,7.4652,2.5506,3.9417,3.4297,0.5873,0.836,-0.0084,1.1696,0.06418,,2.0303,5.7461,2.2088,
2014-09-26,0.586569,2.2904,2.4687,7.5142,2.5138,3.9442,3.3828,0.5797,0.8411,-0.0188,1.1355,0.059614,,1.9642,5.6406,2.1401,
2014-10-03,0.567425,2.2041,2.44,7.6928,2.4387,3.9343,3.4062,0.5754,0.8504,-0.0146,1.1193,0.059264,,1.9992,5.6768,2.1321,
2014-10-10,0.439923,2.2144,2.4074,7.653,2.3121,3.9271,3.4225,0.5199,0.839,-0.0165,1.06,0.051744,,1.8237,5.5951,2.0203,
2014-10-17,0.374902,2.1928,2.348,7.5968,2.4045,3.7644,3.4401,0.4326,0.7785,-0.0005,0.9985,0.039424,,1.7577,5.5964,2.0605,
2014-10-24,0.389934,2.1782,2.3356,7.5424,2.3825,3.6174,3.4417,0.4327,0.7945,0.0056,1.0281,0.028844,,1.732,5.8101,2.0882,
2014-10-31,0.493397,2.1184,2.3554,7.4404,2.4757,3.546,3.4656,0.4957,0.7962,-0.0106,1.0591,0.031975,,1.7234,5.8259,2.0794,
2014-11-07,0.502533,2.0638,2.2887,7.4074,2.4383,3.4184,3.4773,0.5354,0.793,-0.0092,1.0611,0.031001,,1.865,6.03,2.1941,
2014-11-14,0.507818,2.1693,2.222,7.4208,2.4215,3.4172,3.4809,0.5144,0.8017,-0.0071,1.0507,0.03267,,1.8643,6.0716,2.0508,
2014-11-21,0.505067,2.1155,2.1568,7.325,2.3922,3.373,3.5695,0.5317,0.8008,0.0047,1.066,0.010365,,1.795,5.7162,1.9716,
2014-11-28,0.488192,2.0603,2.1458,7.2761,2.3964,3.2724,3.5487,0.5629,0.7981,0.0009,1.0018,0.00747,,1.7661,5.6642,1.8862,
2014-12-05,0.643314,2.1433,2.1156,7.198,2.408,3.357,3.5516,0.6608,0.8031,0.0068,1.0651,-0.002552,,1.9739,5.7974,1.9219,
2014-12-12,0.552188,2.1031,2.112,7.3598,2.4232,3.4653,3.6745,0.619,0.7962,-0.0117,0.989,0.005354,,1.9017,6.1126,1.8854,
2014-12-19,0.650196,2.1612,2.2045,7.7469,2.4938,3.5003,3.6719,0.7875,0.7952,-0.0327,1.0268,-0.009815,,1.8596,6.3306,2.0399,
2014-12-26,0.73933,2.1411,2.2177,7.5629,2.5603,3.5022,3.5886,0.7502,0.7809,-0.0476,1.0768,-0.019756,,1.8271,6.2641,2.026,
2015-01-02,0.668621,2.1233,2.1492,7.438,2.5891,3.399,3.6156,0.7427,0.7492,-0.0683,1.0205,-0.029837,,1.8052,6.1938,2.0314,
2015-01-09,0.572984,2.0441,2.107,7.3628,2.5846,3.3304,3.6798,0.695,0.7789,-0.0856,0.9585,-0.025646,,1.7208,5.9106,1.9254,
2015-01-16,0.475479,2.0109,2.0827,7.2002,2.5412,3.2873,3.6145,0.5433,0.7315,-0.1263,0.8918,-0.030184,,1.6574,5.7757,1.7622,
2015-01-23,0.498609,2.015,2.1796,6.7868,2.5973,3.2577,3.5625,0.6508,0.7671,-0.1307,0.565,-0.021627,,1.5657,5.7655,1.5142,
2015-01-30,0.464541,1.9813,2.1446,6.5895,2.6417,3.2216,3.5032,0.8426,0.7419,-0.1155,0.4116,-0.002671,,1.5378,5.7948,1.5391,
2015-02-06,0.643521,1.954,2.1461,6.5927,2.5745,3.1953,3.4634,0.8068,0.7431,-0.1431,0.5054,0.027404,,1.6508,5.9148,1.6253,
2015-02-13,0.641091,2.0393,2.1874,6.7872,2.7741,3.1669,3.4706,0.8994,0.6985,-0.148,0.4394,0.03669,,1.6026,6.2147,1.6896,
2015-02-20,0.646361,2.036,2.1638,6.7288,2.8429,3.135,3.4748,0.9616,0.737,-0.147,0.3994,0.024818,,1.6881,6.2939,1.6775,
2015-02-27,0.622366,2.0159,2.1484,6.5317,2.6586,3.1244,3.4227,1.031,0.7327,-0.1693,0.4589,0.014101,,1.637,6.0669,1.5564,
2015-03-06,0.723434,2.0792,2.0907,6.6906,2.7139,3.1552,3.3817,1.1576,0.7305,-0.1578,0.6137,0.009086,,1.7752,6.2529,1.6903,
2015-03-13,0.648906,1.8423,1.9983,6.9749,2.7928,3.2035,3.3454,1.1968,0.783,-0.1779,0.5347,0.018285,,1.6924,6.3666,1.8305,
2015-03-20,0.585261,1.7669,1.9837,6.8182,2.7966,3.2222,3.3067,1.2765,0.7766,-0.185,0.4427,0.006498,,1.6288,6.3255,1.7113,
2015-03-27,0.578691,1.7419,1.9152,6.7705,2.8472,3.2425,3.2908,1.295,0.7772,-0.1877,0.505,0.031114,,1.6266,6.4251,1.7483,
2015-04-03,0.480185,1.7054,1.8844,6.9166,2.8589,3.2673,3.2911,1.1756,0.7647,-0.1973,0.4892,0.016147,,1.6321,6.3285,1.7988,
2015-04-10,0.560054,1.7102,1.8643,6.9064,2.817,3.2548,3.298,0.9731,0.756,-0.2165,0.5107,0.015422,,1.6253,6.256,1.7192,
2015-04-17,0.499984,1.6721,1.8573,7.1024,2.9217,3.2131,3.3049,0.9467,0.7756,-0.2334,0.6137,0.008215,,1.6393,6.23,1.767,
2015-04-24,0.508141,1.7482,1.8105,7.2041,2.8481,3.1297,3.2932,1.068,0.7681,-0.2283,0.6126,0.006924,,1.6742,6.5423,1.8059,
2015-05-01,0.602881,1.8179,1.6699,7.3394,2.7627,3.0836,3.2734,1.0963,0.7863,-0.1854,0.7028,0.003795,,1.7415,6.53,1.8491,
2015-05-08,0.575871,1.8326,1.7143,7.7314,2.9201,3.0123,3.2995,1.1774,0.7791,-0.1884,0.6614,0.007855,,1.7681,6.5056,1.9005,
2015-05-15,0.540292,1.836,1.7135,7.5108,2.8209,2.7259,3.3164,1.0154,0.7578,-0.1719,0.6432,-0.007975,,1.8196,6.3114,1.8643,
2015-05-22,0.622374,1.8362,1.6452,7.584,2.9998,3.0341,3.308,1.0345,0.7478,-0.1846,0.6794,-0.001505,,1.807,6.3496,1.8556,
2015-05-29,0.601353,1.7174,1.6346,7.6745,2.8587,2.5822,3.2911,1.0641,0.741,-0.1999,0.5686,-0.00527,,1.8341,6.3816,1.7591,
2015-06-05,0.720622,1.7002,1.6991,7.8743,2.8102,2.4708,3.25,1.1695,0.7555,-0.1563,0.6408,0.000743,,1.9296,6.5047,1.6168,
2015-06-12,0.717512,1.6953,1.6033,8.0293,2.8654,2.3894,3.2712,1.1126,0.7619,-0.1529,0.6335,0.000948,,1.9605,6.5004,1.6607,
2015-06-19,0.620916,1.7152,1.5966,7.9157,2.9854,2.4221,3.1834,1.0202,0.7552,-0.1682,0.5873,0.001191,,1.9964,6.4827,1.5753,
2015-06-26,0.707758,1.7405,1.6614,7.7898,2.8711,2.4638,3.1755,1.0403,0.7574,-0.1685,0.6212,0.004349,,1.9869,6.5445,1.5,
2015-07-03,0.632902,1.7396,1.6662,7.7249,2.818,2.467,3.1837,0.8864,0.7512,-0.2186,0.4771,0.001551,,1.9476,6.5203,1.5287,
2015-07-10,0.653043,1.71,1.5896,7.7307,2.8591,2.6773,3.2707,0.8021,0.728,-0.1858,0.4802,0.006092,,1.8889,6.4848,1.5126,
2015-07-17,0.669505,1.7094,1.5511,7.7014,2.927,2.76,3.2577,0.9105,0.7647,-0.2019,0.3979,0.006867,,1.8206,6.4711,1.5181,
2015-07-24,0.682206,1.6592,1.5867,7.7401,2.9655,2.7151,3.1675,1.0405,0.7631,-0.2115,0.3978,0.004051,,1.824,6.8665,1.5731,
2015-07-31,0.672458,1.6968,1.5905,7.7815,2.9354,2.6817,3.2053,1.0685,0.7243,-0.2149,0.3718,0.003142,,1.8254,6.5722,1.6232,
2015-08-07,0.724875,1.7124,1.5756,7.8324,2.9012,2.6898,3.3344,1.0538,0.727,-0.2289,0.4126,0.003342,,1.8793,7.2349,1.6166,
2015-08-14,0.725832,1.6611,1.5752,7.9489,2.8897,2.7203,3.6011,1.1198,0.6978,-0.2268,0.3823,0.001143,,1.8045,7.089,1.5483,
2015-08-21,0.624971,1.6459,1.5694,7.9861,2.7732,2.6482,3.6639,1.0279,0.6458,-0.2139,0.3173,0.000142,,1.7825,7.0096,1.5466,
2015-08-28,0.715649,1.6745,1.651,8.1711,2.9538,2.6711,3.5979,1.1077,0.6099,-0.1848,0.4149,0.002888,,1.8353,7.1437,1.4715,
2015-09-04,0.700685,1.5858,1.6415,8.1766,2.9348,2.6619,3.5164,1.1013,0.589,-0.207,0.3899,0.003027,,1.8237,7.6647,1.4177,
2015-09-11,0.709351,1.6054,1.717,8.3885,2.7677,2.7068,3.5397,1.2269,0.6189,-0.2047,0.4055,0.006033,,1.886,7.5025,1.1754,
2015-09-18,0.677695,1.5841,1.6233,8.6553,2.9565,2.7071,3.4429,1.221,0.627,-0.2035,0.4591,0.006996,,1.7938,7.3916,1.1605,
2015-09-25,0.694747,1.5768,1.6806,8.8807,2.9263,2.6948,3.4346,1.4125,0.6108,-0.2066,0.5376,0.007871,,1.8333,7.4577,1.0176,
2015-10-02,0.573499,1.5532,1.6785,9.0772,2.9029,2.7218,3.4727,1.3409,0.6233,-0.2292,0.4817,0.003171,,1.6917,7.2768,1.0208,
2015-10-09,0.641016,1.5847,1.6178,8.376,2.8374,2.7577,3.318,1.1576,0.5991,-0.214,0.5356,0.003957,,1.7659,7.3281,1.0702,
2015-10-16,0.608816,1.5839,1.6217,8.2978,2.9084,2.7234,3.2298,1.0665,0.5998,-0.2304,0.5148,0.006495,,1.7624,7.3569,1.2202,
2015-10-23,0.637213,1.6159,1.6307,8.4297,3.0065,2.7108,3.176,1.1332,0.5884,-0.2808,0.5136,0.00484,,1.6658,7.3409,1.2491,
2015-10-30,0.732253,1.6354,1.6502,8.5076,2.9985,2.6818,3.1966,1.2681,0.5712,-0.2752,0.5598,0.001941,,1.6151,7.3096,1.3623,
2015-11-06,0.889938,1.6947,1.6405,8.4396,3.1254,2.6906,3.2117,1.2684,0.5735,-0.2468,0.6671,0.000769,,1.7034,7.2206,1.5232,
2015-11-13,0.858946,1.734,1.6399,8.4064,3.3705,2.753,3.2689,1.3652,0.5602,-0.3155,0.5963,-0.000443,1.2627,1.6107,7.0488,1.5124,1.0341
2015-11-20,0.909011,1.7261,1.6546,8.3954,3.3659,2.7714,3.1909,1.3128,0.5439,-0.3337,0.5974,-0.017938,1.1153,1.6208,6.8526,1.5109,1.0138
2015-11-27,0.922417,1.7861,1.638,8.2996,3.5047,2.7913,3.0465,1.2345,0.5457,-0.365,0.6141,-0.006551,1.0578,1.6021,7.5319,1.5648,1.4207
2015-12-04,0.946808,1.7423,1.6472,8.2724,3.6133,2.7291,3.0618,1.2376,0.5444,-0.2495,0.6122,-0.019237,1.1109,1.6757,7.413,1.6267,1.7391
2015-12-11,0.891069,1.7228,1.6393,8.3173,3.6395,2.6696,3.0749,1.0489,0.5489,-0.3134,0.4726,-0.030545,1.159,1.8467,7.5213,1.7708,2.3688
2015-12-18,0.960391,1.6854,1.6576,8.5701,3.5889,2.7487,3.0555,1.0494,0.5171,-0.3192,0.4868,-0.035152,1.1932,1.8179,7.4151,1.772,2.2234
2015-12-25,1.00237,1.6572,1.6336,8.6693,3.548,2.6635,2.9934,1.001,0.5112,-0.3119,0.4822,-0.040403,1.2185,1.828,7.3417,1.7511,2.3407
2016-01-01,1.0557,1.6526,1.6137,8.646,3.4825,2.5881,2.9903,1.1063,0.4429,-0.3278,0.4695,-0.033864,1.193,1.6685,7.3164,1.7498,2.6902
2016-01-08,0.943791,1.6304,1.6099,8.5919,3.6176,2.5558,3.0274,1.1819,0.4615,-0.3536,0.417,-0.039822,1.007,1.4762,7.0718,1.7241,2.3654
2016-01-15,0.849997,1.6407,1.5444,8.3214,3.3288,2.4615,3.0398,1.1429,0.453,-0.3513,0.2936,-0.038062,0.9132,1.4969,7.0829,1.567,2.5387
2016-01-22,0.869117,1.6062,1.486,8.2846,3.2568,2.4807,3.0204,1.1342,0.4326,-0.3895,0.4442,-0.01811,0.889,1.5474,6.8589,1.5426,2.4796
2016-01-29,0.769744,1.5581,1.4835,8.1349,3.0983,2.504,2.9738,1.1514,0.4789,-0.4227,0.4116,-0.089613,0.9149,1.5434,7.0256,1.5168,2.2873
2016-02-05,0.726074,1.4979,1.5186,7.8024,3.0119,2.5154,3.0011,1.0775,0.4312,-0.4223,0.3699,-0.191705,0.8853,1.5126,6.9883,1.6723,2.1194
2016-02-12,0.697605,1.4694,1.5152,7.636,3.1289,2.5154,3.001,1.0331,0.4312,-0.4397,0.4272,-0.17289,0.8121,1.4919,6.7912,1.62,1.9328
2016-02-19,0.741833,1.4648,1.469,7.5686,2.9402,2.474,3.0307,1.0515,0.4374,-0.4463,0.4366,-0.193535,0.7776,1.4835,6.7139,1.5082,2.128
2016-02-26,0.801291,1.4592,1.4893,7.5815,2.9104,2.4626,3.1741,1.0846,0.491,-0.4609,0.4999,-0.217809,0.7889,1.459,6.6126,1.3942,2.0852
2016-03-04,0.877562,1.5073,1.4334,7.3884,2.8974,2.4071,3.1018,1.0428,0.4837,-0.4731,0.5092,-0.21458,0.8588,1.4626,6.4867,1.3816,2.3027
2016-03-11,0.955444,1.5378,1.4575,7.2694,2.915,2.3508,3.0581,1.0467,0.4939,-0.4167,0.5784,-0.167617,0.8718,1.4388,6.3204,1.3201,2.3892
2016-03-18,0.835262,1.5048,1.3785,7.2509,2.7847,2.3004,3.0516,0.9818,0.4695,-0.4376,0.53,-0.212279,0.8747,1.4553,6.1375,1.3007,2.2908
2016-03-25,0.86484,1.512,1.3797,7.1697,2.8579,2.2252,3.0255,0.9737,0.4369,-0.4458,0.5546,-0.224349,0.8852,1.4608,6.3155,1.1346,2.6776
2016-04-01,0.760008,1.4658,1.3462,7.1468,2.7357,2.2788,3.0012,0.8182,0.451,-0.4533,0.5383,-0.209784,0.8956,1.4673,6.4767,1.1167,2.2392
2016-04-08,0.702963,1.4795,1.3522,7.1246,2.738,2.2557,3.0156,0.8887,0.4511,-0.4797,0.5572,-0.237251,0.8833,1.5599,6.5363,1.1857,2.2634
2016-04-15,0.733535,1.5052,1.345,7.0993,2.6771,2.2778,3.0553,1.0253,0.4531,-0.4828,0.5873,-0.244151,0.951,1.544,6.1962,1.1494,2.3096
2016-04-22,0.81776,1.4942,1.4096,6.9757,2.6124,2.3539,3.0624,1.0158,0.4495,-0.4681,0.6644,-0.283522,1.0878,1.5427,6.3113,1.0955,1.7671
2016-04-29,0.769769,1.4526,1.4115,7.0031,2.6531,2.4282,3.0891,0.9999,0.4495,-0.4468,0.6782,-0.261484,1.0965,1.5591,6.1216,1.2555,1.769
2016-05-06,0.738011,1.4346,1.424,7.0263,2.6402,2.4422,3.1239,1.0176,0.451,-0.4841,0.5526,-0.276055,1.0776,1.5749,6.1709,1.2684,1.7352
2016-05-13,0.749971,1.4372,1.4437,7.1786,2.5769,2.4562,3.0682,1.0154,0.4534,-0.4828,0.5423,-0.270474,1.0081,1.5945,5.8527,1.3804,1.6544
2016-05-20,0.888537,1.4813,1.5648,7.229,2.5622,2.4482,3.0543,1.0334,0.4545,-0.4727,0.6162,-0.262331,0.9204,1.6399,5.9717,1.4,1.8838
2016-05-27,0.882899,1.4818,1.6171,7.2103,2.4474,2.4841,3.0902,1.0581,0.4575,-0.4904,0.6324,-0.268775,0.9179,1.6209,6.3235,1.4011,1.866
2016-06-03,0.783517,1.4294,1.6311,7.2174,2.4566,2.4764,3.1111,1.0032,0.4544,-0.4996,0.5084,-0.264347,0.8736,1.6838,6.0828,1.3802,1.6754
2016-06-10,0.73452,1.3443,1.5307,7.1866,2.4499,2.4613,3.0378,0.9356,0.4574,-0.5053,0.5016,-0.27804,0.9052,1.7657,6.1308,1.3572,1.4952
2016-06-17,0.696751,1.3482,1.5243,7.2065,2.4892,2.4484,3.0729,1.0251,0.4312,-0.5319,0.5175,-0.273456,0.9124,1.7827,6.1764,1.4091,1.4783
2016-06-24,0.648628,1.2732,1.5286,7.232,2.4451,2.5179,3.0107,1.0235,0.4288,-0.5895,0.5405,-0.28703,0.9379,1.8125,6.1289,1.4741,1.5106
2016-07-01,0.597258,1.2418,1.5571,7.1,2.3854,2.4796,2.9309,0.9786,0.4262,-0.6099,0.5005,-0.334619,0.9145,1.6821,6.3324,1.3705,1.5252
2016-07-08,0.612999,1.2407,1.5096,7.1,2.3902,2.4544,2.872,0.9473,0.4122,-0.6482,0.4574,-0.359749,0.9017,1.7186,6.2581,1.2805,1.5719
2016-07-15,0.705752,1.2427,1.5225,6.8698,2.3219,2.4445,2.6868,0.9455,0.4028,-0.6064,0.5736,-0.340138,0.9328,1.7613,6.1203,1.117,1.4889
2016-07-22,0.706534,1.2416,1.5464,6.7623,2.44,2.4149,2.6648,0.9874,0.4181,-0.5816,0.5516,-0.337641,0.9661,1.6941,6.2913,1.1353,1.471
2016-07-29,0.66323,1.2321,1.533,6.6941,2.4545,2.409,2.7261,0.9872,0.4131,-0.6042,0.5291,-0.28524,1.0924,1.7085,6.1941,1.1023,1.5041
2016-08-05,0.722093,1.2364,1.5254,6.5903,2.3281,2.3768,2.7837,0.9317,0.4111,-0.5999,0.5185,-0.218238,1.1382,1.7358,6.0429,1.1198,1.4529
2016-08-12,0.70573,1.2404,1.5395,6.5297,2.2987,2.3276,2.7628,0.9124,0.4063,-0.6124,0.5138,-0.217872,1.0375,1.6465,5.9724,1.0487,1.5403
2016-08-19,0.745899,1.242,1.5771,6.4825,2.3179,2.2842,2.7113,0.8843,0.3942,-0.5953,0.5568,-0.215707,0.9869,1.619,6.0491,1.028,1.6511
2016-08-26,0.844742,1.2584,1.5552,6.6361,2.3369,2.2613,2.7097,0.8728,0.3895,-0.6017,0.5845,-0.207067,0.987,1.6403,6.1935,1.0525,1.6333
2016-09-02,0.789764,1.331,1.5881,6.5689,2.3831,2.3266,2.7315,0.8396,0.395,-0.6058,0.5771,-0.20781,0.9392,1.7403,6.063,1.0881,1.8012
2016-09-09,0.790085,1.3306,1.6008,6.5166,2.3969,2.3293,2.6762,0.8096,0.4138,-0.6018,0.5716,-0.217058,0.9473,1.7973,6.2003,1.0336,1.9165
2016-09-16,0.774262,1.3623,1.5783,6.6407,2.422,2.3308,2.7439,0.8796,0.4128,-0.6194,0.5721,-0.27751,0.9023,1.7742,6.2337,0.946,1.8013
2016-09-23,0.754043,1.3217,1.5928,6.5186,2.4209,2.3444,2.7464,0.8261,0.3968,-0.6357,0.5187,-0.242694,0.8208,1.7295,6.0597,0.893,1.7703
2016-09-30,0.757913,1.3044,1.5795,6.504,2.4632,2.3073,2.7513,0.9504,0.4072,-0.6662,0.5067,-0.285831,0.745,1.7533,6.0234,0.9219,1.8832
2016-10-07,0.846162,1.3581,1.5979,6.5696,2.4753,2.3073,2.797,0.9645,0.4554,-0.6443,0.5774,-0.279548,0.8041,1.8163,5.9435,0.9526,1.9574
2016-10-14,0.838865,1.3489,1.5846,6.6674,2.5106,2.3332,2.9561,0.9411,0.4629,-0.6405,0.6113,-0.263872,0.9423,1.801,5.897,0.9365,1.8738
2016-10-21,0.827477,1.399,1.5774,6.7108,2.5542,2.2842,2.8221,0.9431,0.4889,-0.6499,0.518,-0.262356,0.9512,1.7866,5.9179,0.7989,1.809
2016-10-28,0.856601,1.4676,1.6181,6.6504,2.5639,2.2604,2.8003,0.9151,0.4978,-0.6092,0.5607,-0.24316,1.1081,1.8345,6.0536,0.7671,1.924
2016-11-04,0.793802,1.4366,1.5936,6.7466,2.6168,2.253,2.8221,0.8867,0.5414,-0.6297,0.5224,-0.261511,0.9401,1.8299,6.0386,0.7954,2.185
2016-11-11,0.907055,1.5286,1.6142,6.764,3.2364,2.2782,3.0213,1.0336,0.5444,-0.5915,0.6245,-0.253225,1.1708,1.9305,6.4074,0.8815,3.2433
2016-11-18,1.05557,1.6726,1.6458,7.3572,3.5067,2.3191,3.7338,1.216,0.5635,-0.6318,0.6766,-0.179767,1.3219,1.958,6.5295,0.8564,2.7738
2016-11-25,1.13073,1.8117,1.6371,7.8845,3.6422,2.3439,3.9442,1.2415,0.6248,-0.6909,0.6832,-0.17352,1.3979,1.9691,6.3842,0.7199,2.4271
2016-12-02,1.10365,1.758,1.6797,7.7015,3.5522,2.4762,3.8925,1.2186,0.59,-0.6909,0.7392,-0.196843,1.2721,2.062,6.5212,0.7635,2.5911
2016-12-09,1.13286,1.7045,1.6557,7.1224,3.4917,2.4943,3.513,1.304,0.6374,-0.6904,0.7457,-0.202208,1.0889,2.0329,6.2789,0.6758,2.4521
2016-12-16,1.25651,1.6453,1.7164,7.412,3.479,2.7406,3.5949,1.4805,0.7041,-0.7158,0.8252,-0.197792,0.8469,2.0288,6.2259,0.5831,2.4366
2016-12-23,1.20158,1.6668,1.7999,7.3763,3.4964,2.9665,3.5462,1.3889,0.7195,-0.747,0.8112,-0.197792,0.7238,2.0011,6.0818,0.5255,2.2462
2016-12-30,1.19425,1.6346,1.7305,7.362,3.5636,2.804,3.5148,1.3756,0.7128,-0.7456,0.7637,-0.203086,0.5461,2.0791,5.9906,0.5207,1.7954
2017-01-06,1.21382,1.5974,1.7049,7.1742,3.1165,2.8121,3.4414,1.3751,0.6918,-0.6772,0.7712,-0.21519,0.5584,2.1801,5.919,0.6197,1.9001
2017-01-13,1.19309,1.5863,1.7233,6.9374,3.2056,2.7475,3.3514,1.287,0.6453,-0.6551,0.784,-0.218136,0.6121,2.1302,5.6969,0.6668,1.9511
2017-01-20,1.1885,1.6017,1.7176,6.4802,3.263,2.7254,3.2907,1.2667,0.6362,-0.5964,0.7557,-0.231478,0.6284,2.1189,5.7425,0.6421,1.623
2017-01-27,1.21224,1.6525,1.7068,6.4685,3.1871,2.7657,3.2616,1.2766,0.6168,-0.5691,0.7848,-0.208677,0.5444,2.0899,5.7398,0.5862,1.8461
2017-02-03,1.20893,1.6479,1.6597,6.4713,3.265,2.7907,3.3146,1.1714,0.6568,-0.6469,0.7678,-0.223276,0.4269,2.0688,5.786,0.6316,2.4513
2017-02-10,1.1976,1.6062,1.6375,6.4104,3.259,2.8823,3.3646,1.1824,0.6397,-0.6751,0.7612,-0.207405,0.2423,2.1129,5.5365,0.658,2.5938
2017-02-17,1.1943,1.6115,1.649,6.4529,3.3253,2.8605,3.3688,1.1528,0.6483,-0.6775,0.7668,-0.218409,0.1927,2.1485,5.6548,0.7261,2.5042
2017-02-24,1.14481,1.6173,1.6494,6.4752,3.4073,2.8407,3.3255,1.1707,0.6396,-0.7735,0.7432,-0.243776,0.2001,2.1336,5.5109,0.638,2.6654
2017-03-03,1.30508,1.6504,1.6814,6.447,3.4493,2.8239,3.4201,1.2542,0.6332,-0.7086,0.7594,-0.260644,0.1537,2.098,5.441,0.6569,2.7334
2017-03-10,1.35539,1.6797,1.7155,6.4004,3.5843,2.9074,3.4909,1.2548,0.6443,-0.7073,0.8393,-0.249861,0.219,2.0716,5.3715,0.6804,2.9239
2017-03-17,1.31668,1.6176,1.6865,6.3515,3.5585,2.9248,3.5222,1.1683,0.6546,-0.663,0.8038,-0.249737,0.38,2.0712,5.3066,0.6179,3.2349
2017-03-24,1.24426,1.6253,1.6874,6.1784,3.6588,2.9071,3.4984,1.1893,0.6455,-0.6345,0.7527,-0.251784,0.3266,2.0316,5.218,0.5423,3.2286
2017-03-31,1.25795,1.6016,1.6612,6.1784,3.7602,2.9419,3.5478,1.2597,0.6252,-0.6172,0.7675,-0.214037,0.2564,1.992,5.266,0.3799,3.2569
2017-04-07,1.28213,1.6029,1.6466,6.2182,3.819,2.9557,3.5544,1.1957,0.6112,-0.6768,0.7749,-0.201057,0.2038,2.0047,5.2856,0.3771,3.3146
2017-04-14,1.20122,1.6088,1.6437,6.0993,3.7561,2.9803,3.5105,1.1573,0.6079,-0.7206,0.7473,-0.215319,0.1651,2.0036,5.2919,0.3637,3.3223
2017-04-21,1.18024,1.6338,1.6462,6.0292,3.7578,3.0771,3.4671,1.209,0.6208,-0.6542,0.7162,-0.205361,0.1678,2.0047,5.2328,0.4025,3.5092
2017-04-28,1.27637,1.6116,1.6429,6.0229,3.7501,3.1169,3.3761,1.1945,0.6181,-0.6457,0.7152,-0.189276,0.1776,2.0062,5.325,0.3972,3.2833
2017-05-05,1.31418,1.6072,1.6469,5.988,3.7308,3.2917,3.3625,1.2237,0.6299,-0.588,0.6869,-0.195752,0.1741,2.0179,5.3194,0.4312,3.187
2017-05-12,1.29043,1.6279,1.6475,6.1565,3.8027,3.4815,3.3796,1.2337,0.6131,-0.6063,0.6895,-0.174311,0.2214,1.9817,5.1618,0.371,3.0508
2017-05-19,1.27443,1.5897,1.6349,6.3608,3.7093,3.5431,3.3896,1.1927,0.5947,-0.6061,0.6752,-0.151682,0.2858,1.9805,5.8736,0.3899,3.2637
2017-05-26,1.29764,1.6198,1.6291,6.4758,3.634,3.5688,3.3711,1.1845,0.5799,-0.6316,0.7193,-0.161491,0.3948,1.9465,5.6492,0.3208,3.0531
2017-06-02,1.28594,1.5857,1.609,6.5022,3.6106,3.5086,3.3733,1.2237,0.6065,-0.6646,0.689,-0.160993,0.3796,1.9203,5.7318,0.3383,3.0011
2017-06-09,1.33471,1.5911,1.5856,6.4235,3.5757,3.5408,3.3696,1.2425,0.582,-0.6715,0.7364,-0.111383,0.3095,1.9387,5.7387,0.3437,2.9129
2017-06-16,1.31917,1.6332,1.5845,6.3729,3.5943,3.5487,3.3698,1.2593,0.6119,-0.6157,0.8976,-0.117425,0.3914,1.9177,5.6142,0.3584,2.9469
2017-06-23,1.3363,1.6372,1.5645,6.3854,3.6099,3.4904,3.3905,1.197,0.5831,-0.599,0.9185,-0.105972,0.2798,1.9378,5.6309,0.3175,3.0815
2017-06-30,1.38165,1.6532,1.5893,6.3854,3.6746,3.4361,3.3858,1.2383,0.5962,-0.5385,1.1125,-0.105648,0.3673,1.9025,5.6193,0.3438,3.1616
2017-07-07,1.40708,1.6929,1.5737,6.6083,3.751,3.4022,3.4499,1.3171,0.5995,-0.5409,1.1795,-0.09847,0.4193,1.8801,5.6274,0.3954,3.1607
2017-07-14,1.35561,1.6633,1.5795,6.5667,3.7635,3.4155,3.4668,1.2169,0.6098,-0.5484,1.2147,-0.110359,0.6951,1.855,5.3773,0.3818,3.1268
2017-07-21,1.34427,1.6451,1.5581,6.4147,3.7165,3.4118,3.4372,1.2263,0.6046,-0.5714,1.2391,-0.105964,0.5589,1.889,5.0125,0.3961,3.0427
2017-07-28,1.34719,1.6299,1.5689,6.4454,3.699,3.3991,3.4389,1.265,0.5934,-0.591,1.3086,-0.112118,0.4695,1.8769,4.8416,0.4136,3.0999
2017-08-04,1.35891,1.6287,1.5197,6.4051,3.6468,3.3883,3.3852,1.2618,0.5733,-0.6008,1.2343,-0.115574,0.3666,1.8801,4.7107,0.404,3.0351
2017-08-11,1.29401,1.6961,1.513,6.3643,3.6043,3.3772,3.3446,1.2453,0.5596,-0.6324,1.2015,-0.112108,0.198,1.9166,4.79,0.3898,3.0697
2017-08-18,1.3136,1.7014,1.5408,6.2765,3.652,3.3692,3.3282,1.299,0.5426,-0.6137,1.2283,-0.125004,0.2191,1.8799,4.7908,0.359,3.0483
2017-08-25,1.33358,1.6952,1.5354,6.1952,3.6399,3.3943,3.3299,1.3965,0.5296,-0.6346,1.2441,-0.14733,0.3842,1.821,4.7362,0.2891,3.0401
2017-09-01,1.34596,1.6731,1.5134,5.9976,3.6463,3.443,3.3025,1.3126,0.5254,-0.6558,1.3118,-0.164558,0.302,1.8021,4.6452,0.3054,3.0004
2017-09-08,1.27009,1.6576,1.4931,5.9197,3.5279,3.4167,3.2148,1.241,0.494,-0.6836,1.4899,-0.166688,0.3013,1.7486,4.5262,0.2257,2.9758
2017-09-15,1.38026,1.6612,1.4844,5.7871,3.533,3.444,3.2093,1.3018,0.4956,-0.6281,1.557,-0.147725,0.334,1.7686,4.6032,0.1875,2.9371
2017-09-22,1.43924,1.7021,1.457,5.7095,3.5263,3.4503,3.259,1.3343,0.5134,-0.6195,1.5762,-0.141485,0.4666,1.8161,4.5788,0.1508,2.9419
2017-09-29,1.47871,1.7914,1.4959,5.7816,3.596,3.4529,3.2553,1.4038,0.5221,-0.6309,1.4897,-0.124588,0.6793,1.8219,4.4919,0.2159,2.935
2017-10-06,1.50808,1.7914,1.5092,5.796,3.5523,3.4529,3.3081,1.3442,0.531,-0.6281,1.5247,-0.138945,0.9013,1.8379,4.5185,0.2471,3.0744
2017-10-13,1.49692,1.8346,1.4682,5.8418,3.547,3.4714,3.2902,1.3207,0.5224,-0.6573,1.4865,-0.14171,1.3685,1.7794,4.4679,0.2021,3.101
2017-10-20,1.5763,2.0228,1.4697,5.7898,3.5787,3.5001,3.2934,1.4034,0.4979,-0.6518,1.4551,-0.135455,1.4248,1.7833,4.4266,0.1926,3.0167
2017-10-27,1.59962,2.0739,1.4899,6.0002,3.6327,3.5282,3.3585,1.5002,0.4958,-0.7001,1.4061,-0.141075,1.166,1.687,4.6612,0.2051,3.049
2017-11-03,1.6205,2.0771,1.4969,5.904,3.6442,3.5609,3.3502,1.4176,0.5034,-0.6946,1.4197,-0.154777,0.9427,1.7124,4.8312,0.2127,3.1243
2017-11-10,1.6582,2.081,1.5005,5.7805,3.7606,3.6086,3.3934,1.4721,0.4965,-0.6892,1.4424,-0.178913,0.6254,1.6706,4.8494,0.2596,3.1676
2017-11-17,1.72546,2.1023,1.5177,5.8243,3.8075,3.6163,3.3944,1.462,0.4916,-0.6986,1.429,-0.181218,0.5906,1.6959,4.8822,0.2711,3.2353
2017-11-24,1.74842,2.0946,1.5181,5.6496,3.9436,3.6541,3.1537,1.451,0.4847,-0.6744,1.4149,-0.178455,0.7102,1.6657,4.8312,0.2563,3.0816
2017-12-01,1.77405,2.0273,1.5518,5.6515,3.9623,3.6731,3.1404,1.5033,0.4987,-0.6926,1.4821,-0.15607,0.8396,1.7451,4.9218,0.2531,3.2031
2017-12-08,1.79854,2.0303,1.5506,5.8773,4.0792,3.7112,3.2196,1.5137,0.4968,-0.7166,1.4728,-0.141219,0.8701,1.7521,4.9675,0.2861,3.2604
2017-12-15,1.83992,2.025,1.5398,5.5452,4.1144,3.6807,3.2286,1.5384,0.4875,-0.7013,1.5247,-0.149192,0.9721,1.749,5.0442,0.2799,3.3843
2017-12-22,1.89479,2.083,1.5132,5.3571,4.121,3.7654,3.1969,1.6494,0.4774,-0.6363,1.6293,-0.14267,0.8914,1.7871,5.001,0.2567,3.3925
2017-12-29,1.887,2.1028,1.5171,5.5204,4.138,3.7822,3.188,1.6632,0.4932,-0.6027,1.6622,-0.134369,0.8991,1.8,4.9091,0.2661,3.3607
2018-01-05,1.95987,2.0664,1.5043,5.2723,4.0123,3.6694,3.1982,1.5668,0.4769,-0.5756,1.7499,-0.133516,0.9702,1.703,4.7804,0.2479,3.3292
2018-01-12,1.99759,2.1094,1.4578,5.2441,4.0246,3.6086,3.2435,1.4691,0.5001,-0.52,1.7174,-0.120106,0.9882,1.7357,4.6952,0.2614,3.4663
2018-01-19,2.05646,2.1094,1.4303,5.2088,3.9256,3.6694,3.3198,1.4964,0.492,-0.5454,1.7742,-0.11648,0.9501,1.7066,4.7182,0.309,3.4919
2018-01-26,2.11629,2.1479,1.4236,5.1534,3.8974,3.6078,3.3432,1.4989,0.4746,-0.4989,1.7879,-0.116655,0.82,1.7117,4.5247,0.2799,3.5012
2018-02-02,2.15342,2.1652,1.432,5.2127,3.934,3.5897,3.3344,1.6362,0.4856,-0.488,1.827,-0.114511,0.8033,1.6939,4.5719,0.4045,3.5329
2018-02-09,2.05686,2.1755,1.4363,5.2645,4.0038,3.5559,3.3733,1.6293,0.4737,-0.5034,1.7649,-0.128068,0.725,1.6996,4.7324,0.3909,3.7659
2018-02-16,2.19362,2.1688,1.4541,5.245,4.1661,3.5408,3.3588,1.6225,0.4853,-0.5092,1.7904,-0.143589,0.7557,1.6798,4.61,0.342,3.7882
2018-02-23,2.23795,2.1737,1.4448,5.3001,4.1746,3.5348,3.3706,1.7003,0.4834,-0.5278,1.7598,-0.142551,0.7255,1.6569,4.6044,0.3073,3.8179
2018-03-02,2.23779,2.19,1.4364,5.4814,4.2764,3.45,3.3339,1.7318,0.4745,-0.5386,1.744,-0.14942,0.9954,1.6038,4.5117,0.3209,3.905
2018-03-09,2.26205,2.2003,1.4285,5.8175,4.3588,3.4535,3.319,1.8519,0.4674,-0.5328,1.8145,-0.14745,0.917,1.5811,4.4627,0.3245,3.9883
2018-03-16,2.29504,2.1762,1.4164,5.6002,4.4835,3.4697,3.3278,1.838,0.4998,-0.5556,1.7461,-0.138318,1.3187,1.499,4.4123,0.3326,3.9284
2018-03-23,2.26208,2.1246,1.3825,5.7897,4.2859,3.4351,3.3249,1.9443,0.509,-0.5668,1.8488,-0.149031,0.8484,1.5238,4.2955,0.3411,3.8972
2018-03-30,2.27011,2.1255,1.4062,5.6511,4.3814,3.4284,3.3346,1.8828,0.496,-0.571,1.7655,-0.133825,0.8305,1.5131,4.2546,0.3395,3.8924
2018-04-06,2.27018,2.0561,1.4234,5.6785,4.4118,3.4134,3.3527,1.8485,0.5168,-0.5561,1.7888,-0.133229,0.7302,1.4574,4.3401,0.3713,4.017
2018-04-13,2.36892,2.0876,1.4461,5.7416,4.361,3.3768,3.4516,1.8619,0.5172,-0.552,1.8673,-0.143475,0.7297,1.5473,4.3394,0.3504,4.0215
2018-04-20,2.45316,2.1151,1.4931,5.8402,4.3851,3.1218,3.5125,1.9078,0.5213,-0.5258,1.9044,-0.129705,0.7569,1.5615,4.3212,0.3427,4.1053
2018-04-27,2.48376,2.1031,1.568,6.3404,4.4054,3.152,3.6711,1.9542,0.5279,-0.5349,1.8641,-0.129561,0.6197,1.5561,4.3143,0.3467,3.8733
2018-05-04,2.50093,2.1732,1.6168,6.2757,4.3926,3.1676,3.6394,1.9244,0.5268,-0.5291,1.8785,-0.134,0.7436,1.5638,4.3904,0.3925,3.8621
2018-05-11,2.53901,2.1948,1.6386,6.7505,4.4457,3.12,3.6563,1.9476,0.5304,-0.5289,1.9408,-0.130887,0.5808,1.6046,4.573,0.5133,3.7662
2018-05-18,2.54877,2.1314,1.7013,6.7918,4.6211,3.1634,3.7081,1.9451,0.5346,-0.5291,1.988,-0.12823,0.5375,1.677,5.0865,0.7142,3.8488
2018-05-25,2.47986,2.119,1.8148,6.7946,4.3854,3.1946,3.6242,1.9322,0.5494,-0.5823,1.9236,-0.135593,0.4439,1.6549,5.1362,0.6844,3.7024
2018-06-01,2.46752,2.1128,1.7626,6.5957,4.557,3.2201,3.6158,1.926,0.5416,-0.5699,1.8872,-0.135014,0.5056,1.6398,5.2419,0.681,3.7392
2018-06-08,2.49159,2.1012,1.6943,6.6608,4.5528,3.2928,3.5891,1.9568,0.5532,-0.5787,1.8853,-0.130907,0.5147,1.6562,5.8324,0.7355,3.5115
2018-06-15,2.55333,2.0943,1.6956,6.6608,4.5564,3.3237,3.5337,1.9691,0.5522,-0.5877,1.8743,-0.135719,0.5084,1.653,5.8237,1.0201,3.6597
2018-06-22,2.54955,2.0699,1.7409,6.8066,4.8118,3.3223,3.5378,1.9676,0.5476,-0.6187,1.7734,-0.136085,0.4013,1.6443,5.5987,1.2783,3.6032
2018-06-29,2.5242,2.0515,1.7196,7.5094,4.8149,3.3078,3.5463,1.9605,0.5866,-0.6169,1.893,-0.129589,0.4186,1.6604,5.5369,1.3245,3.7186
2018-07-06,2.54061,2.0205,1.7234,7.224,4.9269,3.2019,3.4816,1.9104,0.5747,-0.6174,1.8959,-0.132127,0.5251,1.6771,5.5127,1.3686,3.485
2018-07-13,2.57795,2.0425,1.7487,7.1578,4.8755,3.1687,3.466,1.8851,0.5344,-0.6015,1.9175,-0.129634,0.5336,1.6594,5.5332,1.369,3.5214
2018-07-20,2.59939,2.0124,1.8057,7.1546,4.8692,3.1374,3.4743,1.868,0.5599,-0.5873,1.9391,-0.129657,0.5336,1.6627,5.3327,1.2828,3.3969
2018-07-27,2.67345,2.0344,1.7841,7.1173,4.9808,3.0914,3.4918,1.878,0.5769,-0.5761,2.0389,-0.120045,0.2477,1.636,5.3124,1.0872,3.3857
2018-08-03,2.64113,2.0243,1.7923,7.0899,5.0707,2.9552,3.4927,1.9782,0.5714,-0.5622,2.075,-0.10728,0.1986,1.6263,5.1971,1.085,3.4163
2018-08-10,2.59598,1.9731,1.8174,6.912,5.0918,2.9259,3.4727,1.9297,0.5606,-0.6012,2.083,-0.116113,0.1404,1.6423,5.6412,1.2066,3.3827
2018-08-17,2.61627,1.9431,1.8221,7.1588,5.0163,3.0533,3.4911,1.9028,0.5587,-0.6049,2.0831,-0.122945,0.3875,1.6457,5.3407,1.2672,3.5028
2018-08-24,2.62861,1.895,1.8658,7.2009,4.9694,3.1186,3.4581,1.9011,0.5663,-0.5712,2.1002,-0.118849,0.2583,1.6204,5.5639,1.1663,3.4261
2018-08-31,2.62896,1.8715,1.8675,7.2502,5.0471,3.0997,3.4463,1.8785,0.5625,-0.58,2.0662,-0.111844,0.3937,1.6335,5.6052,1.1566,3.4436
2018-09-07,2.70665,1.8512,1.8869,7.9363,5.4178,3.129,3.5463,1.8886,0.5651,-0.5386,2.1182,-0.109302,0.3287,1.6956,5.8508,1.2048,3.4655
2018-09-14,2.78182,1.8979,1.9303,7.7972,5.6255,3.1582,3.5066,1.9231,0.5675,-0.5186,2.1509,-0.108672,0.3361,1.6802,5.7782,1.2735,3.5451
2018-09-21,2.79995,1.963,1.9698,7.7054,5.8919,3.1951,3.4912,2.0216,0.5493,-0.5174,2.2016,-0.103881,0.3325,1.6558,5.6536,1.2557,3.557
2018-09-28,2.81477,1.9665,1.9395,7.6215,6.2864,3.181,3.4966,1.9707,0.5662,-0.5026,2.2259,-0.112675,0.3928,1.6547,5.6864,1.222,3.5199
2018-10-05,2.88907,2.0259,1.9738,7.6559,6.5276,3.181,3.5213,2.0411,0.5729,-0.4908,2.3371,-0.115007,0.3358,1.6852,5.4437,1.1812,3.6025
2018-10-12,2.83631,2.0096,1.9937,7.7639,6.8851,3.1017,3.524,2.0701,0.5639,-0.5337,2.2593,-0.116696,0.4485,1.6559,5.0057,1.326,3.5844
2018-10-19,2.90797,1.971,2.0042,7.743,7.2398,3.0617,3.5294,2.0954,0.5796,-0.571,2.2833,-0.119738,0.5432,1.6677,4.8316,1.1481,3.6189
2018-10-26,2.80625,1.9458,1.9795,7.7192,7.0204,3.0419,3.537,2.0781,0.5769,-0.6087,2.2465,-0.129854,0.6481,1.6147,4.6703,1.0352,3.7743
2018-11-02,2.91155,1.9497,1.9932,7.5397,6.8169,3.0233,3.5522,2.1077,0.5861,-0.5734,2.3455,-0.136096,0.6499,1.6488,4.6199,1.0669,4.1159
2018-11-09,2.93235,1.9179,1.9763,7.3103,6.7366,2.9474,3.5786,2.1301,0.6056,-0.5599,2.3351,-0.141712,0.717,1.661,4.75,1.1217,4.1398
2018-11-16,2.81224,1.9093,1.9783,7.4051,6.7711,2.859,3.5817,2.0712,0.6252,-0.58,2.2204,-0.143573,0.7062,1.691,4.6927,1.0816,4.1377
2018-11-23,2.81566,1.9042,1.9195,7.3247,6.7412,2.8484,3.5748,2.098,0.6,-0.5749,2.2451,-0.146856,0.794,1.6557,4.6532,0.9505,4.1928
2018-11-30,2.8088,1.9023,1.8947,7.2968,6.733,2.8379,3.5821,2.0026,0.5925,-0.5843,2.1613,-0.144457,0.5299,1.5805,4.7403,0.8272,4.469
2018-12-07,2.71085,1.8317,1.8712,7.3723,6.7265,2.7599,3.5746,2.0228,0.6243,-0.5804,1.9918,-0.158363,0.4931,1.5724,4.7003,0.861,4.5572
2018-12-14,2.73098,1.8082,1.8558,7.4395,6.7763,2.7843,3.5657,1.9875,0.6258,-0.5835,2.0061,-0.164243,1.0738,1.4537,4.5186,0.828,4.403
2018-12-21,2.64103,1.8342,1.8866,7.3359,6.8163,2.7634,3.5576,1.9663,0.6043,-0.5924,1.9451,-0.155245,1.2464,1.3992,4.4147,0.8392,4.1834
2018-12-28,2.53426,1.8291,1.8406,7.3948,6.8714,2.8001,3.5564,1.9353,0.6027,-0.5918,1.8455,-0.167983,1.2095,1.435,4.3499,0.8609,4.2478
2019-01-04,2.48562,1.7686,1.8326,7.3969,6.7368,2.6899,3.5334,1.8701,0.5971,-0.566,1.8359,-0.189222,0.8977,1.5409,4.1932,0.9057,4.3619
2019-01-11,2.5449,1.8064,1.8068,7.3582,6.5397,2.6392,3.5133,1.8944,0.5941,-0.555,1.8799,-0.158507,0.8597,1.4692,4.1879,0.81,4.5569
2019-01-18,2.6118,1.8298,1.8137,7.382,6.2304,2.6104,3.512,1.9736,0.5638,-0.5533,1.9462,-0.173776,0.7738,1.5021,4.127,0.9664,4.3112
2019-01-25,2.60005,1.8188,1.8253,7.3738,6.2144,2.6343,3.5361,2.0135,0.5707,-0.5452,1.869,-0.173518,0.7918,1.4983,4.1083,0.9079,4.2943
2019-02-01,2.50802,1.8083,1.8234,7.1913,6.0143,2.5995,3.5334,1.971,0.5555,-0.5433,1.8369,-0.184283,0.7191,1.4992,3.9293,0.7816,4.1378
2019-02-08,2.46298,1.7975,1.848,7.065,5.9632,2.5995,3.5139,1.9635,0.5555,-0.5346,1.7759,-0.173382,0.6978,1.5065,4.1761,0.7258,4.0885
2019-02-15,2.51822,1.7945,1.8401,7.2266,6.016,2.5381,3.5231,1.9392,0.5488,-0.52,1.7764,-0.177934,0.7518,1.5292,3.9409,0.7863,4.1093
2019-02-22,2.49117,1.8274,1.8545,7.2094,6.0404,2.5795,3.5381,1.9423,0.5599,-0.5265,1.7828,-0.186845,0.7228,1.5372,4.0357,0.7404,4.1444
2019-03-01,2.55666,1.8257,1.8241,7.0519,6.0608,2.6343,3.5272,2.0019,0.5362,-0.4923,1.7741,-0.160038,0.7341,1.6321,4.0444,0.8702,4.0941
2019-03-08,2.46299,1.8145,1.8371,7.0504,5.9879,2.6241,3.416,1.9598,0.5366,-0.5238,1.6498,-0.156179,0.6882,1.5847,4.0222,0.8104,4.0375
2019-03-15,2.4419,1.8203,1.8084,6.9711,6.0023,2.6522,3.4307,1.972,0.5344,-0.524,1.6224,-0.165059,0.6918,1.6248,3.8728,0.8577,3.9521
2019-03-22,2.32696,1.8115,1.8017,6.7761,6.0536,2.6454,3.4191,1.9152,0.5419,-0.5523,1.526,-0.180542,0.6305,1.6236,3.9868,0.6698,3.8352
2019-03-29,2.27211,1.7121,1.8424,6.7865,5.8306,2.6424,3.4063,1.8994,0.5365,-0.5787,1.5465,-0.185075,0.5025,1.6737,4.0205,0.5884,3.84
2019-04-05,2.34335,1.7359,1.8277,6.75,5.8964,2.6872,3.4002,1.8855,0.5521,-0.5479,1.6019,-0.155357,0.468,1.6598,3.9594,0.6079,3.8814
2019-04-12,2.39345,1.7496,1.8468,6.7504,5.9392,2.7783,3.4017,1.8642,0.5697,-0.5371,1.6552,-0.171199,0.2977,1.651,4.1216,0.7109,3.7686
2019-04-19,2.38227,1.7734,1.8465,6.6792,5.9649,2.8375,3.4742,1.8905,0.567,-0.5489,1.6359,-0.161196,0.5839,1.6162,4.1004,0.6275,3.8769
2019-04-26,2.28617,1.7321,1.8569,6.7076,5.9621,2.8705,3.431,1.9209,0.5661,-0.5717,1.5591,-0.163071,0.1982,1.6307,4.0353,0.6339,3.9178
2019-05-03,2.33704,1.7457,1.8531,6.8391,5.9055,2.8526,3.4169,1.9557,0.5574,-0.5657,1.6556,-0.163071,0.2596,1.7339,3.9659,0.7123,3.9808
2019-05-10,2.24978,1.7282,1.8462,6.9577,5.7997,2.8071,3.346,1.9374,0.5389,-0.5887,1.6392,-0.163717,0.1884,1.7107,3.8933,0.7045,3.9199
2019-05-17,2.20226,1.6711,1.8491,6.9398,5.7814,2.8184,3.366,1.9288,0.5296,-0.5951,1.6131,-0.165492,0.1913,1.7096,4.01,0.6177,3.8743
2019-05-24,2.17455,1.6316,1.8666,6.9751,5.6785,2.837,3.3653,1.9266,0.5247,-0.5976,1.5808,-0.160605,0.1236,1.7071,3.8898,0.5736,3.8269
2019-05-31,1.94015,1.5777,1.8592,6.9224,5.5298,2.8449,3.3456,1.9318,0.5319,-0.6377,1.4363,-0.177349,0.0734,1.6597,3.6258,0.5026,3.6999
2019-06-07,1.8514,1.5316,1.8096,6.9224,5.2976,2.7688,3.3162,1.7058,0.5336,-0.6344,1.4017,-0.202437,0.0016,1.629,3.4295,0.472,3.6043
2019-06-14,1.85073,1.4666,1.7658,6.9029,5.0968,2.7994,3.3207,1.7117,0.5406,-0.6419,1.3837,-0.205421,0.0063,1.594,3.3465,0.4957,3.2388
2019-06-21,1.78015,1.4536,1.7635,6.7488,5.0039,2.7585,3.2622,1.6292,0.5433,-0.6819,1.4304,-0.235352,0.0002,1.5868,3.0732,0.4706,3.2656
2019-06-28,1.7389,1.4872,1.7575,6.6938,4.9486,2.7425,3.2554,1.619,0.539,-0.6986,1.4753,-0.221971,0.0009,1.5951,3.0438,0.4872,3.2161
2019-07-05,1.87346,1.4413,1.6959,6.6063,4.8354,2.6928,3.2428,1.6586,0.5257,-0.704,1.6206,-0.21358,0.0009,1.5566,2.9609,0.4452,3.1778
2019-07-12,1.83691,1.4302,1.7174,6.3879,4.8576,2.6932,3.2488,1.634,0.5206,-0.6828,1.5728,-0.187757,0.0009,1.5418,2.7549,0.4867,3.1819
2019-07-19,1.81414,1.354,1.7163,6.1797,4.7709,2.7174,3.2407,1.6751,0.5214,-0.7267,1.491,-0.197533,-1.5404,1.4983,2.8339,0.4549,3.0964
2019-07-26,1.86994,1.2996,1.7181,6.3046,4.5216,2.7153,3.248,1.6666,0.5254,-0.719,1.4942,-0.207096,-1.5205,1.4882,2.8436,0.4012,3.1631
2019-08-02,1.71982,1.2633,1.6847,6.4986,4.3219,2.6938,3.2353,1.69,0.5306,-0.7469,1.4722,-0.20534,-1.5742,1.4914,2.8854,0.3142,3.0821
2019-08-09,1.62836,1.1784,1.4021,6.464,3.8601,2.6473,3.1933,1.6713,0.5248,-0.812,1.3882,-0.256578,-1.5742,1.5246,2.7656,0.2268,3.1529
2019-08-16,1.47632,1.1113,1.3962,6.4704,3.8874,2.6779,3.1352,1.6609,0.5104,-0.8551,1.3405,-0.26869,-1.5742,1.4443,2.8219,0.2096,3.0659
2019-08-23,1.525,1.1635,1.465,6.3808,3.918,2.6766,3.1466,1.6872,0.5124,-0.8471,1.3746,-0.29409,,1.5625,2.906,0.205,3.267
2019-08-30,1.50397,1.1785,1.3705,6.4671,3.9041,2.691,3.1036,1.6478,0.515,-0.8806,1.3484,-0.303729,,1.5144,3.0366,0.1956,3.2713
2019-09-06,1.52613,1.2475,1.3642,6.4145,3.9158,2.6534,3.0897,1.6327,0.5484,-0.8304,1.4815,-0.296229,,1.5609,2.9417,0.1929,3.2597
2019-09-13,1.79994,1.2746,1.3787,6.3431,4.0289,2.6803,3.0982,1.637,0.5657,-0.6979,1.6358,-0.261018,,1.5669,2.9401,0.2083,3.2713
2019-09-20,1.7119,1.3221,1.3466,6.3257,4.0522,2.6619,3.125,1.6464,0.5609,-0.7034,1.5696,-0.307921,,1.494,2.5818,0.1898,3.1409
2019-09-27,1.62157,1.3242,1.3345,6.3194,4.0497,2.6534,3.1247,1.6597,0.5558,-0.7407,1.5688,-0.326456,,1.4996,2.5743,0.1912,3.0866
2019-10-04,1.39563,1.2384,1.3543,6.2984,3.9487,2.6648,3.1096,1.628,0.5572,-0.7489,1.4022,-0.329314,,1.4746,2.5768,0.2027,3.0265
2019-10-11,1.6097,1.2722,1.3583,6.272,3.9584,2.6586,3.0967,1.5623,0.5555,-0.6978,1.6329,-0.299099,,1.5022,2.3911,0.2051,2.9486
2019-10-18,1.57568,1.357,1.3695,6.2245,3.9107,2.6729,3.0895,1.5904,0.5541,-0.6554,1.6474,-0.253789,,1.4899,2.2211,0.2132,2.9334
2019-10-25,1.62556,1.4172,1.3768,6.1243,3.891,2.6942,3.098,1.5672,0.553,-0.6526,1.6666,-0.244438,,1.4423,2.1731,0.206,2.5764
2019-11-01,1.56003,1.4483,1.3867,6.0228,3.8812,2.7607,3.1079,1.5886,0.5525,-0.6497,1.5583,-0.268006,,1.4031,2.0704,0.1983,2.544
2019-11-08,1.66407,1.4868,1.3304,5.9521,3.8824,2.7592,3.0904,1.5142,0.5504,-0.6127,1.5919,-0.184106,,1.3886,2.1815,0.1651,2.598
2019-11-15,1.61014,1.4775,1.3444,5.961,3.8672,2.7594,3.0534,1.4869,0.5487,-0.6379,1.5563,-0.197095,,1.3762,2.2386,0.1537,2.6227
2019-11-22,1.62977,1.4562,1.3414,5.9535,3.8447,2.6771,3.0397,1.5043,0.5403,-0.6356,1.591,-0.196915,,1.4293,2.2998,0.1255,2.6179
2019-11-29,1.59987,1.3884,1.322,5.9397,3.7899,2.7048,3.0363,1.5193,0.5381,-0.6081,1.603,-0.186509,,1.4083,2.4407,0.1518,2.7574
2019-12-06,1.62096,1.4172,1.2761,5.9173,3.7905,2.7057,3.0422,1.5452,0.539,-0.6123,1.6595,-0.164239,,1.4071,2.248,0.1592,2.9135
2019-12-13,1.60169,1.4087,1.2902,5.9404,3.7285,2.679,3.0369,1.5595,0.5356,-0.616,1.6613,-0.152119,,1.4248,2.2329,0.1531,2.9355
2019-12-20,1.63146,1.3846,1.2407,5.979,3.732,2.6596,3.0255,1.6013,0.5139,-0.6243,1.6574,-0.123399,,1.47,2.5262,0.1584,3.0126
2019-12-27,1.58715,1.3724,1.1837,5.9145,3.7393,2.5827,3.0259,1.5331,0.5099,-0.6202,1.6661,-0.14195,,1.4789,2.4028,0.1569,3.0649
2020-01-03,1.52461,1.2925,1.1457,5.8793,3.7717,2.552,2.9825,1.4937,0.5066,-0.6072,1.6157,-0.142966,,1.5027,2.4072,0.1508,3.1061
2020-01-10,1.57015,1.4196,1.1577,5.6599,4.0464,2.5122,3.0077,1.4776,0.5106,-0.5801,1.6694,-0.138343,,1.5966,2.4485,0.1619,3.0756
2020-01-17,1.56948,1.4247,1.1576,5.594,4.0908,2.492,3.0106,1.4526,0.5183,-0.5694,1.6547,-0.136632,,1.6563,2.4602,0.2108,3.1815
2020-01-24,1.48438,1.408,1.1548,5.4208,4.0828,2.4505,2.849,1.4047,0.5069,-0.5885,1.4969,-0.135217,,1.5859,2.4689,0.2494,3.1998
2020-01-31,1.32713,1.3096,1.1151,5.455,4.0734,2.4505,2.8245,1.4296,0.4991,-0.6404,1.4379,-0.162418,,1.5202,2.4439,0.2938,3.2351
2020-02-07,1.39911,1.2672,1.013,5.4113,4.0815,2.2379,2.8034,1.5154,0.5136,-0.6157,1.4767,-0.158717,,1.4722,2.4491,0.4124,3.2476
2020-02-14,1.42379,1.3075,0.9692,5.2713,4.0169,2.2111,2.6399,1.5041,0.5088,-0.6302,1.4922,-0.154602,,1.5326,2.2208,0.8457,3.2812
2020-02-21,1.34817,1.1847,0.886,5.101,3.9373,2.222,2.6617,1.4875,0.4914,-0.6264,1.4191,-0.168824,,1.4822,2.2572,0.7779,3.1918
2020-02-28,0.873555,1.1028,0.8416,5.1562,3.8677,2.1613,2.5761,1.2752,0.4977,-0.7219,1.1498,-0.249007,,1.3758,2.3274,0.6983,3.2359
2020-03-06,0.47263,1.0638,0.7488,5.0666,3.7281,2.1207,2.5271,0.9516,0.4342,-0.7701,0.7102,-0.284458,,1.181,2.202,0.5865,2.9308
2020-03-13,0.484287,1.0987,0.8611,5.6764,4.1019,2.1369,2.6747,0.8462,0.4117,-0.7674,0.5071,-0.204691,,1.3594,3.142,0.7694,3.4019
2020-03-20,0.359533,1.1309,1.0956,6.2521,4.3689,2.0665,3.1456,1.1634,0.5106,-0.5755,0.5857,-0.176453,,0.9911,4.0825,1.0203,3.3625
2020-03-27,0.251566,1.0548,0.8736,6.1872,4.4585,1.9426,2.7588,0.8478,0.4034,-0.6476,0.4572,-0.193273,,0.8762,3.5334,0.7939,3.7968
2020-04-03,0.213091,1.0396,0.8778,6.3946,4.2951,1.8204,2.5271,0.5731,0.4086,-0.5692,0.4359,-0.150008,,0.8591,3.4127,1.4459,3.97
2020-04-10,0.223459,0.9435,0.762,6.5082,3.9341,1.5314,2.532,0.6345,0.3665,-0.5473,0.412,-0.175863,,0.7056,2.9847,1.5159,3.9059
2020-04-17,0.201882,0.9647,0.7104,6.2717,3.5779,1.4521,2.4051,0.5874,0.3616,-0.5638,0.3489,-0.170045,,0.6332,2.6166,1.2624,3.7788
2020-04-24,0.212341,0.9423,0.6566,6.2231,3.3079,1.3583,2.3867,0.4648,0.3434,-0.5718,0.3096,-0.169934,,0.5726,2.5408,1.27,3.7476
2020-05-01,0.19981,0.9397,0.6817,6.2262,3.0771,1.3384,2.2585,0.4076,0.3343,-0.6283,0.2894,-0.179745,,0.54,3.1123,1.2717,3.2432
2020-05-08,0.146849,0.852,0.661,6.3521,2.9194,1.3832,2.174,0.4108,0.3336,-0.6263,0.2582,-0.177653,,0.5763,3.0013,1.2444,2.3492
2020-05-15,0.149068,0.8406,0.6275,6.2024,2.8463,1.4016,2.1552,0.2387,0.3305,-0.5905,0.2476,-0.174858,,0.4944,3.0203,1.0495,2.3042
2020-05-22,0.167602,0.8052,0.5697,6.0338,2.7359,1.4734,2.1101,0.1912,0.3129,-0.5807,0.2653,-0.186692,,0.5824,2.629,0.9977,1.9854
2020-05-29,0.152433,0.7516,0.601,5.9347,2.5408,1.695,2.1063,0.2562,0.3061,-0.5765,0.2506,-0.168824,,0.1991,2.2786,0.9058,1.8843
2020-06-05,0.214097,0.8274,0.6443,5.8772,2.4961,2.0916,2.1514,0.342,0.3134,-0.5416,0.3183,-0.15289,,0.3026,2.0996,0.8875,1.6354
2020-06-12,0.188955,0.7855,0.5471,5.8974,2.4899,2.1082,2.1497,0.3129,0.306,-0.5994,0.241,-0.160787,-1.601,0.2696,2.1708,0.8574,1.6358
2020-06-19,0.187564,0.8022,0.5634,5.7607,2.6218,2.228,2.1121,0.3088,0.2748,-0.6063,0.2532,-0.160106,-1.7285,0.2305,2.2276,0.8018,1.6464
2020-06-26,0.166101,0.7694,0.5144,5.5744,2.3627,2.2476,2.0912,0.3205,0.2976,-0.6347,0.2481,-0.146208,-1.6629,0.1685,2.2016,0.6059,1.2406
2020-07-03,0.152621,0.7805,0.4972,5.511,2.0956,2.2145,1.9978,0.2664,0.2983,-0.6283,0.2562,-0.150188,-1.5597,0.1393,1.9332,0.64,1.2381
2020-07-10,0.152887,0.7715,0.5034,5.4717,2.0194,2.4846,1.867,0.2305,0.2813,-0.6313,0.2441,-0.157217,-1.7245,0.1357,1.9332,0.6336,1.0202
2020-07-17,0.145111,0.7598,0.5134,5.3602,2.0484,2.3908,1.8488,0.2523,0.266,-0.632,0.2309,-0.15723,-1.724,0.1333,1.9332,0.646,1.0779
2020-07-24,0.147341,0.7456,0.4969,5.101,2.0351,2.3352,1.8071,0.2445,0.2587,-0.6222,0.2349,-0.151651,-1.8426,0.1443,,0.6381,0.8583
2020-07-31,0.10929,0.712,0.4932,4.973,2.0442,2.3888,1.7636,0.2677,0.2359,-0.6589,0.2174,-0.150227,-1.9462,0.1473,1.8508,0.6601,0.8317
2020-08-07,0.124999,0.71,0.4856,4.7853,2.0088,2.4516,1.6994,0.2329,0.2064,-0.6395,0.2221,-0.139991,-1.9958,0.0488,1.8605,0.6632,0.7509
2020-08-14,0.149035,0.737,0.5064,4.5447,2.0053,2.4788,1.7144,0.2782,0.2237,-0.6097,0.2615,-0.128734,-2.0,0.1723,1.832,0.7228,0.6961
2020-08-21,0.145224,0.764,0.5078,4.3717,2.0127,2.5518,1.7391,0.2653,0.2257,-0.6449,0.2436,-0.12461,-2.0,0.1697,1.6837,0.7525,0.6839
2020-08-28,0.132825,0.8281,0.5557,4.4108,2.1185,2.6568,1.7306,0.3256,0.2351,-0.6196,0.2419,-0.126285,-1.9996,0.1708,1.6268,0.7898,0.5769
2020-09-04,0.150722,0.8644,0.5411,4.402,2.163,2.7014,1.6918,0.2424,0.2412,-0.6525,0.2319,-0.135389,-2.0,0.1445,1.9028,0.7704,0.7073
2020-09-11,0.126994,0.855,0.5428,4.4195,2.1713,2.689,1.81,0.2226,0.2375,-0.6455,0.2223,-0.145842,-1.9999,0.1238,1.9517,0.8243,0.7417
2020-09-18,0.137088,0.8272,0.5613,4.4859,2.2013,2.6504,1.8261,0.2277,0.2147,-0.6567,0.2222,-0.152166,-2.0,0.1076,1.9985,0.8512,0.7784
2020-09-25,0.128912,0.7959,0.5701,4.5207,2.1469,2.6564,1.8269,0.2229,0.1956,-0.6664,0.2173,-0.161807,-2.0,0.1091,1.866,1.0601,0.7093
2020-10-02,0.132879,0.7917,0.5805,4.6959,2.0782,2.6944,1.7948,0.2318,0.1876,-0.6717,0.2051,-0.149121,-1.9832,0.0977,2.0062,1.0643,0.6136
2020-10-09,0.152893,0.8245,0.5688,4.683,2.0424,2.7192,1.6971,0.2389,0.172,-0.689,0.2012,-0.137612,-1.9982,0.083,2.0731,0.9879,0.581
2020-10-16,0.145089,0.8209,0.5747,4.5123,2.0253,2.7738,1.6685,0.226,0.1568,-0.7356,0.1788,-0.149348,-1.9999,0.0935,2.2499,1.0061,0.5539
2020-10-23,0.155438,0.8241,0.5622,4.4294,2.0873,2.7522,1.643,0.2418,0.1555,-0.7213,0.1948,-0.141307,-2.0,0.0738,2.4386,0.9987,0.4199
2020-10-30,0.150509,0.8355,0.5678,4.4073,2.0709,2.7598,1.646,0.2492,0.1536,-0.7499,0.2274,-0.143804,-2.0,0.0718,2.4654,0.9857,0.5371
2020-11-06,0.15274,0.8581,0.5765,4.3485,2.0385,2.7754,1.7618,0.249,0.1537,-0.743,0.2293,-0.158581,-2.0,0.053,2.5287,0.8532,0.7155
2020-11-13,0.17704,0.8443,0.5474,4.341,2.0495,2.8743,1.7246,0.2502,0.1588,-0.7048,0.2512,-0.156012,-2.0,0.0738,2.5314,0.7753,0.8027
2020-11-20,0.161379,0.8613,0.5467,4.2223,1.9526,2.9749,1.727,0.2819,0.1489,-0.7203,0.2474,-0.158879,-2.0,0.0838,2.6784,0.7157,0.9316
2020-11-27,0.152396,0.8827,0.52,4.1139,1.9124,2.9752,1.7588,0.2737,0.145,-0.7261,0.2355,-0.149869,-1.9529,0.0908,2.507,0.7275,0.9756
2020-12-04,0.150685,0.8607,0.4586,4.1518,1.9529,2.943,1.7761,0.2895,0.1511,-0.7243,0.2727,-0.144843,-1.9691,0.1051,2.5507,0.7346,0.9144
2020-12-11,0.119016,0.8593,0.4305,4.2145,1.9153,2.9021,1.8038,0.3558,0.1396,-0.767,0.2394,-0.155059,-1.9561,0.0811,2.6537,0.7065,1.1181
2020-12-18,0.122985,0.8729,0.3639,4.2581,1.8898,2.8666,1.7929,0.3548,0.139,-0.7287,0.2321,-0.14848,-1.9921,0.1008,2.6107,0.5938,0.9451
2020-12-25,0.120931,0.8702,0.365,4.3241,1.8496,2.7912,1.8028,0.3311,0.1395,-0.7087,0.2142,-0.149137,-2.0,0.1467,2.2497,0.587,0.9331
2021-01-01,0.119099,0.9095,0.3291,4.2724,1.8432,2.7021,1.8112,0.3035,0.1484,-0.7276,0.1945,-0.137214,-2.0,0.0785,2.1164,0.5757,0.9235
2021-01-08,0.134932,0.8751,0.3642,4.4233,1.8696,2.6113,1.7864,0.2764,0.1449,-0.7027,0.1877,-0.126715,-2.0,0.0868,2.155,0.6222,0.9217
2021-01-15,0.135044,0.8941,0.4197,4.5595,1.8369,2.5831,1.7035,0.2523,0.1484,-0.7018,0.1553,-0.12988,-2.0,0.0678,2.119,0.6205,0.9574
2021-01-22,0.122973,0.89,0.4089,4.645,1.7833,2.6123,1.8033,0.3031,0.1426,-0.6858,0.1726,-0.138504,-2.0,0.0698,2.0674,0.6376,0.8231
2021-01-29,0.115207,0.85,0.4033,4.565,1.8238,2.7545,1.7848,0.3114,0.1346,-0.7047,0.1519,-0.13073,-2.0,0.0675,2.2976,0.666,0.8302
2021-02-05,0.105225,0.83,0.4433,4.4904,1.7813,2.7831,1.8073,0.3251,0.1387,-0.6906,0.1791,-0.136556,-2.0,0.0903,2.4721,0.6757,0.6599
2021-02-12,0.109,0.874,0.4593,4.5002,1.8549,2.7611,1.8081,0.3121,0.1435,-0.691,0.1785,-0.135481,-2.0,0.1283,2.6547,0.7144,0.4128
2021-02-19,0.106847,0.8808,0.4968,4.5465,2.0011,2.7642,1.8287,0.3407,0.1521,-0.6623,0.228,-0.120667,-2.0,0.1387,2.4616,0.8792,0.5189
2021-02-26,0.144593,0.85,0.5887,4.7558,2.1082,2.7222,1.8219,0.4196,0.1688,-0.6433,0.323,-0.121132,-2.0,0.1351,2.4077,1.0572,1.0394
2021-03-05,0.138846,0.9295,0.6395,4.7194,2.1671,2.7194,1.9473,0.4806,0.199,-0.6648,0.2995,-0.136745,-2.0,0.1896,2.4907,1.1029,0.9948
2021-03-12,0.148968,0.988,0.6024,4.8027,2.4675,2.7354,2.0486,0.5443,0.1962,-0.6652,0.3163,-0.128964,-2.0,0.1528,2.5496,1.1148,1.1214
2021-03-19,0.149202,0.892,0.5331,4.9407,2.5307,2.722,2.0596,0.5733,0.1798,-0.687,0.2718,-0.140709,-2.0,0.1089,3.0188,1.0837,1.2694
2021-03-26,0.138696,0.93,0.4863,4.7985,2.4182,2.6838,2.0479,0.5612,0.1659,-0.7051,0.2359,-0.136322,-1.9971,0.1149,2.91,1.0622,1.4154
2021-04-02,0.184132,0.9869,0.4248,4.6932,2.407,2.6583,2.0321,0.5285,0.1683,-0.7005,0.2323,-0.129391,-2.0,0.1523,2.9641,1.0701,1.8894
2021-04-09,0.156832,0.923,0.4327,4.634,2.4085,2.6629,2.0358,0.4857,0.1648,-0.6921,0.2515,-0.13123,-1.7927,0.1319,3.2655,0.9426,1.739
2021-04-16,0.161163,0.9965,0.4229,4.6761,2.4359,2.6219,2.0326,0.453,0.1596,-0.6856,0.2771,-0.139121,-1.769,0.1422,3.4925,0.8531,1.4081
2021-04-23,0.155432,0.906,0.5434,4.6352,2.3345,2.5788,2.039,0.4425,0.1564,-0.684,0.3004,-0.137413,-1.732,0.1591,3.461,0.854,1.2671
2021-04-30,0.162337,0.948,0.556,4.6475,2.3655,2.5508,2.0386,0.4543,0.1578,-0.6678,0.2825,-0.13348,-1.4259,0.1581,3.5599,0.8552,1.2974
2021-05-07,0.144835,0.925,0.5401,4.5804,2.2785,2.5455,1.9996,0.4502,0.1587,-0.6779,0.2866,-0.137469,-1.0998,0.1584,3.6142,0.836,1.1765
2021-05-14,0.149035,0.9737,0.5425,4.536,2.2296,2.5241,1.9925,0.4334,0.1594,-0.6478,0.3314,-0.137885,-1.1119,0.2807,3.4418,1.0153,1.3337
2021-05-21,0.157364,0.9548,0.5539,4.5624,2.1652,2.5071,1.9916,0.3776,0.1536,-0.6571,0.3273,-0.135982,-1.3311,0.3222,3.2679,1.2086,1.5451
2021-05-28,0.140674,0.95,0.5492,4.5141,2.1706,2.5431,1.9764,0.3709,0.1889,-0.6742,0.3224,-0.136724,-1.2146,0.3871,3.3309,1.206,1.3041
2021-06-04,0.148707,1.0851,0.5477,4.4775,2.1355,2.5666,1.9208,0.3634,0.1966,-0.6802,0.3202,-0.138166,-1.1833,0.3946,3.3837,1.2359,1.2532
2021-06-11,0.148937,1.1252,0.5207,4.353,2.0326,2.6114,1.9174,0.337,0.1911,-0.6895,0.3237,-0.136557,-0.8989,0.3547,3.3593,1.2699,1.0101
2021-06-18,0.25813,1.185,0.513,4.3628,1.969,2.6071,2.0533,0.3816,0.2029,-0.6709,0.4675,-0.12537,-0.4261,0.4133,3.3836,1.3863,1.0039
2021-06-25,0.270019,1.29,0.4954,4.3605,1.9471,2.5551,2.0767,0.4668,0.2068,-0.6586,0.4644,-0.122388,-0.4343,0.5108,3.2561,1.4175,1.2888
2021-07-02,0.237574,1.3356,0.4916,4.4216,1.948,2.5266,2.0522,0.4544,0.2091,-0.6761,0.4873,-0.12196,-0.7066,0.4661,3.4765,1.3417,1.5963
2021-07-09,0.216576,1.2241,0.4904,4.3736,1.9703,2.4701,2.0488,0.4327,0.2061,-0.6783,0.5208,-0.121407,-0.6574,0.4678,3.853,1.3075,1.4977
2021-07-16,0.225519,1.306,0.4832,4.2795,1.9628,2.416,2.0383,0.4116,0.2058,-0.6928,0.4782,-0.135455,-0.8518,0.4148,3.7203,1.3022,1.5755
2021-07-23,0.198061,1.249,0.4958,4.2406,2.0131,2.3619,2.0486,0.3838,0.2015,-0.7265,0.4318,-0.140702,-1.2093,0.3442,3.705,1.2837,1.5654
2021-07-30,0.187817,1.248,0.5042,4.1634,1.9795,2.3443,2.0554,0.3776,0.1998,-0.7477,0.4339,-0.135836,-1.02,0.3801,3.7662,1.3324,1.7521
2021-08-06,0.20826,1.3236,0.4574,4.0274,1.8773,2.3375,2.0738,0.3679,0.1932,-0.742,0.4817,-0.142215,-1.1998,0.4612,3.6243,1.3689,1.6523
2021-08-13,0.213076,1.241,0.436,4.1436,1.889,2.3891,2.1039,0.3761,0.1982,-0.7283,0.45,-0.140113,-0.9436,0.4729,3.6561,1.367,1.5673
2021-08-20,0.224058,1.213,0.4305,4.0337,1.9212,2.35,2.1089,0.3756,0.2028,-0.7431,0.4509,-0.146264,-0.475,0.4213,4.0552,1.3663,1.6223
2021-08-27,0.217046,1.262,0.4451,4.0277,1.9425,2.3637,2.1055,0.3987,0.2257,-0.7225,0.4525,-0.137876,-0.4484,0.4103,4.1755,1.4488,1.5721
2021-09-03,0.206066,1.317,0.494552,3.9897,1.9719,2.3523,2.093,0.3824,0.225,-0.7073,0.4096,-0.130565,-0.2191,0.5844,4.4404,1.6848,1.5141
2021-09-10,0.21673,1.371,0.511244,4.0279,1.9444,2.4013,2.1056,0.3777,0.2245,-0.6995,0.4343,-0.126272,-0.2436,0.5231,4.6795,1.6489,1.482
2021-09-17,0.225706,1.405,0.5331,3.9983,1.9356,2.4174,2.1232,0.3974,0.2199,-0.6944,0.4791,-0.128063,-0.0294,0.6003,4.3423,1.7931,1.5723
2021-09-24,0.271551,1.425,0.5596,4.0246,1.9543,2.4047,2.1959,0.4382,0.2172,-0.6817,0.5418,-0.134012,0.5137,0.6142,4.5424,1.777,1.596
2021-10-01,0.261821,1.5026,0.5674925,4.1036,2.1054,2.3728,2.192,0.5083,0.2211,-0.6881,0.5543,-0.128986,0.5108,0.8386,4.5812,1.9021,1.703
2021-10-08,0.317781,1.5525,0.6254,4.1096,2.1419,2.4158,2.2417,0.5118,0.236,-0.6775,0.6678,-0.127393,0.1433,1.4028,4.5664,2.1176,1.7286
2021-10-15,0.398914,1.6579,0.6648,4.1112,2.2346,2.4414,2.3209,0.5454,0.2436,-0.669,0.7481,-0.126048,0.848,1.6398,4.6725,2.1571,1.8136
2021-10-22,0.461521,1.7194,0.7353,4.0768,2.3796,2.4805,2.3612,0.6921,0.2667,-0.6272,0.879,-0.117407,-0.453,1.858,4.634,2.235,1.784
2021-10-29,0.489131,1.9214,0.7302,4.0752,2.3792,2.4566,2.4411,0.8185,0.3331,-0.5785,1.1204,-0.108649,-0.1703,2.0625,4.7098,2.2446,1.8753
2021-11-05,0.398813,1.8039,0.7283,4.1161,2.4144,2.4168,2.4585,0.7739,0.3309,-0.7134,0.9643,-0.110998,0.3065,2.6262,4.8085,2.306,2.0426
2021-11-12,0.519509,1.76,0.6668745,4.092,2.6107,2.4423,2.4729,0.8337,0.3422,-0.7356,1.029,-0.11487,0.2622,3.0077,5.1503,3.0961,2.0337
2021-11-19,0.502669,1.77,0.6722695,4.072,2.7168,2.4421,2.4463,0.8239,0.3633,-0.7642,1.0472,-0.12747,0.2074,2.9461,5.5437,3.6288,2.2913
2021-11-26,0.517692,1.715,0.673919,4.0067,2.7619,2.3896,2.4565,0.8159,0.3771,-0.7566,0.9989,-0.128405,2.6995,2.8733,5.2978,3.8026,2.3543
2021-12-03,0.591251,1.7986,0.659978,4.0496,2.7831,2.4334,2.4355,0.8543,0.3626,-0.7243,1.083,-0.120494,0.251,2.9701,5.2102,3.821,2.4946
2021-12-10,0.660373,1.7,0.7188,4.0676,2.7759,2.4208,2.4375,0.8514,0.3676,-0.6809,1.0312,-0.114438,1.1737,2.9295,5.2008,3.7392,2.2973
2021-12-17,0.641665,1.6888,0.6337955,4.0965,2.6959,2.3987,2.5345,0.8274,0.3675,-0.6744,0.9587,-0.114934,0.2792,2.9353,5.2213,3.8837,2.3366
2021-12-24,0.68609,1.668,0.7172,4.0562,2.7032,2.3986,2.5402,0.875,0.4108,-0.6339,1.0436,-0.0969679,0.225,3.3483,4.934,3.7679,2.4761
2021-12-31,0.730203,1.672,0.7156,3.9916,2.6688,2.3363,2.526,0.886,0.4318,-0.6077,1.0221,-0.0956796,1.3177,3.5341,4.9055,3.864,2.4535
2022-01-07,0.868083,1.8853,0.7413,4.0427,2.5962,2.3438,2.5649,0.9088,0.4867,-0.551,1.1622,-0.0780781,1.539,3.7609,5.1325,4.0924,2.8239
2022-01-14,0.966815,1.88,0.7395,4.0876,2.3099,2.2893,2.5334,0.9329,0.4809,-0.548,1.2638,-0.0770726,1.5929,3.2919,5.0362,3.9916,3.2273
2022-01-21,0.995298,1.9798,0.766,4.0853,2.3902,2.1486,2.5483,1.0275,0.4698,-0.5677,1.3304,-0.0758783,1.6766,3.0626,5.085,4.04,3.0963
2022-01-28,1.17029,2.0461,0.7603,4.0697,2.5728,2.1173,2.5665,1.0741,0.4602,-0.5475,1.3464,-0.0559627,3.5554,3.5313,5.4698,4.2744,3.2719
2022-02-04,1.32201,2.0536,0.7641,4.0078,2.5037,2.1173,2.5576,1.0728,0.4602,-0.2963,1.3972,-0.0493589,-0.2499,3.7261,5.4096,4.4393,3.3474
2022-02-11,1.51199,2.142,0.6263655,3.9973,2.5436,2.1411,2.5745,1.2412,0.4696,-0.3029,1.4951,-0.0405744,-0.3094,3.564,5.3303,4.414,3.4306
2022-02-18,1.46957,2.1549,0.776,3.9935,2.6798,2.153,2.5457,1.2712,0.455,-0.3901,1.5333,-0.0173092,-0.1946,3.5554,5.4312,4.6533,3.4847
2022-02-25,1.58566,2.005,0.613333,3.9623,3.0795,2.1949,2.524,1.2847,0.436,-0.3301,1.5787,-0.0307864,0.4871,3.9685,5.2626,5.0783,3.6353
2022-03-04,1.48991,1.94,0.5468495,4.0151,3.0786,2.2274,2.5048,1.2692,0.4577,-0.5757,1.4098,-0.0453824,0.2496,4.1807,5.4753,5.8343,3.681
2022-03-11,1.74803,2.04,0.515816,4.1155,3.2251,2.2257,2.5058,1.4032,0.4574,-0.3022,1.6962,-0.0416789,0.0236,5.0571,5.4667,6.2109,3.8212
2022-03-18,1.95685,2.0458,0.5136225,4.1379,3.4113,2.2362,2.5128,1.5311,0.4732,-0.2747,1.9385,-0.030976,-0.0247,4.9238,5.5646,6.0723,3.4388
2022-03-25,2.29491,2.218,0.8652,4.2231,3.3405,2.266,2.5598,1.7984,0.7281,-0.1195,2.3928,-0.0287252,-0.1628,5.4811,5.6967,6.5164,3.4826
2022-04-01,2.428,2.48,1.087379,4.2153,3.3471,2.2456,2.7029,1.9537,0.8199,0.0086,2.3812,-0.0474512,0.6516,5.4228,5.7458,6.4644,3.5046
2022-04-08,2.51973,2.8,0.969,4.3504,3.3747,2.2122,2.7257,1.9784,0.8199,0.1257,2.4783,-0.0872288,0.6691,6.1414,5.6038,6.8655,3.5046
2022-04-15,2.4415,2.8211,1.0275,4.3912,3.4141,2.1908,2.8053,1.9036,0.8529,0.1695,2.4738,-0.0650467,1.5231,6.0158,5.0894,6.6706,3.3998
2022-04-22,2.71545,2.732,1.2893,4.6031,3.4917,2.2159,2.9751,2.0634,0.8584,0.3255,2.7158,-0.0586272,1.5834,6.3366,5.1438,6.8348,3.7256
2022-04-29,2.69433,2.755,1.565725,4.9451,3.4354,2.2192,3.1493,2.0934,0.8743,0.3508,2.7092,-0.0600708,1.178,6.4502,5.322,6.8873,3.9885
2022-05-06,2.69395,2.925,1.629598,4.9451,3.5382,2.2245,3.2486,2.2493,0.8712,0.4672,2.7659,-0.0545704,1.0523,6.5818,5.5222,7.0797,4.2638
2022-05-13,2.59857,2.696,1.986802,5.917,3.6907,2.1758,3.38,2.2904,0.9052,0.3167,2.6881,-0.0549249,1.2191,6.3174,5.4754,7.0042,4.3013
2022-05-20,2.58065,2.7975,1.908633,5.63,4.0337,2.1339,3.2352,2.3434,0.9369,0.4097,2.6461,-0.0618422,1.7072,6.0486,5.4907,6.8083,4.135
2022-05-27,2.49396,2.7925,1.4906,5.2752,4.1119,2.0945,3.1357,2.2475,0.8734,0.4245,2.5573,-0.0662934,1.6368,6.293,5.6299,7.0654,3.9416
2022-06-03,2.66469,2.835,1.685022,5.0876,4.1553,2.1459,3.1555,2.3024,0.8699,0.6869,2.9232,-0.0751615,1.4184,6.5404,5.606,7.133,4.1082
2022-06-10,3.04861,3.0258,1.707275,5.098,4.1959,2.1589,3.1822,2.375,0.8949,0.9618,3.2784,-0.0811744,1.4018,6.8864,5.4726,7.592,3.8825
2022-06-17,3.16591,3.656,1.7478,5.2587,4.3459,2.1629,3.3886,2.7163,0.9861,1.1409,3.2787,-0.0876984,1.4215,7.5868,5.5483,8.5749,3.9479
2022-06-24,3.05895,3.4102,1.839887,5.2106,4.4195,2.176,3.3182,2.6333,0.9207,0.9146,3.1431,-0.0831792,1.3773,7.1814,5.5592,8.0393,3.484
2022-07-01,2.84508,3.415,1.80749,5.1856,4.4123,2.1854,3.3513,2.5535,0.8778,0.6936,3.108,-0.0740447,1.507,7.0261,5.518,8.2532,3.5485
2022-07-08,3.11912,3.318,1.756757,5.2208,4.5303,2.2251,3.3052,2.609,0.8567,0.7382,3.264,-0.0753911,1.1887,7.1749,5.4176,9.628,3.5407
2022-07-15,3.13671,3.183,1.762069,5.342,4.6679,2.1542,3.2874,2.7612,0.8774,0.6168,3.1825,-0.0696418,1.3287,7.3674,5.6075,10.8482,3.6109
2022-07-22,2.99092,3.2091,1.7438,5.6341,4.8019,2.1245,3.3079,2.8474,0.8992,0.6054,3.0445,-0.0796434,1.7522,6.5247,5.8589,10.3263,3.3436
2022-07-29,2.89862,2.9941,1.7227,5.5068,4.8326,2.0719,3.2921,2.599,0.878,0.4644,2.9264,-0.0951695,5.2521,6.3628,6.0715,10.7559,3.3914
2022-08-05,3.24836,3.058,1.653767,5.4606,4.6382,1.9909,3.3217,2.5606,0.8621,0.6216,3.2355,-0.112705,2.0451,6.3415,6.1621,10.4246,3.5825
2022-08-12,3.25672,3.141,1.5368,5.3175,4.6591,2.051,3.2923,2.6611,0.866,0.6894,3.2343,-0.0977979,2.2198,6.1404,6.2682,10.3211,3.6366
2022-08-19,3.26527,3.1134,1.540501,5.3551,4.5788,1.9461,3.2587,2.6272,0.9191,0.9131,3.429,-0.0931565,3.8241,6.5374,6.0269,10.8033,3.7495
2022-08-26,3.39053,3.547,1.511405,5.5014,4.5852,2.0081,3.2383,2.679,0.9364,1.0323,3.5536,-0.0938286,4.2624,6.8137,5.5704,11.0922,3.7356
2022-09-02,3.3976,3.55,1.587271,5.6766,4.7759,1.9609,3.2495,2.8377,0.9587,1.127,3.5853,-0.0862569,3.8586,6.5612,5.6324,11.941,3.8675
2022-09-09,3.56896,3.4274,1.627773,5.6434,5.0472,1.9543,3.259,2.9387,0.973,1.366,3.6104,-0.0879592,3.8586,6.3883,5.7372,12.8328,3.7551
2022-09-16,3.85649,3.753,1.672427,5.7048,5.1934,2.0096,3.268,3.1675,1.0853,1.5707,3.7832,-0.0755153,3.8586,6.5729,5.7522,12.7155,3.9893
2022-09-23,4.21401,4.2,1.7127,5.8443,5.1389,2.0088,3.483,3.3592,1.1389,1.9128,3.762,-0.0686685,,6.7014,5.6785,12.5775,4.0992
2022-09-30,4.20851,4.0016,1.9071,6.1988,5.1972,2.0517,3.6281,3.4979,1.3311,1.8712,3.7765,-0.0508165,,7.3208,5.6853,12.7399,4.5884
2022-10-07,4.30783,4.0061,1.799402,6.1573,5.4247,2.0517,3.6114,3.3578,1.3563,1.9656,4.0414,-0.0703661,4.0754,7.2397,5.7937,13.269,4.5844
2022-10-14,4.50865,3.984,1.83543,6.3337,5.6659,2.0131,3.694,3.3632,1.3888,2.0877,4.1418,-0.0562344,4.0018,7.7826,5.6691,15.1606,4.7339
2022-10-21,4.48936,4.445,1.850081,6.4894,5.9032,2.0189,3.6712,3.3531,1.3996,2.173,4.171,-0.00871951,2.8771,8.7996,5.7703,14.7173,4.7244
2022-10-28,4.42243,4.14,1.825075,6.6164,5.909,1.9951,3.5912,3.1218,1.3972,2.0257,3.8298,-0.0448409,2.9082,8.1176,5.7293,13.2516,4.7007
2022-11-04,4.64792,4.175,1.73273,6.6524,5.97,2.0118,3.5857,3.1945,1.3562,2.2404,4.1295,-0.0416825,3.1246,8.1043,5.747,12.9521,4.7712
2022-11-11,4.32374,3.9,1.782066,6.4958,6.0494,2.0852,3.6063,3.1337,1.3583,2.2411,3.8011,-0.0568095,2.9322,7.089,5.6517,11.5527,4.9479
2022-11-18,4.50954,3.856,1.7478,6.4836,6.0616,2.268,3.6056,3.0083,1.307,2.1225,3.9365,-0.0471998,2.8204,7.0973,5.7261,11.1182,4.9593
2022-11-25,4.47936,3.689,1.7548,6.2894,6.0091,2.2035,3.6045,2.9781,1.2787,2.1602,3.8367,-0.0228571,2.7714,7.02,5.5852,10.3987,5.0226
2022-12-02,4.27999,3.6502,1.7193,5.9716,5.9289,2.2523,3.5604,3.1015,1.1946,2.0566,3.7064,-0.0284408,2.8913,6.6713,6.1616,10.842,4.984
2022-12-09,4.32758,3.78,1.710684,5.9653,5.8881,2.3216,3.5381,3.1676,1.0874,2.1267,3.7651,-0.0143289,2.9934,6.629,6.1505,12.4145,5.3734
2022-12-16,4.18035,3.66,1.5901,5.9461,5.8584,2.3635,3.565,3.0572,1.1012,2.3832,3.5747,-0.0224866,2.9663,6.7493,6.4095,11.5364,5.157
2022-12-23,4.32108,3.715,1.5824,5.9305,5.9498,2.313,3.5851,2.9667,1.0903,2.5645,3.8496,-0.00609922,2.7508,6.6241,5.9977,11.7575,5.1289
2022-12-30,4.41128,3.791,1.5535,5.9029,5.9485,2.2849,3.5998,2.9758,1.0995,2.6956,3.9922,0.0419623,2.846,6.5955,6.2062,12.2553,5.1462
2023-01-06,4.25985,3.711,1.5057,5.9039,5.9703,2.2494,3.5308,2.9859,1.0844,2.5519,3.8832,0.0190564,2.8713,5.9796,6.5181,11.02,5.1336
2023-01-13,4.23846,3.404,1.5055,5.8385,5.7346,2.2809,3.4906,2.9753,1.0376,2.533,3.6843,0.0404664,2.9136,5.8143,6.262,10.6805,5.0787
2023-01-20,4.18081,3.4214,1.55,5.8871,5.549,2.2877,3.28,2.9846,1.0215,2.5322,3.5927,-0.0269402,3.1262,5.8541,6.1861,10.9613,5.3025
2023-01-27,4.20522,3.3959,1.745338,5.9213,5.3304,2.2877,3.2909,2.9707,1.0215,2.5749,3.6735,-0.00388002,3.1256,5.7603,6.2814,11.3561,5.3766
2023-02-03,4.30106,3.2422,1.737903,5.9059,5.3607,2.269,3.2596,2.9578,0.9879,2.5582,3.7888,-0.0386552,3.2683,5.6813,6.0123,11.2659,5.4321
2023-02-10,4.51068,3.465,1.782299,5.9758,5.395,2.2952,3.3051,3.089,0.9972,2.7619,4.0565,-0.0559664,3.3872,5.9949,6.1239,11.6248,5.6036
2023-02-17,4.62336,3.6675,1.870715,6.0592,5.5614,2.3055,3.3405,3.2821,1.0403,2.8679,4.0854,-0.0529281,3.2934,6.2848,6.2281,12.711,5.8997
2023-02-24,4.80317,3.6197,1.856524,6.2229,5.6467,2.364,3.3379,3.6001,1.1127,2.9985,4.2305,-0.038945,2.8955,6.2058,6.4097,12.3752,5.9837
2023-03-03,4.85855,3.855,1.865396,6.2595,5.6675,2.3887,3.3713,3.7559,1.1389,3.1923,4.1692,-0.0620589,2.8676,6.2078,6.199,12.2095,6.0703
2023-03-10,4.58834,3.7312,1.851,6.3307,5.8905,2.3286,3.3219,3.6377,1.1389,3.0148,3.889,-0.0512139,2.8223,5.9123,5.944,12.3144,6.2121
2023-03-17,3.84367,3.451,1.7865,6.3363,5.8877,2.3505,3.2773,3.3376,1.0952,2.4958,3.4774,-0.0949251,2.6432,5.5275,6.1379,12.1848,6.0443
2023-03-24,3.77505,3.251,1.7027,6.24,5.8641,2.3571,3.1727,2.9095,1.1027,2.5076,3.3375,-0.0834399,2.6821,5.8589,6.1746,11.4753,6.0088
2023-03-31,4.06036,3.338,1.7735,6.1723,5.864,2.3256,3.1466,3.1198,1.1739,2.7574,3.6638,-0.0817967,3.0776,5.9189,5.9798,12.0085,6.0641
2023-04-07,3.97008,3.303,1.860312,6.1034,5.869,2.3417,3.1512,3.0074,1.1651,2.6361,3.5236,-0.079574,3.0669,5.93,5.8557,11.7324,6.1041
2023-04-14,4.10104,3.2459,1.865317,6.1932,5.957,2.3172,3.1207,2.9412,1.132,2.9152,3.8296,-0.0586147,3.3656,6.0252,5.7934,12.2838,6.303
2023-04-21,4.18801,3.2628,1.890002,6.1712,5.9571,2.3156,3.1377,3.0255,1.1243,2.9793,3.7402,-0.0472095,3.3609,5.9724,5.8945,11.7812,6.4041
2023-04-28,4.06204,3.3395,1.890902,6.1339,6.0318,2.2737,3.1371,3.1078,1.1091,2.8029,3.6519,-0.0537957,3.3568,5.7657,5.8304,11.5183,6.4505
2023-05-05,3.91601,3.318,1.8943,6.1065,5.9656,2.2388,3.1839,3.1021,1.0977,2.7951,3.6896,-0.0512736,3.4056,5.6128,5.7017,11.7118,6.2908
2023-05-12,4.00294,3.2943,1.954955,5.9808,5.8803,2.1741,3.2183,3.1015,1.0714,2.8074,3.7086,-0.0690947,3.5309,5.6147,5.7703,11.4258,6.2721
2023-05-19,4.28717,3.428,2.013262,5.8863,5.7997,2.1958,3.3005,3.1929,1.0695,2.9278,3.9631,-0.0631195,3.4403,5.8562,5.7155,11.3538,6.1905
2023-05-26,4.58163,3.603,2.109961,5.8495,5.8445,2.1618,3.3346,3.4077,1.0639,3.0718,4.2889,-0.0726315,3.3575,5.9484,5.5575,11.3529,6.2143
2023-06-02,4.49796,3.546,2.0915,5.7533,5.8691,2.1168,3.311,3.357,1.0734,2.9541,4.2516,-0.0813277,3.2662,5.8243,5.4475,10.9536,6.0495
2023-06-09,4.6009,3.592,2.089073,5.7385,5.9138,2.0763,3.3485,3.4181,1.0757,3.0519,4.4469,-0.0720458,3.3221,5.7763,5.5751,10.4126,5.8789
2023-06-16,4.71514,3.63,2.1445,5.7001,5.9448,2.1075,3.3678,3.4663,1.0398,3.2051,4.5023,-0.0733536,3.3114,5.8578,5.5096,10.5915,5.7842
2023-06-23,4.74661,3.6364,2.1547,5.7854,6.19,2.1262,3.4075,3.473,1.0319,3.213,4.6054,-0.08641,3.14,5.7797,5.421,10.3373,5.7358
2023-06-30,4.8756,3.6713,2.140827,5.8008,6.3116,2.096,3.4041,3.5422,1.0564,3.2825,4.5288,-0.0822428,3.1883,5.6726,5.4167,9.6097,5.7405
2023-07-07,4.92587,3.785,2.1493,5.8605,6.3845,2.0644,3.4539,3.594,1.0515,3.3566,4.7302,-0.0660539,3.095,5.6397,5.4411,9.843,5.7098
2023-07-14,4.7455,3.6691,2.1608,5.8707,6.279,2.0683,3.301,3.4298,1.077,3.3208,4.5596,-0.0446389,3.0486,5.1606,5.3531,9.546,5.629
2023-07-21,4.84043,3.6506,2.178427,5.8871,6.1787,2.0208,3.291,3.4159,1.0755,3.2745,4.6012,-0.0531043,3.1507,5.2706,5.2605,9.5386,5.4951
2023-07-28,4.89622,3.658,2.20279,5.8789,6.247,2.0469,3.3132,3.4516,1.0728,3.2335,4.7,-0.0433945,3.0009,5.3477,5.2725,9.2066,5.4949
2023-08-04,4.78812,3.7257,2.242,5.9018,6.2471,2.0155,3.3953,3.4158,1.0698,3.2267,4.5656,0.0144036,2.9673,5.2848,5.3451,9.24,5.5901
2023-08-11,4.89361,3.7068,2.245369,5.9538,6.3008,2.0228,3.3862,3.4406,1.0743,3.2427,4.6696,0.0043412,2.8274,5.2096,5.23,9.1095,5.6534
2023-08-18,4.93292,3.7228,2.278708,5.9726,6.2614,2.0159,3.4033,3.5107,1.0907,3.2425,4.739,0.015345,2.7266,5.303,5.1668,8.6896,5.6035
2023-08-25,5.053,3.783,2.287934,6.2225,6.2447,2.0386,3.3989,3.5807,1.0701,3.2302,4.7627,0.0142893,3.0404,5.229,5.0245,8.5205,5.5471
2023-09-01,4.86496,3.708,2.281179,6.2007,6.1899,2.0843,3.3831,3.5294,1.0677,3.1883,4.5326,0.0134047,2.7343,5.1461,4.9366,8.3081,5.5482
2023-09-08,4.978,3.823,2.3973,6.219,6.2305,2.1787,3.3983,3.5074,1.0685,3.2602,4.6271,-0.00146967,2.9432,4.6859,5.0555,8.087,5.6614
2023-09-15,5.02935,3.865,2.5007,6.221,6.2078,2.1765,3.4151,3.5644,1.0694,3.3876,4.6815,0.0280931,3.2775,4.6899,5.1052,8.0562,5.6986
2023-09-22,5.11942,3.8319,2.5581,6.242,6.1828,2.2157,3.4804,3.6695,1.1096,3.4166,4.866,0.0295232,2.9291,4.9047,5.2798,7.8017,6.2939
2023-09-29,5.04253,3.8122,2.5734,6.2847,6.2495,2.2284,3.4733,3.7178,1.1062,3.3939,4.8215,0.0334756,3.2644,4.8169,5.336,8.1516,6.502
2023-10-06,5.07811,3.9382,2.5756,6.4035,6.3117,2.2284,3.5571,3.7164,1.1044,3.3645,4.8546,0.0467292,3.4105,5.0309,5.3208,8.3171,6.4374
2023-10-13,5.04958,3.9063,2.5916,6.385,6.3351,2.2806,3.5279,3.6318,1.1012,3.3484,4.8623,0.0273172,3.4783,5.0459,5.4105,8.0363,6.39
2023-10-20,5.08062,3.93,2.6173,6.5553,6.3897,2.3393,3.5658,3.6622,1.0841,3.3704,4.7708,0.0575378,3.6426,5.2154,5.6228,8.2386,6.4309
2023-10-27,5.00727,3.973,2.6028,6.927,6.499,2.2953,3.5912,3.6388,1.086,3.2542,4.5618,0.0796201,3.5563,5.0045,5.7404,8.0131,6.5553
2023-11-03,4.82717,3.891,2.5792,6.735,6.5884,2.2659,3.5436,3.5437,1.0752,3.1725,4.3524,0.119476,3.2086,4.9519,5.7562,7.6381,6.4921
2023-11-10,5.05702,3.874,2.5358,6.7111,6.4829,2.2736,3.4263,3.4773,1.0694,3.2387,4.5124,0.0852143,2.9732,5.242,5.8809,7.5626,6.296
2023-11-17,4.90573,3.726,2.483544,6.5656,6.3198,2.2552,3.4196,3.3293,1.0863,3.132,4.4249,0.0180718,2.6187,5.1608,5.8411,7.283,5.7814
2023-11-24,4.95807,3.716,2.492716,6.6321,6.0565,2.3343,3.4192,3.3666,1.0918,3.207,4.4127,0.0432505,2.2928,5.3337,5.8116,7.5318,5.9132
2023-12-01,4.56319,3.6047,2.435546,6.5611,5.9982,2.3377,3.4143,3.3536,1.0849,2.8833,4.0009,0.0214539,2.3591,5.191,5.7858,7.1529,5.8995
2023-12-08,4.72295,3.5097,2.393909,6.5233,6.0575,2.3617,3.4153,3.3188,1.0905,2.8833,4.0766,0.0672541,2.5665,4.9744,5.5675,6.7945,6.0839
2023-12-15,4.45222,3.354,2.3511,6.5043,5.9956,2.2964,3.3929,3.2131,1.074,2.7029,3.8558,0.0672688,2.6458,4.7937,5.5786,6.188,5.8898
2023-12-22,4.33792,3.341,2.335158,6.4812,5.9335,2.2673,3.3972,3.1653,1.0801,2.6023,3.8627,0.0310142,2.7387,4.9286,5.4977,5.872,5.99
2023-12-29,4.24471,3.2567,2.3461,6.4325,5.9195,2.1665,3.4004,3.1788,1.0816,2.5814,3.7525,0.0187262,2.8861,4.9399,5.5557,6.0489,5.9473
2024-01-05,4.38594,3.376,2.3655,6.44,5.9072,2.1899,3.4278,3.2142,1.1206,2.7263,3.9242,0.0190257,2.5081,4.8378,5.2965,6.1627,5.956
2024-01-12,4.13465,3.2842,2.3243,6.3829,5.9067,2.1742,3.3685,3.1486,1.1262,2.7015,3.8149,-0.0187306,2.3557,4.8231,5.2191,5.6315,5.8094
2024-01-19,4.40473,3.3606,2.324641,6.3525,5.884,2.1858,3.383,3.2357,1.1265,2.8631,4.113,0.00701879,1.8258,4.9515,5.215,5.7327,6.0057
2024-01-26,4.36438,3.3153,2.3206,6.3032,5.9777,2.1188,3.3599,3.1697,1.1524,2.7913,4.0682,0.028055,2.0103,4.9224,5.2479,5.8899,5.9574
2024-02-02,4.36793,3.305,2.286,6.2785,5.9778,2.0688,3.3408,3.0582,1.1483,2.7941,4.0565,0.0562802,2.0675,4.7913,5.3061,5.8604,6.0011
2024-02-09,4.48723,3.3771,2.179952,6.2768,6.0257,2.0726,3.3609,3.1446,1.1432,2.9134,4.2022,0.0894263,2.2442,4.9756,5.4817,5.9457,5.9376
2024-02-16,4.65116,3.4625,2.167577,6.2076,6.0599,2.0726,3.3648,3.2504,1.1463,2.9849,4.2884,0.1241,2.2799,4.9933,5.4949,5.9546,6.0369
2024-02-23,4.68639,3.4557,2.1871,6.1982,6.1298,1.9881,3.4155,3.2909,1.1442,3.0049,4.1422,0.157042,2.4394,4.958,5.5329,5.8631,6.3392
2024-03-01,4.53026,3.465,2.1935,6.2777,6.1219,1.9943,3.4237,3.2911,1.1449,3.0242,4.042,0.178175,2.4275,5.0157,5.4948,6.0436,6.3582
2024-03-08,4.48499,3.363,2.1837,6.2731,6.1286,1.9685,3.3835,3.2561,1.1382,2.9155,3.956,0.191014,2.4468,5.0094,5.4998,6.0613,6.3563
2024-03-15,4.72014,3.333,2.132543,6.3289,6.0372,2.0049,3.3834,3.351,1.1226,3.0471,4.1787,0.184483,2.4636,5.0791,5.5325,6.3861,6.388
2024-03-22,4.59875,3.3453,2.1914,6.2938,6.0512,1.9477,3.4003,3.304,1.1353,2.95,4.0212,0.191092,2.6236,5.1728,5.5783,6.5045,6.295
2024-03-29,4.61687,3.376,2.16818,6.3813,6.0404,1.9005,3.408,3.3704,1.1814,2.9575,4.0752,0.172585,2.7087,5.1058,5.6059,6.66,6.2959
2024-04-05,4.72846,3.3751,2.2054,6.384,6.0972,1.8906,3.4313,3.3918,1.1726,2.9787,4.1231,0.178192,2.7029,5.1166,5.7061,6.676,6.372
2024-04-12,4.88066,3.4451,2.279904,6.384,6.1496,1.8365,3.4647,3.497,1.3276,2.9607,4.189,0.247943,2.6478,5.2428,5.7902,6.8985,6.8191
2024-04-19,4.96428,3.4959,2.328011,6.5954,6.4117,1.826,3.4947,3.4316,1.4128,3.0773,4.2613,0.250804,2.5413,5.2678,5.7629,7.1495,7.0197
2024-04-26,4.99648,3.512,2.4008,6.8758,6.4555,1.8159,3.5366,3.5016,1.4727,3.1101,4.3359,0.270176,2.5488,5.2664,5.8291,7.2549,6.8019
2024-05-03,4.80039,3.5021,2.336956,6.9913,6.5337,1.8707,3.5125,3.477,1.4917,3.064,4.149,0.279706,2.5628,5.2705,5.9499,6.9309,6.8015
2024-05-10,4.86448,3.460087,2.338072,6.8811,6.4283,1.8542,3.4997,3.4292,1.483,3.0932,4.2767,0.305366,2.4721,5.2345,6.1192,6.7807,6.6658
2024-05-17,4.82348,3.417838,2.327809,6.6923,6.3817,1.8071,3.4748,3.3761,1.449,3.0888,4.186,0.323215,2.3686,5.2439,6.1781,6.6501,6.6594
2024-05-24,4.95149,3.4319,2.3996,6.6941,6.3,1.7763,3.4819,3.4456,1.4858,3.1604,4.2124,0.33969,2.4609,5.2961,6.1611,6.901,6.6498
2024-05-31,4.89036,3.4593,2.375612,6.7213,6.3067,1.7662,3.4814,3.4783,1.466,3.1595,4.1294,0.388951,2.4795,5.1759,6.1127,6.8133,6.6819
2024-06-07,4.86684,3.3377,2.3828,6.6504,6.2804,1.7288,3.447,3.3876,1.4678,3.1669,3.9489,0.324166,2.4852,5.1544,6.0835,6.6259,6.8538
2024-06-14,4.68225,3.2919,2.3843,6.7153,6.286,1.7383,3.4351,3.3977,1.4468,2.9697,3.7608,0.290805,2.4632,5.104,6.1499,6.672,6.978
2024-06-21,4.72473,3.2368,2.3769,6.8072,6.2773,1.7275,3.4326,3.4163,1.4609,2.97,3.8189,0.290713,2.431,5.0712,6.2307,6.6651,6.6793
2024-06-28,4.71714,3.24,2.3734,6.7311,6.2605,1.6521,3.4265,3.406,1.4784,2.9976,3.8926,0.330846,2.4274,5.0442,6.3676,6.5215,6.3291
2024-07-05,4.59623,3.1624,2.3741,6.6903,6.2142,1.6519,3.4216,3.412,1.4957,3.0155,3.8545,0.321645,2.3394,5.0744,6.4511,6.6196,6.3413
2024-07-12,4.45459,3.138,2.32131,6.6583,6.0765,1.6396,3.3938,3.3084,1.5107,2.9479,3.7126,0.315179,2.2331,4.9817,6.3801,6.3678,6.094
2024-07-19,4.50346,3.1411,2.336445,6.7238,6.0695,1.6258,3.3832,3.2329,1.4954,2.8971,3.7244,0.325455,1.6952,4.9787,6.4725,6.2668,6.1083
2024-07-26,4.3884,3.11485,2.363321,6.6963,6.0444,1.5604,3.355,3.1013,1.4808,2.8047,3.5817,0.388438,1.6792,4.9137,6.4353,6.1119,6.1057
2024-08-02,3.86645,3.113721,2.287081,6.6023,5.9939,1.53,3.2704,2.8736,1.4507,2.5827,3.1452,0.379998,1.6804,4.6107,6.1816,5.6882,5.9987
2024-08-09,4.05412,3.0038,2.244023,6.5289,6.0206,1.562,3.2546,2.8424,1.4171,2.593,3.2865,0.265458,1.7213,4.6582,6.3245,5.9422,5.5734
2024-08-16,4.06543,3.030195,2.196922,6.4981,5.9979,1.6227,3.26,2.8228,1.422,2.6225,3.2688,0.337903,1.6839,4.7727,6.4668,5.9549,5.7746
2024-08-23,3.91002,3.033193,2.206116,6.4411,6.0132,1.5946,3.2561,2.7327,1.4172,2.5408,3.1858,0.366313,1.4455,4.6212,6.1425,5.8597,5.8415
2024-08-30,3.92375,3.0327,2.2076,6.4639,6.012,1.5674,3.268,2.6018,1.459,2.5535,3.2638,0.363641,1.4491,4.6502,6.1174,5.859,5.8928
2024-09-06,3.64929,2.9625,2.156666,6.4547,6.0218,1.4866,3.2695,2.4827,1.4498,2.4216,3.0103,0.375855,1.3645,4.4761,6.1156,5.7692,5.7003
2024-09-13,3.57097,2.905,2.1908,6.4257,6.0059,1.4211,3.2785,2.3235,1.436,2.3873,2.8984,0.391038,1.446,4.3793,6.1922,5.7381,5.6865
2024-09-20,3.57318,2.860663,2.116213,6.2728,5.6882,1.4557,3.2868,2.3374,1.4306,2.4007,2.8644,0.383933,1.6226,4.4986,6.3978,5.7842,5.5516
2024-09-27,3.5602,2.888,2.1618,6.162,5.5353,1.508,3.2915,2.4301,1.4356,2.2277,2.8463,0.347016,1.588,4.4739,6.2706,5.5081,5.5372
2024-10-04,3.92901,2.9029,2.1772,6.2308,5.4832,1.546,3.3208,2.5742,1.4289,2.2925,3.1536,0.359275,1.6144,4.6114,6.3707,5.7628,5.6232
2024-10-11,3.93751,2.9971,2.178772,6.3231,5.5586,1.5608,3.3641,2.7463,1.4362,2.3378,3.0812,0.410836,1.6704,4.7727,6.7103,5.7064,5.6767
2024-10-18,3.94828,2.9933,2.1217,6.3237,5.5103,1.5254,3.363,2.6913,1.4297,2.185,2.9588,0.440168,1.5491,4.7509,6.5768,5.7744,5.6831
2024-10-25,4.09706,2.888725,2.078839,6.3807,5.5868,1.5569,3.42,2.6994,1.443,2.1967,3.0612,0.451648,1.6433,4.6933,6.6853,5.957,5.6648
2024-11-01,4.19816,2.959999,2.092458,6.4436,5.6425,1.5026,3.4459,2.7273,1.4327,2.3076,3.075,0.443133,1.6494,4.8232,6.6913,6.1769,5.7995
2024-11-08,4.2508,2.915667,2.093899,6.4608,5.716,1.4558,3.4493,2.7577,1.4451,2.2599,3.0587,0.50283,1.6226,4.718,6.7963,6.0559,5.6208
2024-11-15,4.29692,2.974998,2.1045,6.516,5.8149,1.421,3.45413,2.85568,1.4578,2.1972,3.1235,0.543316,1.5718,4.7548,6.8012,6.0775,5.661
2024-11-22,4.36547,2.8997,2.061907,6.569,5.8897,1.4023,3.4116,2.8534,1.4693,2.102,3.3342,0.593973,1.6109,4.7438,7.0332,5.9898,5.6383
2024-11-29,4.17051,2.718,1.999261,6.5937,5.9347,1.3936,3.4043,2.7672,1.4614,2.0469,3.0267,0.598214,1.6751,4.6982,6.8169,5.9092,5.6236
2024-12-06,4.09667,2.669374,2.0218,6.7673,5.916,1.3622,3.3904,2.7347,1.4419,2.0732,2.8502,0.589709,1.6974,4.9421,6.9595,5.96,5.703
2024-12-13,4.23643,2.6971,2.008,6.8486,5.9511,1.2477,3.4099,2.7676,1.442,2.0928,2.9777,0.566169,2.5592,4.9528,6.9316,5.8791,5.7727
2024-12-20,4.31555,2.737427,1.991775,6.9866,6.0089,1.1301,3.4438,2.87,1.4648,2.0905,3.0094,0.567838,2.4808,5.0537,7.2024,6.0392,5.9045
2024-12-27,4.32312,2.7808,1.989687,7.014,6.048,1.0996,3.4455,2.8529,1.4847,2.1285,2.9686,0.598999,2.3548,5.0646,7.3912,6.0125,5.8657
2025-01-03,4.27971,2.6676,1.9933,7.0012,6.0716,1.0942,3.4172,2.7746,1.4765,2.1959,2.8908,0.594423,2.4051,5.1398,7.4945,6.1505,5.8622
2025-01-10,4.39496,2.6696,1.9958,7.019,5.9695,1.2127,3.4052,2.8981,1.4824,2.3118,3.0454,0.642596,2.2706,5.1171,7.5962,6.2033,5.9855
2025-01-17,4.27099,2.6605,2.0263,6.8929,5.9511,1.2563,3.4111,2.8731,1.4755,2.2586,2.9073,0.681741,2.1197,5.2005,7.721,6.1097,5.9825
2025-01-24,4.27086,2.652587,2.055175,6.8035,5.8888,1.2865,3.3951,2.8467,1.4758,2.3062,2.8838,0.706195,2.1893,5.1506,7.7513,6.0416,5.7531
2025-01-31,4.23534,2.64763,2.0326,6.7703,5.7907,1.257,3.3973,2.8101,1.4758,2.1539,2.627,0.720233,2.335,5.139,7.8267,6.0361,5.6521
2025-02-07,4.27565,2.7129,2.0232,6.5887,5.7728,1.2357,3.4089,2.7526,1.4575,2.0998,2.6776,0.76743,2.3897,5.1591,7.8352,6.0032,5.5336
2025-02-14,4.25362,2.687982,2.0323,6.5013,5.7999,1.3121,3.414,2.7759,1.4483,2.1341,2.6921,0.805092,2.4228,5.1476,7.9228,6.0996,5.6289
2025-02-21,4.19058,2.6754,2.0446,6.3892,5.8033,1.4169,3.4031,2.7399,1.4249,2.1215,2.7201,0.8302,2.4152,5.2068,7.6565,6.1172,5.5032
2025-02-28,3.99198,2.654623,1.912405,6.4886,5.8237,1.4672,3.4084,2.6002,1.4429,2.0482,2.5547,0.810082,2.3488,5.1089,7.6847,6.1147,5.4469
2025-03-07,3.99867,2.700379,1.89425,6.4957,5.8633,1.5083,3.4029,2.498,1.4373,2.2452,2.5711,0.855396,2.3908,5.1641,7.5559,6.242,5.3002
2025-03-14,4.01599,2.6672,1.8657,6.485,5.8063,1.5634,3.3833,2.4507,1.4298,2.208,2.5587,0.845369,2.2211,5.0908,7.5294,6.534,5.1172
2025-03-21,3.947,2.6679,1.762926,6.5708,5.7773,1.5676,3.3518,2.4853,1.4693,2.1508,2.5166,0.854951,2.1337,4.9894,7.8582,6.6039,5.2431
2025-03-28,3.90677,2.6975,1.7814,6.6382,5.7515,1.5213,3.37909,2.46693,1.4672,2.0665,2.4928,0.881724,2.2065,4.9979,7.7514,6.4999,5.1426
2025-04-04,3.66326,2.5441,1.5837,6.6382,5.7338,1.4735,3.3219,2.2477,1.4645,1.9165,2.3682,0.596211,2.2408,4.458,7.7375,6.4107,4.9289
2025-04-11,3.94844,2.5019,1.563929,6.7121,5.7618,1.3927,3.37376,2.32874,1.4297,1.8627,2.6769,0.585587,2.235,4.3216,7.86,6.5228,5.1844
2025-04-18,3.78877,2.4347,1.5593,6.6154,5.7706,1.4131,3.29624,2.19065,1.4529,1.7801,2.5069,0.627372,2.2556,4.237,7.9531,6.436,5.1664
2025-04-25,3.75921,2.353347,1.540964,6.4784,5.7547,1.4335,3.18679,2.0846,1.4351,1.7944,2.5935,0.684828,2.3566,4.185,7.7065,6.2703,5.0769
2025-05-02,3.83942,2.3706,1.5707,6.3972,5.7705,1.4232,3.17864,2.08811,1.4318,1.8232,2.562,0.608564,2.4084,4.2312,7.8261,6.2184,4.9518
2025-05-09,3.87951,2.3951,1.522653,6.3359,5.7681,1.3953,3.04947,2.01324,1.4272,1.8342,2.5274,0.641137,2.4174,4.4981,7.7286,6.2498,4.8132
2025-05-16,3.98152,2.3651,1.54714,6.2853,5.7598,1.4256,3.078,2.08845,1.4376,1.8882,2.5391,0.71232,2.3956,4.5331,7.609,6.3314,4.7163
2025-05-23,3.98584,2.3662,1.582156,6.2409,5.7526,1.4408,3.06978,2.01913,1.4428,1.8128,2.7089,0.727901,2.3678,4.4915,7.489,6.3748,4.6219
2025-05-30,3.91086,2.3623,1.5686,6.224,5.7084,1.4519,3.04926,1.97986,1.4015,1.8302,2.5915,0.747585,2.3618,4.3545,7.386,6.3481,4.5577
2025-06-06,4.04279,2.4084,1.5122,6.2016,5.716,1.4423,3.0644,1.7956,1.3879,1.9017,2.7049,0.766372,2.3707,4.5529,7.3786,6.374,4.4527
2025-06-13,3.95484,2.4625,1.4949,6.1657,5.707,1.4275,3.0919,1.78597,1.3855,1.8905,2.7308,0.728416,2.4098,4.5466,7.4913,6.3873,4.2524
2025-06-20,3.90665,2.4612,1.4675,6.1503,5.7359,1.388,3.1378,1.8264,1.3762,1.8952,2.6582,0.712675,2.4804,4.6013,7.5041,6.3053,4.2348
2025-06-27,3.73875,2.4573,1.4088,6.1289,5.7188,1.3862,3.0793,1.767,1.3618,1.9019,2.6189,0.730609,2.4248,4.3851,7.538,6.2657,4.2999
2025-07-04,3.88095,2.4636,1.4089,6.0656,5.7285,1.3636,3.06493,1.73293,1.3252,1.8606,2.6854,0.721148,2.2915,4.2442,7.5243,6.2011,4.369
2025-07-11,3.91112,2.4464,1.357643,5.9896,5.7375,1.3989,3.0013,1.7521,1.3258,1.9458,2.7576,0.762528,2.3011,4.3195,7.5877,6.2338,4.3138
2025-07-18,3.87541,2.458,1.3593,5.9138,5.7465,1.3896,2.9918,1.6723,1.325,1.9,2.8376,0.763131,1.9982,4.3553,7.6088,6.2176,4.2937
2025-07-25,3.91361,2.4545,1.2894,5.7837,5.6989,1.4364,2.98783,1.67127,1.3094,1.967,2.827,0.847577,2.0345,4.2493,7.4926,6.2483,4.282
2025-08-01,3.70115,2.4476,1.287999,5.8736,5.7101,1.4202,3.0062,1.69993,1.2868,1.9494,2.7113,0.806822,2.1401,4.2329,7.7766,6.2375,4.1617
2025-08-08,3.75512,2.3944,1.229,5.6478,5.68,1.4027,2.97926,1.58604,1.2864,1.9816,2.6763,0.764356,2.2287,4.1554,7.8556,6.2073,4.2529
2025-08-15,3.75578,2.3877,1.1611,5.6131,5.6585,1.3995,2.9275,1.5481,1.2838,2.0026,2.7297,0.829996,2.2288,4.1283,7.8891,6.2198,4.321
2025-08-22,3.68475,2.431,1.1335,5.5297,5.67,1.4291,2.9252,1.5407,1.2744,1.9834,2.6964,0.871897,2.2583,4.1621,7.878,6.2516,4.2681
2025-08-29,3.61979,2.4021,1.1555,5.3875,5.6267,1.4186,2.93643,1.4446,1.2862,1.9898,2.6575,0.863845,2.2475,4.2403,7.7246,6.2913,4.2022
2025-09-05,3.50406,2.4339,1.08447,5.4217,5.6368,1.4131,2.95949,1.42335,1.2898,1.9697,2.5548,0.828781,2.1932,4.2147,7.6645,6.2773,4.0555
2025-09-12,3.55252,2.412446,1.1144,5.2918,5.594,1.4209,2.95083,1.3846,1.3124,2.0433,2.5082,0.856279,2.1345,4.1813,7.8888,6.2918,3.8128
2025-09-19,3.58097,2.397239,1.113912,4.9898,5.5594,1.4215,2.9351,1.4113,1.3125,2.0576,2.4768,0.902236,2.1346,4.1952,7.7781,6.2327,3.6162
2025-09-26,3.64607,2.500992,1.185053,5.0959,5.5499,1.4572,3.00993,1.49588,1.31,2.0663,2.5149,0.926826,1.5896,4.2155,7.8403,6.2591,3.5427
2025-10-03,3.56866,2.521173,1.1535,5.0737,5.5789,1.437,3.01274,1.498,1.2965,2.06,2.4643,0.923731,1.5821,4.2099,7.7603,6.2721,3.5195
2025-10-10,3.51917,2.525562,1.1915,4.97,5.5193,1.4322,3.04572,1.47747,1.2665,2.0071,2.4874,0.90668,1.5962,4.121,7.8137,6.2311,3.7799
2025-10-17,3.46048,2.494534,1.167347,4.9104,5.4094,1.4331,3.00491,1.407347,1.2146,1.9539,2.3837,0.905974,1.6058,4.0621,7.8547,6.245,3.5789
2025-10-24,3.48099,2.540179,1.2359,4.9403,5.4139,1.4422,3.043666,1.42694,1.1891,2.0061,2.3923,0.936178,1.4919,4.0711,8.0162,6.2539,3.5432
2025-10-31,3.6075,2.6427,1.2792,4.9825,5.3887,1.3758,3.0451,1.3952,1.1924,2.0079,2.4198,0.923666,1.398,4.0021,8.0226,6.2835,3.5267
2025-11-07,3.55438,2.7882,1.345642,4.9754,5.3257,1.3897,3.042796,1.354261,1.2172,2.0247,2.4602,0.931878,1.4129,4.0408,8.0726,6.2809,3.6631
2025-11-14,3.61107,2.8448,1.3641,4.9406,5.2088,1.3862,2.9856,1.335,1.2255,2.0623,2.4945,0.931456,1.4337,4.0291,7.8622,6.3356,3.6487
2025-11-21,3.50854,2.755,1.3212,4.9333,5.1753,1.3829,2.9775,1.2819,1.2222,2.0447,2.4505,0.953687,1.5542,3.9667,7.8961,6.3284,3.5988
2025-11-28,3.48828,2.848376,1.2615,5.1795,5.2054,1.3865,2.9459,1.4288,1.2171,2.0622,2.432,0.98317,1.6288,3.7941,7.8879,6.3005,3.4357
2025-12-05,3.56135,2.8388,1.2117,5.1743,5.1929,1.3797,2.980787,1.432436,1.2197,2.1192,2.6666,1.03815,1.6456,3.8402,7.6988,6.2825,3.4667
2025-12-12,3.52739,2.913,1.2132,5.1986,5.2552,1.3618,2.992872,1.556718,1.229,2.1706,2.6452,1.06713,1.6598,3.8862,7.7075,6.3513,3.8256
2025-12-19,3.48233,2.869,1.174933,5.1919,5.3015,1.3459,2.97975,1.541193,1.2644,2.1693,2.6409,1.08526,1.5434,3.782,7.6441,6.1396,3.7327
2025-12-26,3.47898,2.8458,1.1633,5.1315,5.3524,1.3261,2.976039,1.611284,1.2673,2.1622,2.5989,1.13269,1.5092,3.7398,7.7366,6.1632,3.9159
2026-01-02,3.47434,2.794376,1.14,5.0505,5.3573,1.3491,2.991816,1.567219,1.2625,2.1678,2.6448,1.15171,1.5165,3.7078,7.7229,6.1694,3.8442
2026-01-09,3.53728,2.8491,1.146223,5.0674,5.2913,1.3688,2.996936,1.512872,1.2796,2.1329,2.5835,1.14528,1.4549,3.6335,7.7935,6.0637,3.7697
2026-01-16,3.59551,2.882024,1.164476,5.049,5.2951,1.3409,3.009344,1.491339,1.2757,2.1438,2.5829,1.20164,1.4448,3.5631,7.727,6.1282,3.7589
2026-01-23,3.6035,2.923837,1.1974,5.0286,5.288,1.3282,3.005705,1.450936,1.2933,2.1495,2.598,1.25774,1.451,3.4779,7.6534,6.075,3.6394
2026-01-30,3.52548,2.937669,1.2013,5.1362,5.1852,1.3282,2.998096,1.435185,1.2949,2.099,2.5526,1.24336,1.5982,3.4562,7.7799,6.101,3.7102
2026-02-06,3.49446,3.1111,1.142988,5.1314,5.163,1.3134,3.0102,1.3798,1.2853,2.1055,2.5544,1.27671,2.1378,3.4466,7.9271,6.0931,3.6608
2026-02-13,3.40554,3.004,1.1819,5.1229,5.1847,1.2993,3.0279,1.342,1.3026,2.0625,2.4745,1.29117,1.4919,3.3669,7.8464,6.0536,3.7075
2026-02-20,3.48017,2.9915,1.2059,5.1354,5.1581,1.2993,3.0353,1.3874,1.3026,2.0813,2.44,1.26164,0.6923,3.417,7.649,6.0372,3.6603
2026-02-27,3.37492,2.9364,1.021,5.1293,5.1531,1.3031,3.0327,1.3527,1.3169,2.0372,2.3991,1.23835,0.8106,3.4428,7.696,5.9532,3.5651
2026-03-06,3.55533,3.085,1.1,5.3234,5.4134,1.2734,3.077972,1.370887,1.2961,2.3055,2.6485,1.24364,0.8642,3.9191,7.6535,6.4058,3.7078
2026-03-13,3.73363,3.1625,1.184964,5.778,5.6743,1.2843,3.11378,1.444382,1.3284,2.4171,2.8142,1.28555,0.8373,4.4535,7.6726,6.7512,4.0939
2026-03-20,3.8927,3.2486,1.239607,6.0617,5.9983,1.2662,3.1274,1.4949,1.3301,2.6269,3.0885,1.28017,0.9142,4.561,7.5132,7.0089,4.1621
2026-03-27,3.91394,3.3988,1.3646,6.2051,6.0093,1.2598,3.1818,1.6996,1.3465,2.675,2.9913,1.4015,1.0133,4.483,7.8557,7.072,4.0096
2026-04-03,3.84992,3.2895,1.2842,6.1408,5.9687,1.2438,3.1708,1.5923,1.3569,2.6084,2.8448,1.39035,0.505,4.2951,8.263,6.8626,3.9379
2026-04-10,3.80043,3.2023,1.2184,6.0084,5.7565,1.257,3.137142,1.525614,1.3731,2.5737,2.8233,1.40627,0.5043,4.1217,7.9891,6.437,3.9916
2026-04-17,3.6998,3.2256,1.195,5.8679,5.7441,1.2348,3.1172,1.5022,1.3666,2.43,2.7683,1.381,0.55,4.1027,8.0143,5.9058,3.9174
2026-04-24,3.77511,3.3209,1.209051,6.0307,5.7984,1.1966,3.1167,1.5256,1.3573,2.5588,2.8236,1.36828,0.6863,4.3495,7.7771,5.8584,3.955
2026-05-01,3.88677,3.4032,1.221042,6.3189,6.0535,1.2071,3.124481,1.556463,1.354,2.6365,2.948,1.38662,0.9604,4.5468,7.6795,5.8745,3.9964
2026-05-08,3.89291,3.459826,1.2104,6.2541,6.3888,1.2238,3.1231,1.556,1.3752,2.5862,2.8731,1.381482,1.0572,4.4401,7.5687,5.6832,3.9378
2026-05-15,4.08247,3.60401,1.2237,6.3676,6.7554,1.2221,3.1501,1.6095,1.3842,2.71,3.0795,1.430371,1.2225,4.7574,7.7385,5.5945,4.0024
2026-05-22,4.12737,3.5395,1.3104,6.6314,6.9115,1.2102,3.173876,1.655147,1.438,2.6343,2.9276,1.444385,1.3553,4.5818,7.7787,5.5262,4.0646
2026-05-29,4.0133,3.615863,1.2638,6.6636,6.8197,1.1851,3.173136,1.547687,1.4436,2.5458,2.7823,1.38148,1.3407,4.4301,7.6956,5.3199,3.8532
2026-06-05,4.15743,3.789265,1.218118,6.8506,6.8178,1.1806,3.192213,1.563111,1.4525,2.6906,2.8943,1.418458,1.1087,4.5719,7.9969,5.3719,3.8491
2026-06-12,4.08404,3.670631,1.2021,7.2622,6.7703,1.214,3.190936,1.558646,1.6169,2.6425,2.7797,1.420004,1.1819,4.3373,7.9178,5.2782,3.7483
2026-06-19,4.17561,3.628922,1.151019,7.0754,6.3096,1.2104,3.210523,1.586196,1.6316,2.6569,2.8027,1.417995,1.0643,4.2795,7.9355,5.2708,3.7901
2026-06-26,4.087,3.5693,1.124684,7.1258,6.3215,1.1945,3.188597,1.566339,1.6204,2.545,2.7728,1.420033,1.7135,4.0675,8.5084,5.0894,3.7906
2026-07-03,4.12879,3.6142,1.116932,7.1265,6.3469,1.1901,3.193106,1.600901,1.6221,2.5647,2.7795,1.409259,1.395,3.964,8.2586,5.0166,3.8589
2026-07-10,4.2069,3.6279,1.094738,7.1795,6.4288,1.1774,3.1853,1.6029,1.6008,2.6822,2.8535,1.449344,1.395,3.9246,8.7793,5.141,3.8629
2026-07-17,4.17244,3.687278,1.1395,7.1313,6.5466,1.1817,3.197734,1.659854,1.6032,2.7828,2.9007,1.447259,1.395,4.1596,8.4599,5.3398,3.6604
2026-07-24,4.34558,3.7804,1.1512,7.131,6.7139,1.1791,3.2251,1.8172,1.7249,2.8355,2.9258,1.539161,,4.4133,8.4828,5.4437,3.5434
