date,USD,JPY,CAD,APAC,BRL,CLP,HUF,PLN,MXN,CNH,MYR,IDR,INR,PHP,KRW,SGD,THB,TWD
2013-01-04,-24.6,-6.73,-29.31,-17.75,1.33,-23.5,-23.67,-22.51,-55.41,-17.83,-26.62,-10.95,-28.28,-28.24,-16.69,-7.47,-18.83,9.43
2013-01-11,-24.6,-6.73,-29.31,-17.75,1.33,-23.5,-23.67,-22.51,-55.41,-17.83,-26.62,-10.95,-28.28,-28.24,-16.69,-7.47,-18.83,9.43
2013-01-18,-24.6,-6.73,-29.31,-17.75,1.33,-23.5,-23.67,-22.51,-55.41,-17.83,-26.62,-10.95,-28.28,-28.24,-16.69,-7.47,-18.83,9.43
2013-02-01,-18.07,6.01,-39.0,-14.17,4.11,-26.45,-29.06,-27.24,-77.08,-12.08,-35.38,-14.19,-38.34,-32.42,-14.04,14.16,-4.73,14.55
2013-02-08,-18.07,6.01,-39.0,-14.17,4.11,-26.45,-29.06,-27.24,-77.08,-12.08,-35.38,-14.19,-38.34,-32.42,-14.04,14.16,-4.73,14.55
2013-02-15,-18.07,6.01,-39.0,-14.17,4.11,-26.45,-29.06,-27.24,-77.08,-12.08,-35.38,-14.19,-38.34,-32.42,-14.04,14.16,-4.73,14.55
2013-03-01,-16.31,1.4,-41.77,-16.07,-4.09,-15.55,-33.46,-33.81,-42.76,-10.16,-23.26,0.77,-59.5,-27.26,-11.8,-4.38,-6.87,5.0
2013-03-08,-16.31,1.4,-41.77,-16.07,-4.09,-15.55,-33.46,-33.81,-42.76,-10.16,-23.26,0.77,-59.5,-27.26,-11.8,-4.38,-6.87,5.0
2013-03-15,-16.31,1.4,-41.77,-16.07,-4.09,-15.55,-33.46,-33.81,-42.76,-10.16,-23.26,0.77,-59.5,-27.26,-11.8,-4.38,-6.87,5.0
2013-03-29,-6.36,9.69,-2.38,-9.45,-15.58,-26.54,-35.74,-36.5,-46.98,-5.61,-19.56,8.49,-31.11,-18.59,-30.63,28.53,-18.62,9.15
2013-04-05,-6.36,9.69,-2.38,-9.45,-15.58,-26.54,-35.74,-36.5,-46.98,-5.61,-19.56,8.49,-31.11,-18.59,-30.63,28.53,-18.62,9.15
2013-04-12,-6.36,9.69,-2.38,-9.45,-15.58,-26.54,-35.74,-36.5,-46.98,-5.61,-19.56,8.49,-31.11,-18.59,-30.63,28.53,-18.62,9.15
2013-05-03,-25.27,0.48,-3.7,-17.83,-20.68,-15.56,-34.48,-38.91,-28.46,-12.99,-16.45,5.39,-49.45,-24.31,-41.34,19.95,-27.29,-4.85
2013-05-10,-25.27,0.48,-3.7,-17.83,-20.68,-15.56,-34.48,-38.91,-28.46,-12.99,-16.45,5.39,-49.45,-24.31,-41.34,19.95,-27.29,-4.85
2013-05-17,-25.27,0.48,-3.7,-17.83,-20.68,-15.56,-34.48,-38.91,-28.46,-12.99,-16.45,5.39,-49.45,-24.31,-41.34,19.95,-27.29,-4.85
2013-05-31,-26.22,5.68,-18.59,-24.74,-21.94,-39.8,-33.3,-35.69,-29.46,-12.5,-13.83,0.45,-82.44,-33.46,-39.96,-40.54,-34.62,-10.52
2013-06-07,-26.22,5.68,-18.59,-24.74,-21.94,-39.8,-33.3,-35.69,-29.46,-12.5,-13.83,0.45,-82.44,-33.46,-39.96,-40.54,-34.62,-10.52
2013-06-14,-26.22,5.68,-18.59,-24.74,-21.94,-39.8,-33.3,-35.69,-29.46,-12.5,-13.83,0.45,-82.44,-33.46,-39.96,-40.54,-34.62,-10.52
2013-06-28,-28.45,11.37,-24.38,-28.99,-15.32,-40.19,-32.63,-38.05,-33.06,-23.68,-4.96,-3.7,-82.46,-36.81,-38.82,-37.97,-32.46,-10.62
2013-07-05,-28.45,11.37,-24.38,-28.99,-15.32,-40.19,-32.63,-38.05,-33.06,-23.68,-4.96,-3.7,-82.46,-36.81,-38.82,-37.97,-32.46,-10.62
2013-07-12,-28.45,11.37,-24.38,-28.99,-15.32,-40.19,-32.63,-38.05,-33.06,-23.68,-4.96,-3.7,-82.46,-36.81,-38.82,-37.97,-32.46,-10.62
2013-08-02,-5.42,16.79,-22.34,-24.3,-14.45,-27.08,-26.67,-30.83,-38.83,-16.99,-10.85,-4.86,-75.2,-26.57,-32.65,-31.93,-33.19,-8.93
2013-08-09,-5.42,16.79,-22.34,-24.3,-14.45,-27.08,-26.67,-30.83,-38.83,-16.99,-10.85,-4.86,-75.2,-26.57,-32.65,-31.93,-33.19,-8.93
2013-08-16,-5.42,16.79,-22.34,-24.3,-14.45,-27.08,-26.67,-30.83,-38.83,-16.99,-10.85,-4.86,-75.2,-26.57,-32.65,-31.93,-33.19,-8.93
2013-08-30,-19.09,22.2,-22.43,-13.08,-12.15,-22.77,-34.41,-4.06,-46.45,-18.83,-9.13,10.53,-8.09,-39.83,-32.71,-34.63,-32.14,-22.94
2013-09-06,-19.09,22.2,-22.43,-13.08,-12.15,-22.77,-34.41,-4.06,-46.45,-18.83,-9.13,10.53,-8.09,-39.83,-32.71,-34.63,-32.14,-22.94
2013-09-13,-19.09,22.2,-22.43,-13.08,-12.15,-22.77,-34.41,-4.06,-46.45,-18.83,-9.13,10.53,-8.09,-39.83,-32.71,-34.63,-32.14,-22.94
2013-10-04,-19.13,20.62,-22.5,-11.24,-2.38,-25.88,-30.93,-10.93,-52.84,-14.59,-14.38,0.35,20.93,-46.59,-43.27,-29.12,-34.25,-34.74
2013-10-11,-19.13,20.62,-22.5,-11.24,-2.38,-25.88,-30.93,-10.93,-52.84,-14.59,-14.38,0.35,20.93,-46.59,-43.27,-29.12,-34.25,-34.74
2013-10-18,-19.13,20.62,-22.5,-11.24,-2.38,-25.88,-30.93,-10.93,-52.84,-14.59,-14.38,0.35,20.93,-46.59,-43.27,-29.12,-34.25,-34.74
2013-11-01,-23.48,34.8,-18.85,-4.22,-9.83,-21.77,-22.07,-9.19,-60.91,-4.78,-5.39,-2.93,49.14,-26.13,-57.38,-40.03,-31.15,-7.66
2013-11-08,-23.48,34.8,-18.85,-4.22,-9.83,-21.77,-22.07,-9.19,-60.91,-4.78,-5.39,-2.93,49.14,-26.13,-57.38,-40.03,-31.15,-7.66
2013-11-15,-23.48,34.8,-18.85,-4.22,-9.83,-21.77,-22.07,-9.19,-60.91,-4.78,-5.39,-2.93,49.14,-26.13,-57.38,-40.03,-31.15,-7.66
2013-11-29,-27.7,32.44,-15.82,-5.93,-12.97,-16.93,-39.62,-16.83,-45.73,-7.37,2.19,-3.93,44.77,-34.99,-48.25,-37.55,-21.91,-18.59
2013-12-06,-27.7,32.44,-15.82,-5.93,-12.97,-16.93,-39.62,-16.83,-45.73,-7.37,2.19,-3.93,44.77,-34.99,-48.25,-37.55,-21.91,-18.59
2013-12-13,-27.7,32.44,-15.82,-5.93,-12.97,-16.93,-39.62,-16.83,-45.73,-7.37,2.19,-3.93,44.77,-34.99,-48.25,-37.55,-21.91,-18.59
2014-01-03,-28.99,28.65,-20.75,-2.43,-14.04,6.22,-33.32,-30.9,-32.95,-7.05,1.84,-1.83,72.96,-38.09,-45.86,-27.69,-15.42,-25.44
2014-01-10,-28.99,28.65,-20.75,-2.43,-14.04,6.22,-33.32,-30.9,-32.95,-7.05,1.84,-1.83,72.96,-38.09,-45.86,-27.69,-15.42,-25.44
2014-01-17,-28.99,28.65,-20.75,-2.43,-14.04,6.22,-33.32,-30.9,-32.95,-7.05,1.84,-1.83,72.96,-38.09,-45.86,-27.69,-15.42,-25.44
2014-01-31,-28.09,33.08,-12.15,-11.58,-14.94,12.06,-29.5,-22.21,-13.99,-11.42,8.31,-0.07,7.99,-23.37,-38.57,-42.6,-9.95,-35.41
2014-02-07,-28.09,33.08,-12.15,-11.58,-14.94,12.06,-29.5,-22.21,-13.99,-11.42,8.31,-0.07,7.99,-23.37,-38.57,-42.6,-9.95,-35.41
2014-02-14,-28.09,33.08,-12.15,-11.58,-14.94,12.06,-29.5,-22.21,-13.99,-11.42,8.31,-0.07,7.99,-23.37,-38.57,-42.6,-9.95,-35.41
2014-02-28,-22.31,36.75,6.34,-11.79,-1.61,10.14,-28.24,-26.37,-33.73,-7.48,13.78,-7.11,-27.84,-15.32,-32.43,-39.71,-1.0,-24.99
2014-03-07,-22.31,36.75,6.34,-11.79,-1.61,10.14,-28.24,-26.37,-33.73,-7.48,13.78,-7.11,-27.84,-15.32,-32.43,-39.71,-1.0,-24.99
2014-03-14,-22.31,36.75,6.34,-11.79,-1.61,10.14,-28.24,-26.37,-33.73,-7.48,13.78,-7.11,-27.84,-15.32,-32.43,-39.71,-1.0,-24.99
2014-04-04,-15.35,20.27,31.74,-14.72,20.41,22.14,-32.14,-25.97,-22.86,-9.7,18.39,-6.86,-37.19,-21.54,-32.57,-52.75,1.33,-28.53
2014-04-11,-15.35,20.27,31.74,-14.72,20.41,22.14,-32.14,-25.97,-22.86,-9.7,18.39,-6.86,-37.19,-21.54,-32.57,-52.75,1.33,-28.53
2014-04-18,-15.35,20.27,31.74,-14.72,20.41,22.14,-32.14,-25.97,-22.86,-9.7,18.39,-6.86,-37.19,-21.54,-32.57,-52.75,1.33,-28.53
2014-05-02,-9.98,18.85,35.75,-9.6,12.42,25.43,-40.44,-28.09,-27.49,-9.44,15.46,-5.77,-6.44,-26.79,-27.39,-40.49,5.71,-5.71
2014-05-09,-9.98,18.85,35.75,-9.6,12.42,25.43,-40.44,-28.09,-27.49,-9.44,15.46,-5.77,-6.44,-26.79,-27.39,-40.49,5.71,-5.71
2014-05-16,-9.98,18.85,35.75,-9.6,12.42,25.43,-40.44,-28.09,-27.49,-9.44,15.46,-5.77,-6.44,-26.79,-27.39,-40.49,5.71,-5.71
2014-05-30,-9.97,15.85,14.89,-14.28,-6.87,48.39,-39.45,-38.52,-39.66,-15.66,6.19,-4.41,-35.91,-22.53,-23.03,-37.91,13.56,-0.29
2014-06-06,-9.97,15.85,14.89,-14.28,-6.87,48.39,-39.45,-38.52,-39.66,-15.66,6.19,-4.41,-35.91,-22.53,-23.03,-37.91,13.56,-0.29
2014-06-13,-9.97,15.85,14.89,-14.28,-6.87,48.39,-39.45,-38.52,-39.66,-15.66,6.19,-4.41,-35.91,-22.53,-23.03,-37.91,13.56,-0.29
2014-07-04,-2.74,20.36,10.51,-6.6,-27.76,40.69,-39.93,-42.92,-22.33,-9.72,-1.62,-5.77,9.7,-5.9,-22.03,-28.01,16.24,-2.96
2014-07-11,-2.74,20.36,10.51,-6.6,-27.76,40.69,-39.93,-42.92,-22.33,-9.72,-1.62,-5.77,9.7,-5.9,-22.03,-28.01,16.24,-2.96
2014-07-18,-2.74,20.36,10.51,-6.6,-27.76,40.69,-39.93,-42.92,-22.33,-9.72,-1.62,-5.77,9.7,-5.9,-22.03,-28.01,16.24,-2.96
2014-08-01,0.54,22.99,6.82,-11.62,-40.54,27.45,-35.3,-29.65,-27.04,-11.63,-1.36,-6.92,-9.59,-13.76,-23.85,-46.58,2.68,-1.28
2014-08-08,0.54,22.99,6.82,-11.62,-40.54,27.45,-35.3,-29.65,-27.04,-11.63,-1.36,-6.92,-9.59,-13.76,-23.85,-46.58,2.68,-1.28
2014-08-15,0.54,22.99,6.82,-11.62,-40.54,27.45,-35.3,-29.65,-27.04,-11.63,-1.36,-6.92,-9.59,-13.76,-23.85,-46.58,2.68,-1.28
2014-08-29,-6.72,15.61,-1.51,-8.87,-22.49,23.08,-18.49,-27.01,-14.48,-9.78,-7.97,-3.46,5.13,1.76,-20.06,-62.09,-6.53,-4.43
2014-09-05,-6.72,15.61,-1.51,-8.87,-22.49,23.08,-18.49,-27.01,-14.48,-9.78,-7.97,-3.46,5.13,1.76,-20.06,-62.09,-6.53,-4.43
2014-09-12,-6.72,15.61,-1.51,-8.87,-22.49,23.08,-18.49,-27.01,-14.48,-9.78,-7.97,-3.46,5.13,1.76,-20.06,-62.09,-6.53,-4.43
2014-10-03,-15.6,15.92,7.01,-13.58,-39.06,32.92,-15.55,-18.57,1.82,-13.86,0.12,-4.68,-13.37,-2.97,-27.68,-59.85,-15.13,4.53
2014-10-10,-15.6,15.92,7.01,-13.58,-39.06,32.92,-15.55,-18.57,1.82,-13.86,0.12,-4.68,-13.37,-2.97,-27.68,-59.85,-15.13,4.53
2014-10-17,-15.6,15.92,7.01,-13.58,-39.06,32.92,-15.55,-18.57,1.82,-13.86,0.12,-4.68,-13.37,-2.97,-27.68,-59.85,-15.13,4.53
2014-10-31,-18.71,4.2,0.73,-18.4,-19.46,34.44,-23.98,-11.25,-6.92,-16.45,0.1,0.21,-47.15,-6.96,-23.28,-61.79,-13.6,-19.96
2014-11-07,-18.71,4.2,0.73,-18.4,-19.46,34.44,-23.98,-11.25,-6.92,-16.45,0.1,0.21,-47.15,-6.96,-23.28,-61.79,-13.6,-19.96
2014-11-14,-18.71,4.2,0.73,-18.4,-19.46,34.44,-23.98,-11.25,-6.92,-16.45,0.1,0.21,-47.15,-6.96,-23.28,-61.79,-13.6,-19.96
2014-11-28,-9.53,-12.38,9.6,-18.05,-11.34,68.54,-25.62,-20.24,-5.81,-16.48,-13.67,2.85,-51.97,-1.39,-30.41,-70.98,-13.2,-20.76
2014-12-05,-9.53,-12.38,9.6,-18.05,-11.34,68.54,-25.62,-20.24,-5.81,-16.48,-13.67,2.85,-51.97,-1.39,-30.41,-70.98,-13.2,-20.76
2014-12-12,-9.53,-12.38,9.6,-18.05,-11.34,68.54,-25.62,-20.24,-5.81,-16.48,-13.67,2.85,-51.97,-1.39,-30.41,-70.98,-13.2,-20.76
2015-01-02,-12.02,-21.56,-8.05,-21.57,-17.9,51.03,-32.45,-27.61,-7.72,-22.45,8.98,2.4,-72.16,-14.53,-28.3,-63.49,-11.1,-27.9
2015-01-09,-12.02,-21.56,-8.05,-21.57,-17.9,51.03,-32.45,-27.61,-7.72,-22.45,8.98,2.4,-72.16,-14.53,-28.3,-63.49,-11.1,-27.9
2015-01-16,-12.02,-21.56,-8.05,-21.57,-17.9,51.03,-32.45,-27.61,-7.72,-22.45,8.98,2.4,-72.16,-14.53,-28.3,-63.49,-11.1,-27.9
2015-01-30,-22.37,-13.12,-5.55,-23.04,11.41,36.29,-48.95,-38.0,-12.31,-21.55,0.71,-1.3,-75.0,-16.73,-23.8,-57.2,-58.48,-27.16
2015-02-06,-22.37,-13.12,-5.55,-23.04,11.41,36.29,-48.95,-38.0,-12.31,-21.55,0.71,-1.3,-75.0,-16.73,-23.8,-57.2,-58.48,-27.16
2015-02-13,-22.37,-13.12,-5.55,-23.04,11.41,36.29,-48.95,-38.0,-12.31,-21.55,0.71,-1.3,-75.0,-16.73,-23.8,-57.2,-58.48,-27.16
2015-02-27,-23.88,-28.13,-16.35,-33.29,9.6,56.73,-57.46,-32.22,-16.27,-29.45,-57.6,-14.71,-83.5,-9.55,-25.78,-51.91,-50.91,-60.44
2015-03-06,-23.88,-28.13,-16.35,-33.29,9.6,56.73,-57.46,-32.22,-16.27,-29.45,-57.6,-14.71,-83.5,-9.55,-25.78,-51.91,-50.91,-60.44
2015-03-13,-23.88,-28.13,-16.35,-33.29,9.6,56.73,-57.46,-32.22,-16.27,-29.45,-57.6,-14.71,-83.5,-9.55,-25.78,-51.91,-50.91,-60.44
2015-04-03,-37.37,-23.84,3.4,-30.96,16.39,60.79,-42.85,-33.66,-22.58,-21.24,-54.9,-12.37,-97.51,-8.03,-30.76,-47.6,-46.5,-62.68
2015-04-10,-37.37,-23.84,3.4,-30.96,16.39,60.79,-42.85,-33.66,-22.58,-21.24,-54.9,-12.37,-97.51,-8.03,-30.76,-47.6,-46.5,-62.68
2015-04-17,-37.37,-23.84,3.4,-30.96,16.39,60.79,-42.85,-33.66,-22.58,-21.24,-54.9,-12.37,-97.51,-8.03,-30.76,-47.6,-46.5,-62.68
2015-05-01,-32.87,-6.35,14.61,-24.99,23.83,38.07,-30.55,-29.66,7.38,-12.6,-46.17,-10.4,-92.33,-15.78,-25.86,-32.13,-51.17,-49.96
2015-05-08,-32.87,-6.35,14.61,-24.99,23.83,38.07,-30.55,-29.66,7.38,-12.6,-46.17,-10.4,-92.33,-15.78,-25.86,-32.13,-51.17,-49.96
2015-05-15,-32.87,-6.35,14.61,-24.99,23.83,38.07,-30.55,-29.66,7.38,-12.6,-46.17,-10.4,-92.33,-15.78,-25.86,-32.13,-51.17,-49.96
2015-05-29,-39.76,-5.34,-11.6,-29.91,21.76,51.52,-21.87,-22.27,0.2,-14.52,-64.46,-8.75,-86.66,-22.29,-21.75,-46.66,-43.03,-46.61
2015-06-05,-39.76,-5.34,-11.6,-29.91,21.76,51.52,-21.87,-22.27,0.2,-14.52,-64.46,-8.75,-86.66,-22.29,-21.75,-46.66,-43.03,-46.61
2015-06-12,-39.76,-5.34,-11.6,-29.91,21.76,51.52,-21.87,-22.27,0.2,-14.52,-64.46,-8.75,-86.66,-22.29,-21.75,-46.66,-43.03,-46.61
2015-07-03,-33.2,5.79,-1.96,-26.98,20.03,43.33,3.47,-24.45,-8.84,-16.14,-54.21,-7.36,-69.3,-32.29,-18.29,-39.24,-41.38,-40.73
2015-07-10,-33.2,5.79,-1.96,-26.98,20.03,43.33,3.47,-24.45,-8.84,-16.14,-54.21,-7.36,-69.3,-32.29,-18.29,-39.24,-41.38,-40.73
2015-07-17,-33.2,5.79,-1.96,-26.98,20.03,43.33,3.47,-24.45,-8.84,-16.14,-54.21,-7.36,-69.3,-32.29,-18.29,-39.24,-41.38,-40.73
2015-07-31,-31.54,3.49,0.23,-22.41,8.2,49.43,2.92,-20.78,-16.44,-14.3,-39.13,-6.19,-54.42,-40.76,-15.38,-33.0,-36.96,-29.93
2015-08-07,-31.54,3.49,0.23,-22.41,8.2,49.43,2.92,-20.78,-16.44,-14.3,-39.13,-6.19,-54.42,-40.76,-15.38,-33.0,-36.96,-29.93
2015-08-14,-31.54,3.49,0.23,-22.41,8.2,49.43,2.92,-20.78,-16.44,-14.3,-39.13,-6.19,-54.42,-40.76,-15.38,-33.0,-36.96,-29.93
2015-09-04,-29.72,-19.4,13.95,-25.62,17.26,42.22,-3.02,-21.42,-16.83,-16.04,-7.37,-5.2,-84.7,-34.27,-12.93,-35.69,-39.34,-26.1
2015-09-11,-29.72,-19.4,13.95,-25.62,17.26,42.22,-3.02,-21.42,-16.83,-16.04,-7.37,-5.2,-84.7,-34.27,-12.93,-35.69,-39.34,-26.1
2015-09-18,-29.72,-19.4,13.95,-25.62,17.26,42.22,-3.02,-21.42,-16.83,-16.04,-7.37,-5.2,-84.7,-34.27,-12.93,-35.69,-39.34,-26.1
2015-10-02,-19.69,-23.27,14.69,-22.25,40.38,48.55,-8.03,-28.58,-23.18,-13.21,0.26,-4.37,-81.86,-33.35,-10.87,-37.96,-33.08,-11.07
2015-10-09,-19.69,-23.27,14.69,-22.25,40.38,48.55,-8.03,-28.58,-23.18,-13.21,0.26,-4.37,-81.86,-33.35,-10.87,-37.96,-33.08,-11.07
2015-10-16,-19.69,-23.27,14.69,-22.25,40.38,48.55,-8.03,-28.58,-23.18,-13.21,0.26,-4.37,-81.86,-33.35,-10.87,-37.96,-33.08,-11.07
2015-10-30,-29.0,-22.53,3.36,-24.0,25.3,27.69,-28.54,-19.86,-34.58,-16.36,-19.09,-3.68,-71.35,-37.11,-33.62,-31.92,-18.62,14.63
2015-11-06,-29.0,-22.53,3.36,-24.0,25.3,27.69,-28.54,-19.86,-34.58,-16.36,-19.09,-3.68,-71.35,-37.11,-33.62,-31.92,-18.62,14.63
2015-11-13,-29.0,-22.53,3.36,-24.0,25.3,27.69,-28.54,-19.86,-34.58,-16.36,-19.09,-3.68,-71.35,-37.11,-33.62,-31.92,-18.62,14.63
2015-12-04,-27.45,-16.94,-4.97,-21.52,24.75,29.85,-18.53,-16.95,-32.09,-19.0,-16.05,-3.09,-58.1,-31.21,-22.07,-42.76,-28.97,15.68
2015-12-11,-27.45,-16.94,-4.97,-21.52,24.75,29.85,-18.53,-16.95,-32.09,-19.0,-16.05,-3.09,-58.1,-31.21,-22.07,-42.76,-28.97,15.68
2015-12-18,-27.45,-16.94,-4.97,-21.52,24.75,29.85,-18.53,-16.95,-32.09,-19.0,-16.05,-3.09,-58.1,-31.21,-22.07,-42.76,-28.97,15.68
2016-01-01,-17.97,-8.25,-20.55,-12.08,8.67,18.53,-26.51,-10.07,-45.06,-11.68,5.76,-2.6,-35.67,-8.23,-6.16,-39.94,-28.56,18.42
2016-01-08,-17.97,-8.25,-20.55,-12.08,8.67,18.53,-26.51,-10.07,-45.06,-11.68,5.76,-2.6,-35.67,-8.23,-6.16,-39.94,-28.56,18.42
2016-01-15,-17.97,-8.25,-20.55,-12.08,8.67,18.53,-26.51,-10.07,-45.06,-11.68,5.76,-2.6,-35.67,-8.23,-6.16,-39.94,-28.56,18.42
2016-01-29,-27.28,-8.78,-22.37,-9.86,33.09,9.01,-22.29,-12.3,-22.8,-11.5,4.84,-2.19,-18.85,-2.37,-5.18,-29.6,-29.62,5.95
2016-02-05,-27.28,-8.78,-22.37,-9.86,33.09,9.01,-22.29,-12.3,-22.8,-11.5,4.84,-2.19,-18.85,-2.37,-5.18,-29.6,-29.62,5.95
2016-02-12,-27.28,-8.78,-22.37,-9.86,33.09,9.01,-22.29,-12.3,-22.8,-11.5,4.84,-2.19,-18.85,-2.37,-5.18,-29.6,-29.62,5.95
2016-03-04,-5.79,-15.83,-1.01,-12.71,41.56,20.69,-29.8,-28.6,10.54,-10.61,-8.81,-1.84,-26.39,-1.99,-28.95,-24.89,-24.44,6.85
2016-03-11,-5.79,-15.83,-1.01,-12.71,41.56,20.69,-29.8,-28.6,10.54,-10.61,-8.81,-1.84,-26.39,-1.99,-28.95,-24.89,-24.44,6.85
2016-03-18,-5.79,-15.83,-1.01,-12.71,41.56,20.69,-29.8,-28.6,10.54,-10.61,-8.81,-1.84,-26.39,-1.99,-28.95,-24.89,-24.44,6.85
2016-04-01,-15.32,-10.91,-25.69,-3.66,43.66,17.4,-30.6,-27.53,-5.98,4.27,-0.97,-1.55,-45.27,-19.94,-21.26,-24.92,-21.96,53.49
2016-04-08,-15.32,-10.91,-25.69,-3.66,43.66,17.4,-30.6,-27.53,-5.98,4.27,-0.97,-1.55,-45.27,-19.94,-21.26,-24.92,-21.96,53.49
2016-04-15,-15.32,-10.91,-25.69,-3.66,43.66,17.4,-30.6,-27.53,-5.98,4.27,-0.97,-1.55,-45.27,-19.94,-21.26,-24.92,-21.96,53.49
2016-04-29,-20.05,-13.31,-36.83,-3.3,33.23,8.05,-36.81,-27.47,-10.96,5.96,-53.29,-1.3,-45.1,-16.77,-17.88,-20.96,-9.92,62.85
2016-05-06,-20.05,-13.31,-36.83,-3.3,33.23,8.05,-36.81,-27.47,-10.96,5.96,-53.29,-1.3,-45.1,-16.77,-17.88,-20.96,-9.92,62.85
2016-05-13,-20.05,-13.31,-36.83,-3.3,33.23,8.05,-36.81,-27.47,-10.96,5.96,-53.29,-1.3,-45.1,-16.77,-17.88,-20.96,-9.92,62.85
2016-06-03,-13.64,-11.9,-45.54,0.75,41.86,6.77,-14.43,-21.24,-29.91,10.07,-44.81,-1.09,-18.14,-18.72,-27.44,-9.64,0.77,64.16
2016-06-10,-13.64,-11.9,-45.54,0.75,41.86,6.77,-14.43,-21.24,-29.91,10.07,-44.81,-1.09,-18.14,-18.72,-27.44,-9.64,0.77,64.16
2016-06-17,-13.64,-11.9,-45.54,0.75,41.86,6.77,-14.43,-21.24,-29.91,10.07,-44.81,-1.09,-18.14,-18.72,-27.44,-9.64,0.77,64.16
2016-07-01,-14.65,-5.36,-29.31,-1.07,71.31,-0.89,-28.85,-7.07,-22.19,9.89,-37.68,-0.92,-5.46,-1.89,-29.28,-39.57,-5.12,40.86
2016-07-08,-14.65,-5.36,-29.31,-1.07,71.31,-0.89,-28.85,-7.07,-22.19,9.89,-37.68,-0.92,-5.46,-1.89,-29.28,-39.57,-5.12,40.86
2016-07-15,-14.65,-5.36,-29.31,-1.07,71.31,-0.89,-28.85,-7.07,-22.19,9.89,-37.68,-0.92,-5.46,-1.89,-29.28,-39.57,-5.12,40.86
2016-07-29,-17.22,-8.96,-11.82,-0.52,44.54,5.85,-24.26,-10.31,-33.48,9.27,-44.87,-0.77,3.87,-1.59,-24.62,-17.61,-23.49,28.4
2016-08-05,-17.22,-8.96,-11.82,-0.52,44.54,5.85,-24.26,-10.31,-33.48,9.27,-44.87,-0.77,3.87,-1.59,-24.62,-17.61,-23.49,28.4
2016-08-12,-17.22,-8.96,-11.82,-0.52,44.54,5.85,-24.26,-10.31,-33.48,9.27,-44.87,-0.77,3.87,-1.59,-24.62,-17.61,-23.49,28.4
2016-09-02,-20.04,1.55,-11.25,1.5,42.61,11.51,-31.54,-13.07,-48.8,12.93,-44.33,-0.65,22.0,-10.57,-33.12,-22.64,-26.47,30.48
2016-09-09,-20.04,1.55,-11.25,1.5,42.61,11.51,-31.54,-13.07,-48.8,12.93,-44.33,-0.65,22.0,-10.57,-33.12,-22.64,-26.47,30.48
2016-09-16,-20.04,1.55,-11.25,1.5,42.61,11.51,-31.54,-13.07,-48.8,12.93,-44.33,-0.65,22.0,-10.57,-33.12,-22.64,-26.47,30.48
2016-09-30,-16.81,2.81,-30.82,0.33,27.25,5.72,-37.68,-13.27,-49.96,1.82,-24.07,-0.55,9.59,-18.11,-27.85,-15.12,-23.22,12.46
2016-10-07,-16.81,2.81,-30.82,0.33,27.25,5.72,-37.68,-13.27,-49.96,1.82,-24.07,-0.55,9.59,-18.11,-27.85,-15.12,-23.22,12.46
2016-10-14,-16.81,2.81,-30.82,0.33,27.25,5.72,-37.68,-13.27,-49.96,1.82,-24.07,-0.55,9.59,-18.11,-27.85,-15.12,-23.22,12.46
2016-11-04,-16.02,1.57,-29.79,7.33,15.97,-21.25,-31.69,-11.3,-26.63,16.38,-39.94,-0.46,-5.57,-5.96,-4.63,-12.72,-22.44,8.32
2016-11-11,-16.02,1.57,-29.79,7.33,15.97,-21.25,-31.69,-11.3,-26.63,16.38,-39.94,-0.46,-5.57,-5.96,-4.63,-12.72,-22.44,8.32
2016-11-18,-16.02,1.57,-29.79,7.33,15.97,-21.25,-31.69,-11.3,-26.63,16.38,-39.94,-0.46,-5.57,-5.96,-4.63,-12.72,-22.44,8.32
2016-12-02,-15.45,5.19,-24.03,5.97,-3.91,-27.04,-20.95,-2.95,-31.73,18.91,-40.16,-0.39,-10.77,-5.01,-16.72,-14.62,-20.33,43.95
2016-12-09,-15.45,5.19,-24.03,5.97,-3.91,-27.04,-20.95,-2.95,-31.73,18.91,-40.16,-0.39,-10.77,-5.01,-16.72,-14.62,-20.33,43.95
2016-12-16,-15.45,5.19,-24.03,5.97,-3.91,-27.04,-20.95,-2.95,-31.73,18.91,-40.16,-0.39,-10.77,-5.01,-16.72,-14.62,-20.33,43.95
2016-12-30,-18.15,6.29,-39.09,13.75,12.28,-16.16,-23.31,21.41,-39.13,35.38,-14.17,-0.33,-14.42,9.74,-20.49,-12.29,-17.09,51.17
2017-01-06,-18.15,6.29,-39.09,13.75,12.28,-16.16,-23.31,21.41,-39.13,35.38,-14.17,-0.33,-14.42,9.74,-20.49,-12.29,-17.09,51.17
2017-01-13,-18.15,6.29,-39.09,13.75,12.28,-16.16,-23.31,21.41,-39.13,35.38,-14.17,-0.33,-14.42,9.74,-20.49,-12.29,-17.09,51.17
2017-02-03,-11.62,17.01,-44.83,15.34,-0.03,-33.18,-19.6,32.75,-45.39,41.83,-18.45,-0.27,-16.8,8.19,-17.23,-6.4,-9.52,30.95
2017-02-10,-11.62,17.01,-44.83,15.34,-0.03,-33.18,-19.6,32.75,-45.39,41.83,-18.45,-0.27,-16.8,8.19,-17.23,-6.4,-9.52,30.95
2017-02-17,-11.62,17.01,-44.83,15.34,-0.03,-33.18,-19.6,32.75,-45.39,41.83,-18.45,-0.27,-16.8,8.19,-17.23,-6.4,-9.52,30.95
2017-03-03,4.51,26.41,-14.18,24.04,12.06,-8.37,-10.77,33.15,-35.05,44.61,16.55,4.19,2.41,2.2,23.21,-5.38,-15.81,32.97
2017-03-10,4.51,26.41,-14.18,24.04,12.06,-8.37,-10.77,33.15,-35.05,44.61,16.55,4.19,2.41,2.2,23.21,-5.38,-15.81,32.97
2017-03-17,4.51,26.41,-14.18,24.04,12.06,-8.37,-10.77,33.15,-35.05,44.61,16.55,4.19,2.41,2.2,23.21,-5.38,-15.81,32.97
2017-03-31,9.18,26.16,-17.11,9.83,3.24,-10.3,-9.06,21.21,-17.04,14.69,51.49,-12.2,12.31,6.61,32.09,-4.53,-39.84,5.55
2017-04-07,9.18,26.16,-17.11,9.83,3.24,-10.3,-9.06,21.21,-17.04,14.69,51.49,-12.2,12.31,6.61,32.09,-4.53,-39.84,5.55
2017-04-14,9.18,26.16,-17.11,9.83,3.24,-10.3,-9.06,21.21,-17.04,14.69,51.49,-12.2,12.31,6.61,32.09,-4.53,-39.84,5.55
2017-04-28,-9.04,11.9,-14.8,4.64,-11.03,-15.17,-24.75,15.73,-5.02,11.25,36.98,-10.26,1.12,5.56,26.98,-3.81,-55.04,-12.49
2017-05-05,-9.04,11.9,-14.8,4.64,-11.03,-15.17,-24.75,15.73,-5.02,11.25,36.98,-10.26,1.12,5.56,26.98,-3.81,-55.04,-12.49
2017-05-12,-9.04,11.9,-14.8,4.64,-11.03,-15.17,-24.75,15.73,-5.02,11.25,36.98,-10.26,1.12,5.56,26.98,-3.81,-55.04,-12.49
2017-06-02,-2.06,11.39,-21.41,-0.96,-24.7,-12.76,-20.81,2.36,14.27,7.23,24.78,-5.76,-20.61,-0.13,13.24,-7.19,-58.03,-21.92
2017-06-09,-2.06,11.39,-21.41,-0.96,-24.7,-12.76,-20.81,2.36,14.27,7.23,24.78,-5.76,-20.61,-0.13,13.24,-7.19,-58.03,-21.92
2017-06-16,-2.06,11.39,-21.41,-0.96,-24.7,-12.76,-20.81,2.36,14.27,7.23,24.78,-5.76,-20.61,-0.13,13.24,-7.19,-58.03,-21.92
2017-06-30,-6.68,1.61,-32.54,-4.31,-24.2,-10.73,-17.5,-13.39,15.1,4.42,8.2,-1.25,-37.11,-9.7,11.13,-2.05,-51.25,-18.74
2017-07-07,-6.68,1.61,-32.54,-4.31,-24.2,-10.73,-17.5,-13.39,15.1,4.42,8.2,-1.25,-37.11,-9.7,11.13,-2.05,-51.25,-18.74
2017-07-14,-6.68,1.61,-32.54,-4.31,-24.2,-10.73,-17.5,-13.39,15.1,4.42,8.2,-1.25,-37.11,-9.7,11.13,-2.05,-51.25,-18.74
2017-08-04,-12.33,3.42,-38.87,-7.53,-35.72,-35.16,-20.47,-16.51,6.5,0.85,-11.97,1.1,-42.27,-17.74,12.49,-9.71,-49.48,-12.74
2017-08-11,-12.33,3.42,-38.87,-7.53,-35.72,-35.16,-20.47,-16.51,6.5,0.85,-11.97,1.1,-42.27,-17.74,12.49,-9.71,-49.48,-12.74
2017-08-18,-12.33,3.42,-38.87,-7.53,-35.72,-35.16,-20.47,-16.51,6.5,0.85,-11.97,1.1,-42.27,-17.74,12.49,-9.71,-49.48,-12.74
2017-09-01,-19.14,-0.75,-46.33,-4.57,-24.74,-22.92,-17.21,-12.17,24.01,-4.0,-22.63,0.93,-18.48,-14.92,35.26,-12.26,-44.55,-14.66
2017-09-08,-19.14,-0.75,-46.33,-4.57,-24.74,-22.92,-17.21,-12.17,24.01,-4.0,-22.63,0.93,-18.48,-14.92,35.26,-12.26,-44.55,-14.66
2017-09-15,-19.14,-0.75,-46.33,-4.57,-24.74,-22.92,-17.21,-12.17,24.01,-4.0,-22.63,0.93,-18.48,-14.92,35.26,-12.26,-44.55,-14.66
2017-09-29,-16.71,-1.37,-46.88,3.25,-17.26,-24.65,-8.71,-0.96,17.1,12.81,-0.29,-2.12,-11.73,-7.73,23.42,-18.48,-19.59,-17.23
2017-10-06,-16.71,-1.37,-46.88,3.25,-17.26,-24.65,-8.71,-0.96,17.1,12.81,-0.29,-2.12,-11.73,-7.73,23.42,-18.48,-19.59,-17.23
2017-10-13,-16.71,-1.37,-46.88,3.25,-17.26,-24.65,-8.71,-0.96,17.1,12.81,-0.29,-2.12,-11.73,-7.73,23.42,-18.48,-19.59,-17.23
2017-11-03,-11.76,1.6,-52.24,0.41,-32.41,-53.95,-13.13,6.03,-22.07,19.03,-0.25,-8.33,-29.62,7.9,7.28,-15.54,-14.98,-26.93
2017-11-10,-11.76,1.6,-52.24,0.41,-32.41,-53.95,-13.13,6.03,-22.07,19.03,-0.25,-8.33,-29.62,7.9,7.28,-15.54,-14.98,-26.93
2017-11-17,-11.76,1.6,-52.24,0.41,-32.41,-53.95,-13.13,6.03,-22.07,19.03,-0.25,-8.33,-29.62,7.9,7.28,-15.54,-14.98,-26.93
2017-12-01,-11.15,9.46,-35.85,-2.49,-14.74,-25.34,-16.86,11.9,-9.45,24.06,-25.02,-7.01,-10.07,6.64,-36.2,-17.25,-13.1,-40.07
2017-12-08,-11.15,9.46,-35.85,-2.49,-14.74,-25.34,-16.86,11.9,-9.45,24.06,-25.02,-7.01,-10.07,6.64,-36.2,-17.25,-13.1,-40.07
2017-12-15,-11.15,9.46,-35.85,-2.49,-14.74,-25.34,-16.86,11.9,-9.45,24.06,-25.02,-7.01,-10.07,6.64,-36.2,-17.25,-13.1,-40.07
2017-12-29,-11.01,19.32,-20.82,-0.27,-19.59,-21.31,-20.01,1.62,-1.89,17.08,-21.04,0.28,4.92,5.58,-30.44,-14.51,-11.02,-18.65
2018-01-05,-11.01,19.32,-20.82,-0.27,-19.59,-21.31,-20.01,1.62,-1.89,17.08,-21.04,0.28,4.92,5.58,-30.44,-14.51,-11.02,-18.65
2018-01-12,-11.01,19.32,-20.82,-0.27,-19.59,-21.31,-20.01,1.62,-1.89,17.08,-21.04,0.28,4.92,5.58,-30.44,-14.51,-11.02,-18.65
2018-02-02,-15.32,5.8,-18.17,-3.72,-25.5,-24.78,-22.66,-8.65,1.46,12.92,-17.69,-5.59,-1.05,4.7,-43.74,-16.41,-17.55,-3.48
2018-02-09,-15.32,5.8,-18.17,-3.72,-25.5,-24.78,-22.66,-8.65,1.46,12.92,-17.69,-5.59,-1.05,4.7,-43.74,-16.41,-17.55,-3.48
2018-02-16,-15.32,5.8,-18.17,-3.72,-25.5,-24.78,-22.66,-8.65,1.46,12.92,-17.69,-5.59,-1.05,4.7,-43.74,-16.41,-17.55,-3.48
2018-03-02,0.52,13.62,-8.83,-5.4,-8.84,-5.08,-24.91,-0.29,10.4,10.86,-21.12,-7.79,-8.44,28.46,-36.78,-31.16,-14.76,-7.02
2018-03-09,0.52,13.62,-8.83,-5.4,-8.84,-5.08,-24.91,-0.29,10.4,10.86,-21.12,-7.79,-8.44,28.46,-36.78,-31.16,-14.76,-7.02
2018-03-16,0.52,13.62,-8.83,-5.4,-8.84,-5.08,-24.91,-0.29,10.4,10.86,-21.12,-7.79,-8.44,28.46,-36.78,-31.16,-14.76,-7.02
2018-03-30,-1.21,6.17,11.72,3.32,-3.82,-14.57,-26.81,-27.69,-0.49,20.48,-48.64,-0.38,-14.08,38.58,-12.97,-21.86,-23.96,0.66
2018-04-06,-1.21,6.17,11.72,3.32,-3.82,-14.57,-26.81,-27.69,-0.49,20.48,-48.64,-0.38,-14.08,38.58,-12.97,-21.86,-23.96,0.66
2018-04-13,-1.21,6.17,11.72,3.32,-3.82,-14.57,-26.81,-27.69,-0.49,20.48,-48.64,-0.38,-14.08,38.58,-12.97,-21.86,-23.96,0.66
2018-05-04,-2.05,11.0,5.48,-7.44,2.35,-20.53,-22.54,-30.76,-24.88,-2.4,-59.38,-0.32,-6.48,32.44,-22.88,-31.4,-12.45,-2.21
2018-05-11,-2.05,11.0,5.48,-7.44,2.35,-20.53,-22.54,-30.76,-24.88,-2.4,-59.38,-0.32,-6.48,32.44,-22.88,-31.4,-12.45,-2.21
2018-05-18,-2.05,11.0,5.48,-7.44,2.35,-20.53,-22.54,-30.76,-24.88,-2.4,-59.38,-0.32,-6.48,32.44,-22.88,-31.4,-12.45,-2.21
2018-06-01,-12.62,9.55,2.95,-8.42,26.03,-3.5,-18.96,-28.19,-30.09,-5.26,-62.23,-6.72,4.49,27.28,-22.26,-39.57,-0.16,4.37
2018-06-08,-12.62,9.55,2.95,-8.42,26.03,-3.5,-18.96,-28.19,-30.09,-5.26,-62.23,-6.72,4.49,27.28,-22.26,-39.57,-0.16,4.37
2018-06-15,-12.62,9.55,2.95,-8.42,26.03,-3.5,-18.96,-28.19,-30.09,-5.26,-62.23,-6.72,4.49,27.28,-22.26,-39.57,-0.16,4.37
2018-06-29,-2.86,22.21,-10.4,-6.38,36.69,0.56,-10.06,-19.36,-7.05,-0.9,-52.33,-8.94,11.17,6.51,-18.71,-33.28,-9.0,-8.79
2018-07-06,-2.86,22.21,-10.4,-6.38,36.69,0.56,-10.06,-19.36,-7.05,-0.9,-52.33,-8.94,11.17,6.51,-18.71,-33.28,-9.0,-8.79
2018-07-13,-2.86,22.21,-10.4,-6.38,36.69,0.56,-10.06,-19.36,-7.05,-0.9,-52.33,-8.94,11.17,6.51,-18.71,-33.28,-9.0,-8.79
2018-08-03,-9.22,19.76,-0.25,-6.12,32.71,-6.6,-8.46,-20.62,12.18,2.77,-77.58,-3.38,12.31,29.84,-30.92,-27.98,-9.38,-15.49
2018-08-10,-9.22,19.76,-0.25,-6.12,32.71,-6.6,-8.46,-20.62,12.18,2.77,-77.58,-3.38,12.31,29.84,-30.92,-27.98,-9.38,-15.49
2018-08-17,-9.22,19.76,-0.25,-6.12,32.71,-6.6,-8.46,-20.62,12.18,2.77,-77.58,-3.38,12.31,29.84,-30.92,-27.98,-9.38,-15.49
2018-08-31,-11.94,29.55,22.73,-2.96,40.52,1.62,-1.22,-12.7,13.27,7.4,-65.24,0.61,-0.4,37.32,-26.0,-23.53,-0.53,-4.21
2018-09-07,-11.94,29.55,22.73,-2.96,40.52,1.62,-1.22,-12.7,13.27,7.4,-65.24,0.61,-0.4,37.32,-26.0,-23.53,-0.53,-4.21
2018-09-14,-11.94,29.55,22.73,-2.96,40.52,1.62,-1.22,-12.7,13.27,7.4,-65.24,0.61,-0.4,37.32,-26.0,-23.53,-0.53,-4.21
2018-09-28,-14.03,30.1,17.45,0.29,43.37,1.36,10.73,-8.5,26.24,14.65,-68.9,-9.04,-4.12,61.39,-15.59,-19.79,2.91,-12.71
2018-10-05,-14.03,30.1,17.45,0.29,43.37,1.36,10.73,-8.5,26.24,14.65,-68.9,-9.04,-4.12,61.39,-15.59,-19.79,2.91,-12.71
2018-10-12,-14.03,30.1,17.45,0.29,43.37,1.36,10.73,-8.5,26.24,14.65,-68.9,-9.04,-4.12,61.39,-15.59,-19.79,2.91,-12.71
2018-11-02,-17.14,18.46,-6.59,-0.06,30.89,-8.97,20.77,-4.98,25.08,14.14,-78.94,-20.63,-7.56,45.55,-0.6,-21.1,-4.28,-14.28
2018-11-09,-17.14,18.46,-6.59,-0.06,30.89,-8.97,20.77,-4.98,25.08,14.14,-78.94,-20.63,-7.56,45.55,-0.6,-21.1,-4.28,-14.28
2018-11-16,-17.14,18.46,-6.59,-0.06,30.89,-8.97,20.77,-4.98,25.08,14.14,-78.94,-20.63,-7.56,45.55,-0.6,-21.1,-4.28,-14.28
2018-11-30,-6.13,20.66,14.94,-1.34,5.55,-0.26,29.18,-15.83,27.16,11.89,-66.38,-11.71,-7.39,44.38,-0.5,-22.23,-9.87,-29.69
2018-12-07,-6.13,20.66,14.94,-1.34,5.55,-0.26,29.18,-15.83,27.16,11.89,-66.38,-11.71,-7.39,44.38,-0.5,-22.23,-9.87,-29.69
2018-12-14,-6.13,20.66,14.94,-1.34,5.55,-0.26,29.18,-15.83,27.16,11.89,-66.38,-11.71,-7.39,44.38,-0.5,-22.23,-9.87,-29.69
2019-01-04,-6.91,15.57,12.56,-10.78,-17.53,-0.22,12.7,-30.73,55.58,2.98,-70.96,-4.21,-12.79,19.03,-16.0,-32.15,-47.98,-46.58
2019-01-11,-6.91,15.57,12.56,-10.78,-17.53,-0.22,12.7,-30.73,55.58,2.98,-70.96,-4.21,-12.79,19.03,-16.0,-32.15,-47.98,-46.58
2019-01-18,-6.91,15.57,12.56,-10.78,-17.53,-0.22,12.7,-30.73,55.58,2.98,-70.96,-4.21,-12.79,19.03,-16.0,-32.15,-47.98,-46.58
2019-02-01,-4.08,10.79,11.18,-25.68,-9.09,-0.19,16.59,-39.11,37.8,-20.66,-67.46,-19.32,-24.24,-15.19,-44.23,-18.05,-39.6,-48.32
2019-02-08,-4.08,10.79,11.18,-25.68,-9.09,-0.19,16.59,-39.11,37.8,-20.66,-67.46,-19.32,-24.24,-15.19,-44.23,-18.05,-39.6,-48.32
2019-02-15,-4.08,10.79,11.18,-25.68,-9.09,-0.19,16.59,-39.11,37.8,-20.66,-67.46,-19.32,-24.24,-15.19,-44.23,-18.05,-39.6,-48.32
2019-03-01,-20.45,-0.08,3.03,-31.91,-17.17,-7.8,8.04,-30.69,4.98,-29.13,-80.01,-19.76,-49.42,-19.09,-37.2,-24.25,-22.97,-45.43
2019-03-08,-20.45,-0.08,3.03,-31.91,-17.17,-7.8,8.04,-30.69,4.98,-29.13,-80.01,-19.76,-49.42,-19.09,-37.2,-24.25,-22.97,-45.43
2019-03-15,-20.45,-0.08,3.03,-31.91,-17.17,-7.8,8.04,-30.69,4.98,-29.13,-80.01,-19.76,-49.42,-19.09,-37.2,-24.25,-22.97,-45.43
2019-03-29,-15.52,-7.21,11.54,-29.56,-3.92,-14.28,18.69,-11.76,1.21,-26.83,-75.09,-19.25,-34.69,-28.94,-50.23,-24.99,3.25,-40.83
2019-04-05,-15.52,-7.21,11.54,-29.56,-3.92,-14.28,18.69,-11.76,1.21,-26.83,-75.09,-19.25,-34.69,-28.94,-50.23,-24.99,3.25,-40.83
2019-04-12,-15.52,-7.21,11.54,-29.56,-3.92,-14.28,18.69,-11.76,1.21,-26.83,-75.09,-19.25,-34.69,-28.94,-50.23,-24.99,3.25,-40.83
2019-05-03,-14.43,-14.4,9.7,-28.87,21.95,-4.3,27.6,10.36,-2.0,-22.56,-70.96,-16.18,-28.49,-37.23,-67.41,-25.62,4.93,-35.08
2019-05-10,-14.43,-14.4,9.7,-28.87,21.95,-4.3,27.6,10.36,-2.0,-22.56,-70.96,-16.18,-28.49,-37.23,-67.41,-25.62,4.93,-35.08
2019-05-17,-14.43,-14.4,9.7,-28.87,21.95,-4.3,27.6,10.36,-2.0,-22.56,-70.96,-16.18,-28.49,-37.23,-67.41,-25.62,4.93,-35.08
2019-05-31,-23.46,-18.36,9.79,-18.72,7.78,-3.61,29.25,13.57,-1.68,-11.96,-75.29,-3.92,-24.55,-37.78,-50.41,-21.54,4.14,-23.49
2019-06-07,-23.46,-18.36,9.79,-18.72,7.78,-3.61,29.25,13.57,-1.68,-11.96,-75.29,-3.92,-24.55,-37.78,-50.41,-21.54,4.14,-23.49
2019-06-14,-23.46,-18.36,9.79,-18.72,7.78,-3.61,29.25,13.57,-1.68,-11.96,-75.29,-3.92,-24.55,-37.78,-50.41,-21.54,4.14,-23.49
2019-06-28,-23.58,-14.17,24.19,-16.65,-8.41,4.85,30.86,8.96,-22.41,-10.06,-71.17,9.91,-31.2,-12.36,-54.93,-3.33,1.29,-15.98
2019-07-05,-23.58,-14.17,24.19,-16.65,-8.41,4.85,30.86,8.96,-22.41,-10.06,-71.17,9.91,-31.2,-12.36,-54.93,-3.33,1.29,-15.98
2019-07-12,-23.58,-14.17,24.19,-16.65,-8.41,4.85,30.86,8.96,-22.41,-10.06,-71.17,9.91,-31.2,-12.36,-54.93,-3.33,1.29,-15.98
2019-08-02,-15.93,-19.24,5.24,-16.36,1.59,5.66,13.45,13.32,-18.84,-13.17,-59.84,15.36,-29.06,-16.86,-58.74,-12.66,-0.39,-13.06
2019-08-09,-15.93,-19.24,5.24,-16.36,1.59,5.66,13.45,13.32,-18.84,-13.17,-59.84,15.36,-29.06,-16.86,-58.74,-12.66,-0.39,-13.06
2019-08-16,-15.93,-19.24,5.24,-16.36,1.59,5.66,13.45,13.32,-18.84,-13.17,-59.84,15.36,-29.06,-16.86,-58.74,-12.66,-0.39,-13.06
2019-08-30,-9.57,-19.63,9.13,-16.44,-9.48,4.76,18.63,15.76,-12.85,-12.06,-58.18,17.32,-35.77,-14.18,-49.39,-15.59,-13.54,-25.69
2019-09-06,-9.57,-19.63,9.13,-16.44,-9.48,4.76,18.63,15.76,-12.85,-12.06,-58.18,17.32,-35.77,-14.18,-49.39,-15.59,-13.54,-25.69
2019-09-13,-9.57,-19.63,9.13,-16.44,-9.48,4.76,18.63,15.76,-12.85,-12.06,-58.18,17.32,-35.77,-14.18,-49.39,-15.59,-13.54,-25.69
2019-10-04,-2.04,-21.47,22.79,-12.69,-7.97,6.41,8.13,2.83,-10.8,-4.08,-48.93,10.16,-31.66,-18.4,-50.93,-13.11,-18.04,-31.03
2019-10-11,-2.04,-21.47,22.79,-12.69,-7.97,6.41,8.13,2.83,-10.8,-4.08,-48.93,10.16,-31.66,-18.4,-50.93,-13.11,-18.04,-31.03
2019-10-18,-2.04,-21.47,22.79,-12.69,-7.97,6.41,8.13,2.83,-10.8,-4.08,-48.93,10.16,-31.66,-18.4,-50.93,-13.11,-18.04,-31.03
2019-11-01,-23.55,-18.05,6.54,-10.75,-21.81,-18.87,6.84,0.47,-9.08,0.28,-56.83,-3.4,-30.55,-28.43,-30.35,-11.02,-29.19,-32.59
2019-11-08,-23.55,-18.05,6.54,-10.75,-21.81,-18.87,6.84,0.47,-9.08,0.28,-56.83,-3.4,-30.55,-28.43,-30.35,-11.02,-29.19,-32.59
2019-11-15,-23.55,-18.05,6.54,-10.75,-21.81,-18.87,6.84,0.47,-9.08,0.28,-56.83,-3.4,-30.55,-28.43,-30.35,-11.02,-29.19,-32.59
2019-11-29,-15.78,-20.39,7.04,-8.31,-11.85,0.23,13.29,-3.6,-1.48,12.46,-39.96,-8.21,-11.08,-23.91,-67.8,-14.24,-31.21,-29.73
2019-12-06,-15.78,-20.39,7.04,-8.31,-11.85,0.23,13.29,-3.6,-1.48,12.46,-39.96,-8.21,-11.08,-23.91,-67.8,-14.24,-31.21,-29.73
2019-12-13,-15.78,-20.39,7.04,-8.31,-11.85,0.23,13.29,-3.6,-1.48,12.46,-39.96,-8.21,-11.08,-23.91,-67.8,-14.24,-31.21,-29.73
2020-01-03,-15.7,-12.7,5.92,-3.17,-1.23,0.19,11.17,-13.73,-4.34,20.19,-49.33,-20.32,-7.41,-13.63,-50.95,-11.97,-13.67,-29.28
2020-01-10,-15.7,-12.7,5.92,-3.17,-1.23,0.19,11.17,-13.73,-4.34,20.19,-49.33,-20.32,-7.41,-13.63,-50.95,-11.97,-13.67,-29.28
2020-01-17,-15.7,-12.7,5.92,-3.17,-1.23,0.19,11.17,-13.73,-4.34,20.19,-49.33,-20.32,-7.41,-13.63,-50.95,-11.97,-13.67,-29.28
2020-01-31,-28.98,-3.98,6.51,-3.93,14.19,-8.05,16.95,13.07,11.86,7.04,-41.49,-23.35,14.3,20.35,-42.85,-5.03,-11.5,-19.56
2020-02-07,-28.98,-3.98,6.51,-3.93,14.19,-8.05,16.95,13.07,11.86,7.04,-41.49,-23.35,14.3,20.35,-42.85,-5.03,-11.5,-19.56
2020-02-14,-28.98,-3.98,6.51,-3.93,14.19,-8.05,16.95,13.07,11.86,7.04,-41.49,-23.35,14.3,20.35,-42.85,-5.03,-11.5,-19.56
2020-02-28,-25.87,2.34,14.56,6.05,-18.12,9.88,37.9,23.98,-2.61,27.28,-42.78,-8.9,18.96,30.05,-18.04,-9.31,-4.49,8.56
2020-03-06,-25.87,2.34,14.56,6.05,-18.12,9.88,37.9,23.98,-2.61,27.28,-42.78,-8.9,18.96,30.05,-18.04,-9.31,-4.49,8.56
2020-03-13,-25.87,2.34,14.56,6.05,-18.12,9.88,37.9,23.98,-2.61,27.28,-42.78,-8.9,18.96,30.05,-18.04,-9.31,-4.49,8.56
2020-04-03,-26.41,0.16,7.53,1.93,6.08,24.89,47.76,31.8,34.92,20.38,-43.89,-10.18,9.07,-0.39,-15.17,-12.91,-8.28,-25.42
2020-04-10,-26.41,0.16,7.53,1.93,6.08,24.89,47.76,31.8,34.92,20.38,-43.89,-10.18,9.07,-0.39,-15.17,-12.91,-8.28,-25.42
2020-04-17,-26.41,0.16,7.53,1.93,6.08,24.89,47.76,31.8,34.92,20.38,-43.89,-10.18,9.07,-0.39,-15.17,-12.91,-8.28,-25.42
2020-05-01,-15.18,-4.21,14.0,-9.22,-5.62,12.4,64.0,30.42,-4.11,-15.17,-44.83,-8.56,0.45,12.45,-0.75,-0.71,-6.21,-17.93
2020-05-08,-15.18,-4.21,14.0,-9.22,-5.62,12.4,64.0,30.42,-4.11,-15.17,-44.83,-8.56,0.45,12.45,-0.75,-0.71,-6.21,-17.93
2020-05-15,-15.18,-4.21,14.0,-9.22,-5.62,12.4,64.0,30.42,-4.11,-15.17,-44.83,-8.56,0.45,12.45,-0.75,-0.71,-6.21,-17.93
2020-05-29,10.68,-28.92,2.61,-32.31,-19.81,18.96,37.97,17.12,-3.46,-42.52,-127.43,-17.9,0.37,16.86,-18.56,-10.93,-111.49,-36.73
2020-06-05,10.68,-28.92,2.61,-32.31,-19.81,18.96,37.97,17.12,-3.46,-42.52,-127.43,-17.9,0.37,16.86,-18.56,-10.93,-111.49,-36.73
2020-06-12,10.68,-28.92,2.61,-32.31,-19.81,18.96,37.97,17.12,-3.46,-42.52,-127.43,-17.9,0.37,16.86,-18.56,-10.93,-111.49,-36.73
2020-07-03,-7.37,-31.6,-37.4,-44.19,0.53,3.17,23.99,29.57,-45.86,-56.73,-114.06,-10.35,-67.72,20.64,-15.61,-4.01,-107.4,-36.21
2020-07-10,-7.37,-31.6,-37.4,-44.19,0.53,3.17,23.99,29.57,-45.86,-56.73,-114.06,-10.35,-67.72,20.64,-15.61,-4.01,-107.4,-36.21
2020-07-17,-7.37,-31.6,-37.4,-44.19,0.53,3.17,23.99,29.57,-45.86,-56.73,-114.06,-10.35,-67.72,20.64,-15.61,-4.01,-107.4,-36.21
2020-07-31,-16.75,-26.69,-20.7,-28.16,-8.2,-5.88,-3.47,33.78,-5.47,-42.6,-102.82,-22.84,-26.27,36.8,-1.06,-3.38,-12.46,-21.33
2020-08-07,-16.75,-26.69,-20.7,-28.16,-8.2,-5.88,-3.47,33.78,-5.47,-42.6,-102.82,-22.84,-26.27,36.8,-1.06,-3.38,-12.46,-21.33
2020-08-14,-16.75,-26.69,-20.7,-28.16,-8.2,-5.88,-3.47,33.78,-5.47,-42.6,-102.82,-22.84,-26.27,36.8,-1.06,-3.38,-12.46,-21.33
2020-09-04,14.82,-8.84,-49.97,-25.06,-4.72,-1.52,35.51,24.22,-1.59,-29.46,-86.46,-25.1,-5.51,43.88,-6.92,7.75,15.41,-20.6
2020-09-11,14.82,-8.84,-49.97,-25.06,-4.72,-1.52,35.51,24.22,-1.59,-29.46,-86.46,-25.1,-5.51,43.88,-6.92,7.75,15.41,-20.6
2020-09-18,14.82,-8.84,-49.97,-25.06,-4.72,-1.52,35.51,24.22,-1.59,-29.46,-86.46,-25.1,-5.51,43.88,-6.92,7.75,15.41,-20.6
2020-10-02,23.97,-6.08,-46.84,-17.0,-3.97,-1.28,29.86,22.65,-1.34,-27.49,-79.62,-23.09,-1.5,17.57,6.74,11.81,18.04,-14.65
2020-10-09,23.97,-6.08,-46.84,-17.0,-3.97,-1.28,29.86,22.65,-1.34,-27.49,-79.62,-23.09,-1.5,17.57,6.74,11.81,18.04,-14.65
2020-10-16,23.97,-6.08,-46.84,-17.0,-3.97,-1.28,29.86,22.65,-1.34,-27.49,-79.62,-23.09,-1.5,17.57,6.74,11.81,18.04,-14.65
2020-10-30,22.75,-10.65,-41.86,-21.03,18.29,22.93,-5.46,14.83,-13.15,-38.54,-73.9,-19.42,16.89,14.77,24.8,25.73,4.87,-22.98
2020-11-06,22.75,-10.65,-41.86,-21.03,18.29,22.93,-5.46,14.83,-13.15,-38.54,-73.9,-19.42,16.89,14.77,24.8,25.73,4.87,-22.98
2020-11-13,22.75,-10.65,-41.86,-21.03,18.29,22.93,-5.46,14.83,-13.15,-38.54,-73.9,-19.42,16.89,14.77,24.8,25.73,4.87,-22.98
2020-12-04,14.77,-10.08,-33.66,-25.62,19.73,53.01,-4.59,14.33,1.01,-48.9,-69.11,-7.41,21.58,25.68,-16.85,11.1,4.1,-20.85
2020-12-11,14.77,-10.08,-33.66,-25.62,19.73,53.01,-4.59,14.33,1.01,-48.9,-69.11,-7.41,21.58,25.68,-16.85,11.1,4.1,-20.85
2020-12-18,14.77,-10.08,-33.66,-25.62,19.73,53.01,-4.59,14.33,1.01,-48.9,-69.11,-7.41,21.58,25.68,-16.85,11.1,4.1,-20.85
2021-01-01,19.79,-15.76,-20.16,-24.92,40.5,19.55,-26.93,12.05,-20.14,-50.7,-72.02,1.72,8.69,67.17,-11.0,14.6,6.55,-12.14
2021-01-08,19.79,-15.76,-20.16,-24.92,40.5,19.55,-26.93,12.05,-20.14,-50.7,-72.02,1.72,8.69,67.17,-11.0,14.6,6.55,-12.14
2021-01-15,19.79,-15.76,-20.16,-24.92,40.5,19.55,-26.93,12.05,-20.14,-50.7,-72.02,1.72,8.69,67.17,-11.0,14.6,6.55,-12.14
2021-01-29,21.55,-8.02,-27.43,-15.05,64.08,24.78,-30.35,1.73,-20.0,-26.73,-67.52,0.95,2.97,75.88,-9.25,17.54,11.72,-11.76
2021-02-05,21.55,-8.02,-27.43,-15.05,64.08,24.78,-30.35,1.73,-20.0,-26.73,-67.52,0.95,2.97,75.88,-9.25,17.54,11.72,-11.76
2021-02-12,21.55,-8.02,-27.43,-15.05,64.08,24.78,-30.35,1.73,-20.0,-26.73,-67.52,0.95,2.97,75.88,-9.25,17.54,11.72,-11.76
2021-02-26,33.31,10.57,-17.37,-8.95,41.06,37.45,-25.52,16.15,10.34,-33.52,-16.45,1.81,8.4,107.66,23.32,14.75,8.3,-16.9
2021-03-05,33.31,10.57,-17.37,-8.95,41.06,37.45,-25.52,16.15,10.34,-33.52,-16.45,1.81,8.4,107.66,23.32,14.75,8.3,-16.9
2021-03-12,33.31,10.57,-17.37,-8.95,41.06,37.45,-25.52,16.15,10.34,-33.52,-16.45,1.81,8.4,107.66,23.32,14.75,8.3,-16.9
2021-04-02,28.01,12.41,-21.0,-4.52,64.17,14.96,-5.91,29.48,11.71,-18.68,-20.59,-2.55,10.63,90.53,25.85,18.05,-43.35,0.17
2021-04-09,28.01,12.41,-21.0,-4.52,64.17,14.96,-5.91,29.48,11.71,-18.68,-20.59,-2.55,10.63,90.53,25.85,18.05,-43.35,0.17
2021-04-16,28.01,12.41,-21.0,-4.52,64.17,14.96,-5.91,29.48,11.71,-18.68,-20.59,-2.55,10.63,90.53,25.85,18.05,-43.35,0.17
2021-04-30,35.79,22.89,-20.97,9.66,32.71,4.33,-12.9,40.02,9.85,10.44,-10.57,-6.28,31.87,50.54,34.15,20.81,-50.88,-3.36
2021-05-07,35.79,22.89,-20.97,9.66,32.71,4.33,-12.9,40.02,9.85,10.44,-10.57,-6.28,31.87,50.54,34.15,20.81,-50.88,-3.36
2021-05-14,35.79,22.89,-20.97,9.66,32.71,4.33,-12.9,40.02,9.85,10.44,-10.57,-6.28,31.87,50.54,34.15,20.81,-50.88,-3.36
2021-06-04,70.71,33.5,-6.97,16.19,31.86,11.9,12.67,32.59,26.59,13.47,-22.39,-5.28,49.67,29.72,41.17,23.14,2.22,6.11
2021-06-11,70.71,33.5,-6.97,16.19,31.86,11.9,12.67,32.59,26.59,13.47,-22.39,-5.28,49.67,29.72,41.17,23.14,2.22,6.11
2021-06-18,70.71,33.5,-6.97,16.19,31.86,11.9,12.67,32.59,26.59,13.47,-22.39,-5.28,49.67,29.72,41.17,23.14,2.22,6.11
2021-07-02,72.93,45.16,-8.34,15.06,52.63,10.0,10.65,28.7,31.58,14.17,-39.0,-7.03,57.47,24.99,34.62,30.82,-39.54,15.98
2021-07-09,72.93,45.16,-8.34,15.06,52.63,10.0,10.65,28.7,31.58,14.17,-39.0,-7.03,57.47,24.99,34.62,30.82,-39.54,15.98
2021-07-16,72.93,45.16,-8.34,15.06,52.63,10.0,10.65,28.7,31.58,14.17,-39.0,-7.03,57.47,24.99,34.62,30.82,-39.54,15.98
2021-07-30,86.03,39.1,-4.67,6.73,31.38,-8.06,40.57,47.38,29.64,8.23,-39.52,-6.43,38.37,8.05,22.77,20.23,-27.0,-0.49
2021-08-06,86.03,39.1,-4.67,6.73,31.38,-8.06,40.57,47.38,29.64,8.23,-39.52,-6.43,38.37,8.05,22.77,20.23,-27.0,-0.49
2021-08-13,86.03,39.1,-4.67,6.73,31.38,-8.06,40.57,47.38,29.64,8.23,-39.52,-6.43,38.37,8.05,22.77,20.23,-27.0,-0.49
2021-09-03,80.81,45.93,21.57,9.71,28.53,25.67,26.15,50.94,34.16,19.81,-78.99,-5.41,26.97,6.77,32.11,17.01,-43.38,5.04
2021-09-10,80.81,45.93,21.57,9.71,28.53,25.67,26.15,50.94,34.16,19.81,-78.99,-5.41,26.97,6.77,32.11,17.01,-43.38,5.04
2021-09-17,80.81,45.93,21.57,9.71,28.53,25.67,26.15,50.94,34.16,19.81,-78.99,-5.41,26.97,6.77,32.11,17.01,-43.38,5.04
2021-10-01,68.68,28.83,22.4,12.71,57.76,29.69,29.94,52.85,25.64,23.01,-79.49,-9.81,24.71,37.72,39.95,14.31,-51.89,22.05
2021-10-08,68.68,28.83,22.4,12.71,57.76,29.69,29.94,52.85,25.64,23.01,-79.49,-9.81,24.71,37.72,39.95,14.31,-51.89,22.05
2021-10-15,68.68,28.83,22.4,12.71,57.76,29.69,29.94,52.85,25.64,23.01,-79.49,-9.81,24.71,37.72,39.95,14.31,-51.89,22.05
2021-10-29,62.6,28.72,23.1,10.89,29.7,56.9,25.18,65.56,24.65,21.19,-60.31,-6.13,9.37,12.6,40.06,17.87,9.09,31.28
2021-11-05,62.6,28.72,23.1,10.89,29.7,56.9,25.18,65.56,24.65,21.19,-60.31,-6.13,9.37,12.6,40.06,17.87,9.09,31.28
2021-11-12,62.6,28.72,23.1,10.89,29.7,56.9,25.18,65.56,24.65,21.19,-60.31,-6.13,9.37,12.6,40.06,17.87,9.09,31.28
2021-12-03,65.72,33.34,19.42,27.96,63.91,79.41,45.09,89.68,36.15,53.23,-44.18,1.38,30.76,-8.47,27.19,38.18,28.81,25.53
2021-12-10,65.72,33.34,19.42,27.96,63.91,79.41,45.09,89.68,36.15,53.23,-44.18,1.38,30.76,-8.47,27.19,38.18,28.81,25.53
2021-12-17,65.72,33.34,19.42,27.96,63.91,79.41,45.09,89.68,36.15,53.23,-44.18,1.38,30.76,-8.47,27.19,38.18,28.81,25.53
2021-12-31,64.09,38.06,16.33,38.4,25.36,74.68,45.89,75.41,66.57,58.47,-30.63,6.59,52.56,5.55,48.55,55.26,33.67,30.73
2022-01-07,64.09,38.06,16.33,38.4,25.36,74.68,45.89,75.41,66.57,58.47,-30.63,6.59,52.56,5.55,48.55,55.26,33.67,30.73
2022-01-14,64.09,38.06,16.33,38.4,25.36,74.68,45.89,75.41,66.57,58.47,-30.63,6.59,52.56,5.55,48.55,55.26,33.67,30.73
2022-02-04,56.78,10.37,15.43,17.31,39.53,78.81,54.69,90.19,26.07,16.67,-19.25,5.54,35.23,-27.03,40.83,63.71,13.05,22.69
2022-02-11,56.78,10.37,15.43,17.31,39.53,78.81,54.69,90.19,26.07,16.67,-19.25,5.54,35.23,-27.03,40.83,63.71,13.05,22.69
2022-02-18,56.78,10.37,15.43,17.31,39.53,78.81,54.69,90.19,26.07,16.67,-19.25,5.54,35.23,-27.03,40.83,63.71,13.05,22.69
2022-03-04,67.89,-0.93,57.19,11.27,31.22,117.67,85.85,87.62,36.9,0.25,-29.19,3.57,33.52,-10.08,47.11,42.08,44.32,36.33
2022-03-11,67.89,-0.93,57.19,11.27,31.22,117.67,85.85,87.62,36.9,0.25,-29.19,3.57,33.52,-10.08,47.11,42.08,44.32,36.33
2022-03-18,67.89,-0.93,57.19,11.27,31.22,117.67,85.85,87.62,36.9,0.25,-29.19,3.57,33.52,-10.08,47.11,42.08,44.32,36.33
2022-04-01,49.65,9.28,61.72,14.35,38.36,68.69,96.11,70.09,40.13,5.2,-37.55,9.59,43.91,-21.3,45.99,41.14,88.7,16.48
2022-04-08,49.65,9.28,61.72,14.35,38.36,68.69,96.11,70.09,40.13,5.2,-37.55,9.59,43.91,-21.3,45.99,41.14,88.7,16.48
2022-04-15,49.65,9.28,61.72,14.35,38.36,68.69,96.11,70.09,40.13,5.2,-37.55,9.59,43.91,-21.3,45.99,41.14,88.7,16.48
2022-04-29,47.3,9.63,100.44,23.49,84.68,109.01,64.93,100.76,54.81,13.15,-38.08,8.06,68.44,1.25,45.11,74.35,82.1,28.67
2022-05-06,47.3,9.63,100.44,23.49,84.68,109.01,64.93,100.76,54.81,13.15,-38.08,8.06,68.44,1.25,45.11,74.35,82.1,28.67
2022-05-13,47.3,9.63,100.44,23.49,84.68,109.01,64.93,100.76,54.81,13.15,-38.08,8.06,68.44,1.25,45.11,74.35,82.1,28.67
2022-06-03,42.97,19.25,92.8,29.11,82.85,120.64,86.13,128.79,34.06,27.3,-32.03,19.86,69.1,20.3,57.14,51.14,62.33,29.31
2022-06-10,42.97,19.25,92.8,29.11,82.85,120.64,86.13,128.79,34.06,27.3,-32.03,19.86,69.1,20.3,57.14,51.14,62.33,29.31
2022-06-17,42.97,19.25,92.8,29.11,82.85,120.64,86.13,128.79,34.06,27.3,-32.03,19.86,69.1,20.3,57.14,51.14,62.33,29.31
2022-07-01,47.7,4.3,116.77,28.16,44.68,108.72,111.38,87.86,34.66,19.2,-20.43,24.89,64.41,17.07,67.08,48.69,100.53,27.46
2022-07-08,47.7,4.3,116.77,28.16,44.68,108.72,111.38,87.86,34.66,19.2,-20.43,24.89,64.41,17.07,67.08,48.69,100.53,27.46
2022-07-15,47.7,4.3,116.77,28.16,44.68,108.72,111.38,87.86,34.66,19.2,-20.43,24.89,64.41,17.07,67.08,48.69,100.53,27.46
2022-07-29,54.15,2.38,81.65,29.81,29.86,76.7,109.24,81.54,29.14,22.4,-4.25,33.03,45.79,20.77,62.77,69.01,92.95,22.69
2022-08-05,54.15,2.38,81.65,29.81,29.86,76.7,109.24,81.54,29.14,22.4,-4.25,33.03,45.79,20.77,62.77,69.01,92.95,22.69
2022-08-12,54.15,2.38,81.65,29.81,29.86,76.7,109.24,81.54,29.14,22.4,-4.25,33.03,45.79,20.77,62.77,69.01,92.95,22.69
2022-09-02,26.53,4.08,50.97,14.02,19.33,71.86,150.5,72.22,27.52,-5.96,-3.58,15.7,40.58,36.6,59.22,58.03,62.59,9.38
2022-09-09,26.53,4.08,50.97,14.02,19.33,71.86,150.5,72.22,27.52,-5.96,-3.58,15.7,40.58,36.6,59.22,58.03,62.59,9.38
2022-09-16,26.53,4.08,50.97,14.02,19.33,71.86,150.5,72.22,27.52,-5.96,-3.58,15.7,40.58,36.6,59.22,58.03,62.59,9.38
2022-09-30,29.49,7.76,31.84,-6.8,23.96,75.13,119.23,96.7,29.17,-37.8,-3.01,1.08,28.75,24.36,24.35,65.73,51.04,-11.78
2022-10-07,29.49,7.76,31.84,-6.8,23.96,75.13,119.23,96.7,29.17,-37.8,-3.01,1.08,28.75,24.36,24.35,65.73,51.04,-11.78
2022-10-14,29.49,7.76,31.84,-6.8,23.96,75.13,119.23,96.7,29.17,-37.8,-3.01,1.08,28.75,24.36,24.35,65.73,51.04,-11.78
2022-11-04,36.77,24.86,47.2,-10.49,27.89,63.18,155.98,70.84,9.49,-37.91,-9.0,-12.17,17.41,20.49,13.96,55.27,36.13,-11.96
2022-11-11,36.77,24.86,47.2,-10.49,27.89,63.18,155.98,70.84,9.49,-37.91,-9.0,-12.17,17.41,20.49,13.96,55.27,36.13,-11.96
2022-11-18,36.77,24.86,47.2,-10.49,27.89,63.18,155.98,70.84,9.49,-37.91,-9.0,-12.17,17.41,20.49,13.96,55.27,36.13,-11.96
2022-12-02,20.13,28.72,60.01,-13.91,42.76,23.95,158.87,36.27,-1.07,-38.22,-1.11,-26.25,14.98,55.3,5.18,29.23,29.58,-13.34
2022-12-09,20.13,28.72,60.01,-13.91,42.76,23.95,158.87,36.27,-1.07,-38.22,-1.11,-26.25,14.98,55.3,5.18,29.23,29.58,-13.34
2022-12-16,20.13,28.72,60.01,-13.91,42.76,23.95,158.87,36.27,-1.07,-38.22,-1.11,-26.25,14.98,55.3,5.18,29.23,29.58,-13.34
2022-12-30,14.09,17.8,58.76,-11.59,12.91,54.0,147.51,2.46,-31.77,-27.34,5.51,-8.73,-5.59,59.2,-2.2,36.05,14.85,-17.4
2023-01-06,14.09,17.8,58.76,-11.59,12.91,54.0,147.51,2.46,-31.77,-27.34,5.51,-8.73,-5.59,59.2,-2.2,36.05,14.85,-17.4
2023-01-13,14.09,17.8,58.76,-11.59,12.91,54.0,147.51,2.46,-31.77,-27.34,5.51,-8.73,-5.59,59.2,-2.2,36.05,14.85,-17.4
2023-02-03,3.24,11.03,40.97,-17.07,43.0,50.57,53.86,-3.28,-29.86,-37.19,-1.82,-6.78,-16.47,43.42,-1.85,24.49,12.09,-7.21
2023-02-10,3.24,11.03,40.97,-17.07,43.0,50.57,53.86,-3.28,-29.86,-37.19,-1.82,-6.78,-16.47,43.42,-1.85,24.49,12.09,-7.21
2023-02-17,3.24,11.03,40.97,-17.07,43.0,50.57,53.86,-3.28,-29.86,-37.19,-1.82,-6.78,-16.47,43.42,-1.85,24.49,12.09,-7.21
2023-03-03,8.32,18.16,32.43,-13.65,30.48,64.52,70.7,-16.95,-21.93,-38.34,-1.53,-2.18,2.6,101.46,4.99,-8.43,6.95,7.93
2023-03-10,8.32,18.16,32.43,-13.65,30.48,64.52,70.7,-16.95,-21.93,-38.34,-1.53,-2.18,2.6,101.46,4.99,-8.43,6.95,7.93
2023-03-17,8.32,18.16,32.43,-13.65,30.48,64.52,70.7,-16.95,-21.93,-38.34,-1.53,-2.18,2.6,101.46,4.99,-8.43,6.95,7.93
2023-03-31,-1.52,6.3,10.2,-30.25,37.03,32.37,53.06,-28.86,-37.45,-66.28,5.17,-13.8,1.21,67.7,-2.43,-13.15,-6.61,-2.39
2023-04-07,-1.52,6.3,10.2,-30.25,37.03,32.37,53.06,-28.86,-37.45,-66.28,5.17,-13.8,1.21,67.7,-2.43,-13.15,-6.61,-2.39
2023-04-14,-1.52,6.3,10.2,-30.25,37.03,32.37,53.06,-28.86,-37.45,-66.28,5.17,-13.8,1.21,67.7,-2.43,-13.15,-6.61,-2.39
2023-04-28,-14.6,5.29,13.03,-32.34,19.75,27.22,57.41,-51.16,-37.85,-66.34,-8.55,-16.4,-3.51,33.6,-2.04,-11.06,-22.39,4.19
2023-05-05,-14.6,5.29,13.03,-32.34,19.75,27.22,57.41,-51.16,-37.85,-66.34,-8.55,-16.4,-3.51,33.6,-2.04,-11.06,-22.39,4.19
2023-05-12,-14.6,5.29,13.03,-32.34,19.75,27.22,57.41,-51.16,-37.85,-66.34,-8.55,-16.4,-3.51,33.6,-2.04,-11.06,-22.39,4.19
2023-06-02,-11.88,7.54,20.69,-33.17,27.99,15.48,48.27,-66.94,-25.48,-69.94,-7.19,-13.79,-11.51,5.03,-1.72,4.67,-20.04,9.71
2023-06-09,-11.88,7.54,20.69,-33.17,27.99,15.48,48.27,-66.94,-25.48,-69.94,-7.19,-13.79,-11.51,5.03,-1.72,4.67,-20.04,9.71
2023-06-16,-11.88,7.54,20.69,-33.17,27.99,15.48,48.27,-66.94,-25.48,-69.94,-7.19,-13.79,-11.51,5.03,-1.72,4.67,-20.04,9.71
2023-06-30,-13.69,-10.0,17.4,-38.25,4.7,-1.75,-14.0,-75.25,-34.11,-65.9,-18.95,-31.89,-24.28,4.23,-1.44,-16.92,-58.57,-3.37
2023-07-07,-13.69,-10.0,17.4,-38.25,4.7,-1.75,-14.0,-75.25,-34.11,-65.9,-18.95,-31.89,-24.28,4.23,-1.44,-16.92,-58.57,-3.37
2023-07-14,-13.69,-10.0,17.4,-38.25,4.7,-1.75,-14.0,-75.25,-34.11,-65.9,-18.95,-31.89,-24.28,4.23,-1.44,-16.92,-58.57,-3.37
2023-08-04,-16.43,-0.95,0.31,-40.82,7.72,-23.41,-11.78,-75.61,-25.51,-71.99,-15.93,-28.01,-25.67,-2.27,-14.47,-7.29,-40.3,-4.9
2023-08-11,-16.43,-0.95,0.31,-40.82,7.72,-23.41,-11.78,-75.61,-25.51,-71.99,-15.93,-28.01,-25.67,-2.27,-14.47,-7.29,-40.3,-4.9
2023-08-18,-16.43,-0.95,0.31,-40.82,7.72,-23.41,-11.78,-75.61,-25.51,-71.99,-15.93,-28.01,-25.67,-2.27,-14.47,-7.29,-40.3,-4.9
2023-09-01,-10.83,-7.66,16.88,-35.05,14.02,-12.37,2.28,-74.16,-24.64,-66.32,-19.85,-28.71,17.31,-13.63,-18.79,-13.08,-42.45,-4.95
2023-09-08,-10.83,-7.66,16.88,-35.05,14.02,-12.37,2.28,-74.16,-24.64,-66.32,-19.85,-28.71,17.31,-13.63,-18.79,-13.08,-42.45,-4.95
2023-09-15,-10.83,-7.66,16.88,-35.05,14.02,-12.37,2.28,-74.16,-24.64,-66.32,-19.85,-28.71,17.31,-13.63,-18.79,-13.08,-42.45,-4.95
2023-09-29,-4.65,2.9,36.31,-25.77,2.39,-32.15,14.11,-66.66,-14.32,-58.11,-16.69,-14.93,8.74,23.24,10.45,-11.0,-25.21,13.3
2023-10-06,-4.65,2.9,36.31,-25.77,2.39,-32.15,14.11,-66.66,-14.32,-58.11,-16.69,-14.93,8.74,23.24,10.45,-11.0,-25.21,13.3
2023-10-13,-4.65,2.9,36.31,-25.77,2.39,-32.15,14.11,-66.66,-14.32,-58.11,-16.69,-14.93,8.74,23.24,10.45,-11.0,-25.21,13.3
2023-11-03,2.88,-8.83,23.92,-24.44,-11.13,-19.79,5.76,-51.68,-21.69,-58.42,-26.95,-16.51,-10.94,64.49,22.02,-2.24,-32.83,29.24
2023-11-10,2.88,-8.83,23.92,-24.44,-11.13,-19.79,5.76,-51.68,-21.69,-58.42,-26.95,-16.51,-10.94,64.49,22.02,-2.24,-32.83,29.24
2023-11-17,2.88,-8.83,23.92,-24.44,-11.13,-19.79,5.76,-51.68,-21.69,-58.42,-26.95,-16.51,-10.94,64.49,22.02,-2.24,-32.83,29.24
2023-12-01,-13.86,-23.35,7.79,-18.11,-18.74,-23.87,-19.57,-51.3,-21.45,-50.4,-29.13,5.74,-9.25,15.74,25.13,12.08,-41.52,35.11
2023-12-08,-13.86,-23.35,7.79,-18.11,-18.74,-23.87,-19.57,-51.3,-21.45,-50.4,-29.13,5.74,-9.25,15.74,25.13,12.08,-41.52,35.11
2023-12-15,-13.86,-23.35,7.79,-18.11,-18.74,-23.87,-19.57,-51.3,-21.45,-50.4,-29.13,5.74,-9.25,15.74,25.13,12.08,-41.52,35.11
2023-12-29,-6.35,-16.31,17.51,-26.83,-17.63,15.65,-10.36,-81.51,-34.08,-57.83,-37.43,-8.24,-10.62,2.24,4.67,-10.7,-40.33,33.75
2024-01-05,-6.35,-16.31,17.51,-26.83,-17.63,15.65,-10.36,-81.51,-34.08,-57.83,-37.43,-8.24,-10.62,2.24,4.67,-10.7,-40.33,33.75
2024-01-12,-6.35,-16.31,17.51,-26.83,-17.63,15.65,-10.36,-81.51,-34.08,-57.83,-37.43,-8.24,-10.62,2.24,4.67,-10.7,-40.33,33.75
2024-02-02,-3.69,-8.56,2.49,-24.41,-3.58,-14.98,-14.81,-80.64,-0.07,-47.37,-31.48,-28.38,-20.57,-3.62,3.93,5.09,-54.29,33.05
2024-02-09,-3.69,-8.56,2.49,-24.41,-3.58,-14.98,-14.81,-80.64,-0.07,-47.37,-31.48,-28.38,-20.57,-3.62,3.93,5.09,-54.29,33.05
2024-02-16,-3.69,-8.56,2.49,-24.41,-3.58,-14.98,-14.81,-80.64,-0.07,-47.37,-31.48,-28.38,-20.57,-3.62,3.93,5.09,-54.29,33.05
2024-03-01,8.07,8.92,-13.38,-29.78,11.97,8.39,-12.45,-71.31,3.15,-48.24,-32.96,-6.81,-18.66,-19.48,3.31,-55.57,-53.73,10.45
2024-03-08,8.07,8.92,-13.38,-29.78,11.97,8.39,-12.45,-71.31,3.15,-48.24,-32.96,-6.81,-18.66,-19.48,3.31,-55.57,-53.73,10.45
2024-03-15,8.07,8.92,-13.38,-29.78,11.97,8.39,-12.45,-71.31,3.15,-48.24,-32.96,-6.81,-18.66,-19.48,3.31,-55.57,-53.73,10.45
2024-03-29,11.14,8.02,-15.31,-17.1,17.63,34.81,-10.47,-61.82,-6.97,-31.15,-8.39,9.93,-14.32,5.42,2.78,-33.28,-44.03,28.98
2024-04-05,11.14,8.02,-15.31,-17.1,17.63,34.81,-10.47,-61.82,-6.97,-31.15,-8.39,9.93,-14.32,5.42,2.78,-33.28,-44.03,28.98
2024-04-12,11.14,8.02,-15.31,-17.1,17.63,34.81,-10.47,-61.82,-6.97,-31.15,-8.39,9.93,-14.32,5.42,2.78,-33.28,-44.03,28.98
2024-05-03,11.7,-2.24,-21.19,-22.52,-2.11,15.45,3.42,-60.58,-28.16,-36.71,-19.93,8.35,-14.34,-0.9,2.34,-54.67,-39.72,9.11
2024-05-10,11.7,-2.24,-21.19,-22.52,-2.11,15.45,3.42,-60.58,-28.16,-36.71,-19.93,8.35,-14.34,-0.9,2.34,-54.67,-39.72,9.11
2024-05-17,11.7,-2.24,-21.19,-22.52,-2.11,15.45,3.42,-60.58,-28.16,-36.71,-19.93,8.35,-14.34,-0.9,2.34,-54.67,-39.72,9.11
2024-05-31,8.26,-0.38,-9.87,-22.96,3.92,19.97,2.87,-63.51,-17.28,-32.02,-23.2,-2.76,-9.11,-17.06,-4.65,-45.97,-18.44,-2.93
2024-06-07,8.26,-0.38,-9.87,-22.96,3.92,19.97,2.87,-63.51,-17.28,-32.02,-23.2,-2.76,-9.11,-17.06,-4.65,-45.97,-18.44,-2.93
2024-06-14,8.26,-0.38,-9.87,-22.96,3.92,19.97,2.87,-63.51,-17.28,-32.02,-23.2,-2.76,-9.11,-17.06,-4.65,-45.97,-18.44,-2.93
2024-06-28,-1.66,-0.81,-0.17,-21.01,10.98,23.77,-9.82,-58.15,-52.18,-28.11,-13.08,-17.92,-11.61,-19.79,-10.53,-38.66,-2.5,3.46
2024-07-05,-1.66,-0.81,-0.17,-21.01,10.98,23.77,-9.82,-58.15,-52.18,-28.11,-13.08,-17.92,-11.61,-19.79,-10.53,-38.66,-2.5,3.46
2024-07-12,-1.66,-0.81,-0.17,-21.01,10.98,23.77,-9.82,-58.15,-52.18,-28.11,-13.08,-17.92,-11.61,-19.79,-10.53,-38.66,-2.5,3.46
2024-08-02,-7.81,-13.02,-16.64,-25.51,-8.11,14.41,-20.46,-53.24,-15.99,-30.67,-23.84,-40.82,-5.25,-27.55,-28.56,-52.93,-20.39,7.99
2024-08-09,-7.81,-13.02,-16.64,-25.51,-8.11,14.41,-20.46,-53.24,-15.99,-30.67,-23.84,-40.82,-5.25,-27.55,-28.56,-52.93,-20.39,7.99
2024-08-16,-7.81,-13.02,-16.64,-25.51,-8.11,14.41,-20.46,-53.24,-15.99,-30.67,-23.84,-40.82,-5.25,-27.55,-28.56,-52.93,-20.39,7.99
2024-08-30,-9.54,9.33,-10.94,-15.79,-1.03,17.7,-4.96,-49.89,-4.15,-16.46,-26.47,-38.2,-3.69,-6.81,-24.02,-51.48,-12.2,7.57
2024-09-06,-9.54,9.33,-10.94,-15.79,-1.03,17.7,-4.96,-49.89,-4.15,-16.46,-26.47,-38.2,-3.69,-6.81,-24.02,-51.48,-12.2,7.57
2024-09-13,-9.54,9.33,-10.94,-15.79,-1.03,17.7,-4.96,-49.89,-4.15,-16.46,-26.47,-38.2,-3.69,-6.81,-24.02,-51.48,-12.2,7.57
2024-10-04,-5.05,8.12,-24.72,-18.63,-6.71,19.08,-16.38,-41.95,-22.06,-24.32,-28.7,-43.73,-4.36,-22.01,-20.2,-36.31,-12.16,10.18
2024-10-11,-5.05,8.12,-24.72,-18.63,-6.71,19.08,-16.38,-41.95,-22.06,-24.32,-28.7,-43.73,-4.36,-22.01,-20.2,-36.31,-12.16,10.18
2024-10-18,-5.05,8.12,-24.72,-18.63,-6.71,19.08,-16.38,-41.95,-22.06,-24.32,-28.7,-43.73,-4.36,-22.01,-20.2,-36.31,-12.16,10.18
2024-11-01,-0.77,13.71,-26.25,-23.13,-9.54,4.67,-18.96,-42.9,-27.87,-32.17,-30.61,-26.9,5.08,-50.87,-36.87,-23.52,-15.95,0.9
2024-11-08,-0.77,13.71,-26.25,-23.13,-9.54,4.67,-18.96,-42.9,-27.87,-32.17,-30.61,-26.9,5.08,-50.87,-36.87,-23.52,-15.95,0.9
2024-11-15,-0.77,13.71,-26.25,-23.13,-9.54,4.67,-18.96,-42.9,-27.87,-32.17,-30.61,-26.9,5.08,-50.87,-36.87,-23.52,-15.95,0.9
2024-11-29,0.48,14.48,-13.32,-27.44,-4.09,31.36,-26.83,-31.47,-17.22,-39.85,-19.29,-13.85,13.89,-42.78,-44.22,-47.65,-17.72,-4.0
2024-12-06,0.48,14.48,-13.32,-27.44,-4.09,31.36,-26.83,-31.47,-17.22,-39.85,-19.29,-13.85,13.89,-42.78,-44.22,-47.65,-17.72,-4.0
2024-12-13,0.48,14.48,-13.32,-27.44,-4.09,31.36,-26.83,-31.47,-17.22,-39.85,-19.29,-13.85,13.89,-42.78,-44.22,-47.65,-17.72,-4.0
2025-01-03,5.26,14.32,-18.5,-25.5,-1.47,19.34,-20.83,-25.45,-23.79,-33.56,-35.53,-14.16,8.26,-35.97,-37.21,-54.22,-22.34,4.42
2025-01-10,5.26,14.32,-18.5,-25.5,-1.47,19.34,-20.83,-25.45,-23.79,-33.56,-35.53,-14.16,8.26,-35.97,-37.21,-54.22,-22.34,4.42
2025-01-17,5.26,14.32,-18.5,-25.5,-1.47,19.34,-20.83,-25.45,-23.79,-33.56,-35.53,-14.16,8.26,-35.97,-37.21,-54.22,-22.34,4.42
2025-01-31,0.7,25.29,-19.75,-25.98,-3.21,2.26,-13.14,-32.59,-20.0,-25.9,-36.38,-124.98,7.01,-14.1,-31.29,-38.52,-25.44,5.89
2025-02-07,0.7,25.29,-19.75,-25.98,-3.21,2.26,-13.14,-32.59,-20.0,-25.9,-36.38,-124.98,7.01,-14.1,-31.29,-38.52,-25.44,5.89
2025-02-14,0.7,25.29,-19.75,-25.98,-3.21,2.26,-13.14,-32.59,-20.0,-25.9,-36.38,-124.98,7.01,-14.1,-31.29,-38.52,-25.44,5.89
2025-02-28,13.15,28.55,-10.92,-22.86,-4.67,8.91,12.36,-30.67,-23.03,-20.6,-37.09,-163.84,-2.16,-6.47,-13.18,-32.39,-20.61,11.9
2025-03-07,13.15,28.55,-10.92,-22.86,-4.67,8.91,12.36,-30.67,-23.03,-20.6,-37.09,-163.84,-2.16,-6.47,-13.18,-32.39,-20.61,11.9
2025-03-14,13.15,28.55,-10.92,-22.86,-4.67,8.91,12.36,-30.67,-23.03,-20.6,-37.09,-163.84,-2.16,-6.47,-13.18,-32.39,-20.61,11.9
2025-04-04,1.23,38.09,7.93,-29.13,-3.93,7.49,21.25,-32.69,-13.16,-30.15,-31.19,-137.77,-11.16,-32.04,-17.65,-34.28,-18.13,-0.02
2025-04-11,1.23,38.09,7.93,-29.13,-3.93,7.49,21.25,-32.69,-13.16,-30.15,-31.19,-137.77,-11.16,-32.04,-17.65,-34.28,-18.13,-0.02
2025-04-18,1.23,38.09,7.93,-29.13,-3.93,7.49,21.25,-32.69,-13.16,-30.15,-31.19,-137.77,-11.16,-32.04,-17.65,-34.28,-18.13,-0.02
2025-05-02,-18.72,30.53,-7.7,-30.83,2.71,6.3,5.3,-30.43,-14.17,-33.64,-39.86,-128.16,-20.28,-37.56,-8.27,-42.89,-21.61,4.11
2025-05-09,-18.72,30.53,-7.7,-30.83,2.71,6.3,5.3,-30.43,-14.17,-33.64,-39.86,-128.16,-20.28,-37.56,-8.27,-42.89,-21.61,4.11
2025-05-16,-18.72,30.53,-7.7,-30.83,2.71,6.3,5.3,-30.43,-14.17,-33.64,-39.86,-128.16,-20.28,-37.56,-8.27,-42.89,-21.61,4.11
2025-05-30,-33.98,27.37,-4.52,-25.75,4.28,-1.83,6.41,-26.76,-2.49,-25.92,-33.52,-111.79,-27.28,-52.7,-6.95,-29.02,-22.94,0.25
2025-06-06,-33.98,27.37,-4.52,-25.75,4.28,-1.83,6.41,-26.76,-2.49,-25.92,-33.52,-111.79,-27.28,-52.7,-6.95,-29.02,-22.94,0.25
2025-06-13,-33.98,27.37,-4.52,-25.75,4.28,-1.83,6.41,-26.76,-2.49,-25.92,-33.52,-111.79,-27.28,-52.7,-6.95,-29.02,-22.94,0.25
2025-07-04,-33.49,12.17,-2.62,-24.41,-8.41,-1.54,16.74,-24.3,10.45,-20.61,-41.91,-86.9,-31.86,-44.31,-18.97,-24.4,-8.96,-11.23
2025-07-11,-33.49,12.17,-2.62,-24.41,-8.41,-1.54,16.74,-24.3,10.45,-20.61,-41.91,-86.9,-31.86,-44.31,-18.97,-24.4,-8.96,-11.23
2025-07-18,-33.49,12.17,-2.62,-24.41,-8.41,-1.54,16.74,-24.3,10.45,-20.61,-41.91,-86.9,-31.86,-44.31,-18.97,-24.4,-8.96,-11.23
2025-08-01,-33.03,-1.17,-2.39,-25.78,0.93,-15.59,7.83,-16.97,11.92,-19.69,-42.11,-65.98,-40.13,-42.57,-22.51,-27.7,-13.5,-19.95
2025-08-08,-33.03,-1.17,-2.39,-25.78,0.93,-15.59,7.83,-16.97,11.92,-19.69,-42.11,-65.98,-40.13,-42.57,-22.51,-27.7,-13.5,-19.95
2025-08-15,-33.03,-1.17,-2.39,-25.78,0.93,-15.59,7.83,-16.97,11.92,-19.69,-42.11,-65.98,-40.13,-42.57,-22.51,-27.7,-13.5,-19.95
2025-08-29,-14.98,-4.91,4.97,-24.64,-19.08,8.25,17.66,-23.68,6.89,-20.08,-35.41,-72.8,-30.83,-46.44,-18.93,-37.62,-23.25,-10.38
2025-09-05,-14.98,-4.91,4.97,-24.64,-19.08,8.25,17.66,-23.68,6.89,-20.08,-35.41,-72.8,-30.83,-46.44,-18.93,-37.62,-23.25,-10.38
2025-09-12,-14.98,-4.91,4.97,-24.64,-19.08,8.25,17.66,-23.68,6.89,-20.08,-35.41,-72.8,-30.83,-46.44,-18.93,-37.62,-23.25,-10.38
2025-10-03,-15.68,-5.26,6.68,-25.52,-8.09,-7.24,13.41,-30.87,8.93,-23.95,-29.77,-50.01,-23.99,-23.15,-35.51,-38.81,-23.12,-8.73
2025-10-10,-15.68,-5.26,6.68,-25.52,-8.09,-7.24,13.41,-30.87,8.93,-23.95,-29.77,-50.01,-23.99,-23.15,-35.51,-38.81,-23.12,-8.73
2025-10-17,-15.68,-5.26,6.68,-25.52,-8.09,-7.24,13.41,-30.87,8.93,-23.95,-29.77,-50.01,-23.99,-23.15,-35.51,-38.81,-23.12,-8.73
2025-10-31,-25.66,-8.41,16.0,-22.99,-14.76,-6.09,10.55,-32.12,-1.91,-23.69,-18.03,-21.8,-22.82,-30.05,-29.86,-25.45,-24.2,-25.13
2025-11-07,-25.66,-8.41,16.0,-22.99,-14.76,-6.09,10.55,-32.12,-1.91,-23.69,-18.03,-21.8,-22.82,-30.05,-29.86,-25.45,-24.2,-25.13
2025-11-14,-25.66,-8.41,16.0,-22.99,-14.76,-6.09,10.55,-32.12,-1.91,-23.69,-18.03,-21.8,-22.82,-30.05,-29.86,-25.45,-24.2,-25.13
2025-11-28,-23.28,-4.85,27.96,-12.96,-24.47,-26.35,4.94,-33.42,1.54,-6.98,-29.21,-22.38,-29.95,-30.57,-11.96,-0.02,-22.73,-17.4
2025-12-05,-23.28,-4.85,27.96,-12.96,-24.47,-26.35,4.94,-33.42,1.54,-6.98,-29.21,-22.38,-29.95,-30.57,-11.96,-0.02,-22.73,-17.4
2025-12-12,-23.28,-4.85,27.96,-12.96,-24.47,-26.35,4.94,-33.42,1.54,-6.98,-29.21,-22.38,-29.95,-30.57,-11.96,-0.02,-22.73,-17.4
2026-01-02,-21.28,-1.26,28.46,-13.21,-22.59,-22.16,1.24,-21.34,32.33,-10.61,-31.59,-18.82,-19.53,-36.29,-3.46,-7.23,-14.75,-27.19
2026-01-09,-21.28,-1.26,28.46,-13.21,-22.59,-22.16,1.24,-21.34,32.33,-10.61,-31.59,-18.82,-19.53,-36.29,-3.46,-7.23,-14.75,-27.19
2026-01-16,-21.28,-1.26,28.46,-13.21,-22.59,-22.16,1.24,-21.34,32.33,-10.61,-31.59,-18.82,-19.53,-36.29,-3.46,-7.23,-14.75,-27.19
2026-01-30,-16.03,-22.3,20.98,-9.13,-16.98,-25.71,5.21,-7.3,11.64,-6.55,-12.43,-26.16,-16.53,-9.35,-2.91,-6.08,-11.61,-22.4
2026-02-06,-16.03,-22.3,20.98,-9.13,-16.98,-25.71,5.21,-7.3,11.64,-6.55,-12.43,-26.16,-16.53,-9.35,-2.91,-6.08,-11.61,-22.4
2026-02-13,-16.03,-22.3,20.98,-9.13,-16.98,-25.71,5.21,-7.3,11.64,-6.55,-12.43,-26.16,-16.53,-9.35,-2.91,-6.08,-11.61,-22.4
2026-02-27,-12.77,-30.83,30.42,-9.12,-12.26,-21.62,-4.76,-16.88,0.44,-10.2,-10.46,16.24,-8.98,2.7,-2.44,-5.11,-22.07,-42.44
2026-03-06,-12.77,-30.83,30.42,-9.12,-12.26,-21.62,-4.76,-16.88,0.44,-10.2,-10.46,16.24,-8.98,2.7,-2.44,-5.11,-22.07,-42.44
2026-03-13,-12.77,-30.83,30.42,-9.12,-12.26,-21.62,-4.76,-16.88,0.44,-10.2,-10.46,16.24,-8.98,2.7,-2.44,-5.11,-22.07,-42.44
2026-04-03,-2.22,-41.34,24.08,-1.28,1.97,-25.28,40.35,-18.05,19.27,10.12,-22.92,-2.42,-5.06,2.27,-8.73,-4.3,-29.66,-28.75
2026-04-10,-2.22,-41.34,24.08,-1.28,1.97,-25.28,40.35,-18.05,19.27,10.12,-22.92,-2.42,-5.06,2.27,-8.73,-4.3,-29.66,-28.75
2026-04-17,-2.22,-41.34,24.08,-1.28,1.97,-25.28,40.35,-18.05,19.27,10.12,-22.92,-2.42,-5.06,2.27,-8.73,-4.3,-29.66,-28.75
2026-05-01,-13.88,-22.04,26.1,-5.37,24.08,-14.16,24.78,-29.29,3.59,7.32,-19.27,-2.03,-0.25,17.83,-27.5,-3.61,-36.03,-44.53
2026-05-08,-13.88,-22.04,26.1,-5.37,24.08,-14.16,24.78,-29.29,3.59,7.32,-19.27,-2.03,-0.25,17.83,-27.5,-3.61,-36.03,-44.53
2026-05-15,-13.88,-22.04,26.1,-5.37,24.08,-14.16,24.78,-29.29,3.59,7.32,-19.27,-2.03,-0.25,17.83,-27.5,-3.61,-36.03,-44.53
2026-05-29,2.98,-5.44,20.35,12.7,18.21,-26.06,14.54,-38.23,-25.03,39.67,-16.21,-20.72,27.34,95.37,-23.13,-24.57,-3.34,-35.38
2026-06-05,2.98,-5.44,20.35,12.7,18.21,-26.06,14.54,-38.23,-25.03,39.67,-16.21,-20.72,27.34,95.37,-23.13,-24.57,-3.34,-35.38
2026-06-12,2.98,-5.44,20.35,12.7,18.21,-26.06,14.54,-38.23,-25.03,39.67,-16.21,-20.72,27.34,95.37,-23.13,-24.57,-3.34,-35.38
2026-07-03,9.48,0.14,11.38,10.13,25.51,-36.02,3.51,-42.52,-48.95,29.83,-21.03,-3.46,22.01,34.63,0.68,-35.04,-14.91,-25.58
