date,KR_SEMI_EXPORT_PX
2014-09-05,154.0
2014-09-12,154.0
2014-09-19,154.0
2014-09-26,154.0
2014-10-03,154.0
2014-10-10,154.0
2014-10-17,154.0
2014-10-24,154.0
2014-10-31,153.7
2014-11-07,153.7
2014-11-14,153.7
2014-11-21,153.7
2014-11-28,153.7
2014-12-05,153.0
2014-12-12,153.0
2014-12-19,153.0
2014-12-26,153.0
2015-01-02,151.8
2015-01-09,151.8
2015-01-16,151.8
2015-01-23,151.8
2015-01-30,151.8
2015-02-06,149.9
2015-02-13,149.9
2015-02-20,149.9
2015-02-27,149.9
2015-03-06,148.3
2015-03-13,148.3
2015-03-20,148.3
2015-03-27,148.3
2015-04-03,146.3
2015-04-10,146.3
2015-04-17,146.3
2015-04-24,146.3
2015-05-01,144.3
2015-05-08,144.3
2015-05-15,144.3
2015-05-22,144.3
2015-05-29,144.3
2015-06-05,143.0
2015-06-12,143.0
2015-06-19,143.0
2015-06-26,143.0
2015-07-03,141.0
2015-07-10,141.0
2015-07-17,141.0
2015-07-24,141.0
2015-07-31,138.8
2015-08-07,138.8
2015-08-14,138.8
2015-08-21,138.8
2015-08-28,138.8
2015-09-04,135.2
2015-09-11,135.2
2015-09-18,135.2
2015-09-25,135.2
2015-10-02,132.5
2015-10-09,132.5
2015-10-16,132.5
2015-10-23,132.5
2015-10-30,132.5
2015-11-06,130.2
2015-11-13,130.2
2015-11-20,130.2
2015-11-27,130.2
2015-12-04,128.0
2015-12-11,128.0
2015-12-18,128.0
2015-12-25,128.0
2016-01-01,127.6
2016-01-08,127.6
2016-01-15,127.6
2016-01-22,127.6
2016-01-29,127.6
2016-02-05,126.6
2016-02-12,126.6
2016-02-19,126.6
2016-02-26,126.6
2016-03-04,123.6
2016-03-11,123.6
2016-03-18,123.6
2016-03-25,123.6
2016-04-01,122.1
2016-04-08,122.1
2016-04-15,122.1
2016-04-22,122.1
2016-04-29,122.1
2016-05-06,115.7
2016-05-13,115.7
2016-05-20,115.7
2016-05-27,115.7
2016-06-03,113.7
2016-06-10,113.7
2016-06-17,113.7
2016-06-24,113.7
2016-07-01,112.8
2016-07-08,112.8
2016-07-15,112.8
2016-07-22,112.8
2016-07-29,112.8
2016-08-05,112.7
2016-08-12,112.7
2016-08-19,112.7
2016-08-26,112.7
2016-09-02,115.0
2016-09-09,115.0
2016-09-16,115.0
2016-09-23,115.0
2016-09-30,115.5
2016-10-07,115.5
2016-10-14,115.5
2016-10-21,115.5
2016-10-28,115.5
2016-11-04,120.7
2016-11-11,120.7
2016-11-18,120.7
2016-11-25,120.7
2016-12-02,123.1
2016-12-09,123.1
2016-12-16,123.1
2016-12-23,123.1
2016-12-30,123.1
2017-01-06,123.5
2017-01-13,123.5
2017-01-20,123.5
2017-01-27,123.5
2017-02-03,126.1
2017-02-10,126.1
2017-02-17,126.1
2017-02-24,126.1
2017-03-03,138.5
2017-03-10,138.5
2017-03-17,138.5
2017-03-24,138.5
2017-03-31,139.7
2017-04-07,139.7
2017-04-14,139.7
2017-04-21,139.7
2017-04-28,139.7
2017-05-05,146.7
2017-05-12,146.7
2017-05-19,146.7
2017-05-26,146.7
2017-06-02,147.1
2017-06-09,147.1
2017-06-16,147.1
2017-06-23,147.1
2017-06-30,147.0
2017-07-07,147.0
2017-07-14,147.0
2017-07-21,147.0
2017-07-28,147.0
2017-08-04,150.3
2017-08-11,150.3
2017-08-18,150.3
2017-08-25,150.3
2017-09-01,150.6
2017-09-08,150.6
2017-09-15,150.6
2017-09-22,150.6
2017-09-29,150.6
2017-10-06,150.7
2017-10-13,150.7
2017-10-20,150.7
2017-10-27,150.7
2017-11-03,159.5
2017-11-10,159.5
2017-11-17,159.5
2017-11-24,159.5
2017-12-01,160.3
2017-12-08,160.3
2017-12-15,160.3
2017-12-22,160.3
2017-12-29,160.3
2018-01-05,160.0
2018-01-12,160.0
2018-01-19,160.0
2018-01-26,160.0
2018-02-02,165.1
2018-02-09,165.1
2018-02-16,165.1
2018-02-23,165.1
2018-03-02,164.3
2018-03-09,164.3
2018-03-16,164.3
2018-03-23,164.3
2018-03-30,164.3
2018-04-06,163.3
2018-04-13,163.3
2018-04-20,163.3
2018-04-27,163.3
2018-05-04,163.0
2018-05-11,163.0
2018-05-18,163.0
2018-05-25,163.0
2018-06-01,162.1
2018-06-08,162.1
2018-06-15,162.1
2018-06-22,162.1
2018-06-29,162.1
2018-07-06,160.4
2018-07-13,160.4
2018-07-20,160.4
2018-07-27,160.4
2018-08-03,159.5
2018-08-10,159.5
2018-08-17,159.5
2018-08-24,159.5
2018-08-31,158.6
2018-09-07,158.6
2018-09-14,158.6
2018-09-21,158.6
2018-09-28,158.6
2018-10-05,157.3
2018-10-12,157.3
2018-10-19,157.3
2018-10-26,157.3
2018-11-02,149.5
2018-11-09,149.5
2018-11-16,149.5
2018-11-23,149.5
2018-11-30,147.1
2018-12-07,147.1
2018-12-14,147.1
2018-12-21,147.1
2018-12-28,147.1
2019-01-04,145.6
2019-01-11,145.6
2019-01-18,145.6
2019-01-25,145.6
2019-02-01,131.3
2019-02-08,131.3
2019-02-15,131.3
2019-02-22,131.3
2019-03-01,125.7
2019-03-08,125.7
2019-03-15,125.7
2019-03-22,125.7
2019-03-29,125.7
2019-04-05,120.4
2019-04-12,120.4
2019-04-19,120.4
2019-04-26,120.4
2019-05-03,113.4
2019-05-10,113.4
2019-05-17,113.4
2019-05-24,113.4
2019-05-31,110.0
2019-06-07,110.0
2019-06-14,110.0
2019-06-21,110.0
2019-06-28,110.0
2019-07-05,106.9
2019-07-12,106.9
2019-07-19,106.9
2019-07-26,106.9
2019-08-02,100.7
2019-08-09,100.7
2019-08-16,100.7
2019-08-23,100.7
2019-08-30,100.7
2019-09-06,101.4
2019-09-13,101.4
2019-09-20,101.4
2019-09-27,101.4
2019-10-04,101.4
2019-10-11,101.4
2019-10-18,101.4
2019-10-25,101.4
2019-11-01,98.6
2019-11-08,98.6
2019-11-15,98.6
2019-11-22,98.6
2019-11-29,98.6
2019-12-06,98.5
2019-12-13,98.5
2019-12-20,98.5
2019-12-27,98.5
2020-01-03,98.3
2020-01-10,98.3
2020-01-17,98.3
2020-01-24,98.3
2020-01-31,98.6
2020-02-07,98.6
2020-02-14,98.6
2020-02-21,98.6
2020-02-28,98.6
2020-03-06,100.3
2020-03-13,100.3
2020-03-20,100.3
2020-03-27,100.3
2020-04-03,101.4
2020-04-10,101.4
2020-04-17,101.4
2020-04-24,101.4
2020-05-01,106.1
2020-05-08,106.1
2020-05-15,106.1
2020-05-22,106.1
2020-05-29,106.1
2020-06-05,105.4
2020-06-12,105.4
2020-06-19,105.4
2020-06-26,105.4
2020-07-03,104.7
2020-07-10,104.7
2020-07-17,104.7
2020-07-24,104.7
2020-07-31,100.2
2020-08-07,100.2
2020-08-14,100.2
2020-08-21,100.2
2020-08-28,100.2
2020-09-04,99.4
2020-09-11,99.4
2020-09-18,99.4
2020-09-25,99.4
2020-10-02,99.3
2020-10-09,99.3
2020-10-16,99.3
2020-10-23,99.3
2020-10-30,99.3
2020-11-06,95.3
2020-11-13,95.3
2020-11-20,95.3
2020-11-27,95.3
2020-12-04,94.8
2020-12-11,94.8
2020-12-18,94.8
2020-12-25,94.8
2021-01-01,94.5
2021-01-08,94.5
2021-01-15,94.5
2021-01-22,94.5
2021-01-29,94.5
2021-02-05,96.8
2021-02-12,96.8
2021-02-19,96.8
2021-02-26,96.8
2021-03-05,97.0
2021-03-12,97.0
2021-03-19,97.0
2021-03-26,97.0
2021-04-02,97.3
2021-04-09,97.3
2021-04-16,97.3
2021-04-23,97.3
2021-04-30,110.6
2021-05-07,110.6
2021-05-14,110.6
2021-05-21,110.6
2021-05-28,110.6
2021-06-04,110.7
2021-06-11,110.7
2021-06-18,110.7
2021-06-25,110.7
2021-07-02,111.4
2021-07-09,111.4
2021-07-16,111.4
2021-07-23,111.4
2021-07-30,111.4
2021-08-06,116.6
2021-08-13,116.6
2021-08-20,116.6
2021-08-27,116.6
2021-09-03,116.1
2021-09-10,116.1
2021-09-17,116.1
2021-09-24,116.1
2021-10-01,116.3
2021-10-08,116.3
2021-10-15,116.3
2021-10-22,116.3
2021-10-29,116.3
2021-11-05,110.9
2021-11-12,110.9
2021-11-19,110.9
2021-11-26,110.9
2021-12-03,110.8
2021-12-10,110.8
2021-12-17,110.8
2021-12-24,110.8
2021-12-31,110.7
2022-01-07,110.7
2022-01-14,110.7
2022-01-21,110.7
2022-01-28,110.7
2022-02-04,103.3
2022-02-11,103.3
2022-02-18,103.3
2022-02-25,103.3
2022-03-04,104.0
2022-03-11,104.0
2022-03-18,104.0
2022-03-25,104.0
2022-04-01,104.0
2022-04-08,104.0
2022-04-15,104.0
2022-04-22,104.0
2022-04-29,104.0
2022-05-06,103.5
2022-05-13,103.5
2022-05-20,103.5
2022-05-27,103.5
2022-06-03,102.1
2022-06-10,102.1
2022-06-17,102.1
2022-06-24,102.1
2022-07-01,100.9
2022-07-08,100.9
2022-07-15,100.9
2022-07-22,100.9
2022-07-29,100.9
2022-08-05,93.5
2022-08-12,93.5
2022-08-19,93.5
2022-08-26,93.5
2022-09-02,92.4
2022-09-09,92.4
2022-09-16,92.4
2022-09-23,92.4
2022-09-30,89.2
2022-10-07,89.2
2022-10-14,89.2
2022-10-21,89.2
2022-10-28,89.2
2022-11-04,79.3
2022-11-11,79.3
2022-11-18,79.3
2022-11-25,79.3
2022-12-02,78.1
2022-12-09,78.1
2022-12-16,78.1
2022-12-23,78.1
2022-12-30,78.1
2023-01-06,76.9
2023-01-13,76.9
2023-01-20,76.9
2023-01-27,76.9
2023-02-03,71.0
2023-02-10,71.0
2023-02-17,71.0
2023-02-24,71.0
2023-03-03,68.5
2023-03-10,68.5
2023-03-17,68.5
2023-03-24,68.5
2023-03-31,67.3
2023-04-07,67.3
2023-04-14,67.3
2023-04-21,67.3
2023-04-28,67.3
2023-05-05,60.6
2023-05-12,60.6
2023-05-19,60.6
2023-05-26,60.6
2023-06-02,60.5
2023-06-09,60.5
2023-06-16,60.5
2023-06-23,60.5
2023-06-30,59.8
2023-07-07,59.8
2023-07-14,59.8
2023-07-21,59.8
2023-07-28,59.8
2023-08-04,59.2
2023-08-11,59.2
2023-08-18,59.2
2023-08-25,59.2
2023-09-01,59.2
2023-09-08,59.2
2023-09-15,59.2
2023-09-22,59.2
2023-09-29,59.2
2023-10-06,59.5
2023-10-13,59.5
2023-10-20,59.5
2023-10-27,59.5
2023-11-03,64.0
2023-11-10,64.0
2023-11-17,64.0
2023-11-24,64.0
2023-12-01,66.5
2023-12-08,66.5
2023-12-15,66.5
2023-12-22,66.5
2023-12-29,66.5
2024-01-05,68.9
2024-01-12,68.9
2024-01-19,68.9
2024-01-26,68.9
2024-02-02,76.7
2024-02-09,76.7
2024-02-16,76.7
2024-02-23,76.7
2024-03-01,78.1
2024-03-08,78.1
2024-03-15,78.1
2024-03-22,78.1
2024-03-29,78.1
2024-04-05,79.5
2024-04-12,79.5
2024-04-19,79.5
2024-04-26,79.5
2024-05-03,85.6
2024-05-10,85.6
2024-05-17,85.6
2024-05-24,85.6
2024-05-31,86.0
2024-06-07,86.0
2024-06-14,86.0
2024-06-21,86.0
2024-06-28,86.0
2024-07-05,86.1
2024-07-12,86.1
2024-07-19,86.1
2024-07-26,86.1
2024-08-02,88.9
2024-08-09,88.9
2024-08-16,88.9
2024-08-23,88.9
2024-08-30,88.9
2024-09-06,88.9
2024-09-13,88.9
2024-09-20,88.9
2024-09-27,88.9
2024-10-04,88.0
2024-10-11,88.0
2024-10-18,88.0
2024-10-25,88.0
2024-11-01,84.7
2024-11-08,84.7
2024-11-15,84.7
2024-11-22,84.7
2024-11-29,84.7
2024-12-06,83.2
2024-12-13,83.2
2024-12-20,83.2
2024-12-27,83.2
2025-01-03,81.5
2025-01-10,81.5
2025-01-17,81.5
2025-01-24,81.5
2025-01-31,79.0
2025-02-07,79.0
2025-02-14,79.0
2025-02-21,79.0
2025-02-28,77.4
2025-03-07,77.4
2025-03-14,77.4
2025-03-21,77.4
2025-03-28,77.4
2025-04-04,78.4
2025-04-11,78.4
2025-04-18,78.4
2025-04-25,78.4
2025-05-02,80.2
2025-05-09,80.2
2025-05-16,80.2
2025-05-23,80.2
2025-05-30,80.2
2025-06-06,81.9
2025-06-13,81.9
2025-06-20,81.9
2025-06-27,81.9
2025-07-04,82.0
2025-07-11,82.0
2025-07-18,82.0
2025-07-25,82.0
2025-08-01,86.1
2025-08-08,86.1
2025-08-15,86.1
2025-08-22,86.1
2025-08-29,86.1
2025-09-05,86.2
2025-09-12,86.2
2025-09-19,86.2
2025-09-26,86.2
2025-10-03,87.5
2025-10-10,87.5
2025-10-17,87.5
2025-10-24,87.5
2025-10-31,101.2
2025-11-07,101.2
2025-11-14,101.2
2025-11-21,101.2
2025-11-28,101.2
2025-12-05,110.1
2025-12-12,110.1
2025-12-19,110.1
2025-12-26,110.1
2026-01-02,112.4
2026-01-09,112.4
2026-01-16,112.4
2026-01-23,112.4
2026-01-30,112.4
2026-02-06,137.1
2026-02-13,137.1
2026-02-20,137.1
2026-02-27,137.1
2026-03-06,144.9
2026-03-13,144.9
2026-03-20,144.9
2026-03-27,144.9
2026-04-03,170.0
2026-04-10,170.0
2026-04-17,170.0
2026-04-24,170.0
2026-05-01,199.0
2026-05-08,199.0
2026-05-15,199.0
2026-05-22,199.0
2026-05-29,199.0
2026-06-05,215.7
2026-06-12,215.7
2026-06-19,215.7
2026-06-26,215.7
