date,EUR,USD,CAD,JPY,KRW,MYR,ASIA,CNH,EM,IDR,INR,TWD,THB,SGD,PHP,CLP,HUF,MXN,PLN,BRL
2014-01-03,-6.19,-2.03,0.49,6.47,-2.19,0.72,2.85,-0.54,0.33,-0.31,1.77,-1.26,0.0,4.06,0.54,2.42,-0.21,-2.17,3.01,-0.19
2014-01-10,-5.52,-0.94,-7.26,5.52,-1.17,-2.27,-0.19,-6.93,-1.87,-1.73,1.3,-0.58,0.0,1.6,0.47,-0.08,2.48,-3.51,3.45,0.73
2014-01-17,-4.74,1.32,-5.96,4.14,1.95,1.0,1.23,-8.12,-2.07,-1.24,6.54,-2.74,0.0,0.71,2.33,-2.39,2.1,-5.67,2.24,0.04
2014-01-24,-3.44,-0.49,-3.0,6.2,2.65,-0.72,-2.39,-10.0,-4.12,-1.22,-2.33,-0.85,0.0,2.74,1.48,-2.65,-0.62,-6.42,0.93,0.76
2014-01-31,-1.35,0.41,3.25,5.6,0.04,-2.96,-4.1,-7.83,-5.18,-1.01,-7.25,1.72,0.0,1.78,1.27,-4.83,-3.78,-5.12,-1.23,-0.3
2014-02-07,-1.29,-0.35,5.6,5.94,0.83,-4.83,-5.05,-6.06,-6.08,-0.4,-2.83,-2.99,1.85,2.55,2.07,-2.62,-4.31,-5.17,-1.47,-1.68
2014-02-14,0.11,-2.36,6.32,5.92,-2.02,-6.73,-4.97,-2.88,-3.77,-1.16,-4.97,1.64,0.3,1.46,0.86,-1.24,-7.2,-0.13,-0.87,-1.36
2014-02-21,-0.28,-0.21,4.95,3.25,-1.21,-4.63,-1.07,0.9,-2.31,-2.13,3.83,-0.74,-1.09,0.02,-0.08,-0.12,-4.6,2.3,0.54,-1.81
2014-02-28,1.59,-1.92,-0.76,2.75,-0.27,-1.38,1.71,3.75,1.59,-0.62,6.83,-2.05,-3.28,-0.33,-1.27,3.48,-0.01,2.28,1.97,0.19
2014-03-07,-0.49,0.4,-0.83,-1.46,-2.33,0.74,4.89,6.0,4.08,-0.21,4.5,0.12,-1.38,-0.11,-2.2,1.06,0.54,3.88,2.01,2.36
2014-03-14,-0.61,0.95,1.16,-0.21,-0.28,4.54,2.99,3.28,2.57,1.44,-3.03,-2.64,1.29,-1.27,-2.31,-0.53,3.5,3.03,-1.22,3.08
2014-03-21,-1.99,-0.19,-1.73,1.19,-0.49,5.16,1.7,3.86,1.97,1.94,-7.35,-3.18,2.42,-0.82,-1.14,-1.21,5.99,0.87,-2.78,3.48
2014-03-28,-5.7,-1.22,2.91,0.11,-0.13,3.24,4.56,5.36,3.07,0.16,-0.76,-3.31,5.21,-6.95,0.57,-0.79,3.91,-0.67,0.47,2.27
2014-04-04,-5.31,-1.78,5.68,1.7,2.9,2.62,1.82,3.82,1.6,-0.34,-9.55,-3.29,3.35,-7.62,0.89,0.95,6.12,-2.91,1.62,-0.15
2014-04-11,-5.35,-1.56,6.32,1.16,4.82,-0.36,2.82,4.3,1.2,-2.41,-3.44,-2.46,2.73,-8.76,2.59,1.84,3.58,-4.76,1.89,-1.02
2014-04-18,-4.56,-1.0,10.0,1.07,4.42,-1.07,2.72,2.87,1.78,-1.35,-5.05,-3.28,2.36,-8.58,3.17,2.12,1.78,-2.38,3.94,-1.75
2014-04-25,-3.24,-0.2,7.63,2.4,0.6,-0.22,-0.37,0.74,-0.81,-2.3,-10.0,0.24,0.74,0.89,1.73,1.03,1.41,-2.12,1.91,-1.91
2014-05-02,-3.11,-2.55,6.17,3.55,3.01,1.3,2.06,1.29,2.2,-1.83,-1.07,-0.77,2.62,2.49,2.57,1.58,-1.59,2.4,2.06,0.59
2014-05-09,-4.15,-2.83,4.75,3.71,-0.21,2.97,4.74,3.33,3.87,-1.18,4.37,-0.72,1.01,4.05,1.11,1.25,1.02,4.77,4.7,1.32
2014-05-16,-5.52,-2.47,5.52,4.33,-3.84,4.01,5.27,3.28,3.75,-1.94,8.49,4.28,2.11,4.1,0.1,4.27,0.29,2.99,2.89,0.82
2014-05-23,-0.93,-3.63,6.1,1.74,1.95,2.64,4.87,3.11,4.57,0.32,8.71,-0.81,2.77,2.14,0.91,1.71,2.31,4.15,6.24,1.89
2014-05-30,-0.26,-1.26,5.82,0.84,1.84,1.74,2.71,2.61,1.48,1.12,5.04,-1.65,0.87,1.91,-0.39,2.73,1.84,1.9,3.95,-1.0
2014-06-06,-0.87,0.81,5.05,-1.63,5.42,1.82,-0.62,1.75,0.34,0.9,-1.72,1.16,3.44,-3.01,-1.85,8.42,0.68,-0.69,2.13,0.93
2014-06-13,-0.95,-1.35,2.46,-1.79,6.87,1.01,1.53,3.32,1.33,1.28,-3.36,-0.06,5.65,-3.6,-0.52,4.04,5.05,0.9,2.85,1.53
2014-06-20,-4.72,1.93,3.1,0.16,-0.21,0.85,1.52,3.64,1.49,0.58,-3.32,-1.79,4.08,-2.6,-1.37,6.0,3.45,-0.04,-2.02,3.01
2014-06-27,-5.47,0.48,5.22,0.69,-3.4,-2.02,1.59,2.79,2.06,0.47,-2.4,0.5,4.82,-1.17,-0.6,6.68,2.71,0.95,-2.78,1.73
2014-07-04,-4.49,2.14,2.84,-0.31,-7.04,-2.27,3.85,2.94,2.51,-1.46,3.31,-0.94,-0.27,-1.3,1.48,-1.4,0.72,0.33,-1.92,5.38
2014-07-11,-1.85,2.53,4.06,-0.11,-3.86,-2.94,2.12,1.3,1.74,-1.56,5.5,-3.56,-1.6,-1.57,1.2,-1.83,-1.29,-0.81,-3.07,6.14
2014-07-18,-0.5,3.02,2.03,-0.22,-3.12,-1.29,1.64,0.72,0.71,-4.15,9.05,-0.6,-4.44,-3.33,0.76,-5.15,-1.18,-1.01,-2.94,3.5
2014-07-25,0.76,4.21,-0.09,-1.52,-7.96,0.9,5.22,3.18,0.99,-6.56,5.66,-0.61,-3.24,-3.29,0.86,-5.38,0.06,-4.14,-4.17,5.39
2014-08-01,3.01,0.76,3.1,-1.27,-6.23,-0.81,4.95,2.35,0.73,-2.59,2.54,0.1,-3.3,7.37,1.12,-4.63,2.57,-5.11,-8.66,-4.14
2014-08-08,0.08,2.43,3.07,-3.09,-10.0,-0.34,2.71,1.79,0.42,-2.45,2.2,2.21,-2.67,10.0,0.91,-0.7,0.39,-2.15,-9.61,-2.41
2014-08-15,-0.93,0.67,6.42,-2.08,-2.95,-0.54,6.53,1.26,1.41,0.04,2.06,2.62,0.54,9.76,1.41,-0.36,-0.33,-2.0,-7.54,0.45
2014-08-22,-6.0,6.04,2.69,-4.57,3.0,-0.96,3.94,-1.36,0.94,2.93,0.53,6.57,-0.76,7.58,1.82,-0.9,-0.11,-0.02,-5.84,-1.7
2014-08-29,-6.89,2.36,1.66,-3.22,2.34,0.51,6.85,0.42,2.63,1.64,2.96,3.21,2.04,4.11,1.18,2.3,-0.08,6.56,-3.12,1.81
2014-09-05,-5.75,0.57,2.19,-3.92,8.56,0.11,5.42,0.31,1.81,0.65,1.83,-1.17,-3.08,1.8,0.79,-0.82,2.29,6.66,-3.04,4.58
2014-09-12,-1.85,9.14,-6.88,-4.06,7.38,-2.97,-5.71,-0.16,-3.15,1.2,-5.28,-2.12,-4.05,-4.63,2.08,2.1,3.0,8.1,-4.63,2.86
2014-09-19,5.12,3.92,-1.35,2.22,4.15,-4.49,-8.22,-1.47,-4.85,1.98,-5.45,-5.96,-3.36,-3.41,0.47,-1.99,4.54,7.99,-3.1,3.63
2014-09-26,3.92,4.91,0.57,0.21,4.36,-5.68,-10.0,-2.65,-8.8,2.43,-7.59,-5.33,-6.56,-4.57,-3.22,-1.94,3.43,8.05,-3.43,3.94
2014-10-03,3.82,5.86,1.2,4.75,2.37,-6.87,-10.0,-3.9,-10.0,0.03,-7.38,-1.91,-2.53,-6.42,-4.35,-1.82,4.44,6.69,-0.66,-4.33
2014-10-10,0.67,-8.26,5.69,6.1,-0.19,-6.77,-5.2,-3.15,-4.46,-1.42,-4.41,3.97,-1.93,-0.9,-8.29,-3.71,4.31,3.92,-0.13,-5.35
2014-10-17,0.25,-7.25,3.71,2.28,0.73,-0.43,-1.8,-1.64,-0.7,-9.11,-0.68,3.05,-4.89,0.18,-7.8,0.45,5.71,1.95,-1.73,-3.4
2014-10-24,-0.22,-5.97,2.21,2.43,2.37,0.33,-0.43,-2.64,0.42,-4.28,3.61,0.86,0.56,-0.51,-2.85,-0.27,6.48,1.5,-3.02,-8.3
2014-10-31,-2.67,-0.81,-0.43,-4.34,3.97,3.83,3.5,-1.18,5.59,6.75,3.01,-4.47,-5.21,3.72,-1.18,1.82,2.89,3.18,-2.34,0.21
2014-11-07,-4.18,3.96,0.66,-6.86,-0.93,6.39,0.44,-2.07,1.36,2.17,2.2,-7.26,-10.0,3.9,4.11,3.04,0.0,1.87,-1.5,0.08
2014-11-14,-3.25,4.25,-3.56,-4.32,-2.88,-0.07,-2.98,-2.4,-1.34,8.51,0.78,-4.35,-9.69,3.43,8.67,2.75,-2.08,-0.04,0.78,-2.5
2014-11-21,-2.94,3.08,-5.08,-3.01,0.93,2.45,-4.92,-2.16,-2.71,-0.24,-2.0,-4.06,-9.54,2.38,6.12,3.12,-1.17,-2.61,3.44,1.76
2014-11-28,-1.34,4.44,-5.01,-1.02,-1.23,0.34,-5.29,-2.14,-6.91,-1.81,-2.15,2.65,-7.14,0.27,5.41,1.29,0.53,-9.06,3.44,-5.21
2014-12-05,1.45,-2.04,-9.38,1.06,1.57,1.99,-0.21,-1.45,-1.31,-4.24,2.89,1.52,-5.58,1.36,0.72,0.38,4.36,-8.58,4.78,-1.79
2014-12-12,-0.89,-0.77,-5.31,0.98,0.04,0.17,-2.66,-1.93,-3.74,-7.49,1.31,-1.16,-4.17,0.41,-3.31,1.75,2.83,-6.99,4.9,-2.54
2014-12-19,-3.12,6.87,-7.63,-3.77,-6.61,0.98,-2.61,-0.94,-4.62,-6.52,1.51,3.43,-3.98,0.25,-4.75,-0.68,-1.36,-3.8,1.55,-1.85
2014-12-26,-4.14,3.07,-6.66,-2.7,-3.7,2.56,-0.48,0.01,-2.03,-8.83,1.22,2.18,-3.74,1.3,-6.24,-0.14,-2.08,-0.87,1.44,-0.13
2015-01-02,-5.01,4.38,-4.99,-3.63,0.75,1.43,-1.39,0.19,-3.69,-3.72,-1.98,3.29,-1.98,-0.55,-3.23,0.05,-3.52,0.57,-0.81,-5.9
2015-01-09,-5.29,3.34,-8.25,-0.84,8.05,5.02,2.72,1.25,-0.02,0.45,-0.87,1.71,-0.63,0.56,-2.97,1.79,-4.06,1.9,-3.2,-1.32
2015-01-16,-3.21,0.21,-7.27,-0.69,5.16,3.69,-0.69,-0.59,-1.25,-1.25,-1.71,-0.04,4.36,1.79,-4.11,4.59,-0.85,0.36,-1.65,-1.7
2015-01-23,4.99,-2.37,-9.36,3.54,1.36,5.11,-2.05,-1.52,-1.6,-1.81,-0.63,1.25,5.9,1.12,-0.9,5.64,-1.52,-0.63,-0.85,-0.93
2015-01-30,3.9,-0.67,-7.3,5.79,-0.09,3.36,-5.25,-3.59,-3.67,-1.94,0.06,1.96,6.06,-2.81,0.42,4.47,-1.57,-1.02,-2.68,4.43
2015-02-06,2.09,1.98,-6.7,0.36,-3.13,1.3,-4.44,-3.4,-2.22,-5.04,0.52,8.96,6.63,-4.02,0.52,0.5,0.15,-1.03,0.69,2.07
2015-02-13,2.56,1.76,-6.96,2.02,-0.09,-1.67,-1.01,-1.94,0.82,-0.82,1.22,9.81,4.9,-2.04,5.03,-3.51,0.34,-2.05,5.46,3.2
2015-02-20,2.63,2.59,-6.02,0.55,3.57,-4.57,-1.0,-1.93,0.76,-7.24,1.43,5.89,4.37,-1.39,3.86,-3.84,3.16,-0.22,5.42,3.04
2015-02-27,-0.09,5.18,-8.09,-3.43,2.55,-4.72,1.25,-1.2,2.73,-6.62,2.49,3.76,3.8,3.03,0.36,1.25,4.66,0.78,6.95,-2.77
2015-03-06,-1.85,7.88,-7.87,-0.55,3.68,-5.07,0.2,-1.29,-1.14,-7.73,0.36,-0.3,2.62,1.18,0.34,0.57,0.0,0.38,1.43,-3.77
2015-03-13,-2.17,8.28,-9.44,-0.14,-2.01,-0.64,-0.88,-1.37,-2.81,-8.7,1.06,-6.06,0.7,1.82,-4.46,-1.02,-0.7,3.09,-2.78,-4.81
2015-03-20,-9.43,6.12,-5.47,-2.02,-1.26,-0.78,-0.48,-0.54,-1.78,-2.5,-0.83,-3.06,-2.27,-0.14,-3.61,-3.25,-1.45,3.13,-2.48,-3.85
2015-03-27,-10.0,6.45,-2.17,0.14,-1.84,2.22,-0.28,-0.31,-0.18,-1.15,-2.01,0.61,-0.33,0.01,-4.57,-7.29,-3.38,4.47,0.64,-0.92
2015-04-03,-6.6,2.38,0.38,3.17,-9.46,4.93,-0.76,-0.55,2.94,3.73,-1.41,3.49,0.16,0.55,-6.61,-3.28,2.38,3.96,6.39,3.3
2015-04-10,-7.4,2.62,1.51,1.28,-3.08,2.19,1.48,0.52,5.24,3.24,-0.08,7.73,0.4,-0.79,-4.95,4.24,-1.24,2.85,6.39,4.27
2015-04-17,-4.84,-0.68,0.73,4.53,-1.24,3.1,3.03,1.49,5.55,5.34,3.41,9.18,2.61,-1.17,-5.01,7.33,-0.06,0.9,3.15,2.78
2015-04-24,-3.11,-0.68,-1.13,2.0,-4.24,5.51,2.71,4.14,3.48,6.09,1.19,3.85,2.38,-3.07,-0.24,6.99,0.74,-2.89,-1.44,4.22
2015-05-01,-3.92,2.79,0.08,-1.2,3.62,4.14,1.05,2.55,1.52,-1.13,2.81,-0.82,-1.3,-4.51,2.96,5.67,0.57,-2.43,-2.79,0.49
2015-05-08,-2.32,1.79,0.1,0.13,1.19,4.03,-2.58,0.75,-1.43,-1.42,-2.15,-3.19,-3.82,-4.87,3.9,0.89,4.04,-2.75,-3.21,0.16
2015-05-15,-0.28,2.71,0.66,-2.62,-3.03,4.35,-5.37,-1.32,-1.57,-4.83,-3.64,-9.0,-3.56,-5.29,1.34,-0.63,-2.47,-0.5,-0.17,0.02
2015-05-22,0.6,2.65,1.95,-2.23,-1.69,-2.95,-5.52,-1.94,-3.16,-7.54,-0.81,-7.93,-6.83,-5.44,-0.65,-0.77,-1.94,-0.45,-2.81,-3.41
2015-05-29,1.95,-0.85,-0.05,-1.36,-5.0,-3.37,-2.41,0.12,-1.76,-3.81,-0.76,-9.53,-4.34,-1.2,-0.79,-4.26,-5.86,-0.35,-6.83,-0.62
2015-06-05,2.86,-1.59,1.29,-4.28,-2.6,-4.82,-1.52,1.4,-0.88,-2.37,1.47,-6.6,-1.31,-2.84,-0.07,-2.07,-4.1,-1.21,-3.51,-0.25
2015-06-12,3.8,-2.64,0.0,-1.64,0.12,-4.86,-0.05,1.33,-1.8,0.44,2.25,-4.29,1.23,-1.6,-0.26,-4.32,-0.63,-2.48,-3.94,2.13
2015-06-19,8.08,-8.89,0.93,5.05,5.47,1.11,1.97,-1.41,3.62,3.48,0.99,-2.93,4.08,-0.42,-1.84,-3.92,0.6,0.62,-0.98,7.12
2015-06-26,4.57,-6.15,0.85,1.94,9.37,1.98,0.34,-1.09,2.77,2.05,-1.21,-1.22,3.32,-2.09,-2.58,-3.73,4.37,1.73,-0.57,3.9
2015-07-03,4.96,-4.18,-2.8,2.83,6.37,2.14,0.77,-1.6,1.89,1.77,-0.93,-1.04,1.44,0.25,-1.8,-6.8,-0.3,1.96,-3.65,1.67
2015-07-10,1.76,-1.12,-3.8,1.38,-0.22,2.4,-2.8,-1.88,-2.11,-1.28,-2.64,-1.68,-3.88,-1.3,-0.19,-9.55,0.33,1.29,-4.67,-1.54
2015-07-17,-3.16,3.29,-5.58,0.35,-2.8,0.77,-3.87,0.0,-3.48,-0.63,-1.93,1.93,-6.79,-2.68,1.9,-6.43,2.96,-0.43,0.62,-4.53
2015-07-24,-1.03,2.06,-4.69,1.05,-4.51,-1.69,-2.18,-1.15,-3.32,1.06,-2.27,5.51,-5.15,-3.15,4.06,-10.0,3.53,-3.0,2.1,-6.53
2015-07-31,0.05,1.21,-2.45,-0.39,-7.19,-1.86,-4.65,-1.98,-3.07,1.42,-2.38,7.0,-2.12,-6.26,1.5,-8.39,10.0,-0.57,5.55,-9.35
2015-08-07,1.7,0.56,-1.36,-1.73,-0.84,-4.19,-2.42,-2.62,-1.64,1.85,-1.6,4.79,-0.24,-3.37,2.26,-0.91,4.83,0.73,2.23,-7.86
2015-08-14,3.55,1.21,-0.16,-0.44,-1.44,-7.91,-2.95,-0.5,-5.01,-0.06,-0.91,3.33,-0.37,-5.54,3.37,-2.13,0.6,1.57,0.26,-6.37
2015-08-21,4.59,2.3,-0.72,0.82,-5.64,-4.65,-5.47,-2.9,-7.41,-0.9,-1.94,3.29,-0.52,-6.43,1.97,8.84,-1.13,0.97,4.73,-3.97
2015-08-28,7.34,-1.59,0.8,8.64,3.62,-1.82,-0.72,1.15,-3.71,-2.5,-2.77,2.28,-1.97,0.09,1.45,10.0,-7.18,-0.25,3.89,-1.95
2015-09-04,3.74,-2.4,-0.83,10.0,-1.58,1.08,1.12,5.85,0.86,-3.76,-3.28,0.63,-3.22,0.14,-1.0,4.6,-4.63,-0.6,10.0,0.88
2015-09-11,4.27,-1.57,-0.95,6.12,0.97,4.6,2.2,3.78,3.4,-1.13,-4.35,-5.68,-0.42,5.24,-0.21,2.49,-6.13,-1.11,5.81,0.48
2015-09-18,2.59,-4.81,1.0,2.76,5.05,3.06,2.54,6.66,5.79,-1.64,-3.61,-9.98,1.08,4.5,-0.76,-1.04,-3.39,-0.01,6.88,2.08
2015-09-25,1.61,-1.96,-0.52,3.89,-0.27,2.62,-1.08,0.74,0.41,-1.0,-0.95,-10.0,-2.89,1.85,1.9,-6.89,0.05,-1.33,1.89,0.77
2015-10-02,5.91,-2.84,0.72,2.13,2.37,1.27,1.07,-0.85,2.45,-0.59,-2.05,-3.13,-0.42,6.85,4.65,-2.2,4.61,-0.52,-4.12,3.6
2015-10-09,5.81,-3.67,0.96,4.12,-0.14,-0.51,3.67,1.04,5.48,-1.78,-1.11,-0.49,2.71,8.47,3.36,-2.96,8.07,-1.17,-1.88,2.5
2015-10-16,7.44,-2.95,-0.57,6.09,-3.65,1.02,3.42,-4.18,5.16,0.44,2.77,1.48,5.57,9.77,5.1,-1.63,10.0,-0.41,-4.77,0.67
2015-10-23,4.79,0.21,-0.94,2.68,-4.29,-1.78,1.73,-2.38,3.49,0.72,-5.3,3.32,6.48,8.34,1.38,1.15,9.39,-0.73,-4.68,2.18
2015-10-30,-1.42,5.77,-2.66,0.67,-5.68,-2.82,-5.2,-5.39,-4.92,4.45,-3.47,-0.91,4.89,2.09,-1.07,-0.75,5.18,-2.2,-0.7,-0.85
2015-11-06,-3.99,8.28,-3.78,-4.15,-5.24,1.18,-8.07,-5.07,-10.0,3.93,-7.49,-1.16,2.58,0.21,-3.44,2.59,1.79,-3.03,2.94,-0.62
2015-11-13,-6.7,7.8,-5.51,-5.43,-7.09,2.14,-5.55,8.44,-8.39,2.27,-8.42,-1.28,-5.09,-2.53,-7.69,-2.67,-0.68,-3.36,3.97,-3.85
2015-11-20,-6.11,3.73,-2.6,-4.51,-4.64,5.69,2.0,10.0,-0.93,3.04,-1.82,-1.86,-2.61,-2.4,-3.86,-4.27,2.52,-1.56,7.46,-3.69
2015-11-27,-4.76,1.34,-1.62,-2.33,-1.16,7.18,2.99,8.7,0.52,0.7,-2.85,-0.54,-1.36,-0.61,0.17,-5.33,2.74,-1.23,5.65,-1.7
2015-12-04,0.08,-2.99,-1.15,2.8,0.62,6.47,4.93,5.18,2.17,1.58,3.19,0.81,-5.32,-0.29,1.51,-5.38,3.52,2.36,1.0,-3.22
2015-12-11,6.34,-4.32,2.3,4.85,5.74,1.86,7.36,6.18,3.35,1.85,5.75,-0.4,-1.49,1.92,3.05,-0.21,-2.21,0.38,-2.31,0.71
2015-12-18,8.28,-4.25,-1.45,7.35,4.36,-1.54,8.55,5.83,3.19,4.07,9.99,0.47,-1.0,2.14,2.53,-1.48,-5.13,-4.19,-2.27,3.37
2015-12-25,8.81,-4.42,-2.22,4.97,2.24,-2.05,9.35,6.56,5.23,3.05,8.92,1.52,-1.43,1.73,-3.01,0.74,-5.03,-5.1,-0.14,1.12
2016-01-01,4.15,-2.32,-3.21,1.16,-0.8,-4.92,5.47,4.52,5.66,2.45,8.31,0.49,1.11,1.03,-0.89,2.38,-2.24,-7.33,4.0,3.51
2016-01-08,1.88,0.98,-3.72,5.53,-4.33,1.21,2.75,-4.54,3.45,5.61,9.32,5.46,-1.02,-0.43,8.43,-1.91,-0.43,-2.44,3.64,3.92
2016-01-15,4.12,0.76,-1.46,6.58,-3.46,4.13,-2.59,-3.46,-2.9,5.14,1.77,3.26,0.2,-0.52,5.12,-0.95,-0.53,-1.06,2.8,1.88
2016-01-22,1.56,1.11,0.11,4.89,-1.78,7.98,-3.52,-1.43,-2.86,3.61,-1.69,3.19,1.12,-1.96,7.09,-0.75,2.3,0.3,2.07,2.84
2016-01-29,4.7,0.74,-1.43,6.06,-0.21,10.0,-2.74,0.34,-3.65,4.65,-3.98,2.47,5.24,-3.43,3.82,-2.18,2.42,-3.47,0.38,2.06
2016-02-05,4.18,-1.37,-1.9,1.31,6.92,6.47,0.36,3.39,1.98,0.44,-6.32,-3.3,10.0,-2.05,-2.1,1.49,7.35,0.51,5.5,2.65
2016-02-12,2.09,-2.97,-1.14,4.25,9.78,4.3,5.55,3.29,8.02,-2.74,-5.36,-1.45,8.12,-2.13,3.89,4.35,8.38,3.39,5.43,1.94
2016-02-19,4.2,-3.49,-2.61,7.31,7.85,2.53,5.62,-1.57,6.54,1.0,-1.98,-1.5,5.13,-1.23,2.93,1.98,6.01,7.13,5.84,1.82
2016-02-26,0.63,-2.64,-4.03,6.98,10.0,-0.82,10.0,-1.09,10.0,3.5,1.79,2.6,1.16,-0.85,-0.88,0.62,3.14,9.48,7.04,0.76
2016-03-04,0.19,-2.99,-0.71,4.98,7.21,-4.4,9.62,5.74,8.88,4.23,3.89,7.7,-0.15,-1.75,-1.75,2.65,-0.86,3.35,4.98,3.05
2016-03-11,-1.49,-0.92,-1.46,0.18,6.74,-4.0,8.32,3.12,7.91,5.26,7.37,8.91,-0.92,-1.33,-10.0,0.34,-1.96,3.14,5.21,4.94
2016-03-18,-0.57,-3.51,-0.36,0.14,6.63,-3.34,8.87,9.15,8.78,-0.77,7.45,7.3,1.68,-0.97,2.29,-0.75,-0.96,-2.29,6.09,3.49
2016-03-25,2.14,-3.43,3.13,-0.02,2.55,-5.63,5.18,9.44,5.73,-2.15,5.84,3.54,1.55,-0.49,6.34,-0.11,0.26,-2.45,3.56,4.87
2016-04-01,-0.14,-1.4,0.02,1.75,3.28,-0.85,5.0,7.85,4.18,4.04,3.64,1.21,-0.93,0.55,5.17,-3.36,0.26,0.0,5.48,0.14
2016-04-08,1.2,-0.68,-0.64,1.14,0.03,-0.01,2.99,7.57,2.44,-5.25,0.53,-1.74,0.07,0.34,5.82,-2.92,-0.35,-4.84,4.32,-3.91
2016-04-15,-0.26,1.58,0.65,-3.45,-2.61,-2.42,1.59,4.68,0.69,3.9,1.84,-2.46,-1.35,0.46,1.12,0.66,-0.51,-3.6,0.61,-1.63
2016-04-22,-3.57,1.17,8.15,-4.48,-1.55,2.18,1.64,5.3,0.5,-6.16,0.5,-3.89,2.18,0.33,3.24,1.68,-0.6,-5.24,-0.34,-0.95
2016-04-29,-1.3,0.67,7.54,-1.42,-3.63,0.57,-0.21,2.68,-1.13,-7.52,3.34,-3.38,3.51,-0.3,2.35,2.8,-0.78,-2.96,-8.03,-1.56
2016-05-06,1.45,0.87,8.91,-3.31,-2.27,1.22,-0.46,1.6,-2.93,4.05,3.11,-2.11,2.4,-1.1,5.47,1.33,-4.39,-4.24,-9.68,0.62
2016-05-13,2.42,4.0,7.08,-2.15,-0.49,3.68,-2.53,-3.54,-5.37,-2.02,-0.52,-1.88,0.79,-0.83,-8.49,-3.89,-8.55,-6.54,-9.22,0.13
2016-05-20,8.04,4.11,7.15,-4.24,-0.11,0.09,-2.56,-7.01,-6.4,5.17,-2.28,1.89,-3.24,0.79,-5.08,-4.87,-9.74,-9.45,-6.82,-1.49
2016-05-27,6.5,4.09,8.1,-7.86,0.5,-0.78,-3.47,-6.32,-6.65,-9.5,-4.62,2.96,-2.55,0.39,-5.79,-5.18,-8.5,-10.0,-4.71,-0.27
2016-06-03,4.64,1.98,7.08,-3.92,0.22,-2.39,-2.59,-3.53,-3.82,-1.63,-1.86,1.25,-1.73,2.02,-7.62,-2.56,-3.86,-8.62,-1.28,1.01
2016-06-10,4.88,-1.91,8.82,-4.33,1.58,-1.94,1.23,-1.13,0.41,0.73,0.44,2.92,2.78,1.94,-4.51,0.03,0.14,-4.13,5.16,2.09
2016-06-17,6.25,-4.71,4.11,-0.22,2.26,-2.91,2.47,2.16,1.81,-5.63,2.05,-0.95,5.27,0.52,-5.88,0.56,0.89,-1.8,2.53,4.91
2016-06-24,6.74,-5.19,1.71,1.0,-0.15,-0.03,2.29,2.81,2.69,9.16,0.16,-1.5,3.54,2.57,-1.53,0.38,0.94,1.8,4.26,6.99
2016-07-01,8.96,-2.56,0.14,-0.18,-0.71,-0.31,1.74,1.73,0.84,1.14,-2.84,0.42,2.91,0.58,-3.37,1.2,-4.59,6.59,1.91,4.52
2016-07-08,6.49,-1.63,-3.26,2.4,-1.91,-0.66,0.39,3.42,-0.39,-0.11,-0.73,-1.2,0.23,0.77,-0.67,2.1,-5.87,4.72,-2.18,2.64
2016-07-15,0.69,0.03,-2.84,-0.48,-1.59,-2.58,-0.39,1.98,-0.21,7.05,1.22,1.42,-0.4,1.4,-7.0,0.54,-2.67,4.92,-1.3,1.03
2016-07-22,-1.99,2.38,-2.5,-0.94,0.26,-8.44,-0.06,0.57,-1.96,3.11,4.82,1.34,-1.12,-1.38,-8.67,2.5,-3.07,2.51,-1.01,-2.91
2016-07-29,-4.05,1.61,-5.98,-1.87,1.11,-8.42,-0.37,-0.24,0.79,-1.94,4.26,1.12,-0.56,1.69,-2.69,2.87,1.52,-1.45,0.51,0.81
2016-08-05,0.03,0.71,-7.98,-1.02,0.26,-7.92,-0.56,-0.4,0.5,-0.81,1.58,0.76,0.67,2.35,-7.02,-0.17,3.78,-0.75,3.71,-0.06
2016-08-12,3.87,-1.12,-6.31,0.44,-2.47,-7.62,-0.22,0.34,0.46,-1.47,-0.25,0.53,-0.57,2.96,2.59,-1.35,2.06,5.71,4.73,-3.49
2016-08-19,6.97,-3.31,-4.08,-0.43,-2.52,-4.38,-1.69,-0.43,1.52,-7.04,-3.24,0.3,0.97,3.95,8.61,-4.66,3.77,7.82,4.03,-5.63
2016-08-26,5.76,-2.58,1.75,-2.79,-4.43,1.17,-3.35,-0.46,-1.46,-9.0,-2.89,-0.44,-0.19,-0.23,6.32,-8.27,3.53,8.6,3.76,-10.0
2016-09-02,2.79,0.63,2.54,-8.58,-3.0,1.91,-3.1,-1.62,-3.08,-2.58,0.3,0.89,-2.41,-2.96,5.69,-9.42,2.47,0.69,-1.46,-9.1
2016-09-09,2.78,0.79,2.38,-9.56,-0.7,3.52,-3.35,-3.1,-3.08,-1.41,3.22,0.61,-3.5,-4.5,4.01,-5.37,2.33,-5.5,-3.46,-8.06
2016-09-16,1.29,1.31,-1.66,-6.94,0.88,2.62,-0.89,-0.49,-2.79,7.42,3.91,-1.01,-5.4,-3.96,-5.21,-0.46,2.55,-10.0,-3.8,-6.48
2016-09-23,0.86,-0.05,-2.68,-3.97,1.33,-3.45,0.98,1.25,-0.4,10.0,4.51,-0.15,-3.89,-1.42,-4.6,4.5,1.48,-6.75,-2.59,-5.17
2016-09-30,4.48,-3.94,-2.09,0.3,-0.11,-4.33,0.32,2.73,1.63,7.91,0.56,-0.27,-1.25,0.95,-0.47,9.58,0.55,0.4,0.78,-0.85
2016-10-07,6.04,-4.28,-5.12,-3.24,-1.33,-4.48,-1.36,2.29,0.04,2.46,-1.68,-1.37,0.4,-0.24,-0.34,6.79,2.19,0.79,3.38,1.41
2016-10-14,5.66,-4.05,3.3,-6.66,-1.68,-4.21,-4.18,-0.1,-0.83,-4.08,-2.76,-0.24,-0.3,0.17,-1.21,3.37,2.41,7.18,2.55,4.22
2016-10-21,2.87,-2.2,2.26,-6.31,-2.43,0.29,-5.28,-2.9,-2.22,-3.19,0.98,-1.52,-0.08,-5.9,-0.06,-1.41,1.86,7.6,-1.86,2.95
2016-10-28,1.09,-0.26,-1.01,-7.88,-2.13,-0.57,-4.06,-1.73,-2.73,-7.19,0.72,-2.05,-2.44,-6.62,1.37,-0.22,-1.05,4.77,-2.5,-0.08
2016-11-04,0.6,-0.54,-1.01,-4.11,-1.86,2.41,-2.18,1.86,-0.09,-4.52,-1.79,-2.23,-2.25,-0.63,-1.75,2.27,-0.73,5.92,-2.52,-1.03
2016-11-11,-0.63,3.1,-8.56,-7.6,-4.0,3.58,-2.58,0.97,-1.99,1.0,-2.41,-2.75,-0.26,-3.4,2.84,2.49,-1.66,1.43,-5.54,-2.38
2016-11-18,-1.72,7.18,0.18,-9.5,-1.98,1.2,-2.47,1.45,-3.43,-0.9,-9.69,-3.51,-2.22,3.45,0.32,2.46,-4.64,-0.3,-6.34,-1.76
2016-11-25,-5.26,7.43,9.25,-7.61,-1.27,2.76,-4.06,-1.42,-3.67,-0.02,-7.9,-3.46,-1.29,-4.54,-2.46,0.24,-2.35,-1.46,-6.26,0.05
2016-12-02,-7.24,9.33,10.0,-8.15,-1.73,0.99,-3.97,-2.34,-5.51,-0.95,-4.32,-2.28,-1.49,-3.16,0.21,2.16,-8.37,-2.3,-8.44,-2.15
2016-12-09,-5.33,5.97,10.0,-7.08,0.01,-0.32,-0.9,-1.44,-2.21,-1.5,-1.44,-1.18,-1.29,4.5,0.16,4.73,-9.22,0.46,-5.3,-2.09
2016-12-16,-1.47,1.5,5.97,-5.46,0.0,0.28,1.24,-0.43,0.13,-1.78,4.3,2.56,-1.06,4.93,1.97,7.18,-6.04,0.82,-1.8,-4.51
2016-12-23,-2.44,1.87,3.4,-1.83,-0.32,0.05,2.1,-0.35,0.1,1.42,6.44,4.05,-1.36,10.0,3.09,2.93,-5.24,-0.01,-1.09,-6.75
2016-12-30,-6.72,3.0,1.24,-4.55,0.19,0.61,0.34,-1.78,0.79,1.96,4.69,1.08,-1.23,9.68,2.55,-1.35,-1.41,0.06,1.88,-4.63
2017-01-06,-5.21,2.21,-0.23,-2.77,0.18,1.42,-0.33,0.82,1.48,5.02,4.79,1.29,-1.44,5.95,2.84,-2.95,1.37,-0.21,4.2,-3.9
2017-01-13,-4.05,-0.85,1.25,-4.91,0.87,1.34,0.86,1.21,2.91,4.9,3.68,-0.99,-1.52,10.0,3.27,-3.02,3.98,-0.99,4.28,1.39
2017-01-20,0.87,-2.1,2.11,-5.14,1.75,0.31,2.54,3.7,4.24,3.42,2.71,-2.65,-1.13,9.24,1.38,0.67,3.81,0.09,4.4,3.36
2017-01-27,2.41,-3.96,5.38,-3.4,0.76,0.44,3.37,4.72,4.26,5.44,3.55,0.68,-1.17,7.7,0.85,1.43,0.85,1.43,3.81,2.92
2017-02-03,-0.77,-4.92,7.97,2.06,0.48,0.63,3.73,4.04,4.74,-1.71,3.97,0.3,1.0,8.43,0.33,3.22,0.34,1.74,4.58,2.69
2017-02-10,-6.43,1.43,7.46,-0.26,0.28,0.75,1.23,3.03,2.42,-3.36,2.59,-1.04,1.53,2.11,-0.78,2.45,-3.28,1.82,4.0,-1.03
2017-02-17,-9.46,3.79,8.39,0.46,-0.35,0.53,-2.38,0.76,0.25,-6.08,-4.0,0.15,0.96,-0.57,-2.53,1.68,-2.5,0.69,2.1,-0.85
2017-02-24,-9.47,3.55,5.46,3.28,0.61,0.58,-2.42,0.46,1.12,-6.9,-7.46,0.85,3.12,0.8,-3.87,2.87,0.51,-0.59,1.99,1.05
2017-03-03,-2.71,8.77,0.09,-2.91,-1.56,0.54,-5.2,-1.11,-3.41,-3.4,-9.54,1.03,1.27,-2.45,-5.12,1.6,-1.33,-0.92,-0.56,-0.38
2017-03-10,4.03,3.7,-3.1,4.53,-4.22,0.75,-4.05,0.23,-3.86,-1.5,-4.73,4.06,-0.5,-5.03,-7.27,1.04,-2.01,-4.29,-2.65,0.51
2017-03-17,5.37,-3.28,-3.65,6.38,0.14,1.77,-0.7,0.31,-1.24,1.44,0.57,-2.16,1.15,0.48,-2.99,1.71,-3.31,-3.82,-0.57,-0.02
2017-03-24,8.28,-4.1,-2.93,5.05,2.66,1.68,4.73,-0.28,-1.38,0.62,4.37,-4.36,2.35,1.57,1.71,1.12,-1.85,-3.59,-0.6,-4.62
2017-03-31,3.25,-6.9,1.64,6.24,7.03,1.63,8.22,1.34,3.2,0.16,4.92,-10.0,1.93,7.08,6.93,0.63,-0.53,-4.48,0.43,-2.19
2017-04-07,-2.07,-3.31,5.05,4.86,9.69,1.34,6.68,-1.32,3.08,0.96,2.94,-10.0,4.64,10.0,8.97,-0.89,1.98,-1.81,1.86,-2.87
2017-04-14,-2.71,1.76,3.86,-0.09,-0.27,1.17,4.62,-2.08,1.63,-2.56,2.47,-6.06,3.2,5.43,8.69,0.1,1.66,-2.32,0.26,-3.32
2017-04-21,-2.96,4.5,-1.54,-0.82,-5.52,1.65,1.91,-2.09,0.23,-1.76,2.1,-6.72,0.81,1.22,4.83,2.57,-0.25,-3.28,-1.06,-1.76
2017-04-28,1.12,3.67,-6.78,0.52,-6.42,1.49,1.9,-3.81,-0.23,-1.53,4.77,-3.82,-2.2,-2.07,0.38,0.26,0.11,-4.41,-1.3,-3.66
2017-05-05,3.79,4.8,-8.98,-2.04,-6.92,1.84,0.69,-2.01,-0.78,-1.93,1.98,-5.39,-3.7,-2.97,-3.45,0.86,0.25,-4.29,-0.84,-2.58
2017-05-12,7.23,0.22,-8.78,-1.33,-0.59,1.42,4.29,1.52,1.37,-0.05,3.09,3.51,-3.25,-8.41,-2.79,1.8,2.72,-1.52,-1.38,0.01
2017-05-19,6.29,-2.38,-5.79,-2.47,4.02,0.85,8.88,1.68,4.91,1.48,1.06,9.28,-6.04,-3.82,-3.22,-1.72,6.77,-0.58,-0.05,3.28
2017-05-26,2.47,0.43,-1.39,-2.44,4.12,0.18,6.56,2.82,6.38,0.93,-3.22,7.96,-3.32,-1.75,-2.06,3.06,7.76,2.64,-0.54,5.26
2017-06-02,2.92,-3.31,-0.54,-1.87,5.51,0.06,7.77,5.91,10.0,1.44,-4.02,7.79,-2.76,-1.76,2.71,4.04,8.26,4.76,0.05,5.46
2017-06-09,-2.36,0.94,1.42,-2.25,2.63,-0.75,3.2,6.04,5.37,0.41,-7.02,4.19,0.24,3.62,-0.5,1.89,7.12,5.7,0.75,4.15
2017-06-16,-1.01,1.17,0.18,0.4,0.51,-1.51,-5.73,1.01,0.17,-1.8,-5.24,0.73,2.71,1.14,-0.62,1.95,4.62,4.21,-0.34,3.22
2017-06-23,-0.1,-1.07,0.1,1.44,-0.82,0.1,-5.31,-2.85,-3.06,-1.62,-1.82,-2.24,3.68,-3.68,-3.37,0.7,1.5,2.49,-2.75,0.4
2017-06-30,4.38,-2.96,2.13,-2.76,-3.83,0.41,-6.87,-8.26,-5.49,-2.76,0.52,-2.97,5.68,-1.85,-3.2,2.34,-0.18,1.75,-2.41,-0.03
2017-07-07,7.62,-1.15,0.11,-4.21,-1.81,1.31,-7.2,-10.0,-7.99,-2.36,-1.19,-2.06,3.99,-1.29,-4.43,0.54,-1.32,-1.78,-1.77,0.5
2017-07-14,5.9,-1.52,-1.94,-2.5,-2.8,2.25,-3.36,-3.81,-4.63,-1.85,-4.19,-0.09,3.62,-1.59,-3.07,2.35,-1.98,0.35,-1.36,-0.05
2017-07-21,3.47,-0.39,-2.19,-3.09,2.28,1.42,-1.47,-2.51,-2.46,-1.26,-6.21,2.36,0.64,2.39,-0.41,-0.23,-1.91,-1.61,0.87,2.49
2017-07-28,-1.32,1.91,0.46,-0.57,6.0,0.83,0.79,-3.81,0.72,-0.97,-2.23,2.2,-6.28,1.51,0.63,0.44,-1.49,-0.36,-1.25,3.05
2017-08-04,-4.27,0.25,1.01,3.61,1.07,0.4,0.73,0.09,4.44,-0.22,1.08,1.96,-2.79,-0.33,3.35,2.2,-1.23,-0.21,-1.1,3.82
2017-08-11,-3.64,3.8,4.04,-0.34,-0.41,-0.04,-0.87,-5.77,0.8,0.28,3.1,0.53,-0.13,2.06,3.11,1.08,-2.08,-0.87,-2.74,3.86
2017-08-18,-0.24,1.09,3.75,1.69,-3.31,-0.78,-6.95,-8.63,-2.56,-1.34,3.1,-0.26,-3.42,0.21,0.4,3.41,-1.01,0.41,-3.29,2.2
2017-08-25,0.69,0.01,1.19,2.77,-5.46,-1.06,-8.14,-4.46,-3.24,-2.34,-2.95,0.1,2.48,1.8,-1.38,2.89,-0.66,-1.59,-0.51,2.27
2017-09-01,0.3,-1.32,0.86,-0.8,-2.86,-0.94,-1.84,-0.81,0.41,-3.23,-1.59,-0.24,3.95,3.75,0.6,1.78,-0.5,-0.7,-0.41,0.55
2017-09-08,0.59,-3.11,-0.07,0.53,3.07,-1.34,3.28,1.98,3.21,-4.75,1.73,-0.48,3.65,0.3,-1.37,-1.14,-0.38,-2.21,1.62,0.02
2017-09-15,-0.02,-1.07,-0.31,-3.88,6.84,-2.02,6.68,3.35,4.37,-1.99,3.6,-1.91,10.0,-2.27,-1.23,-0.89,-0.61,-3.91,0.14,0.78
2017-09-22,-5.02,3.06,-2.01,-3.07,5.92,-3.49,7.95,2.49,1.72,1.42,3.39,-0.78,7.7,-6.73,6.07,-1.43,-2.54,-5.35,-0.91,-2.32
2017-09-29,-1.36,3.82,-2.85,0.13,2.82,-4.2,5.04,0.36,-3.05,5.15,1.67,0.43,7.66,-7.46,6.36,-2.65,-3.32,-6.34,-3.88,0.61
2017-10-06,-0.41,4.19,-1.49,0.54,0.43,-4.23,-2.23,-1.99,-6.16,6.52,-3.56,0.54,7.58,-6.81,8.32,8.24,-4.47,-7.46,-4.66,1.88
2017-10-13,-1.44,1.98,-2.9,4.18,-2.66,-2.88,1.33,1.32,-1.84,6.3,-2.4,2.53,4.99,-4.1,9.12,7.98,-2.92,-2.81,-0.6,1.35
2017-10-20,-0.27,-1.17,-3.74,2.25,-1.09,0.05,0.99,-2.51,2.09,6.44,2.15,0.68,6.4,-2.71,2.2,6.53,-0.14,0.7,0.78,2.68
2017-10-27,-2.84,-1.58,-2.09,1.8,6.71,0.03,-2.93,-8.74,0.79,0.24,2.37,-0.02,1.52,-1.65,-0.28,9.57,0.37,5.13,3.27,0.21
2017-11-03,-2.48,-1.95,-2.66,-0.04,6.66,0.15,1.52,-4.68,2.25,4.14,4.38,0.51,3.94,-2.55,-0.81,-3.21,0.63,8.48,3.12,-3.71
2017-11-10,0.08,-2.54,-2.19,-3.54,7.54,-2.71,3.08,-3.42,0.35,1.61,2.51,0.31,-0.83,-0.11,-0.61,-6.41,-1.58,7.77,1.77,-5.34
2017-11-17,0.86,-3.87,-1.33,-0.74,6.29,-2.67,4.14,-1.06,-0.5,0.43,-0.56,1.44,3.26,1.78,1.72,-9.63,-3.12,7.8,0.21,-3.9
2017-11-24,4.03,-6.31,-0.75,-5.0,1.47,-2.22,7.0,0.02,3.55,6.32,0.17,2.28,0.3,4.28,1.73,-8.76,-1.76,6.73,2.67,-3.16
2017-12-01,-0.81,-4.87,-0.19,-4.41,-0.31,-1.9,3.68,-4.36,1.78,1.45,-1.81,2.57,-5.61,6.21,1.88,-7.23,0.64,7.69,4.0,0.39
2017-12-08,-4.16,-0.72,-1.51,-4.51,-0.51,-1.75,-1.37,-4.14,-1.2,-0.98,-2.58,1.98,-0.19,4.76,2.85,-9.81,0.56,6.9,2.52,-0.95
2017-12-15,-3.99,1.65,-0.3,-6.85,2.05,-1.85,-1.04,-3.93,-3.73,-2.72,-1.35,1.89,-2.93,3.19,-0.56,-5.84,0.4,2.72,-1.19,-3.33
2017-12-22,-3.04,4.02,0.85,-6.48,-1.97,-1.71,-1.98,0.27,-8.92,-1.8,-2.84,1.57,-1.07,-0.1,-1.68,-2.25,-0.09,0.57,-4.44,-3.41
2017-12-29,-0.76,2.31,2.49,-3.64,-1.31,-1.73,1.51,3.39,-6.63,1.66,0.53,0.86,0.75,0.56,-3.0,2.37,-0.25,-0.86,-4.61,-6.13
2018-01-05,-0.79,1.12,5.48,-6.19,-0.49,-1.61,4.83,2.76,-1.91,5.05,1.79,1.24,-4.6,2.03,-3.13,5.3,2.32,-1.61,-1.91,-2.16
2018-01-12,-0.67,1.23,3.99,-7.85,0.17,-1.07,2.03,1.93,0.97,3.59,2.52,0.72,-3.62,3.71,-2.8,-0.29,4.35,1.13,2.38,2.07
2018-01-19,-3.72,1.62,0.06,-2.25,3.8,-0.99,0.34,-0.99,6.02,-1.01,1.67,0.16,-3.18,5.84,-1.98,-4.66,3.91,5.39,1.21,1.5
2018-01-26,-2.65,4.37,0.24,0.18,-0.85,-0.99,-2.23,1.62,2.51,-1.77,0.38,-0.35,-6.65,5.09,-1.99,-5.48,1.9,8.46,0.21,-3.06
2018-02-02,-2.64,6.89,-1.52,0.78,-6.85,-0.99,-5.5,2.27,1.88,-5.78,0.65,-1.61,5.57,5.64,-2.95,-3.92,0.33,9.31,0.83,-0.87
2018-02-09,0.08,3.54,0.82,2.62,-7.85,-0.99,-2.44,4.36,-0.47,-6.81,1.33,-0.84,0.28,1.15,-1.14,-0.28,-1.07,7.29,-10.0,-3.92
2018-02-16,2.46,0.71,2.7,0.69,-9.4,-0.99,-3.4,6.78,-2.42,-2.35,0.23,-1.7,6.16,-1.74,-0.71,1.58,-1.9,4.64,-7.79,-1.03
2018-02-23,3.1,-3.21,1.93,4.62,-3.99,-1.12,-2.61,4.39,0.3,-3.21,-1.03,-0.85,0.83,-2.25,-0.88,1.59,-1.98,2.11,-8.14,2.4
2018-03-02,4.6,-4.18,0.33,6.03,5.78,-1.26,-0.79,2.09,-3.3,-6.5,0.98,0.11,-10.0,-4.28,-0.11,0.91,-3.7,-0.41,-9.25,2.02
2018-03-09,4.21,-5.52,2.66,4.03,5.73,-1.35,-1.34,1.04,-2.69,-1.46,-0.37,-0.52,-5.05,-4.45,-1.28,0.63,-3.7,-2.18,-5.46,2.71
2018-03-16,1.72,-0.59,0.28,9.14,8.2,-1.15,-0.81,-0.21,-6.23,-5.85,1.3,-0.67,-6.13,-2.48,-1.06,-1.55,-1.75,-2.46,-5.74,1.72
2018-03-23,2.44,-2.61,2.4,3.27,7.89,-0.79,1.61,1.29,-1.47,-4.52,2.87,-1.14,-2.92,-2.0,-1.48,-3.14,-0.52,-3.05,-5.91,1.42
2018-03-30,2.72,-4.6,2.62,3.91,0.84,-0.41,1.97,4.24,1.46,6.71,-0.34,-0.98,0.23,-2.95,-1.0,-3.72,0.4,0.1,-1.68,2.67
2018-04-06,0.44,-4.68,4.27,10.0,1.51,-0.05,-0.94,3.67,1.69,10.0,-3.25,-1.56,-4.4,-2.54,-1.18,-4.95,1.85,3.19,0.84,0.41
2018-04-13,2.05,-10.0,7.86,8.01,-1.32,0.04,-1.79,3.84,2.5,9.74,-4.49,-0.17,-5.22,-3.63,-1.31,-5.03,0.28,4.22,3.57,-0.39
2018-04-20,0.97,-2.14,4.49,8.98,-2.09,0.28,-7.55,-0.01,-4.43,2.79,-6.37,0.15,-5.23,-5.0,-1.34,-1.47,0.83,1.4,6.48,-1.14
2018-04-27,-2.06,2.01,3.23,9.38,-0.54,0.68,-8.33,-2.77,-7.63,0.94,-7.12,0.45,-6.49,-7.31,-2.16,0.2,-0.04,-3.07,2.9,-3.38
2018-05-04,-3.45,3.83,0.73,8.63,-3.96,1.1,-8.89,-5.19,-7.93,-7.76,-4.54,0.61,-2.16,-8.51,-0.23,-0.67,-2.83,-4.97,-0.6,-0.45
2018-05-11,-3.17,2.19,-0.24,7.9,-4.43,1.65,-3.03,-2.91,-4.89,-4.19,0.58,-1.67,-1.96,-9.52,-0.39,0.06,-5.99,-5.86,-5.38,-3.39
2018-05-18,-5.01,2.74,-1.89,2.84,-2.29,2.21,0.52,-1.64,-3.03,2.01,4.93,-0.57,-0.32,-8.93,1.05,-2.28,-7.86,-3.67,-8.68,-0.54
2018-05-25,-3.51,-2.12,-5.67,5.25,2.21,2.35,1.72,-4.21,-1.2,5.47,7.04,-2.44,1.73,-6.32,3.79,-4.21,-7.5,-1.42,-6.83,-5.46
2018-06-01,-1.76,-2.25,-4.24,3.16,2.07,2.13,2.53,-0.16,-3.39,9.08,5.14,-5.0,1.53,-3.66,1.17,-2.33,-5.23,-2.33,-5.56,-5.51
2018-06-08,-5.95,1.89,-6.77,6.77,6.15,1.77,-0.36,-2.42,-5.59,1.34,4.03,-8.33,1.64,-2.06,3.19,-2.24,-1.36,-2.72,-2.94,-3.99
2018-06-15,-5.89,2.65,-4.66,8.19,5.27,1.03,-4.12,-7.67,-7.71,-0.54,4.19,-10.0,1.85,-2.06,3.32,-1.91,-1.74,-1.32,-0.3,-8.67
2018-06-22,-3.79,4.67,-5.64,7.01,2.84,0.14,-2.25,-2.54,-3.99,-2.9,6.42,-9.57,0.33,-1.24,0.25,-1.17,0.76,0.23,0.2,-3.67
2018-06-29,-5.62,2.2,-5.62,7.32,2.99,-0.11,-0.99,-1.72,1.36,-5.72,5.49,-7.01,-1.09,-1.24,2.14,-1.19,3.09,3.46,0.09,4.69
2018-07-06,-0.46,0.18,-3.81,4.29,4.02,-0.09,-2.88,-2.66,0.62,2.04,3.78,-5.64,-2.97,-3.44,2.28,-1.54,1.83,3.95,-1.85,7.92
2018-07-13,1.59,-4.66,-3.7,4.53,1.85,0.53,-1.38,1.51,1.68,2.44,4.12,-2.9,-5.78,-3.7,0.94,-1.63,3.79,3.67,-2.02,5.14
2018-07-20,2.92,-3.42,-1.04,2.72,2.72,1.56,-3.83,0.63,-0.66,3.61,-3.68,0.93,-4.06,-5.51,2.93,-2.55,3.78,2.09,-1.35,10.0
2018-07-27,7.61,-3.84,-2.74,1.68,2.02,2.28,-4.79,-5.22,-2.1,3.28,2.95,2.56,-0.78,-6.52,0.78,-1.42,1.41,0.5,2.76,6.15
2018-08-03,3.01,-2.09,-1.23,0.78,3.09,2.62,-1.5,-3.98,3.06,-0.09,5.1,2.54,2.99,-5.62,-1.61,0.21,1.9,0.9,6.4,2.57
2018-08-10,1.51,0.18,-1.08,0.13,5.72,2.7,-0.68,-0.93,5.09,2.05,-3.65,-1.37,4.39,-3.5,-0.34,1.09,2.73,0.84,5.65,7.6
2018-08-17,-0.79,3.64,0.71,-2.39,5.23,2.63,-1.18,-1.19,0.47,-1.02,-0.8,-5.53,1.02,-2.96,-0.27,2.43,3.05,-1.06,3.93,0.87
2018-08-24,-2.09,2.99,3.45,-2.43,9.38,2.53,3.97,3.89,2.46,0.56,-6.8,-5.29,4.3,-1.38,1.4,2.56,1.38,-1.52,3.48,-6.25
2018-08-31,-4.33,6.26,1.44,-1.17,5.34,2.43,1.3,3.01,-3.09,3.9,-9.99,-5.84,0.14,0.89,-0.17,-0.93,1.39,-2.23,3.45,-2.12
2018-09-07,-1.85,7.14,2.27,-3.44,2.84,2.3,1.3,-0.26,-4.89,3.74,-4.28,-2.01,2.97,1.23,-1.94,-0.43,2.67,-3.89,0.95,-0.17
2018-09-14,-3.26,2.65,1.49,-3.02,2.23,2.05,5.82,0.25,3.56,3.54,-2.59,3.22,9.18,1.95,-1.93,-1.38,1.86,-1.25,2.82,4.92
2018-09-21,-1.95,0.41,3.06,0.14,-5.25,1.4,0.87,1.28,1.23,3.62,-3.25,1.41,7.47,1.77,-2.23,-1.75,4.94,-1.22,2.46,9.93
2018-09-28,4.87,-7.52,1.3,-1.79,-2.81,0.49,8.51,3.25,9.26,0.45,0.18,3.21,8.52,3.16,1.62,-1.93,3.51,0.09,2.35,3.84
2018-10-05,1.12,-4.69,2.12,0.58,-6.6,-0.97,5.08,0.17,6.67,0.56,2.36,1.27,3.04,3.01,2.0,-1.16,0.72,0.78,3.1,5.99
2018-10-12,4.25,-6.28,2.68,0.44,-6.67,-8.32,0.42,-3.64,4.08,2.84,-0.6,-2.3,-4.55,3.92,2.74,2.23,2.49,0.42,2.11,7.63
2018-10-19,-0.93,0.96,-1.63,-1.91,-3.68,-8.75,-0.38,-8.82,2.24,-0.98,1.46,-1.91,-6.59,5.21,1.05,2.77,0.56,-1.2,0.55,9.72
2018-10-26,-2.26,3.18,1.52,1.7,-8.67,0.0,-6.22,-10.0,-3.08,-1.51,5.27,-2.46,-5.05,3.55,-1.67,5.7,2.74,-3.16,-2.62,10.0
2018-11-02,-2.45,0.12,-0.27,-3.25,-3.15,0.0,-0.28,-2.54,1.34,-0.7,2.11,-0.66,-3.47,3.02,-7.15,3.04,5.38,-4.61,-3.39,6.31
2018-11-09,-9.68,1.61,1.84,-2.35,0.26,0.0,4.03,0.62,2.54,1.35,4.83,-0.49,-0.18,2.58,-7.27,0.28,2.32,-5.22,-1.27,1.53
2018-11-16,-4.11,-5.47,3.87,1.22,-0.08,0.0,8.16,7.56,5.89,-0.19,6.65,-0.72,-1.67,1.29,-5.56,1.25,2.25,-4.2,-0.92,1.55
2018-11-23,-4.89,-5.72,1.05,-0.05,5.51,0.0,9.54,10.0,8.94,3.1,3.22,-0.45,-3.56,1.58,-8.12,1.24,1.76,-4.06,-0.3,-0.86
2018-11-30,0.13,-7.52,-1.48,2.25,3.37,0.0,7.46,7.88,8.72,2.43,0.24,0.24,-0.67,2.0,3.13,2.0,-2.71,-2.29,3.65,1.27
2018-12-07,7.38,-10.0,-5.28,3.72,-0.31,0.0,8.35,9.1,10.0,-0.01,3.47,3.5,1.3,2.96,0.81,-1.41,0.65,-1.47,4.33,1.16
2018-12-14,5.78,-4.4,-6.35,-2.0,1.86,0.0,7.42,7.49,8.12,4.08,0.37,4.01,1.5,3.18,-1.69,-7.31,-0.66,0.85,3.22,-2.5
2018-12-21,5.79,-2.99,-0.63,0.55,-0.03,0.0,4.76,6.58,3.1,0.33,-5.26,4.54,1.77,3.05,-5.26,-4.75,1.31,0.87,6.16,-2.45
2018-12-28,4.69,-1.84,0.97,3.05,1.86,0.0,3.69,5.15,0.84,-0.59,-5.27,1.96,0.68,2.82,-9.9,-4.68,6.84,1.01,3.88,-6.82
2019-01-04,3.88,0.11,6.62,-1.37,3.75,0.0,1.59,3.01,-0.95,-3.11,-6.88,-0.52,-0.12,2.96,-9.09,2.33,5.74,0.68,1.14,0.43
2019-01-11,7.98,-0.87,6.28,0.9,0.97,0.0,-0.29,-0.31,-3.24,-2.72,-5.46,-0.09,-1.13,3.09,-2.17,7.73,6.29,-1.67,2.54,3.57
2019-01-18,1.51,3.2,3.69,-2.77,0.62,0.0,-1.59,-1.68,-0.84,-1.81,-7.14,0.48,-0.19,1.81,-5.01,10.0,3.96,-2.43,0.92,4.09
2019-01-25,1.18,0.0,6.41,-3.7,2.02,0.0,-0.06,-1.51,2.6,-3.98,-3.82,2.6,0.76,-0.21,-4.57,9.23,-0.26,-0.7,1.86,5.86
2019-02-01,2.32,2.11,1.47,-1.89,-2.36,0.0,-2.14,-2.04,2.52,-0.81,-3.66,3.44,-1.71,-1.94,-3.23,9.28,0.61,-0.99,4.0,3.09
2019-02-08,-2.06,5.05,0.2,0.67,-0.23,0.0,-2.44,-0.38,1.95,-4.59,-6.84,3.8,0.51,-3.25,-7.19,8.51,-1.07,0.74,3.03,-1.79
2019-02-15,8.24,2.2,-2.15,-1.74,0.27,0.0,-2.59,-0.54,-2.19,-7.37,-2.13,2.17,1.06,-3.68,-2.34,1.97,-3.33,2.76,-3.18,-5.1
2019-02-22,8.17,1.89,-1.2,-0.34,-1.49,0.0,-2.9,-1.0,-3.88,-4.66,-0.34,0.85,-0.29,-1.61,1.84,2.19,-0.68,2.04,-6.95,-6.58
2019-03-01,4.9,4.4,-4.09,-1.76,2.68,0.0,-1.23,-1.21,-2.57,-2.3,-3.67,1.74,1.02,-1.3,5.98,1.25,1.82,1.45,-5.74,-6.85
2019-03-08,4.26,3.81,-6.9,-0.66,1.48,0.0,-1.2,-1.29,-3.45,6.73,-3.61,-0.91,1.04,-1.24,3.52,-3.2,2.63,1.55,-4.76,-6.5
2019-03-15,5.89,-0.27,-6.62,-0.44,-0.26,0.0,1.5,-0.35,2.64,9.04,-2.96,1.58,-1.03,0.25,4.57,-3.52,5.32,1.37,3.59,-4.45
2019-03-22,2.84,-3.94,-9.76,-2.21,1.69,0.0,6.31,-1.02,8.17,8.97,4.2,3.39,0.55,0.81,7.41,-3.91,8.91,1.02,9.98,-3.57
2019-03-29,2.87,-7.1,-5.29,3.65,2.46,0.0,6.85,0.85,4.51,2.98,10.0,1.93,0.2,-0.71,2.47,-7.43,1.99,0.03,6.73,-4.89
2019-04-05,3.13,-5.47,-4.03,-3.09,1.27,0.0,5.29,2.15,5.8,-2.57,5.81,5.48,-1.44,-1.63,8.13,-2.88,-0.77,-0.27,6.48,-3.15
2019-04-12,1.76,-8.22,-0.62,-3.69,3.62,0.0,6.06,3.12,8.44,-3.52,7.03,5.49,-0.92,-1.77,10.0,2.31,-2.33,3.06,5.05,-2.17
2019-04-19,3.83,-5.14,-3.27,-4.17,7.9,0.0,4.43,4.15,5.61,-4.42,-0.88,6.55,-2.15,-2.58,7.51,4.37,-8.54,-1.07,1.95,-1.33
2019-04-26,1.14,0.23,-4.99,-2.58,2.55,0.0,0.55,1.13,2.47,0.06,-6.78,6.99,-3.27,-3.06,8.41,6.68,-8.04,-1.0,0.93,-0.45
2019-05-03,3.12975,-5.47023,-4.02872,-3.08581,6.03,0.0,5.29045,-0.62,5.79547,0.68,-1.57,6.65,-2.78,-2.47,4.4,2.34,-6.56,-1.99,2.34,0.25
2019-05-10,4.96,-2.46,-4.84,9.12,4.43,0.0,-3.25,-4.02,-5.06,-1.28,-1.95,1.92,-1.12,-3.44,-0.59,0.01,-7.45,-3.61,1.95,0.0
2019-05-17,-0.23,9.09,-0.74,8.43,-6.54,0.0,-8.65,-5.81,-10.0,-2.49,-1.96,-2.44,-1.25,-3.78,-2.13,-5.15,-6.69,-2.59,1.57,-2.12
2019-05-24,3.3,4.17,-0.06,6.64,-1.71,0.0,-5.9,-5.04,-6.86,-3.37,-2.46,-4.13,1.05,0.7,-2.7,-8.72,-6.79,1.02,2.25,-1.96
2019-05-31,2.32,3.01,-1.98,4.91,-5.26,0.0,-5.93,-4.52,-7.08,-1.09,-3.04,-6.51,3.44,2.96,-0.53,-6.28,-2.84,-1.27,2.05,-2.28
2019-06-07,6.32,-4.3,5.48,1.63,-2.31,0.0,-2.9,-2.77,-2.87,1.66,-3.05,-3.72,1.29,1.06,0.89,-4.73,3.5,-2.25,4.64,-0.75
2019-06-14,3.69,-5.79,3.47,-0.38,1.01,0.0,-0.92,-2.19,0.73,5.01,-0.84,-0.89,2.71,0.5,0.13,-1.98,4.93,-1.72,6.73,2.4
2019-06-21,5.66,-8.02,4.44,0.02,-0.24,0.0,-0.97,0.12,1.09,5.1,-2.92,-0.39,2.4,-0.9,-0.26,2.15,3.41,-2.93,4.33,1.84
2019-06-28,0.29,-5.78,10.0,-0.92,0.18,0.0,0.38,1.43,3.72,3.05,-1.05,-0.45,1.17,-0.72,-1.92,4.56,2.17,1.04,3.04,0.79
2019-07-05,-10.0,7.32,1.94,-0.01,-1.48,0.0,-0.7,2.23,1.87,2.57,-7.36,-3.51,1.09,3.97,0.04,3.3,-2.75,4.54,-1.38,-2.06
2019-07-12,-6.17,2.64,0.45,3.24,-4.87,0.0,-2.14,2.81,-0.48,-1.88,-9.7,-7.19,-0.25,3.17,3.11,3.34,-6.8,6.23,-6.99,-1.82
2019-07-19,-7.99,3.81,0.4,2.32,-3.0,0.0,-1.26,1.91,-0.08,-2.75,-2.96,-6.35,-1.23,1.24,1.9,2.26,-5.26,0.34,-6.5,-1.68
2019-07-26,-8.6,10.0,-1.3,2.34,-2.13,0.0,-2.8,0.05,-3.56,-2.31,-4.13,-3.88,-2.52,-1.55,-0.4,-1.45,-8.9,-3.25,-7.99,-0.71
2019-08-02,-4.23,3.29,-1.82,5.28,-4.16,0.0,-2.81,-1.31,-4.03,-0.64,3.05,-0.09,-2.46,-6.73,-1.87,-2.3,-9.92,-8.93,-8.84,1.35
2019-08-09,1.79,1.44,0.74,6.01,-1.19,0.0,-2.82,-2.28,-5.4,0.34,4.93,0.38,-2.44,-6.61,-3.55,-2.05,-1.8,-7.72,-8.85,-2.61
2019-08-16,-1.94,9.33,-4.13,3.86,-6.44,0.0,-5.76,-3.58,-7.39,1.58,0.83,-1.89,-3.18,-3.89,-4.55,-1.11,2.93,-3.46,-8.36,-2.57
2019-08-23,1.45,0.66,-2.85,5.94,-0.02,0.0,-2.02,-2.29,-4.04,0.74,-1.27,0.32,-2.14,-4.51,-2.36,0.22,1.74,-3.34,-8.29,-3.99
2019-08-30,1.65,3.87,-0.31,-1.23,2.91,0.0,-0.91,-1.01,-3.25,0.44,-5.36,0.88,-1.16,-3.76,-3.84,0.91,1.83,1.01,-6.53,-4.82
2019-09-06,-1.38,3.48,1.77,-6.0,2.19,0.0,0.93,0.42,0.88,2.01,-4.62,2.57,-0.03,-2.83,-3.41,0.6,-3.14,5.6,-2.5,-2.57
2019-09-13,2.24,-3.07,2.34,-3.74,3.0,0.0,3.19,2.0,2.84,1.01,-3.64,6.85,2.69,-1.46,-2.37,0.48,-7.29,7.8,-0.28,-1.19
2019-09-20,2.3,0.86,2.55,-2.85,-4.65,0.0,2.35,1.82,1.08,2.98,1.94,7.76,1.54,3.69,-4.7,1.38,-3.51,8.58,0.57,-2.2
2019-09-27,1.43,-0.83,0.62,2.03,-9.92,0.0,0.76,1.1,0.61,3.41,2.61,4.3,1.3,6.2,-1.58,0.48,-1.56,6.88,2.28,0.55
2019-10-04,1.17,-1.98,-2.67,5.86,-6.54,0.0,0.71,1.28,1.22,1.41,-0.6,2.74,0.59,7.28,-1.1,0.61,0.88,3.54,2.37,2.53
2019-10-11,-1.46,-0.08,1.66,2.03,-5.25,0.0,0.49,0.14,2.32,-0.94,1.83,-0.18,-1.0,6.81,-0.68,1.89,5.83,7.18,2.72,0.36
2019-10-18,-2.17,-0.62,4.69,-0.55,-5.06,0.0,-0.68,-0.32,4.43,-3.47,0.21,-4.44,2.11,10.0,3.77,1.87,7.97,8.89,5.17,2.56
2019-10-25,0.44,-2.6,7.78,-1.13,1.96,0.0,0.82,-0.32,6.47,-4.59,1.49,-4.34,2.3,10.0,3.57,2.22,10.0,7.83,6.17,4.48
2019-11-01,0.15,-3.43,10.0,-3.34,0.59,0.0,1.04,-1.35,5.51,-4.26,7.0,-3.43,-0.88,9.08,1.95,1.6,7.29,7.94,6.69,3.95
2019-11-08,-5.04,0.18,8.27,0.17,4.39,0.0,1.68,-0.07,3.07,-2.28,3.48,-2.51,-5.72,8.95,3.2,-1.64,2.72,3.97,4.1,1.57
2019-11-15,-3.79,0.88,4.06,1.18,1.29,0.0,0.81,0.03,-0.16,-2.18,1.93,-0.14,-6.33,4.73,0.12,-0.24,-0.68,-3.12,0.33,0.8
2019-11-22,-2.34,5.11,1.35,0.78,-4.01,0.0,-2.13,-0.14,-4.27,-4.47,0.28,0.24,-10.0,2.62,-2.6,1.0,-2.74,-9.11,-2.55,-4.65
2019-11-29,-3.81,10.0,-1.37,-1.13,-4.35,0.0,-3.07,0.59,-6.72,-3.83,-1.9,0.41,-9.63,0.09,-2.1,1.92,-2.87,-8.93,-5.05,-5.99
2019-12-06,0.12,3.91,0.45,-2.06,-3.64,0.0,-3.59,-1.35,-3.84,-3.95,-0.56,0.39,-9.57,-0.82,-3.23,4.42,2.25,-7.07,-2.24,-0.07
2019-12-13,-2.09,3.36,2.57,-2.92,2.53,0.0,-1.86,-3.6,-0.52,-1.9,3.12,-0.1,-6.74,2.29,-1.63,1.51,7.16,0.25,-0.13,2.18
2019-12-20,-6.04,0.58,1.71,-4.4,3.69,0.0,2.63,-2.83,2.64,0.49,6.21,-0.13,-5.53,3.45,-0.93,0.79,7.87,5.41,2.61,3.61
2019-12-27,-3.88,-2.57,2.28,-2.22,-3.33,0.0,0.33,-3.08,2.47,0.85,6.02,0.39,-2.37,5.59,-0.66,-0.58,7.33,5.11,3.77,4.99
2020-01-03,-9.27,0.95,3.18,-2.26,-8.7,0.0,0.25,-1.09,1.43,0.86,7.14,1.53,0.76,6.07,-2.18,-3.19,5.75,3.18,2.52,4.26
2020-01-10,-7.54,6.72,2.46,-4.06,-10.0,0.0,-3.39,0.03,-2.0,-0.4,3.51,1.11,-4.9,2.9,-2.69,-2.62,-0.42,1.99,2.18,3.68
2020-01-17,-2.31,5.97,2.84,-5.49,-10.0,0.0,-6.51,-0.04,-4.88,-0.69,1.94,-0.38,-4.72,1.2,-1.57,-2.08,-3.58,-1.34,0.09,-0.68
2020-01-24,-2.36,5.49,-0.35,-2.09,-7.55,0.0,-4.33,0.95,-4.88,-1.85,2.78,-1.58,-6.11,-0.26,-2.47,-1.46,-6.07,0.79,-1.87,-4.05
2020-01-31,1.57,6.82,-3.13,-2.97,-7.2,0.0,-7.66,0.46,-8.32,-3.05,2.59,-2.29,-9.11,-5.13,0.76,-1.43,-8.23,-0.41,-4.0,-5.86
2020-02-07,-0.62,7.76,-7.43,-2.2,-6.38,0.0,-6.0,1.42,-7.46,-3.21,1.49,-4.63,-7.5,-3.08,1.31,-0.55,-6.73,-1.9,-5.02,-9.85
2020-02-14,-5.42,8.78,-6.38,0.21,-5.87,0.0,-6.98,-1.84,-7.37,-3.87,0.16,-3.91,-2.63,-3.03,2.56,-0.21,-5.75,1.82,-3.84,-6.45
2020-02-21,-4.63,9.45,0.07,-6.02,-0.99,0.0,-5.19,-5.43,-5.65,-3.14,-1.71,-4.36,-1.58,-3.0,4.03,0.37,-2.62,-3.01,-3.66,-4.5
2020-02-28,-6.44,4.72,3.6,-3.47,2.79,0.0,0.54,-4.27,-2.26,0.17,-0.36,-4.91,3.83,1.65,3.83,2.63,-1.08,-5.21,-3.25,-0.25
2020-03-06,-5.53,-0.55,6.02,1.58,1.11,0.0,-0.28,-1.3,-1.01,-1.0,0.51,-3.03,5.84,-0.79,4.37,3.18,2.24,-5.56,-1.64,6.58
2020-03-13,1.42,-2.74,5.35,2.26,4.64,0.0,5.22,2.11,3.14,0.97,1.81,0.41,3.46,2.24,0.37,3.24,3.4,-7.41,-3.41,8.39
2020-03-20,5.9,-5.27,1.43,4.98,4.42,0.0,2.8,-0.48,0.64,-1.15,-0.79,4.65,5.66,2.99,-1.23,3.63,2.58,-5.35,-1.7,7.35
2020-03-27,6.61,-2.86,-0.87,1.73,3.47,0.0,-0.26,-0.63,-0.14,-1.78,-6.67,4.07,3.91,2.61,-2.13,2.63,2.19,-2.12,-0.1,4.96
2020-04-03,7.1,-0.66,0.75,-1.12,3.59,0.0,0.06,-1.92,-1.45,-0.65,-6.87,2.04,3.11,3.67,-2.18,1.49,0.01,-3.24,-1.02,2.47
2020-04-10,5.26,0.65,-2.03,-0.59,-1.02,0.0,-3.08,-2.76,-4.08,-1.55,-8.32,-0.06,2.87,2.4,1.07,0.87,0.04,-2.34,0.2,-0.3
2020-04-17,2.14,0.15,-3.32,0.98,-6.66,0.0,-3.35,4.09,-2.45,2.98,-6.37,-3.02,2.02,2.61,2.16,0.33,0.22,-2.45,-0.1,-0.34
2020-04-24,1.41,-1.28,-3.99,1.88,-8.99,0.0,-1.76,4.87,-1.82,0.83,-3.37,-1.42,2.54,2.43,3.8,0.24,-0.03,-3.12,-0.2,0.21
2020-05-01,-0.21,-2.75,-4.21,2.58,-5.38,0.0,2.83,4.97,1.51,6.36,-3.77,2.35,1.23,3.62,4.22,0.68,0.27,-1.34,-0.08,1.3
2020-05-08,-1.47,-2.48,-1.44,3.27,-1.86,0.0,3.43,3.55,1.82,4.71,-2.0,4.21,2.51,2.39,2.19,0.41,0.14,-1.62,-0.86,1.85
2020-05-15,-1.3,-2.39,-1.6,2.86,1.26,0.0,4.95,1.66,2.57,8.18,-4.45,3.83,2.92,3.94,1.43,-0.11,0.15,-1.64,-1.53,2.95
2020-05-22,-0.16,-2.3,-2.11,0.01,4.05,0.0,5.91,-0.94,3.34,8.1,-6.22,3.48,2.25,4.62,-2.57,0.03,1.63,-0.24,-0.89,2.22
2020-05-29,0.96,0.2,-2.1,-1.94,1.29,0.0,0.2,-8.26,-0.33,5.42,-5.36,1.2,4.47,3.39,-0.1,1.16,2.0,-1.02,0.71,0.02
2020-06-05,0.42,-0.11,-1.9,-5.44,1.89,0.0,1.79,-7.16,2.09,9.09,-3.28,-0.34,4.81,5.19,-1.32,3.41,2.48,-0.29,1.43,1.89
2020-06-12,3.65,-3.7,-1.15,-3.62,5.43,0.0,4.64,-7.26,4.17,6.44,0.94,0.92,4.14,3.85,-4.24,5.24,3.07,-0.64,1.79,2.72
2020-06-19,1.18,-3.76,-1.7,1.78,4.85,0.0,5.8,-4.32,3.68,7.75,5.16,0.77,5.08,1.47,-4.39,4.47,2.46,-1.59,2.03,2.45
2020-06-26,1.87,-4.69,-3.35,3.65,4.13,0.0,6.04,1.77,4.49,8.11,6.83,1.03,3.53,-0.42,-2.64,-0.19,1.17,-2.7,1.62,5.49
2020-07-03,3.3,-3.11,-6.78,6.58,3.06,0.0,4.5,0.67,1.63,5.74,6.73,2.08,2.86,-1.84,3.53,-1.15,-0.7,-2.8,1.37,2.46
2020-07-10,-0.09,-0.54,-7.63,4.65,-1.22,0.0,2.81,-0.15,0.92,3.56,10.0,2.46,1.25,-1.63,4.97,1.43,-1.69,-0.84,1.93,1.35
2020-07-17,2.89,-1.04,-8.19,0.62,0.01,0.0,3.25,-1.11,1.94,-4.1,9.65,2.07,-1.22,-1.54,7.04,2.77,-1.49,-0.51,0.89,1.14
2020-07-24,0.21,-3.18,-6.0,0.57,3.28,0.0,7.06,-4.41,5.32,-6.24,8.78,1.86,-0.44,0.86,8.32,3.1,1.09,2.08,1.52,0.29
2020-07-31,-2.61,-3.24,-4.79,2.15,2.1,0.0,6.21,-1.62,5.27,-5.62,7.59,0.76,0.26,-0.42,2.02,-0.18,4.19,-0.22,1.93,1.58
2020-08-07,-1.78,-1.56,-3.64,0.86,3.59,0.0,5.67,-0.54,4.31,-4.64,4.49,1.32,2.15,-2.58,5.51,-3.39,5.66,-0.27,1.65,1.13
2020-08-14,-1.81,-1.55,-1.26,-2.21,1.96,0.0,3.55,-3.49,2.17,0.6,2.19,0.64,4.52,-1.38,6.16,-10.0,5.28,0.63,2.53,-0.5
2020-08-21,-1.69,2.48,-0.41,0.1,0.5,0.0,-1.78,-3.24,-2.83,2.13,1.11,-1.31,0.84,-4.97,-3.55,-8.9,2.83,-0.67,1.95,-2.42
2020-08-28,1.07,-0.27,0.61,-2.1,0.53,0.0,-0.78,2.35,-1.47,3.28,-0.01,-1.79,-0.5,-4.48,-1.06,-5.93,-0.38,1.08,1.9,-3.21
2020-09-04,-1.05,0.91,2.94,-2.09,1.86,0.0,-1.26,-0.79,-1.25,6.06,-0.46,-4.67,-1.92,-6.03,-4.39,-6.18,-3.51,1.33,1.01,-2.08
2020-09-11,1.19,0.08,2.67,1.71,0.96,0.0,-2.46,-0.45,-1.37,4.26,-0.57,-3.41,-2.32,-6.65,-7.47,-0.65,-4.01,1.04,-1.98,-0.06
2020-09-18,1.99,-6.43,1.9,4.19,1.58,0.0,4.41,8.44,3.31,4.79,-2.83,-2.6,2.76,-3.57,2.21,1.54,-4.14,0.58,-3.71,1.8
2020-09-25,2.39,-1.18,1.29,2.68,1.28,0.0,0.14,-1.1,-1.59,1.31,-4.09,-5.6,0.11,-3.38,4.45,-2.59,-2.42,-1.65,-6.54,-0.6
2020-10-02,6.36,-5.09,-1.34,5.8,-0.96,0.0,0.81,1.91,-1.36,-1.98,-1.6,1.83,-1.02,-1.14,6.15,-6.18,-0.66,-2.14,-5.04,-1.57
2020-10-09,2.73,-5.65,-1.05,1.41,0.84,0.0,5.28,10.0,1.88,0.02,-1.48,-3.01,1.58,1.67,6.28,-7.99,-0.07,-0.76,-1.48,-2.24
2020-10-16,2.6,1.29,-2.27,-5.77,-0.15,0.0,-0.4,-3.89,-3.27,2.12,-0.73,-1.86,1.47,0.58,-5.58,-9.92,-0.98,-0.91,-2.66,-3.38
2020-10-23,2.92,-4.09,0.5,-3.67,1.63,0.0,3.56,-0.72,2.0,1.81,-0.17,2.63,1.19,3.48,-6.09,-2.44,-1.76,2.78,-0.8,-0.05
2020-10-30,0.06,-0.9,-0.63,-5.17,3.08,0.0,2.28,-1.16,1.36,-0.83,-1.15,-5.02,4.53,3.94,-5.51,3.0,-1.93,2.97,-3.57,-1.32
2020-11-06,-0.54,-0.38,0.94,1.43,1.71,0.0,-2.94,-6.57,-0.37,-2.07,-3.43,4.85,2.37,1.17,-2.73,10.0,-1.28,3.4,-2.65,-0.65
2020-11-13,1.92,-1.58,3.6,-1.26,1.48,0.0,-2.47,-3.57,2.35,-4.92,-2.32,6.24,0.11,3.25,3.7,10.0,3.12,0.3,5.21,0.74
2020-11-20,1.34,-0.34,0.34,0.72,2.64,0.0,-1.85,-5.93,1.9,-0.54,-0.79,4.59,0.72,-1.74,-6.97,6.38,2.98,-0.92,7.48,0.37
2020-11-27,1.74,-1.01,4.9,2.39,2.38,0.0,-1.58,-6.09,2.61,1.66,-1.47,8.77,-2.16,-2.81,-5.93,3.45,3.73,-0.75,8.98,1.7
2020-12-04,1.8,1.74,4.31,-0.46,3.03,0.0,-0.18,-4.44,2.34,5.72,-0.58,-0.81,-1.73,-5.26,-10.0,3.37,2.15,-2.36,6.35,1.17
2020-12-11,-1.21,0.89,3.79,3.85,2.96,0.0,0.33,-10.0,2.84,7.82,0.79,2.11,-1.37,-7.98,-8.59,-2.11,0.23,1.63,6.24,0.11
2020-12-18,-3.2,0.48,3.83,5.48,1.5,0.0,-1.92,-8.78,1.05,5.05,1.01,-5.78,-0.12,-6.01,-0.53,-3.8,0.54,1.88,5.75,-0.79
2020-12-25,-2.47,0.66,1.01,1.56,0.3,0.0,-1.28,-7.59,1.53,8.67,2.59,-10.0,-0.94,-5.28,0.09,-0.15,-1.09,1.93,4.45,-0.86
2021-01-01,-2.51,-0.58,1.72,5.18,-0.24,0.0,0.25,-3.07,3.02,5.4,4.9,-9.23,-1.49,-3.17,2.65,-0.6,-2.01,0.69,3.79,-0.56
2021-01-08,-3.18,3.03,-0.01,-0.73,-0.98,0.0,-1.88,-4.13,0.18,4.26,3.92,-6.29,-2.35,-2.55,4.04,1.62,-2.58,3.46,-2.61,-2.39
2021-01-15,-4.69,5.15,-0.36,-0.52,-3.04,0.0,-5.39,-5.15,-1.94,-1.39,2.79,-3.78,-0.2,-5.59,-0.17,5.65,-0.97,3.11,-5.07,-3.59
2021-01-22,-2.36,4.45,2.88,2.43,-3.55,0.0,-8.22,-6.85,-3.01,-4.35,1.43,-3.26,-0.71,-5.75,-0.87,2.7,2.01,-2.49,-2.75,-4.7
2021-01-29,-0.69,4.57,-1.13,-0.03,-3.83,0.0,-9.54,-10.0,-5.48,-9.61,-0.79,-0.34,-1.19,-8.8,-0.7,-2.65,3.64,-5.54,-1.77,-4.61
2021-02-05,0.38,1.74,0.92,3.57,-3.45,0.0,-8.89,-6.31,-3.74,-9.5,-0.44,0.25,-1.31,-8.04,-3.71,-4.75,4.86,-2.4,0.97,-3.09
2021-02-12,5.69,-2.09,1.72,-3.89,-3.23,0.0,-4.1,0.27,-0.85,-4.04,-0.04,-1.38,-0.54,-4.53,-0.04,-7.24,-0.49,-1.45,5.17,-0.79
2021-02-19,6.7,-1.48,0.09,-5.3,-2.11,0.0,-2.04,1.57,-1.08,-1.66,-1.64,2.74,3.83,-8.22,-1.3,-5.85,-6.33,-2.39,3.45,0.31
2021-02-26,7.08,-1.49,6.48,-10.0,-2.87,0.0,-2.9,-0.51,-1.32,0.82,-1.59,0.46,-1.32,-8.39,-2.19,-0.7,-6.44,1.27,1.17,-1.23
2021-03-05,5.77,0.36,9.45,-8.99,-2.23,0.0,-2.24,-0.9,-1.9,1.53,-3.38,-1.97,-4.3,-10.0,3.0,-1.24,-10.0,-8.79,-2.02,-1.7
2021-03-12,4.42,0.48,10.0,-5.44,-1.4,0.0,-7.92,-9.95,-2.58,0.07,-4.08,-4.3,-8.12,-9.48,-3.37,0.03,-10.0,-7.84,-6.43,-6.53
2021-03-19,0.16,7.63,8.04,-5.85,-2.12,0.0,-10.0,-10.0,-9.15,-5.17,-0.66,-8.05,-10.0,-7.25,-2.8,-1.64,-8.58,2.24,-10.0,-9.85
2021-03-26,-0.54,8.53,5.84,-5.08,0.71,0.0,-8.61,-9.16,-10.0,-1.15,-0.91,-6.13,-7.76,-5.8,-2.82,-4.42,-5.92,-2.87,-9.71,-8.47
2021-04-02,1.6,2.88,4.09,-3.18,1.79,0.0,-7.23,-7.7,-7.23,-1.46,0.45,-6.9,-5.5,-5.12,0.77,-0.92,1.29,4.11,-7.53,-5.18
2021-04-09,3.52,-0.22,-0.99,-1.33,2.45,0.0,-4.29,-4.95,-5.73,-5.76,-0.76,-3.88,-5.59,-4.08,3.45,-0.83,8.29,2.34,-4.67,-1.22
2021-04-16,5.29,-6.54,-0.42,-4.18,5.92,0.0,0.48,-2.17,2.05,-3.79,-2.17,-2.72,-2.09,-2.04,2.29,1.26,8.94,4.53,0.25,1.45
2021-04-23,5.26,-10.0,-0.33,-1.44,4.62,0.0,0.66,0.7,5.09,-3.64,-1.95,-1.94,-5.92,1.2,6.33,1.78,3.02,10.0,2.77,4.23
2021-04-30,2.5,-6.6,0.65,-4.86,5.55,0.0,0.24,1.71,4.73,-5.63,-2.14,-0.95,-3.36,2.11,-0.47,0.76,3.07,4.82,4.59,4.41
2021-05-07,1.26,-7.39,2.08,-6.31,2.52,0.0,1.81,3.37,5.64,-3.72,1.08,0.99,0.15,2.4,-1.39,1.33,3.91,3.39,4.06,3.97
2021-05-14,5.13,-7.1,1.1,-5.06,-0.64,0.0,0.48,1.85,3.02,-1.51,0.85,2.95,-3.29,3.21,1.98,0.94,7.63,2.51,2.33,2.83
2021-05-21,5.41,-5.96,0.93,-2.63,-1.97,0.0,0.15,1.86,1.51,-5.24,0.93,2.21,1.04,0.55,0.36,-0.94,10.0,-5.49,3.56,2.38
2021-05-28,6.56,-4.46,0.34,-5.37,-2.07,0.0,-2.49,-0.33,-1.76,-4.26,-0.3,1.38,2.92,1.12,-1.71,-2.81,8.4,-2.68,4.85,0.06
2021-06-04,4.31,-0.91,0.07,-7.23,-1.0,0.0,-4.31,-1.74,-2.23,4.07,-1.47,2.5,1.9,2.55,-2.35,-2.84,6.46,0.08,5.4,0.05
2021-06-11,-2.72,3.21,-0.59,-5.47,-3.75,0.0,-6.58,-1.05,-4.03,1.19,-1.06,-4.52,5.87,0.63,-0.37,-2.45,2.5,1.18,4.85,1.11
2021-06-18,-6.98,7.43,1.07,-3.2,-4.18,0.0,-6.79,-3.78,-7.56,3.39,0.01,-4.89,2.84,-0.82,-5.04,-0.76,-0.65,-0.07,0.16,-0.21
2021-06-25,-8.76,1.72,2.91,2.48,-2.73,0.0,-3.4,-1.77,-4.5,2.03,2.11,-3.37,-2.17,-3.07,-3.6,1.29,-3.07,1.15,-1.76,0.29
2021-07-02,-8.81,0.51,4.79,7.89,-4.6,0.0,-1.75,-0.86,-4.67,-3.12,1.49,-2.5,-4.43,-5.63,-4.61,1.02,-3.76,7.05,-2.67,-1.25
2021-07-09,-5.74,2.86,2.61,9.54,-4.28,0.0,-2.34,-3.72,-7.0,2.97,-0.58,2.55,-6.06,-8.03,-8.86,-1.39,-5.23,3.13,-3.19,-2.69
2021-07-16,-4.01,-0.24,1.37,4.71,-3.4,0.0,-1.48,-1.78,-3.01,2.57,-1.29,2.61,-4.67,-5.94,-8.13,-2.3,-3.42,7.83,-1.44,-0.93
2021-07-23,-3.57,2.05,-1.27,0.55,-6.87,0.0,-2.95,-3.85,-5.56,8.4,-5.08,3.38,-3.56,-3.39,-5.92,-2.33,-3.55,5.71,-2.57,-1.61
2021-07-30,-2.98,1.47,-2.79,-2.31,-4.5,0.0,-3.05,-5.65,-4.06,9.03,-5.88,2.98,-4.03,-2.68,-5.0,-2.91,-3.87,6.97,-2.25,0.05
2021-08-06,-4.71,0.82,-0.5,-3.63,-3.67,0.0,0.22,-3.37,0.56,6.98,-5.53,3.46,-6.45,0.18,-5.33,-1.17,1.06,7.68,-1.85,-1.64
2021-08-13,-5.39,2.21,0.69,-6.62,-4.24,0.0,0.05,-4.5,1.05,7.14,-5.93,4.21,-4.45,0.48,-4.24,-0.18,2.21,9.14,-1.04,-2.66
2021-08-20,-4.59,4.32,-0.52,-5.13,-4.71,0.0,-0.26,-3.54,0.56,0.66,-1.55,4.33,-1.61,-1.02,-0.78,0.91,4.8,5.72,-0.91,-3.92
2021-08-27,1.21,1.22,0.96,-8.12,-5.98,0.0,-0.75,0.62,-2.05,0.21,-5.35,2.69,5.06,1.06,3.46,1.66,7.56,-1.29,-0.83,-5.36
2021-09-03,3.3,-0.84,1.33,-7.97,-3.83,0.0,-0.26,1.46,-2.07,-1.8,-1.63,5.93,8.16,5.04,3.49,3.7,4.25,-1.26,-0.03,-3.88
2021-09-10,5.13,-0.97,-1.24,-6.7,-4.4,0.0,3.01,6.33,0.36,-6.39,0.42,6.56,9.59,5.89,7.39,3.12,3.02,-1.72,0.52,-4.18
2021-09-17,3.76,-0.78,-0.14,0.08,0.95,0.0,3.78,7.1,1.7,-1.97,-0.93,3.64,4.68,7.82,5.15,2.03,0.89,-0.04,0.2,1.14
2021-09-24,1.62,0.66,-1.94,1.54,3.24,0.0,4.37,5.72,1.1,-5.28,2.74,6.1,-0.64,4.15,3.36,1.73,-3.9,-0.91,-0.92,3.82
2021-10-01,-1.34,0.57,-0.43,4.5,4.53,0.0,4.91,4.61,0.07,-2.22,0.35,5.9,-1.36,-0.59,2.71,-0.91,-4.93,-5.6,-1.75,3.78
2021-10-08,-4.14,3.67,2.2,1.42,8.51,0.0,1.59,0.89,-3.34,1.95,-4.06,1.43,-3.92,-1.07,1.54,-1.51,-5.29,-7.59,-2.28,3.49
2021-10-15,-3.54,2.94,1.94,-2.74,5.93,0.0,2.01,1.47,-2.64,1.95,-1.95,1.69,0.3,-1.04,-1.74,-0.43,-6.26,-6.34,-1.72,-0.01
2021-10-22,-3.0,0.46,3.11,0.0,7.46,0.0,2.33,1.26,-1.02,4.64,-3.86,1.11,1.74,3.92,0.29,0.31,-4.16,-4.04,-0.73,-0.66
2021-10-29,-1.97,-2.26,3.91,-3.17,6.15,0.0,2.64,1.22,0.33,-0.69,-2.86,-0.07,1.42,6.17,0.92,3.27,-4.21,-1.79,-0.9,1.86
2021-11-05,-1.03,0.22,-0.33,0.5,5.16,0.0,2.84,-0.29,-0.45,-4.04,-0.26,2.89,1.33,5.5,-4.04,5.36,-3.53,-3.11,-0.57,3.06
2021-11-12,-0.61,0.51,-1.39,0.51,-2.08,0.0,4.63,0.16,0.7,-4.41,1.75,7.28,2.51,5.06,-3.28,6.33,-3.32,-1.99,-0.48,3.66
2021-11-19,-2.52,6.6,-2.85,-2.99,-6.49,0.0,0.7,-1.77,-5.1,-9.36,3.04,5.56,1.8,-0.03,-5.32,5.15,-4.05,-6.15,-1.22,3.65
2021-11-26,-4.05,10.0,-5.55,-6.15,-8.55,0.0,1.61,-1.78,-5.14,-5.82,5.17,5.48,1.45,-2.41,-3.05,0.59,-2.07,-7.36,-1.31,1.88
2021-12-03,-4.68,7.16,-3.07,-0.66,-7.77,0.0,3.26,0.54,-1.76,-3.5,4.95,4.7,2.41,-1.0,-0.99,-1.51,-1.97,-4.18,-0.98,1.35
2021-12-10,-4.93,5.36,-1.96,-0.91,3.88,0.0,2.22,-0.97,-1.49,-1.21,-1.4,0.28,0.21,-0.78,1.04,-6.57,-0.25,-4.19,-0.17,2.6
2021-12-17,-1.78,1.64,-1.48,2.87,2.6,0.0,3.66,0.16,1.17,3.51,-3.29,-2.78,0.79,1.55,4.2,-7.34,0.57,-0.72,0.89,-0.89
2021-12-24,-1.43,-0.12,-0.63,0.91,5.68,0.0,1.01,0.04,0.76,1.58,-7.63,-3.63,1.17,5.02,3.08,-4.41,-0.13,3.34,1.32,-0.42
2021-12-31,-4.16,1.81,0.15,-8.43,4.78,0.0,1.98,1.07,1.94,4.11,-2.08,-5.4,1.42,5.04,3.13,-2.4,0.28,5.59,1.3,-1.28
2022-01-07,-3.33,1.65,0.0,-6.88,2.43,0.0,3.13,0.08,2.56,1.69,3.95,1.44,0.68,5.61,-0.46,4.79,0.21,6.37,0.74,-3.22
2022-01-14,-3.1,-0.16,0.08,-5.08,7.31,0.0,1.76,-2.06,3.15,3.59,5.97,6.22,2.75,5.28,-2.79,10.0,0.76,4.68,0.63,-0.27
2022-01-21,-1.88,1.47,-0.9,-1.87,1.73,0.0,0.57,-1.29,4.06,4.59,10.0,6.5,2.02,2.15,0.46,10.0,1.62,1.96,0.4,3.47
2022-01-28,1.16,3.17,-2.0,2.84,-1.78,0.0,-3.04,-3.67,-1.88,4.8,7.5,5.04,1.68,2.69,5.37,9.2,0.96,-2.29,-0.61,3.65
2022-02-04,4.53,0.08,-2.11,2.55,-3.56,0.0,-3.61,-0.93,-2.13,4.69,3.08,-0.02,4.04,2.13,10.0,6.82,2.53,-2.74,-0.26,4.37
2022-02-11,4.12,1.65,-3.24,-3.31,-4.1,0.0,-2.15,0.46,-1.42,2.19,0.0,-3.59,1.48,3.32,8.91,5.13,1.7,-1.63,-0.21,4.5
2022-02-18,3.57,-0.6,-2.88,-1.48,-2.47,0.0,1.91,2.37,-0.72,4.12,0.42,0.14,1.35,5.15,6.72,1.94,1.54,1.15,-0.66,-0.76
2022-02-25,1.92,-3.58,-1.4,-1.39,-2.58,0.0,3.98,4.03,1.66,1.58,-1.45,4.39,1.4,2.23,5.24,0.16,0.59,2.97,-1.26,-1.44
2022-03-04,-1.85,1.69,-0.69,0.67,-3.53,0.0,1.54,2.9,-3.11,-0.34,-2.11,5.83,-0.86,0.32,2.56,-2.58,-2.25,-0.17,-2.87,-2.8
2022-03-11,-0.9,1.15,-0.22,0.68,-1.97,0.0,2.7,3.48,-2.44,0.43,-2.55,8.86,-3.08,-1.84,0.83,-4.74,-2.31,-1.73,-2.84,-2.0
2022-03-18,0.38,-2.67,1.35,-3.28,2.95,0.0,0.4,1.96,-0.2,-3.03,-4.59,-0.69,-2.47,-2.01,-2.66,-3.32,-2.97,-2.35,-2.45,4.01
2022-03-25,2.71,-5.1,2.4,-4.4,8.94,0.0,2.6,0.83,3.98,-2.55,-2.21,-1.06,-3.28,-1.17,-1.73,-1.69,-0.97,1.76,-1.8,7.71
2022-04-01,4.69,-7.64,-0.1,-4.69,9.62,0.0,5.45,1.94,10.0,-0.57,1.82,-5.54,-1.87,1.13,0.71,0.27,-0.05,6.52,1.01,9.92
2022-04-08,2.79,-3.48,-3.07,-5.71,1.76,0.0,1.33,0.46,5.77,-1.25,3.45,-7.86,2.15,2.13,4.96,0.84,-0.31,7.47,0.43,4.44
2022-04-15,-0.26,0.11,-1.84,-1.2,-2.32,0.0,0.39,-0.45,0.61,-0.54,2.46,-6.42,2.68,3.83,5.95,-0.11,-0.27,5.57,0.34,-3.85
2022-04-22,1.26,4.59,-5.95,0.16,-4.48,0.0,-7.72,-4.73,-6.89,2.36,-0.29,-7.43,1.08,5.45,0.64,-1.87,-0.99,-0.91,1.3,-4.21
2022-04-29,0.72,8.92,-3.7,0.99,-9.71,0.0,-9.94,-6.95,-10.0,1.95,-0.53,-7.27,-0.11,2.01,0.37,-1.48,-1.14,-4.23,-1.6,-8.85
2022-05-06,0.35,9.11,-1.72,2.25,-6.77,0.0,-8.83,-7.6,-8.73,1.55,1.9,-7.07,-2.96,2.11,-1.4,-0.65,-0.51,-4.14,-3.28,-3.87
2022-05-13,5.52,5.44,-5.91,3.4,-5.87,0.0,-9.12,-7.32,-8.14,-2.45,1.82,-4.05,-3.53,-0.17,-0.73,-0.17,-0.76,-3.93,-2.53,-0.41
2022-05-20,4.3,0.16,-1.36,3.45,-3.95,0.0,-4.76,-1.94,-3.97,-8.8,4.08,-4.26,1.42,0.05,1.89,1.79,-0.72,1.3,-0.74,1.78
2022-05-27,5.67,-7.78,0.99,0.62,2.36,0.0,3.82,1.87,3.24,-10.0,9.34,2.09,2.05,3.33,1.81,2.9,-1.3,3.41,3.73,9.62
2022-06-03,5.78,-10.0,-0.76,-0.15,4.87,0.0,4.46,3.12,5.19,-6.41,7.95,3.96,1.86,2.56,0.03,3.07,-1.83,4.39,8.76,8.7
2022-06-10,1.02,-5.33,0.2,-2.64,1.82,0.0,-1.03,1.96,2.58,-2.83,6.49,2.94,1.45,-0.57,-2.77,2.67,-2.06,4.42,10.0,6.09
2022-06-17,1.34,-0.71,-5.14,-0.28,-5.31,0.0,-3.41,6.89,0.15,-1.38,2.74,1.54,-2.72,-2.03,-0.87,0.38,-0.97,-1.17,4.89,3.25
2022-06-24,0.27,1.09,-7.5,0.03,-3.01,0.0,-0.11,10.0,0.29,-0.67,1.29,-3.11,-3.89,-0.81,-0.05,-2.45,-0.71,-2.01,-0.67,2.07
2022-07-01,-1.25,1.02,-7.78,1.03,-1.33,0.0,6.49,10.0,2.05,-1.16,3.36,-2.47,-0.49,-1.22,1.42,-3.84,-1.1,-3.71,0.45,1.42
2022-07-08,-1.65,-0.55,-4.42,1.8,-0.23,0.0,10.0,8.83,4.8,-5.26,5.41,2.07,0.84,0.12,4.79,-3.59,-1.75,-5.45,-5.75,2.84
2022-07-15,-3.74,0.92,-0.96,-2.95,1.7,0.0,6.57,3.63,3.14,-1.35,4.89,3.51,2.85,-0.7,2.73,-2.41,-1.59,-4.3,-2.84,4.18
2022-07-22,-6.4,2.73,0.2,1.6,1.7,0.0,3.77,0.25,1.23,1.72,1.68,4.2,4.37,-2.95,2.54,-1.6,0.06,-5.4,-6.07,3.37
2022-07-29,-9.77,2.77,4.1,0.06,0.34,0.0,4.4,-1.31,1.89,1.86,0.67,3.76,3.28,1.26,0.91,-0.64,1.11,-3.02,-6.44,2.7
2022-08-05,-6.98,0.61,2.1,1.12,3.69,0.0,4.91,-1.98,3.77,6.47,2.46,1.33,4.68,0.76,-0.88,-0.1,4.23,-1.21,0.86,4.02
2022-08-12,-8.27,-4.48,0.74,1.17,2.63,0.0,8.61,2.01,8.73,6.94,6.28,3.23,1.51,5.56,-1.5,0.54,5.6,4.12,10.0,7.29
2022-08-19,-9.06,1.54,-4.84,-6.96,-6.18,0.0,3.17,0.11,4.59,6.12,7.07,3.96,0.2,1.28,-5.68,0.59,4.34,4.6,10.0,4.61
2022-08-26,-8.0,3.11,-9.14,-6.08,-8.58,0.0,1.66,1.51,3.42,3.49,8.32,4.32,-1.27,-6.66,-1.02,0.82,4.66,3.24,8.22,5.4
2022-09-02,-6.05,2.0,-10.0,-1.17,-9.23,0.0,1.23,2.81,3.65,6.55,6.68,3.23,-2.5,-4.49,0.38,1.0,3.83,4.84,7.13,5.37
2022-09-09,-3.27,2.91,-10.0,0.9,-5.3,0.0,0.56,1.35,1.21,4.03,5.04,1.18,4.66,-8.35,1.02,1.11,1.89,2.14,3.27,-0.29
2022-09-16,-1.99,-1.78,-4.99,9.38,-1.64,0.0,3.26,5.14,2.98,1.94,0.78,0.19,5.97,-0.66,3.73,0.46,1.83,1.12,8.38,1.06
2022-09-23,6.63,-0.05,-6.47,9.22,-0.85,0.0,-1.79,4.72,-0.9,-1.89,-9.14,-3.55,4.72,7.47,-1.52,-0.17,1.88,0.75,9.27,-3.2
2022-09-30,7.54,-0.02,-7.52,0.11,2.08,0.0,1.37,4.98,-0.51,-8.4,-7.7,-2.81,4.71,8.79,-1.79,-0.47,-0.03,-1.22,5.07,-6.29
2022-10-07,5.69,1.83,-3.94,4.75,0.97,0.0,0.26,2.95,-1.03,-7.88,-6.25,-1.5,3.32,4.47,-2.96,-2.19,-0.95,-2.38,1.47,-3.13
2022-10-14,9.55,-0.17,-4.01,-2.33,2.5,0.0,-0.46,-1.33,-0.35,-8.72,-2.53,-2.14,3.39,0.41,-4.58,0.24,-1.81,0.28,2.61,-2.4
2022-10-21,6.08,-5.03,3.14,0.32,4.94,0.0,1.63,-3.62,1.39,-5.79,3.86,-2.15,3.45,-3.65,-2.73,0.6,-2.51,-1.58,8.18,1.47
2022-10-28,0.86,-2.0,-0.83,5.11,4.52,0.0,-2.8,-6.56,-0.48,-2.73,0.68,-0.03,2.46,-8.72,0.91,0.44,6.38,-0.2,10.0,-1.03
2022-11-04,-0.24,0.27,-0.3,2.66,1.74,0.0,-4.81,-5.66,-1.23,-0.12,-4.57,0.4,2.98,-6.28,1.82,1.73,8.44,2.5,10.0,-0.68
2022-11-11,-4.02,-0.52,-5.05,-0.41,4.41,0.0,0.05,1.23,1.27,-1.16,-5.47,3.78,1.44,-5.41,4.15,2.02,7.65,0.03,8.03,-2.08
2022-11-18,-6.86,1.34,-9.29,-1.35,1.57,0.0,0.4,1.63,1.15,-5.35,-1.79,4.75,0.7,-4.33,5.88,2.5,8.75,-0.96,5.1,-4.55
2022-11-25,-3.49,-1.16,-6.75,0.96,0.15,0.0,1.19,2.19,2.27,-3.56,0.77,3.19,-2.02,-4.24,1.51,3.08,1.46,-0.67,1.84,1.06
2022-12-02,-3.74,-2.15,-5.9,-8.75,6.21,0.0,5.65,4.09,4.79,-5.53,7.95,2.34,-1.6,-4.71,2.23,3.98,-2.06,-0.6,1.13,-0.08
2022-12-09,-4.39,4.08,-7.61,-1.06,-1.51,0.0,-0.38,0.74,0.44,-4.08,8.1,-2.97,-1.32,-4.16,-1.18,3.52,-2.11,-1.9,1.37,1.47
2022-12-16,0.34,3.53,-6.7,-1.76,2.02,0.0,0.24,3.01,0.91,2.17,1.4,-4.07,3.97,-2.63,-2.24,0.52,-0.95,-0.44,3.23,2.01
2022-12-23,-2.44,2.32,5.86,-2.83,3.45,0.0,-0.55,4.11,-0.56,2.31,-2.48,-6.79,7.66,-1.81,-2.43,-0.23,4.35,1.62,4.59,-1.52
2022-12-30,0.14,0.99,3.9,4.89,-1.67,0.0,-1.94,3.36,-2.42,1.83,-5.97,-6.25,3.48,2.63,-2.93,-3.47,6.88,0.68,3.52,-1.78
2023-01-06,3.44,-3.27,8.26,1.06,5.63,0.0,3.22,3.84,0.75,0.96,-6.72,-2.88,10.0,4.41,1.47,-5.35,8.01,4.55,1.69,-2.27
2023-01-13,2.5,-6.18,8.77,10.0,4.42,0.0,3.38,1.17,1.24,1.35,-1.54,1.66,8.27,3.55,-1.3,-1.54,5.76,5.38,-0.85,-2.13
2023-01-20,-0.85,-3.9,2.25,7.83,0.85,0.0,2.55,-1.46,0.4,0.73,1.66,2.66,4.16,5.17,0.61,-2.28,4.76,-0.25,-3.35,1.27
2023-01-27,-0.38,-3.49,0.8,7.93,3.42,0.0,2.68,-0.82,1.58,-2.06,1.96,2.1,1.81,6.38,2.97,-0.8,7.62,-2.65,-2.29,2.62
2023-02-03,-1.71,-0.27,5.54,5.0,0.51,0.0,-1.12,-3.25,-0.42,1.43,-1.37,1.5,-1.6,3.41,-1.76,4.75,6.74,-4.96,0.12,1.47
2023-02-10,-2.66,-0.38,4.68,9.73,-0.22,0.0,0.5,-2.44,-0.65,-1.66,-1.24,-1.57,-5.73,-0.72,-1.63,3.45,5.12,-5.5,-2.78,-0.81
2023-02-17,0.51,0.0,3.24,8.77,3.33,0.0,1.49,-0.43,0.11,-0.93,-1.71,-4.2,-5.19,-2.66,-5.04,4.16,2.68,-4.34,-2.83,-1.11
2023-02-24,1.61,1.5,-0.87,0.03,3.86,0.0,3.9,-1.3,1.23,2.1,0.39,-0.17,-5.79,-5.34,-3.54,2.26,2.03,-6.34,-2.95,-0.27
2023-03-03,5.93,1.19,-4.4,-1.01,0.49,0.0,3.48,-1.11,0.71,1.03,4.67,-0.42,-5.13,-5.64,-6.86,-0.64,3.4,-3.36,-3.63,-1.78
2023-03-10,1.36,6.46,-10.0,-7.11,-0.17,0.0,1.06,-3.29,-0.77,0.73,3.13,5.35,-2.04,-3.32,-8.59,-3.09,4.6,-3.88,0.81,0.75
2023-03-17,-2.7,7.36,-3.34,-5.54,-1.91,0.0,-0.13,-1.26,-2.5,-4.74,1.34,8.26,-0.15,-3.08,-9.06,-5.52,2.24,-8.18,0.97,-5.67
2023-03-24,0.6,2.74,-3.34,3.02,-3.32,0.0,-0.87,-0.78,-2.3,-5.77,-1.96,5.58,1.44,-1.63,-10.0,-0.64,2.46,-2.85,0.31,-5.96
2023-03-31,-5.03,3.3,-2.68,1.26,-2.31,0.0,-1.29,0.53,-1.36,-3.55,-2.28,6.93,0.44,-1.04,-5.13,0.81,7.07,-4.67,2.61,-0.14
2023-04-07,-3.44,0.43,0.38,1.83,-4.54,0.0,-0.92,3.11,0.19,-0.54,-2.29,0.76,-1.47,2.5,-0.98,3.07,10.0,-2.88,0.59,2.39
2023-04-14,3.25,-2.85,0.47,-2.99,-0.64,0.0,1.37,2.3,3.15,4.1,-1.21,4.42,-5.57,1.78,-0.3,4.16,9.45,0.97,2.21,10.0
2023-04-21,0.72,1.89,-1.09,-7.35,-1.11,0.0,-2.74,0.44,-0.17,3.09,-1.56,-0.35,-8.44,-1.75,0.84,4.52,7.49,-3.45,1.09,8.36
2023-04-28,-0.3,2.23,-0.84,-3.03,-0.72,0.0,-2.03,-0.08,-0.7,2.79,-0.7,-3.85,-6.03,-5.54,2.62,2.96,6.37,-4.29,0.15,5.56
2023-05-05,2.49,3.58,-0.88,-2.6,0.38,0.0,-4.11,-1.28,-3.29,-0.54,-3.14,-4.76,-0.7,-5.41,-1.59,2.5,5.99,-4.01,0.26,5.1
2023-05-12,0.31,5.01,-1.84,0.62,-3.89,0.0,-7.55,-4.6,-7.07,-3.31,-3.91,-8.7,0.29,-4.82,-0.82,5.15,5.96,-4.66,0.1,4.1
2023-05-19,0.98,5.85,-1.09,-4.03,-1.31,0.0,-6.6,-4.92,-7.16,-1.03,-2.23,-5.36,3.13,-6.73,0.61,1.02,-0.35,-7.78,2.33,5.19
2023-05-26,2.5,4.11,0.0,-0.57,-1.81,0.0,-6.84,-3.5,-7.82,-3.28,-3.65,-5.3,0.74,-5.2,0.45,-8.32,-6.44,-10.0,-0.73,10.0
2023-06-02,0.17,1.38,2.93,1.25,1.96,0.0,-3.85,-1.94,-4.7,0.59,-1.89,-4.08,-2.73,-8.48,1.75,-5.94,-7.78,-6.64,0.07,5.97
2023-06-09,-3.18,-0.58,3.67,7.51,4.08,0.0,-0.16,1.86,-0.77,1.05,-0.4,2.57,-3.38,-8.04,4.14,-5.56,-4.5,-1.89,-0.65,2.35
2023-06-16,-0.09,-4.53,0.98,7.75,1.85,0.0,-0.02,2.79,-0.81,-0.02,-0.58,1.49,-6.32,-4.12,3.41,-7.95,-0.33,3.3,-0.95,-1.58
2023-06-23,-2.47,-5.94,-0.49,3.09,5.46,0.0,2.73,0.47,2.13,3.18,-1.62,6.15,-8.22,-2.79,3.66,-1.79,-0.97,4.5,-0.07,-3.16
2023-06-30,0.25,-6.06,2.5,1.88,-0.49,0.0,2.2,0.11,1.61,1.64,0.02,6.84,-8.27,-2.18,2.91,-6.49,0.14,-0.79,-1.4,-0.91
2023-07-07,6.46,-4.33,-0.34,-2.01,1.04,0.0,2.22,-1.66,1.1,-0.75,1.02,5.56,-2.63,-1.61,1.72,-2.86,-6.81,-4.33,-3.18,1.24
2023-07-14,0.67,-5.6,4.96,1.44,4.17,0.0,4.4,0.26,3.93,-4.72,1.59,3.17,-1.58,-1.8,2.93,0.31,-9.68,-4.19,-1.62,4.0
2023-07-21,7.09,-0.64,2.62,0.13,3.09,0.0,2.39,-0.54,1.61,-7.5,5.18,-1.97,0.26,1.82,0.72,-0.92,-5.69,-3.65,-1.3,-1.21
2023-07-28,5.63,-2.93,1.5,2.68,9.07,0.0,4.13,2.94,4.41,-6.6,2.65,3.1,2.04,3.68,5.43,-4.97,-9.34,0.68,1.08,3.03
2023-08-04,-3.7,4.97,-0.55,1.92,9.17,0.0,1.6,-0.06,-0.82,-3.64,0.05,1.25,-2.92,2.2,5.7,-10.0,-8.25,-1.22,0.97,-5.05
2023-08-11,-1.0,5.9,-1.67,0.66,7.15,0.0,-0.62,-2.1,-5.05,1.27,-1.23,2.91,-3.58,0.41,-1.4,-8.36,-2.84,-1.78,-2.42,-10.0
2023-08-18,-8.23,8.41,-0.23,3.36,6.25,0.0,-1.56,-4.23,-8.08,0.28,-3.13,5.94,-5.97,-4.62,0.01,-7.82,-2.91,0.67,-2.67,-9.36
2023-08-25,-1.71,7.0,-3.88,2.39,7.51,0.0,-1.35,-7.05,-7.93,0.15,-2.16,1.29,-8.61,-5.1,-3.13,-4.14,-0.77,-0.53,-3.18,-8.37
2023-09-01,-3.4,3.05,-1.94,-1.24,3.9,0.0,0.36,-0.47,-0.95,1.35,-1.68,1.62,-7.2,-3.3,-5.51,-2.19,0.33,1.63,-0.88,-3.18
2023-09-08,-6.22,3.01,-2.33,2.64,5.26,0.0,3.76,1.78,0.82,-0.4,-2.17,0.67,-6.59,0.39,-2.36,-5.04,-5.01,-2.96,-2.88,0.46
2023-09-15,-0.27,-0.45,-0.65,2.89,5.69,0.0,2.35,4.32,3.16,2.2,-1.72,3.26,-5.86,1.27,-4.32,-3.91,-7.26,-4.45,-4.14,7.26
2023-09-22,0.25,3.46,3.91,1.44,-1.25,0.0,-3.3,2.86,-3.62,1.06,-2.82,5.23,-5.75,2.38,-4.52,-1.97,-8.71,-6.91,-4.12,3.65
2023-09-29,0.19,1.11,4.51,6.4,-1.51,0.0,-3.4,0.56,-5.21,3.08,-2.88,-0.66,-4.21,2.67,0.77,-1.38,-10.0,-2.57,-4.04,3.29
2023-10-06,-3.84,3.06,3.85,4.44,-1.79,0.0,-1.11,0.4,-4.27,8.38,-1.57,8.43,0.86,-1.3,-0.45,1.37,-6.25,-5.6,-0.68,-0.7
2023-10-13,-10.0,5.39,-1.43,1.57,-2.11,0.0,2.12,3.4,-3.35,8.51,-2.26,5.9,2.1,0.31,1.17,1.16,-6.17,0.81,-0.21,-5.19
2023-10-20,-8.65,2.8,-6.16,2.02,-0.31,0.0,6.79,6.22,1.44,7.01,-1.49,1.66,4.36,-1.71,3.06,0.72,-2.76,1.51,0.65,-5.08
2023-10-27,-8.78,4.73,-7.67,-3.0,-1.16,0.0,5.19,1.86,2.46,6.74,-1.29,7.8,4.1,0.54,4.19,-1.0,2.29,6.36,1.93,-4.76
2023-11-03,-8.64,5.32,-3.94,-5.22,-7.42,0.0,-2.82,-3.7,-0.93,1.81,-3.57,-1.0,2.53,1.45,4.96,0.38,-0.92,10.0,2.43,-2.0
2023-11-10,-7.29,5.37,-5.06,-4.66,-7.26,0.0,-6.2,-4.64,-1.46,0.81,-7.07,-0.04,1.59,2.07,2.59,-0.39,2.88,7.33,4.88,0.01
2023-11-17,-10.0,7.16,-4.83,-7.74,-9.29,0.0,-8.74,-7.12,-3.78,-0.86,-6.01,5.97,2.67,3.52,1.1,-1.27,2.01,5.92,6.47,2.15
2023-11-24,-4.55,2.03,-3.51,-7.09,-4.48,0.0,-1.97,0.62,2.35,-1.92,-2.3,4.68,2.48,3.16,-4.27,2.79,0.34,5.2,4.13,3.41
2023-12-01,0.22,0.1,-4.82,-7.6,5.51,0.0,5.38,1.85,9.81,2.92,0.33,3.88,2.2,2.16,-1.33,4.79,6.69,2.8,2.36,3.32
2023-12-08,-7.03,2.5,-3.21,-4.71,3.44,0.0,4.67,-2.83,7.26,2.19,4.93,2.88,5.64,2.83,-4.74,6.83,2.45,3.17,3.46,0.23
2023-12-15,-5.52,-0.06,-0.9,0.04,6.73,0.0,6.36,-6.42,8.88,4.25,8.4,-3.21,2.37,2.51,-2.29,7.34,-2.39,4.02,5.89,-1.33
2023-12-22,-4.26,-1.5,1.33,-0.93,0.16,0.0,0.41,-9.7,3.07,6.75,1.27,-7.35,1.14,3.98,1.7,4.02,-1.93,1.52,3.03,-0.97
2023-12-29,-5.54,0.68,0.56,-0.91,-4.06,0.0,-3.15,-6.98,0.55,2.93,0.84,-9.89,0.76,5.49,0.33,3.59,-6.22,1.37,1.11,0.99
2024-01-05,3.42,-1.05,0.44,-2.64,-7.32,0.0,-2.97,-8.17,-1.06,2.05,4.96,-7.75,-2.17,5.33,4.67,2.44,-1.64,1.71,-2.24,-1.62
2024-01-12,3.92,-0.1,0.53,-1.84,-5.86,0.0,-3.43,-9.12,-3.96,1.18,0.34,-3.67,-7.34,3.7,5.51,-0.11,3.08,1.01,-6.43,-4.96
2024-01-19,-4.06,7.69,-2.01,-0.55,-3.2,0.0,-7.57,-6.53,-8.73,-5.37,-1.43,-3.44,-10.0,-1.98,3.88,-0.74,3.47,0.25,-5.17,-6.87
2024-01-26,-8.68,7.64,-0.1,-0.3,-6.08,0.0,-7.87,-5.72,-8.67,-5.11,0.32,0.92,-10.0,-2.1,2.74,-4.08,4.27,0.11,-2.41,-6.67
2024-02-02,-10.0,7.29,2.94,-1.03,-5.73,0.0,-7.69,-1.54,-6.36,-0.53,-6.42,0.94,-6.82,-2.7,2.09,-5.73,2.51,0.68,1.98,-2.7
2024-02-09,-7.42,6.31,-0.02,-1.2,-8.81,0.0,-9.37,0.49,-5.76,-1.22,-4.54,-1.6,-2.84,-3.54,-1.68,-3.87,0.77,1.66,1.39,-0.03
2024-02-16,-6.01,2.67,-0.29,0.47,-9.34,0.0,-6.43,-0.69,-3.39,0.67,-1.0,1.37,-0.06,0.17,-1.71,-2.35,-1.97,2.48,1.51,1.25
2024-02-23,4.09,-2.89,0.05,2.16,-8.22,0.0,-4.42,-1.2,-1.25,4.33,0.71,0.43,2.2,0.44,1.13,-0.28,-1.33,1.05,2.24,2.68
2024-03-01,8.22,-4.2,-2.9,1.32,-6.25,0.0,-1.58,-0.76,-0.24,3.21,7.06,-1.53,-0.48,-0.37,0.6,1.79,-3.06,0.35,3.3,0.86
2024-03-08,7.88,-4.88,1.2,4.61,-4.72,0.0,-2.76,-3.43,-1.14,6.6,1.75,-1.6,0.35,1.07,2.94,1.09,-4.48,0.94,4.06,0.72
2024-03-15,9.43,-5.05,-0.12,-4.07,-0.95,0.0,-0.59,-1.12,1.59,8.02,2.59,-3.36,0.29,1.36,4.83,2.83,-3.54,0.86,3.83,1.8
2024-03-22,2.52,0.38,-6.92,-6.53,-0.77,0.0,-3.36,-2.29,-1.58,4.44,-3.39,2.8,-2.06,-0.59,0.14,1.4,-2.71,0.84,1.33,0.71
2024-03-29,2.01,-1.13,-5.85,-9.59,2.53,0.0,-4.2,-5.27,-2.64,1.08,-7.17,3.79,-2.38,-0.93,0.4,-0.78,-1.08,-0.13,-0.95,1.21
2024-04-05,-0.63,-1.43,-5.85,-10.0,4.13,0.0,1.07,-1.31,0.64,-1.54,0.65,3.91,-3.77,3.02,-3.51,1.53,2.98,-1.26,1.6,0.54
2024-04-12,-6.7,0.11,-8.71,-6.78,1.08,0.0,-0.77,-2.85,-1.93,-3.42,-0.28,6.98,-2.72,1.54,-6.89,2.36,5.19,1.16,2.99,-3.26
2024-04-19,-7.98,0.97,-5.28,-4.47,2.62,0.0,-1.63,-2.21,-2.56,-5.13,-2.99,1.57,-2.69,2.37,-3.69,2.44,2.16,-0.58,-0.29,-4.7
2024-04-26,-7.82,-0.47,-3.8,-0.83,0.26,0.0,-0.06,3.1,-0.39,-2.53,-2.51,3.77,-1.05,-0.29,-3.12,6.59,0.84,-1.58,0.96,-4.07
2024-05-03,-4.79,-2.5,-5.81,-3.46,0.13,0.0,0.9,5.59,1.14,-1.54,-4.0,6.76,-0.23,-4.51,-3.15,3.27,1.91,-0.79,-0.61,-0.72
2024-05-10,-2.19,-2.95,-6.36,-3.74,1.43,0.0,2.28,6.11,3.17,1.4,-5.33,6.47,-1.77,-2.48,-9.31,1.66,2.88,-2.37,-2.44,2.12
2024-05-17,1.47,-8.86,-5.75,-2.68,0.62,0.0,8.08,9.78,8.34,4.91,1.25,6.88,1.16,-1.74,-6.39,6.08,7.19,-0.46,5.74,3.88
2024-05-24,0.4,-5.1,-7.78,-3.93,0.85,0.0,2.88,3.05,4.9,1.33,-3.8,4.76,-0.16,1.43,-6.58,4.13,9.11,0.83,2.92,4.58
2024-05-31,-2.34,-4.21,-9.52,-1.07,1.08,0.0,-0.62,-0.89,3.06,1.23,-7.39,-0.21,1.64,0.15,-8.17,3.22,5.53,-0.39,3.67,4.47
2024-06-07,2.0,-4.32,-8.42,3.09,2.4,0.0,-1.31,-2.66,0.34,-3.12,-6.26,0.59,1.49,0.16,-6.53,3.29,4.12,-2.87,2.64,1.59
2024-06-14,-4.67,1.47,-7.47,1.6,3.86,0.0,-5.38,-8.14,-4.43,-6.81,-7.93,-0.26,0.25,-2.49,-10.0,-1.5,-2.94,-2.33,-8.37,0.79
2024-06-21,-2.88,4.16,-6.43,-0.16,2.15,0.0,-5.56,-5.92,-6.15,-3.65,-0.07,-4.52,-0.68,-5.68,-10.0,-2.62,-4.43,-2.08,-6.03,-2.25
2024-06-28,-0.73,10.0,-4.0,-2.56,-0.69,0.0,-7.94,-2.82,-8.71,-6.61,0.32,-4.47,-4.92,-4.06,-4.18,-0.07,-1.94,-1.52,-7.74,-3.59
2024-07-05,-1.55,7.91,-2.87,-3.33,-2.63,0.0,-8.44,-4.33,-6.55,-2.91,2.5,-8.19,-2.71,-2.38,-2.7,-0.14,-3.02,2.26,-2.37,-1.03
2024-07-12,2.55,4.9,-4.28,-5.51,-4.39,0.0,-7.71,-3.23,-4.2,-1.38,4.88,-9.09,-4.13,3.01,-1.72,0.77,1.37,3.38,4.36,0.11
2024-07-19,2.42,0.72,-2.55,-1.16,-3.32,0.0,-2.68,3.61,-0.15,-1.32,4.03,-6.48,-3.28,5.82,1.53,0.84,-1.57,0.9,2.71,3.92
2024-07-26,3.31,1.04,-4.78,-1.0,-0.96,0.0,-0.44,1.23,0.73,2.98,0.95,-4.65,1.39,8.94,-1.0,-1.16,-5.21,-1.38,3.97,1.94
2024-08-02,2.41,3.05,-3.35,-3.51,-1.89,0.0,0.1,5.65,0.43,2.9,-3.29,-4.33,-0.5,4.98,0.86,-2.73,-2.51,-4.64,-1.0,3.19
2024-08-09,3.18,2.45,-1.79,-0.66,-0.79,0.0,4.09,9.83,1.9,6.5,-8.32,-0.05,0.34,2.87,2.17,-1.03,-4.73,-4.48,-3.9,3.13
2024-08-16,1.53,1.38,-0.93,-0.08,0.76,0.0,4.57,5.76,3.26,3.5,-10.0,2.17,1.53,6.05,3.23,-1.45,0.77,-1.78,-1.38,3.55
2024-08-23,3.4,-2.47,3.98,-0.19,-2.57,0.0,3.38,7.56,3.91,3.46,-6.59,-1.27,0.97,8.79,6.53,2.89,4.24,-2.08,-3.5,7.25
2024-08-30,3.16,-3.86,7.63,-0.65,0.37,0.0,4.09,7.5,4.42,1.69,-6.72,-1.41,4.17,10.0,4.52,4.96,2.26,0.21,-1.53,6.03
2024-09-06,3.61,-0.71,7.28,-1.75,-0.16,0.0,2.03,5.38,2.86,-3.71,-2.04,-3.21,4.61,8.96,0.3,2.54,4.09,0.44,-1.08,4.0
2024-09-13,3.65,-0.47,4.89,-2.35,3.15,0.0,1.89,3.1,1.8,1.47,-0.6,-5.07,2.72,6.1,-1.57,3.87,0.73,0.91,-4.47,0.45
2024-09-20,2.21,-3.13,3.89,-5.35,6.92,0.0,5.92,2.43,3.49,1.66,2.93,-0.87,0.71,1.52,-4.07,0.86,-0.88,0.54,-2.56,-2.91
2024-09-27,-1.87,-2.95,1.23,-3.59,4.13,0.0,6.24,2.94,4.56,3.67,3.3,-0.85,-0.76,2.24,-2.57,-0.1,-2.47,0.34,0.05,-0.37
2024-10-04,2.13,-2.97,1.91,-2.65,3.42,0.0,3.23,1.19,2.55,6.29,-6.11,-1.09,-2.26,2.37,0.79,-0.97,-5.99,1.79,-4.67,0.42
2024-10-11,-0.48,2.34,2.23,-3.86,-1.91,0.0,-1.01,-1.27,-1.03,2.26,-7.12,-0.27,-0.43,2.68,-0.79,-2.2,-7.56,-1.11,-4.52,-0.27
2024-10-18,-2.74,6.5,-0.5,1.12,-7.25,0.0,-8.09,-5.9,-5.86,-2.68,-10.0,-1.19,-1.18,4.03,-1.99,-2.65,-8.52,-2.34,-8.9,1.06
2024-10-25,-0.93,7.91,-1.27,0.52,-8.7,0.0,-9.87,-9.33,-8.49,-5.86,-7.72,-0.85,-1.48,2.36,-1.23,-5.28,-6.76,-0.62,-9.39,-3.16
2024-11-01,-3.18,5.99,-3.26,0.81,-7.75,0.0,-5.21,-6.93,-5.47,-6.29,-0.3,-0.87,0.75,-0.83,-0.37,-4.81,-6.24,-0.75,-5.98,-3.0
2024-11-08,-1.05,4.02,-5.08,1.08,-5.27,0.0,-2.94,-3.18,-3.32,-4.39,0.6,-1.6,4.16,-3.38,3.27,-3.97,-5.08,0.14,-6.35,0.46
2024-11-15,0.75,2.02,-3.31,0.11,-3.77,0.0,-1.86,-0.38,-1.71,-0.36,-0.04,-2.54,4.56,-3.21,3.8,-5.22,-4.53,6.62,-3.93,1.92
2024-11-22,-2.92,2.37,-0.82,-0.27,-3.63,0.0,-2.09,3.14,-1.54,0.17,-2.02,-3.6,3.15,-2.97,4.44,-3.28,-4.39,2.0,-3.03,3.29
2024-11-29,-9.4,5.34,0.08,-1.39,-4.75,0.0,-5.08,3.04,-3.5,2.23,-8.26,-2.37,3.79,-2.46,3.89,-3.53,-1.74,-0.18,-1.84,1.87
2024-12-06,-8.53,6.62,1.62,-3.83,-6.37,0.0,-6.77,0.46,-4.73,4.2,-9.14,-1.58,4.25,2.42,4.07,-4.57,-3.07,2.26,1.66,-1.94
2024-12-13,-9.37,5.14,2.64,-4.0,-2.66,0.0,-5.11,0.62,-4.19,0.78,-7.0,-1.93,3.07,0.04,0.04,-3.35,-2.61,5.69,0.31,-4.27
2024-12-20,-7.53,5.86,0.4,-4.58,3.21,0.0,-1.44,-3.01,-2.17,1.23,-5.16,-1.46,4.38,2.6,0.37,-3.84,-6.06,7.87,1.0,-8.27
2024-12-27,-4.25,2.82,0.23,-2.46,5.43,0.0,0.77,-3.81,-1.01,0.09,-2.41,-2.19,3.65,3.15,2.26,-0.59,-6.89,3.72,0.83,-8.07
2025-01-03,-3.02,-0.49,-0.06,1.08,8.67,0.0,3.11,-1.36,1.03,-1.27,-1.46,-1.37,-2.98,1.8,0.06,-0.54,-4.0,0.59,-1.79,-4.81
2025-01-10,-0.43,1.09,0.29,0.48,8.48,0.0,1.68,-3.62,0.4,0.55,-3.67,0.86,-6.57,2.58,1.66,-0.25,-3.9,-0.84,-1.26,-4.2
2025-01-17,1.66,0.07,1.77,3.39,5.47,0.0,-1.23,-0.8,-1.28,-2.71,-8.49,3.25,-6.38,0.02,1.96,-1.58,0.06,-7.39,0.74,0.75
2025-01-24,2.87,0.2,1.62,1.3,4.01,0.0,-2.16,0.82,-0.78,-5.14,-7.94,2.72,-5.11,-1.7,1.59,-1.49,3.47,-3.81,0.85,3.5
2025-01-31,0.99,0.17,0.39,0.89,1.77,0.0,-2.3,2.31,0.28,-5.87,-7.13,1.53,-1.98,-4.88,-0.29,0.85,3.63,1.46,2.68,5.18
2025-02-07,-4.76,1.01,0.27,0.83,-0.11,0.0,-2.77,3.69,0.64,-7.6,-8.69,2.08,1.7,-6.64,0.28,1.53,3.17,1.56,3.98,7.3
2025-02-14,-5.93,-2.08,2.09,2.36,-0.63,0.0,-1.0,4.55,2.76,-6.39,-4.65,0.93,2.67,-8.5,0.33,7.02,5.82,7.12,3.8,5.45
2025-02-21,-7.28,-2.92,2.34,5.55,1.39,0.0,1.46,0.62,3.14,-3.44,-2.84,1.43,-0.08,-6.04,-1.0,2.81,1.96,2.68,2.1,4.48
2025-02-28,-5.81,-1.96,4.53,7.15,1.31,0.0,0.37,-1.89,1.01,-3.88,0.64,1.28,-2.45,-3.97,1.68,4.85,1.29,-5.37,1.86,2.04
2025-03-07,-1.43,-5.75,2.41,6.22,1.42,0.0,5.54,0.06,4.25,2.27,7.25,0.91,0.11,2.68,1.8,4.02,2.71,-7.91,4.35,0.33
2025-03-14,0.07,-5.4,2.48,2.43,2.79,0.0,7.83,1.06,5.56,5.01,8.73,0.28,-0.97,2.98,2.71,4.95,-2.21,-4.5,3.71,-0.63
2025-03-21,-1.92,-3.53,5.62,1.43,0.53,0.0,7.01,3.63,4.88,2.47,9.49,1.65,-3.91,-1.09,1.91,7.46,0.93,-7.21,3.85,-2.39
2025-03-28,-2.13,-4.49,7.25,0.17,0.69,0.0,8.55,3.3,6.25,4.07,9.53,1.32,-4.89,-5.94,0.74,1.68,3.87,-5.74,3.54,-1.33
2025-04-04,-2.53,-3.8,9.38,4.92,-0.23,0.0,5.74,1.46,4.25,0.94,7.22,0.9,-8.31,-7.45,0.99,0.76,1.42,-2.8,-2.51,-0.66
2025-04-11,3.27,-3.17,7.64,10.0,-2.83,0.0,2.61,-2.09,-0.11,-1.62,5.11,1.63,-5.77,-6.41,-1.26,-7.15,-0.36,-3.88,-4.8,-2.49
2025-04-18,3.7,-3.12,6.38,7.99,-2.96,0.0,1.41,-2.88,-0.38,-1.02,2.92,0.37,-2.79,-1.98,-1.87,-5.81,-1.69,2.43,-4.86,-1.33
2025-04-25,4.74,-2.14,7.31,4.64,-4.31,0.0,-0.49,-2.82,-1.14,0.34,1.15,0.41,-1.91,1.93,-4.25,0.28,-4.01,9.0,-4.72,-1.51
2025-05-02,5.94,-1.63,4.12,0.78,-3.06,0.0,0.64,-0.71,-0.3,-0.43,0.5,-0.27,3.29,-1.34,-0.14,-1.82,-1.15,7.5,-1.7,-1.52
2025-05-09,0.62,-1.1,3.13,-0.47,-1.42,0.0,0.41,1.23,1.73,-1.86,0.82,-3.16,-0.59,-5.08,-4.08,2.85,4.48,4.07,0.01,1.87
2025-05-16,0.87,0.98,-6.85,1.05,0.73,0.0,0.27,2.73,1.83,0.2,1.54,-2.92,-3.79,-4.55,-4.94,-0.69,7.12,2.46,0.47,3.19
2025-05-23,-1.47,0.13,-0.99,2.54,3.25,0.0,2.11,3.23,2.86,-1.29,1.82,-3.58,-0.97,-0.71,-1.06,-8.31,8.67,-1.14,-0.94,3.4
2025-05-30,-3.66,1.4,-2.81,2.46,2.67,-8.72,2.23,2.04,2.92,-1.28,2.44,-1.53,-2.81,0.85,-1.14,-5.14,7.62,2.01,0.99,1.98
2025-06-06,-7.45,2.31,0.76,1.27,3.57,-7.33,3.41,-0.11,3.71,2.48,2.64,0.9,-2.35,5.48,0.79,-4.48,5.15,6.34,-1.03,1.33
2025-06-13,-1.39,-1.56,10.0,1.49,3.9,0.58,3.07,-2.89,3.32,1.34,1.65,1.19,-0.53,3.63,5.47,1.56,6.63,6.27,-0.03,0.94
2025-06-20,-2.43,-1.07,6.5,1.03,3.69,0.58,2.31,-2.87,1.8,2.13,0.67,4.18,-2.17,-0.32,5.32,4.25,4.85,5.62,0.82,0.19
2025-06-27,0.61,-3.79,10.0,-0.51,3.56,0.58,1.09,-1.96,1.59,-0.24,0.51,0.59,-4.11,2.09,3.6,9.45,1.82,6.46,0.06,2.5
2025-07-04,4.74,-2.86,5.96,-0.14,1.88,0.58,0.46,0.08,-0.15,-6.21,-0.41,2.41,-2.73,1.18,2.08,5.11,1.63,1.89,1.91,0.64
2025-07-11,2.43,3.62,5.05,-2.78,-0.93,0.58,-2.27,0.93,-3.27,-9.01,-0.48,1.71,-2.59,0.71,-3.67,-5.02,-3.39,-0.48,0.13,-2.13
2025-07-18,2.39,6.53,-1.03,-1.98,-2.07,0.58,-4.44,0.48,-4.34,-8.99,-0.64,-3.14,-1.45,-0.7,-2.76,-8.75,-6.45,-2.35,-0.45,-2.37
2025-07-25,2.41,8.18,-4.38,-0.92,-3.59,0.58,-4.69,1.87,-5.53,-5.74,-1.22,1.95,-2.08,-5.03,-3.13,-10.0,-3.93,-2.25,0.1,-4.08
2025-08-01,-2.92,9.69,-7.47,-3.1,-5.07,0.58,-7.13,-0.4,-7.27,-1.77,-1.78,-3.67,1.11,-8.07,2.7,-8.95,-2.45,-4.14,-1.44,-3.59
2025-08-08,-0.75,5.2,-7.47,-1.65,-4.69,0.58,-5.45,0.96,-4.6,0.28,-3.1,-10.0,2.4,-8.81,0.94,-5.83,-4.62,2.31,1.07,-1.24
2025-08-15,-2.43,4.48,-4.11,-0.52,-5.02,0.58,-5.42,0.45,-4.08,1.77,-2.74,-5.67,4.34,-7.44,-2.8,-2.32,0.57,3.86,0.03,-0.96
2025-08-22,-2.66,4.52,-3.33,-2.02,-5.74,0.58,-4.93,-1.77,-3.6,0.0,-2.33,-7.46,4.6,-6.08,-0.28,-1.35,2.77,-0.17,-0.8,-0.89
2025-08-29,-0.5,0.7,-1.41,-1.15,-3.7,0.58,-1.0,3.44,0.15,-2.04,-1.92,-2.65,0.99,-1.12,-4.45,-0.22,1.82,5.09,0.58,-0.61
2025-09-05,-1.21,1.82,-3.83,-2.31,-4.05,0.58,-1.91,2.84,-0.87,-2.97,-2.28,1.28,-0.88,1.98,3.29,-0.09,5.32,-0.27,0.74,0.25
2025-09-12,2.42,0.76,-4.34,-2.79,-2.86,0.58,-0.64,3.88,-0.1,-1.28,-2.16,-3.39,-0.77,4.36,3.11,-0.37,5.36,5.83,0.99,0.13
2025-09-19,2.02,-4.23,-4.32,-2.4,0.13,0.58,3.23,4.83,3.52,-1.31,-1.16,-0.29,1.09,3.38,4.29,1.58,1.64,7.26,1.07,1.37
2025-09-26,3.64,-1.7,-4.98,-3.16,-0.32,0.58,-0.31,-1.23,0.99,-1.79,-0.97,-4.18,1.09,0.13,6.27,0.03,0.65,5.29,1.74,3.99
2025-10-03,1.01,-0.05,-3.38,-3.36,0.46,0.58,1.08,-2.13,1.18,-0.77,-0.16,-2.56,4.48,1.82,4.77,0.63,1.31,4.13,0.97,1.01
2025-10-10,-1.84,3.66,-2.8,-6.48,0.23,0.58,0.59,-2.38,-0.48,-4.2,-0.71,0.95,4.06,-0.75,5.07,-3.26,0.17,-2.95,0.19,-0.6
2025-10-17,-2.01,7.1,-3.76,-6.26,-0.93,0.58,-3.5,-4.21,-3.89,-3.0,-1.99,1.81,5.05,-0.3,2.16,-6.47,1.53,-1.33,-0.4,-0.23
2025-10-24,-2.38,5.51,-3.42,-5.37,-0.36,0.58,-1.39,-2.57,-2.14,-0.3,-1.35,3.83,5.5,1.36,-0.5,-2.87,0.53,-0.05,-0.32,-1.21
2025-10-31,-2.78,5.01,-2.64,-6.12,-0.21,0.58,-0.45,-0.84,-1.22,0.3,-0.02,5.19,3.92,2.89,-0.8,-2.05,-0.12,1.51,-1.58,-0.21
2025-11-07,0.78,3.82,-3.13,-2.66,-1.03,0.58,-1.28,-4.48,-0.94,0.71,-0.08,6.35,3.63,6.05,-3.21,-1.45,-0.46,2.55,-0.93,0.49
2025-11-14,-0.17,2.37,1.33,-1.9,-0.13,0.58,-0.02,0.76,-0.11,-2.52,0.12,5.15,1.35,7.11,-3.21,0.51,0.33,1.57,0.8,-1.41
2025-11-21,-1.02,1.28,4.58,-1.04,0.02,0.58,0.1,0.49,-0.6,-2.84,0.4,4.82,0.77,10.0,-4.8,-1.67,3.86,-1.22,-1.01,-1.48
2025-11-28,4.39,-3.7,3.51,0.83,1.63,3.75,3.0,3.54,2.24,-1.75,0.52,3.12,0.52,10.0,-5.97,-3.69,4.44,0.55,-2.63,0.35
2025-12-05,2.51,-7.27,4.45,-0.35,4.05,3.58,6.64,5.87,7.39,0.74,2.1,0.78,3.13,9.48,1.76,-0.77,3.36,3.84,0.11,2.02
2025-12-12,10.0,-8.94,-0.33,1.06,6.24,3.42,7.2,2.13,7.97,5.98,2.64,-1.24,3.67,9.3,2.29,-0.4,2.31,7.1,-2.49,2.09
2025-12-19,10.0,-10.0,-2.94,-0.65,7.01,3.27,8.17,3.58,9.17,6.99,2.42,-4.14,6.44,8.25,3.64,2.03,-0.73,7.81,0.66,1.32
2025-12-26,6.21,-4.93,-1.71,0.39,5.98,0.29,5.84,-1.07,7.38,5.12,2.6,-6.67,5.84,7.59,3.74,4.31,-3.41,8.39,1.32,1.67
2026-01-02,6.58,-4.64,-2.3,0.61,6.33,0.29,5.14,2.45,6.07,3.58,1.71,-7.48,3.44,5.74,0.28,3.39,-3.08,7.66,1.49,-0.46
2026-01-09,2.0,-3.81,1.43,0.0,4.54,0.29,3.55,2.97,3.81,1.13,0.15,-1.23,3.85,4.54,0.69,1.94,-3.85,4.18,0.45,-1.4
2026-01-16,-2.1,-1.83,0.53,1.83,3.07,0.29,-0.12,2.41,-0.48,-0.34,-1.54,1.49,-0.4,1.86,2.33,2.97,-1.64,3.57,-4.37,-3.27
2026-01-23,-1.01,-1.61,0.69,4.62,2.07,0.29,-1.48,2.23,-2.51,-0.53,-3.09,6.27,0.75,1.26,-1.23,-0.6,-2.68,3.95,-0.7,-3.68
2026-01-30,-2.16,-0.31,4.54,4.23,0.12,3.69,-2.25,3.61,-3.4,1.09,-3.48,10.0,-1.52,1.02,-1.26,-2.21,-1.18,3.89,-1.48,-2.9
2026-02-06,1.69,-2.46,5.17,4.76,-0.11,3.51,-2.54,7.45,-2.86,-0.41,-3.49,5.97,-1.85,0.86,-2.9,-1.27,0.41,3.37,-2.63,-2.44
2026-02-13,3.6,-2.39,5.07,7.41,-1.13,3.35,-3.27,8.88,-3.37,-0.49,-2.54,0.87,0.76,2.0,-1.55,-0.99,-2.44,2.76,-2.5,3.24
2026-02-20,1.85,-0.07,5.99,2.67,-1.35,3.21,-4.07,7.14,-3.79,-0.64,-1.8,-1.17,-0.29,-0.15,-0.56,1.54,-1.47,-1.02,-7.1,6.64
2026-02-27,2.37,0.14,2.42,1.79,-3.09,0.03,-4.27,6.06,-3.88,-2.66,-2.15,-4.05,1.73,1.06,-1.08,3.15,-1.11,-2.86,-7.57,8.42
2026-03-06,1.19,1.47,2.79,-0.24,-4.48,-2.64,-5.68,-1.84,-7.06,-1.61,-2.46,-3.04,0.29,1.98,-1.39,3.44,-5.28,-5.04,-7.87,1.33
2026-03-13,1.17,-1.32,6.12,-8.5,-2.32,-2.55,-1.14,-6.96,-2.98,-2.72,-0.76,1.36,-3.15,3.07,1.95,1.49,-2.71,-6.89,-8.36,-5.01
2026-03-20,1.76,-1.63,6.73,-9.05,-3.38,-2.46,-0.36,-9.43,-3.22,-1.6,0.04,3.44,-4.0,2.82,7.82,2.96,-2.44,-8.71,-5.8,-10.0
2026-03-27,3.65,-2.71,7.67,-6.41,-3.26,-4.98,-0.27,-9.89,-3.08,-1.38,0.53,2.06,-3.62,2.04,7.86,3.29,-4.21,-10.0,-6.02,-6.22
2026-04-03,4.41,-4.18,0.86,-4.16,-2.5,-2.33,1.88,-5.98,1.43,-0.97,2.62,0.25,-5.98,-0.12,6.53,3.25,0.17,-7.61,-2.62,4.18
2026-04-10,4.94,-4.74,-4.61,-1.59,-0.09,-2.25,0.58,-4.39,1.87,-1.58,-3.01,0.1,3.65,-0.83,1.04,3.33,1.06,-3.91,-0.92,7.01
2026-04-17,5.56,-4.49,-6.89,2.36,1.88,-2.17,0.5,-2.27,3.1,-2.97,-7.77,-1.75,9.04,-1.67,-6.1,2.95,4.01,0.21,2.99,6.68
2026-04-24,3.52,-2.67,-4.97,2.22,2.95,0.4,-0.29,-1.97,1.37,-1.97,-4.07,-0.02,9.0,-3.42,-7.49,1.41,6.31,3.79,3.52,0.16
2026-05-01,2.18,-3.24,-1.7,1.73,3.65,0.4,0.1,-5.17,1.56,-2.63,-3.64,-0.9,6.38,-3.92,-6.1,0.66,5.23,2.64,1.52,-3.74
2026-05-08,-0.28,-2.45,-0.2,1.27,1.6,0.4,1.12,-1.22,2.24,-0.74,-1.33,-2.42,4.19,-3.52,-4.38,0.95,8.96,2.88,9.7,-2.79
2026-05-15,0.88,-0.19,-1.84,-0.22,1.07,0.36,-1.82,-3.78,-0.37,-0.49,-0.19,-5.48,-2.98,-2.34,-1.93,-1.38,4.43,-0.28,1.89,3.68
2026-05-22,0.96,-0.48,-3.54,0.0,-1.84,-2.04,-3.26,-3.89,-1.74,1.27,-0.5,-9.68,-3.3,-0.98,0.64,-2.57,1.54,-0.88,1.58,8.18
2026-05-29,-0.04,0.94,-5.97,-1.98,-1.88,-2.68,-4.41,-1.06,-3.52,2.22,0.05,-4.68,1.28,1.48,-0.97,-2.67,3.28,-0.8,6.86,7.14
2026-06-05,-0.03,2.41,-4.59,-3.48,-0.76,-3.52,-6.41,-5.45,-5.35,0.08,2.19,-2.67,-4.01,0.72,-1.09,-4.25,0.72,-3.16,0.0,7.46
2026-06-12,-2.42,-2.09,-2.9,0.91,0.97,-5.07,-1.28,-0.92,-0.51,2.52,6.3,2.37,-0.54,0.08,-1.42,-1.64,5.2,-0.44,-0.51,3.87
2026-06-19,-2.06,-4.68,-2.05,3.89,5.77,0.42,0.28,-1.38,2.66,0.48,3.51,5.46,-3.38,1.35,-0.9,2.86,8.05,-2.02,1.29,-0.19
2026-06-26,-0.61,-3.88,0.06,3.23,5.97,3.05,1.24,-4.84,2.74,4.9,7.04,2.53,-0.16,-0.34,0.31,3.55,8.18,-1.86,-7.85,-3.75
2026-07-03,0.41,-5.12,-0.87,6.93,3.29,2.98,0.37,-4.78,2.08,6.71,3.88,3.09,3.65,-0.71,2.17,3.49,8.21,-0.42,-5.78,-6.11
2026-07-10,-0.72,-1.57,-3.29,1.29,-0.16,2.91,-2.91,-8.28,-1.76,6.07,3.54,1.62,1.87,1.0,3.12,1.91,6.87,-4.26,-6.57,-5.94
2026-07-17,1.19,-1.99,-1.96,-2.12,-2.59,2.85,-1.04,-4.04,-1.76,9.46,5.16,4.64,3.49,-0.74,-0.96,-1.83,7.38,-4.03,-8.75,-3.66
2026-07-24,-0.3,-3.11,-2.12,-3.04,-1.2,2.8,2.67,-1.73,2.78,8.29,4.83,5.14,0.58,0.82,-2.09,-1.38,4.42,-1.95,-3.62,-0.05
