date,DXY,MXWO,VIX,MOVE,EMFXVOL,G7FXVOL,US_HY_OAS,OVX,DB_G10_CARRY,US_ISM_PMI
2013-01-04,80.499,1370.11,13.83,62.0,6.6534,7.6115,4.8,26.03,130.45,
2013-01-11,79.563,1381.94,13.36,59.2,6.4317,8.3358,4.69,24.57,130.09,
2013-01-18,80.036,1388.11,12.46,55.9,6.5872,9.3595,4.68,21.98,130.12,
2013-01-25,79.748,1405.47,12.89,66.2,6.7862,8.709,4.51,22.52,129.8,
2013-02-01,79.125,1416.79,12.9,65.0,7.2674,8.747,4.76,22.4,129.9,53.3
2013-02-08,80.246,1410.44,13.02,61.5,7.1502,9.252,4.9,23.08,130.08,53.3
2013-02-15,80.58,1406.92,12.46,59.1,6.7882,9.4792,4.76,22.59,129.9,53.3
2013-02-22,81.482,1402.05,14.17,58.6,7.2564,10.0564,4.81,24.58,130.49,53.3
2013-03-01,82.313,1401.75,15.36,55.0,7.2175,9.7618,4.71,23.68,130.41,54.2
2013-03-08,82.696,1428.72,12.59,58.1,6.7979,9.3716,4.42,20.8,129.92,54.2
2013-03-15,82.261,1444.48,11.3,55.8,7.1194,8.9656,4.46,18.76,130.46,54.2
2013-03-22,82.376,1432.33,13.57,61.8894,7.4,9.9175,4.55,19.11,130.36,54.2
2013-03-29,82.976,1434.51,12.7,57.3202,6.8281,9.2904,4.57,18.19,130.57,54.2
2013-04-05,82.496,1419.11,13.92,54.8462,7.1108,9.1923,4.73,21.39,131.24,51.9
2013-04-12,82.311,1456.54,12.06,53.1198,7.086,9.1538,4.53,22.59,131.57,51.9
2013-04-19,82.714,1422.25,14.97,51.3114,7.4511,9.5963,4.61,27.57,131.42,51.9
2013-04-26,82.502,1457.8,13.61,50.2379,6.9298,8.9555,4.45,22.51,131.42,51.9
2013-05-03,82.125,1482.46,12.85,49.0404,6.6651,8.6687,4.1,24.01,131.44,51.0
2013-05-10,83.143,1495.84,12.59,55.3227,7.0098,9.702,4.02,22.83,131.47,51.0
2013-05-17,84.252,1512.98,12.45,61.3274,7.8764,10.0657,4.19,22.82,131.44,51.0
2013-05-24,83.7,1492.74,13.99,65.1208,8.456,10.1836,4.29,22.57,130.92,51.0
2013-05-31,83.375,1471.93,16.3,79.9852,10.013,10.7172,4.4,24.41,130.82,50.8
2013-06-07,81.669,1470.22,15.14,81.5289,9.8475,10.8906,4.66,22.41,130.6,50.8
2013-06-14,80.67,1463.83,17.15,78.4531,10.1339,11.2934,4.84,21.22,130.45,50.8
2013-06-21,82.318,1421.19,18.9,103.7298,12.4064,11.959,4.86,23.68,129.25,50.8
2013-06-28,83.136,1433.55,16.86,99.7542,11.4,11.2757,4.92,22.37,129.26,50.8
2013-07-05,84.449,1449.05,14.89,117.8877,11.3829,11.2524,4.76,26.74,127.87,51.1
2013-07-12,82.988,1498.31,13.84,94.4621,10.3669,11.2614,4.56,24.51,128.69,51.1
2013-07-19,82.607,1513.52,12.54,75.9024,9.4541,10.0736,4.32,24.08,128.9,51.1
2013-07-26,81.657,1516.21,12.72,81.6379,9.0229,9.6217,4.49,22.98,128.2,51.1
2013-08-02,81.908,1533.85,11.98,73.1565,9.3267,9.295,4.51,22.26,128.11,53.8
2013-08-09,81.126,1526.9,13.41,75.4038,8.6222,8.8846,4.56,22.64,127.93,53.8
2013-08-16,81.257,1508.8,14.37,94.654,9.3023,8.8989,4.46,23.99,127.3,53.8
2013-08-23,81.361,1508.49,13.98,99.7944,11.011,9.8779,4.52,22.7,127.3,53.8
2013-08-30,82.087,1472.74,17.01,103.5277,12.271,10.2217,4.52,28.1,127.36,53.8
2013-09-06,82.146,1502.4,15.85,105.4876,11.7182,9.5725,4.42,28.1,126.63,54.0
2013-09-13,81.452,1533.72,14.16,96.1705,10.5496,9.0487,4.38,23.18,126.58,54.0
2013-09-20,80.431,1563.26,13.12,77.7286,9.987,8.6085,4.36,21.38,127.33,54.0
2013-09-27,80.287,1554.99,15.46,77.9955,10.2697,8.3756,4.55,21.84,127.69,54.0
2013-10-04,80.122,1547.5,16.74,82.4795,10.1182,8.7672,4.49,21.49,127.69,54.6
2013-10-11,80.362,1557.35,15.72,77.1074,9.232,8.2498,4.42,21.55,127.31,54.6
2013-10-18,79.654,1598.14,13.04,72.4643,8.3051,7.7039,4.29,20.12,127.55,54.6
2013-10-25,79.194,1607.96,13.09,61.14,7.781,7.5795,4.25,20.28,128.13,54.6
2013-11-01,80.716,1597.86,13.28,69.5623,8.4134,7.9263,4.11,21.29,127.83,54.6
2013-11-08,81.303,1596.28,12.9,69.9217,9.3956,7.9731,4.18,19.7,127.38,54.6
2013-11-15,80.849,1621.5,12.19,62.1778,8.251,7.4437,4.2,19.39,127.7,54.6
2013-11-22,80.708,1623.15,12.26,66.8119,8.4968,7.965,4.13,18.1,127.18,54.6
2013-11-29,80.68,1628.42,13.7,67.965,8.4281,7.8539,4.04,20.0,127.14,54.6
2013-12-06,80.315,1612.61,13.79,69.2368,8.6354,7.5433,3.96,17.95,127.22,55.5
2013-12-13,80.214,1587.69,15.76,72.6109,8.6514,8.2732,3.96,18.42,126.82,55.5
2013-12-20,80.575,1626.66,13.79,67.3065,8.4471,7.4231,3.93,15.86,126.69,55.5
2013-12-27,80.392,1654.16,12.46,65.8279,8.7082,8.0936,3.84,15.74,126.56,55.5
2014-01-03,80.791,1646.05,13.76,72.7462,9.2169,8.4409,3.8,20.6,126.64,56.5
2014-01-10,80.658,1655.11,12.14,61.1819,8.105,7.4263,3.79,19.47,126.71,56.5
2014-01-17,81.225,1657.32,12.44,60.2776,8.2749,7.4794,3.73,17.12,126.59,56.5
2014-01-24,80.458,1618.36,18.14,63.5076,9.7169,8.2564,3.95,19.46,126.54,56.5
2014-01-31,81.311,1598.46,18.41,64.725,10.3749,8.5374,4.04,20.35,126.55,52.5
2014-02-07,80.691,1611.78,15.29,64.7498,8.9842,7.7406,4.04,19.03,126.97,52.5
2014-02-14,80.136,1650.12,13.57,57.2949,8.07,7.7219,3.89,17.95,126.38,52.5
2014-02-21,80.237,1659.85,14.68,58.3839,8.4305,7.6296,3.77,17.9,126.34,52.5
2014-02-28,79.691,1675.4,14.0,57.6628,8.2743,7.5024,3.63,18.71,126.67,55.0
2014-03-07,79.719,1681.17,14.11,58.1573,8.2294,7.2276,3.62,20.01,126.2,55.0
2014-03-14,79.446,1641.13,17.82,62.8359,8.7772,7.6117,3.81,21.7,126.32,55.0
2014-03-21,80.105,1653.38,15.0,60.8191,8.459,6.7567,3.62,19.46,125.91,55.0
2014-03-28,80.176,1661.84,14.41,61.9359,8.0905,7.1869,3.59,19.15,125.75,55.0
2014-04-04,80.423,1676.25,13.96,58.7747,7.7018,6.5715,3.52,18.28,125.69,55.9
2014-04-11,79.452,1638.43,17.03,58.6405,8.0118,6.3376,3.56,18.39,125.92,55.9
2014-04-18,79.847,1670.6,13.36,59.4777,8.1376,6.2045,3.43,18.93,125.89,55.9
2014-04-25,79.749,1670.76,14.06,58.073,8.0413,5.665,3.45,18.88,125.79,55.9
2014-05-02,79.516,1688.99,12.91,55.3438,7.3018,5.5466,3.45,17.8,125.93,56.6
2014-05-09,79.903,1683.36,12.92,56.0906,6.9559,5.6708,3.47,17.0,126.23,56.6
2014-05-16,80.043,1683.69,12.44,58.6954,6.6722,5.941,3.53,15.42,126.55,56.6
2014-05-23,80.393,1697.94,11.36,58.228,6.401,5.989,3.55,15.89,126.72,56.6
2014-05-30,80.369,1715.18,11.4,58.295,6.3005,5.6723,3.51,15.61,126.76,56.6
2014-06-06,80.409,1734.47,10.73,59.2726,6.0069,5.1779,3.39,14.5,126.1,55.7
2014-06-13,80.576,1727.21,12.18,58.3924,6.137,5.3094,3.32,19.47,125.83,55.7
2014-06-20,80.372,1747.43,10.85,54.88,5.4471,4.8685,3.24,18.84,126.21,55.7
2014-06-27,80.039,1740.86,11.26,53.2783,5.366,4.855,3.36,16.44,126.44,55.7
2014-07-04,80.269,1763.44,10.32,56.8914,5.3537,4.6629,3.29,15.59,126.0,55.0
2014-07-11,80.187,1736.02,12.08,54.7685,5.237,4.9144,3.47,17.26,126.46,55.0
2014-07-18,80.524,1744.31,12.06,54.4105,5.4033,4.853,3.67,17.39,126.37,55.0
2014-07-25,81.029,1748.25,12.69,54.4272,5.0371,4.8367,3.64,16.67,126.24,55.0
2014-08-01,81.302,1705.76,17.03,52.2603,6.1051,4.7533,4.09,19.39,126.02,55.1
2014-08-08,81.389,1690.59,15.77,62.4736,6.5126,5.425,4.05,18.88,126.7,55.1
2014-08-15,81.424,1714.26,13.15,60.3933,6.1761,5.1107,3.81,18.59,127.2,55.1
2014-08-22,82.336,1735.96,11.47,59.8425,6.0618,5.4584,3.62,16.51,126.8,55.1
2014-08-29,82.748,1748.69,11.98,60.4894,5.8689,5.5186,3.63,16.68,127.12,55.1
2014-09-05,83.739,1750.63,12.09,60.2652,5.9558,6.3478,3.76,18.52,126.93,56.3
2014-09-12,84.24,1729.5,13.31,65.5969,7.0463,7.8907,3.86,19.53,126.48,56.3
2014-09-19,84.735,1740.32,12.11,59.8303,6.8667,6.8821,3.82,18.56,126.02,56.3
2014-09-26,85.64,1707.87,14.85,64.5379,7.8164,7.431,4.25,19.42,126.37,56.3
2014-10-03,86.694,1675.29,14.55,62.5016,8.124,7.5446,4.14,24.22,126.6,55.7
2014-10-10,85.912,1626.68,21.24,68.6927,8.9896,7.7699,4.5,30.03,127.69,55.7
2014-10-17,85.11,1613.56,21.99,82.9222,9.296,8.3018,4.54,31.16,128.27,55.7
2014-10-24,85.732,1667.88,16.11,81.609,8.7814,7.6548,4.25,31.27,128.03,55.7
2014-10-31,86.917,1708.09,14.03,68.691,8.014,8.0734,4.15,30.52,127.67,56.2
2014-11-07,87.642,1707.01,13.12,66.6283,9.2579,8.5515,4.21,29.47,127.66,56.2
2014-11-14,87.525,1717.2,13.31,66.9532,8.5265,9.052,4.29,32.99,127.62,56.2
2014-11-21,88.31,1737.24,12.9,66.9589,8.1778,9.1743,4.41,34.92,127.77,56.2
2014-11-28,88.356,1739.5,13.33,66.5733,8.3266,8.6649,4.49,36.44,128.18,56.2
2014-12-05,89.334,1738.52,11.82,64.8222,8.7166,8.6469,4.59,34.2,127.56,56.3
2014-12-12,88.363,1675.04,21.08,55.4181,9.9657,9.646,5.28,49.77,128.11,56.3
2014-12-19,89.598,1717.0,16.49,70.7046,10.7118,9.0985,4.9,54.84,127.52,56.3
2014-12-26,90.03,1729.42,14.5,55.4181,10.5712,9.6638,4.75,54.68,127.38,56.3
2015-01-02,91.08,1704.71,17.79,70.0036,10.8875,10.0704,4.88,54.25,127.62,55.7
2015-01-09,91.935,1683.8,17.55,80.6171,10.3189,9.6152,5.01,50.07,128.22,55.7
2015-01-16,92.52,1675.15,20.95,92.6188,11.2673,12.8814,5.13,56.44,128.79,55.7
2015-01-23,94.762,1707.74,16.66,89.9391,10.636,11.968,5.04,57.62,128.68,55.7
2015-01-30,94.804,1677.54,20.97,88.2724,11.1525,11.7597,5.09,58.62,128.68,55.7
2015-02-06,94.698,1720.55,17.29,93.6954,10.9861,11.066,4.64,60.83,128.17,53.9
2015-02-13,94.201,1752.18,14.69,91.3656,10.8154,10.9526,4.57,55.53,128.22,53.9
2015-02-20,94.253,1768.09,14.3,98.3365,10.7409,11.017,4.41,54.0,128.28,53.9
2015-02-27,95.293,1772.86,13.34,91.3865,10.0795,9.0645,4.31,55.85,127.69,53.9
2015-03-06,97.615,1741.99,15.2,86.586,10.5843,9.4706,4.29,48.96,127.11,53.0
2015-03-13,100.33,1719.82,16.0,86.102,11.5913,11.3034,4.55,54.56,127.88,53.0
2015-03-20,97.909,1774.57,13.02,86.5223,10.6384,10.3724,4.7,50.84,128.45,53.0
2015-03-27,97.291,1744.82,15.07,86.2012,10.7024,10.6236,4.67,52.84,128.6,53.0
2015-04-03,96.545,1750.26,14.67,79.2665,9.9884,10.6309,4.72,49.84,128.39,52.1
2015-04-10,99.338,1779.47,12.58,77.8265,9.9369,10.6033,4.45,43.04,128.2,52.1
2015-04-17,97.52,1769.01,13.89,74.3685,10.0647,10.7449,4.53,42.0,128.66,52.1
2015-04-24,96.922,1799.86,12.29,71.6049,10.0857,10.6956,4.43,36.61,128.72,52.1
2015-05-01,95.297,1787.4,12.7,78.8811,10.6076,11.0593,4.34,35.62,128.06,51.9
2015-05-08,94.794,1794.7,12.86,80.9146,10.4256,9.9566,4.34,35.09,127.61,51.9
2015-05-15,93.135,1807.06,12.38,84.4957,9.5621,9.2359,4.37,29.95,127.76,51.9
2015-05-22,96.014,1803.5,12.13,87.6771,9.3647,10.372,4.28,31.29,127.5,51.9
2015-05-29,96.907,1779.31,13.84,82.6996,9.6893,10.4739,4.33,33.74,127.68,51.9
2015-06-05,96.306,1760.43,14.21,88.9414,9.9659,10.9582,4.35,33.54,127.1,52.9
2015-06-12,94.972,1770.17,13.78,87.6824,9.6442,11.1608,4.41,31.51,126.28,52.9
2015-06-19,94.085,1774.88,13.96,84.7442,8.9223,10.179,4.57,30.4,126.23,52.9
2015-06-26,95.472,1776.22,14.02,84.3188,8.6427,9.8024,4.51,29.01,126.01,52.9
2015-07-03,96.113,1744.49,16.79,87.9611,8.7607,10.54,4.68,33.8,126.36,52.5
2015-07-10,96.025,1743.32,16.83,90.2308,8.8803,10.3604,4.75,41.22,126.37,52.5
2015-07-17,97.862,1780.83,11.95,74.2116,7.8738,8.798,4.74,34.68,126.12,52.5
2015-07-24,97.244,1745.5,13.74,73.0107,9.3538,9.1924,5.13,39.0,126.38,52.5
2015-07-31,97.336,1765.6,12.12,75.7512,9.2924,8.8912,5.13,38.82,126.5,52.0
2015-08-07,97.563,1747.34,13.39,76.2278,9.2467,8.8076,5.16,41.17,126.56,52.0
2015-08-14,96.52,1743.89,12.83,77.0784,10.9256,8.6158,5.28,40.92,126.51,52.0
2015-08-21,95.008,1650.96,28.03,88.5202,11.757,9.8443,5.6,44.66,127.05,52.0
2015-08-28,96.106,1658.07,26.05,91.0788,12.0554,10.6586,5.47,51.56,126.98,52.0
2015-09-04,96.229,1595.71,27.8,86.7756,12.8029,11.3178,5.48,49.29,126.88,50.2
2015-09-11,95.194,1626.99,23.2,83.7805,12.7926,11.0107,5.36,49.63,126.88,50.2
2015-09-18,94.863,1630.69,22.28,75.7821,11.4459,9.7725,5.57,45.84,126.83,50.2
2015-09-25,96.269,1594.7,23.62,75.8591,12.938,10.2878,5.9,47.71,126.9,50.2
2015-10-02,95.83,1607.13,20.94,78.8806,11.9678,9.8993,6.53,42.86,127.39,50.1
2015-10-09,94.813,1673.77,17.08,78.2372,11.6972,9.2048,5.86,42.8,127.11,50.1
2015-10-16,94.54,1683.55,15.05,74.6965,11.3142,9.3133,5.94,39.58,127.38,50.1
2015-10-23,97.127,1706.61,14.46,70.8085,11.1339,10.0756,5.73,41.51,127.25,50.1
2015-10-30,96.946,1705.8,15.07,73.0792,10.6797,8.7499,5.6,41.95,127.02,50.1
2015-11-06,99.168,1704.39,14.33,74.2542,10.8057,9.7933,5.52,39.85,126.29,49.1
2015-11-13,98.998,1654.3,20.08,68.3001,10.7187,9.5871,5.91,46.26,126.7,49.1
2015-11-20,99.565,1702.83,15.47,70.5107,10.7103,10.5286,6.01,44.93,126.88,49.1
2015-11-27,100.02,1700.29,15.12,69.6086,11.1003,10.3298,6.06,48.28,126.93,49.1
2015-12-04,98.354,1694.78,14.81,71.264,10.4612,8.427,6.0,45.44,126.18,49.1
2015-12-11,97.565,1637.83,24.39,74.9966,11.9243,9.3102,6.72,54.29,126.64,49.1
2015-12-18,98.703,1633.75,20.7,67.8121,10.9944,8.3065,6.79,49.43,125.9,49.1
2015-12-25,97.847,1673.3,15.74,65.4655,10.85,8.6609,6.67,44.81,125.83,49.1
2016-01-01,98.683,1662.79,18.21,67.8473,11.4701,8.8498,6.6,46.57,125.58,48.7
2016-01-08,98.54,1561.47,27.01,71.0073,11.8341,10.0498,6.91,56.1,126.31,48.7
2016-01-15,98.956,1521.0,27.02,78.0636,11.6705,10.355,7.55,62.09,126.94,48.7
2016-01-22,99.574,1536.79,22.34,77.3486,11.6064,10.0633,7.5,61.86,126.96,48.7
2016-01-29,99.606,1562.18,20.2,74.0039,11.0769,9.5703,7.34,61.86,127.0,48.7
2016-02-05,97.031,1523.87,23.38,81.6695,12.1649,9.8404,7.68,66.67,126.81,47.6
2016-02-12,95.94,1486.45,25.4,93.716,13.14,12.4737,8.2,78.97,127.52,47.6
2016-02-19,96.6,1538.17,20.53,90.099,12.3186,12.5984,7.81,62.46,127.2,47.6
2016-02-26,98.148,1554.47,19.81,82.5424,11.8169,12.0107,7.42,59.96,127.29,47.6
2016-03-04,97.34,1608.04,16.86,78.01,11.4911,11.176,6.69,51.89,127.17,49.2
2016-03-11,96.172,1626.17,16.5,81.4223,11.5976,10.6183,6.42,50.25,127.21,49.2
2016-03-18,95.086,1645.57,14.02,71.2631,11.3617,9.2645,6.29,44.98,127.31,49.2
2016-03-25,96.273,1623.71,14.74,72.6776,11.3018,9.6743,6.51,44.96,127.43,49.2
2016-04-01,94.619,1640.14,13.1,66.997,11.3274,9.6187,6.56,47.76,127.4,51.0
2016-04-08,94.235,1632.2,15.36,70.8799,11.692,10.5582,6.51,47.42,127.46,51.0
2016-04-15,94.696,1670.47,13.62,66.4853,11.2849,10.2234,6.16,51.27,127.58,51.0
2016-04-22,95.116,1686.17,13.22,67.7807,10.0151,9.7292,5.87,41.97,127.24,51.0
2016-04-29,93.082,1670.8,15.7,64.921,9.5473,9.813,5.77,42.52,127.09,51.0
2016-05-06,93.888,1643.19,14.72,65.1538,10.4685,10.0243,6.08,42.47,127.09,51.3
2016-05-13,94.608,1635.92,15.04,64.066,10.1807,9.5851,5.99,41.57,126.68,51.3
2016-05-20,95.334,1639.85,15.2,68.5137,10.4822,10.3088,5.81,40.17,126.58,51.3
2016-05-27,95.521,1676.07,13.12,66.7644,10.3066,10.8053,5.67,35.97,126.6,51.3
2016-06-03,94.029,1678.58,13.47,67.5923,9.7534,11.6289,5.78,34.81,126.75,51.4
2016-06-10,94.571,1665.22,17.03,75.0982,10.8809,13.6178,5.64,39.95,127.25,51.4
2016-06-17,94.206,1635.78,19.41,82.5806,11.4876,13.8656,5.9,41.35,127.43,51.4
2016-06-24,95.448,1608.79,25.76,77.9402,12.1361,14.6321,5.87,43.33,127.39,51.4
2016-07-01,95.649,1660.26,14.77,74.3476,10.2313,11.4695,5.85,36.18,127.82,52.2
2016-07-08,96.302,1662.32,13.2,72.3051,9.9886,11.4594,5.64,41.41,127.89,52.2
2016-07-15,96.58,1700.57,12.67,74.7729,9.3865,11.3949,5.2,36.66,127.92,52.2
2016-07-22,97.467,1706.97,12.02,69.908,9.7335,11.455,5.2,38.85,127.81,52.2
2016-07-29,95.53,1721.79,11.87,64.1468,8.8066,9.2944,5.4,41.08,128.32,52.2
2016-08-05,96.194,1716.65,11.39,66.5854,8.8439,8.4739,5.28,41.5,128.49,52.7
2016-08-12,95.722,1736.1,11.55,64.3692,8.8418,8.251,5.12,37.78,128.8,52.7
2016-08-19,94.511,1731.85,11.34,64.8151,8.9296,9.0473,4.95,34.88,128.62,52.7
2016-08-26,95.566,1726.08,13.65,71.2373,9.5864,9.9889,4.86,36.05,128.71,52.7
2016-09-02,95.844,1734.6,11.98,66.4643,9.0973,9.6877,4.88,38.64,128.52,49.8
2016-09-09,95.336,1707.94,17.5,69.1197,9.6589,9.4839,4.79,39.72,128.47,49.8
2016-09-16,96.108,1696.31,15.37,69.2109,10.4085,9.2359,5.02,39.86,128.64,49.8
2016-09-23,95.477,1729.7,12.29,59.7525,9.3979,8.1877,4.87,43.89,128.82,49.8
2016-09-30,95.463,1725.67,13.29,60.556,9.6579,8.7215,4.8,39.31,129.0,51.1
2016-10-07,96.632,1712.4,13.48,62.8398,10.8322,10.0587,4.66,36.6,128.73,51.1
2016-10-14,98.019,1693.71,16.12,64.9764,10.5707,9.6299,4.65,35.55,128.78,51.1
2016-10-21,98.695,1701.16,13.34,57.0892,9.3222,8.7371,4.58,32.51,129.01,51.1
2016-10-28,98.348,1690.96,16.19,64.375,9.7403,8.5955,4.67,37.76,128.94,51.1
2016-11-04,97.065,1660.12,22.51,74.6135,11.6824,10.9605,5.05,43.69,128.92,51.8
2016-11-11,99.06,1696.99,14.17,82.5707,12.2973,10.4908,4.83,45.31,128.12,51.8
2016-11-18,101.21,1697.35,12.85,81.6473,11.7021,11.7698,4.74,46.56,127.59,51.8
2016-11-25,101.49,1720.84,12.34,79.693,11.3746,10.8962,4.59,53.46,127.64,51.8
2016-12-02,100.77,1708.94,14.12,82.058,10.7301,10.925,4.5,35.51,127.65,53.2
2016-12-09,101.59,1760.12,11.75,75.5479,10.9476,10.1406,4.17,35.21,127.57,53.2
2016-12-16,102.95,1754.74,12.2,78.2199,10.6549,10.4054,4.05,29.18,127.61,53.2
2016-12-23,103.01,1759.15,11.44,72.5726,10.5456,10.3359,4.04,29.9,127.42,53.2
2016-12-30,102.21,1751.22,14.04,71.6297,10.9208,11.2435,4.09,30.83,127.46,53.2
2017-01-06,102.22,1783.1,11.32,75.2375,11.2001,10.5707,3.83,30.47,127.37,54.4
2017-01-13,101.18,1788.23,11.23,74.5005,11.5393,10.6879,3.89,30.73,126.99,54.4
2017-01-20,100.74,1782.71,11.54,76.7057,11.0472,10.2862,3.87,29.19,127.05,54.4
2017-01-27,100.53,1803.39,10.58,72.1877,10.5884,9.7197,3.82,29.78,126.96,54.4
2017-02-03,99.868,1805.51,10.97,67.3897,9.8948,9.4559,3.76,28.11,126.93,55.7
2017-02-10,100.8,1814.71,10.85,69.6282,9.3028,9.6513,3.8,26.43,127.31,55.7
2017-02-17,100.95,1836.5,11.49,69.7839,9.1746,9.4361,3.77,25.29,127.07,55.7
2017-02-24,101.09,1840.8,11.47,69.8485,8.728,8.9671,3.75,25.72,127.34,55.7
2017-03-03,101.54,1848.98,10.96,65.787,9.0484,8.5227,3.49,25.59,126.8,57.7
2017-03-10,101.25,1845.88,11.66,67.7001,8.6766,8.1943,3.78,33.45,126.61,57.7
2017-03-17,100.3,1863.08,11.28,60.7216,8.0813,7.3796,3.82,27.45,126.94,57.7
2017-03-24,99.627,1845.81,12.96,64.4514,8.7869,8.5218,4.01,30.99,127.37,57.7
2017-03-31,100.35,1853.69,12.37,60.6987,8.7574,8.2457,3.83,27.59,127.35,56.5
2017-04-07,101.18,1845.46,12.87,68.6602,9.9091,10.4889,3.77,27.46,127.71,56.5
2017-04-14,100.51,1832.28,15.96,74.4847,9.9051,11.1504,3.93,26.02,127.49,56.5
2017-04-21,99.977,1842.06,14.63,77.1537,9.3449,10.7436,3.92,30.06,127.48,56.5
2017-04-28,99.05,1878.28,10.82,60.1925,8.4119,7.7914,3.71,28.55,127.37,56.5
2017-05-05,98.648,1896.75,10.57,58.7242,8.333,7.6839,3.71,33.83,127.3,55.8
2017-05-12,99.252,1892.97,10.4,55.7115,7.6025,7.1013,3.69,33.72,127.58,55.8
2017-05-19,97.142,1894.77,12.04,57.8248,9.0772,8.2259,3.67,29.76,128.02,55.8
2017-05-26,97.442,1912.21,9.81,54.0528,8.2462,7.8075,3.61,30.04,127.95,55.8
2017-06-02,96.715,1935.21,9.75,53.736,8.1842,7.5492,3.62,32.47,128.33,56.4
2017-06-09,97.274,1922.79,10.7,52.5578,7.5503,6.9812,3.65,32.59,128.26,56.4
2017-06-16,97.164,1923.24,10.38,51.4839,7.2985,6.9442,3.65,27.93,128.21,56.4
2017-06-23,97.264,1925.02,10.02,51.1575,7.0052,6.6828,3.78,31.92,128.41,56.4
2017-06-30,95.628,1916.43,11.18,55.2201,7.7188,7.5501,3.64,28.7,127.82,56.2
2017-07-07,96.008,1913.18,11.19,55.7569,7.7955,7.468,3.7,33.17,127.82,56.2
2017-07-14,95.153,1948.08,9.51,51.0294,7.243,7.0164,3.65,30.28,127.81,56.2
2017-07-21,93.858,1958.77,9.36,47.4498,7.0607,7.3643,3.56,29.25,128.13,56.2
2017-07-28,93.259,1960.32,10.29,48.5291,7.0663,7.8905,3.49,29.86,128.0,56.2
2017-08-04,93.542,1967.77,10.03,47.2827,6.8964,7.8671,3.52,28.53,128.09,56.5
2017-08-11,93.069,1937.73,15.51,52.0646,7.8385,8.4859,3.87,28.41,128.07,56.5
2017-08-18,93.434,1930.41,14.26,50.1582,6.8174,8.1722,3.89,27.53,128.0,56.5
2017-08-25,92.74,1944.56,11.28,50.5552,6.7323,7.7676,3.83,28.88,128.04,56.5
2017-09-01,92.814,1965.79,10.13,49.4378,7.1086,8.0035,3.73,28.97,128.07,58.4
2017-09-08,91.352,1964.52,12.12,54.8588,7.9416,8.8833,3.81,29.49,128.41,58.4
2017-09-15,91.872,1987.72,10.17,50.6332,7.1765,8.5324,3.64,26.65,128.79,58.4
2017-09-22,92.171,1994.58,9.59,50.5164,7.3451,8.5725,3.56,26.39,128.63,58.4
2017-09-29,93.076,2000.55,9.51,52.8752,7.6345,8.4623,3.47,26.83,128.74,58.4
2017-10-06,93.8,2014.02,9.65,54.9815,7.6063,8.0901,3.41,27.59,128.77,60.0
2017-10-13,93.091,2028.01,9.61,50.8509,7.9296,7.8673,3.48,25.73,128.92,60.0
2017-10-20,93.701,2035.58,9.97,53.9818,7.8479,7.8378,3.3,24.51,129.37,60.0
2017-10-27,94.916,2034.6,9.8,54.6722,8.0974,7.4928,3.34,25.18,129.46,60.0
2017-11-03,94.941,2045.47,9.14,45.83,7.9113,6.5986,3.39,24.82,129.4,58.6
2017-11-10,94.391,2040.25,11.29,47.2888,7.8766,6.7738,3.6,29.4,129.21,58.6
2017-11-17,93.662,2033.18,11.43,49.0879,8.0465,7.6131,3.62,26.96,129.55,58.6
2017-11-24,92.782,2059.54,9.67,46.1607,7.979,7.5997,3.54,26.88,129.67,58.6
2017-12-01,92.885,2069.37,11.43,50.1704,7.5805,7.3327,3.49,23.73,129.97,57.6
2017-12-08,93.901,2073.46,9.58,47.4922,7.6662,6.945,3.47,23.85,129.94,57.6
2017-12-15,93.932,2085.54,9.42,46.4338,7.1307,6.0419,3.5,21.25,129.73,57.6
2017-12-22,93.347,2099.59,9.9,50.3803,7.351,5.8809,3.42,19.26,129.62,57.6
2017-12-29,92.124,2103.45,11.04,46.5962,7.773,6.4776,3.43,21.32,129.4,57.6
2018-01-05,91.949,2156.6,9.22,46.0677,7.4058,6.1079,3.22,22.3,129.83,59.7
2018-01-12,90.974,2185.31,10.16,47.6086,7.318,6.9152,3.23,23.52,129.56,59.7
2018-01-19,90.572,2207.4,11.27,51.9902,7.9851,7.5636,3.19,21.2,129.65,59.7
2018-01-26,89.067,2248.93,11.08,55.6349,8.0889,8.1559,3.11,22.29,129.79,59.7
2018-02-02,89.195,2171.54,17.31,60.3309,8.4579,7.8994,3.24,23.8,129.94,59.4
2018-02-09,90.442,2050.9,29.06,71.7787,9.6625,9.7243,3.69,29.85,129.85,59.4
2018-02-16,89.1,2137.91,19.46,63.0303,8.5137,9.3724,3.41,26.97,130.14,59.4
2018-02-23,89.883,2140.91,16.49,64.6014,8.3288,8.7525,3.44,24.37,130.53,59.4
2018-03-02,89.935,2089.84,19.59,65.3027,8.0048,8.5721,3.48,26.15,130.63,60.9
2018-03-09,90.093,2149.32,14.64,58.9669,7.3687,7.4934,3.36,26.23,130.65,60.9
2018-03-16,90.233,2134.05,15.8,59.0088,7.4559,7.6117,3.39,24.53,130.99,60.9
2018-03-23,89.436,2036.55,24.87,56.1683,7.4095,7.4238,3.53,27.56,130.89,60.9
2018-03-30,89.974,2066.84,19.97,58.5414,7.4706,7.3322,3.54,25.07,130.94,60.9
2018-04-06,90.108,2052.78,21.49,56.0682,7.4928,6.9131,3.54,24.99,130.72,58.8
2018-04-13,89.8,2088.98,17.41,51.1426,7.7181,6.7085,3.26,28.52,130.9,58.8
2018-04-20,90.316,2099.74,16.88,52.7054,7.696,6.7875,3.21,28.99,130.96,58.8
2018-04-27,91.542,2096.05,15.41,51.2666,7.9383,6.8459,3.33,25.59,131.04,58.8
2018-05-04,92.566,2089.44,14.77,48.4818,8.4552,6.9927,3.43,26.17,131.05,58.6
2018-05-11,92.537,2131.96,12.65,47.0574,8.4444,6.6885,3.33,25.74,131.02,58.6
2018-05-18,93.637,2120.8,13.42,53.2606,9.3572,7.1412,3.37,25.23,131.13,58.6
2018-05-25,94.253,2110.8,13.22,54.095,9.2762,7.2759,3.51,27.76,131.56,58.6
2018-06-01,94.156,2109.19,13.46,56.9385,9.7927,7.2514,3.56,28.65,131.26,59.0
2018-06-08,93.535,2137.74,12.18,59.5738,10.6402,7.6976,3.47,27.59,131.07,59.0
2018-06-15,94.788,2134.15,11.98,53.0803,10.6817,7.1174,3.32,27.64,131.61,59.0
2018-06-22,94.52,2114.9,13.77,53.0257,10.3362,7.1852,3.39,25.52,131.94,59.0
2018-06-29,94.47,2089.3,16.09,51.1681,10.1,7.2492,3.63,27.18,131.68,59.0
2018-07-06,93.963,2113.74,13.37,50.1345,9.4595,6.7549,3.65,28.13,131.2,59.9
2018-07-13,94.677,2134.6,12.18,48.2815,10.2389,7.0447,3.47,27.54,131.47,59.9
2018-07-20,94.476,2139.17,12.86,49.0476,10.1018,7.3158,3.5,26.01,131.63,59.9
2018-07-27,94.669,2156.11,13.03,48.8313,9.5991,6.9288,3.38,24.97,131.64,59.9
2018-08-03,95.161,2155.39,11.64,47.666,9.5285,6.6089,3.34,25.61,131.57,58.1
2018-08-10,96.357,2139.84,13.16,50.6302,12.6923,7.5057,3.37,25.45,131.76,58.1
2018-08-17,96.101,2138.11,12.64,50.6949,13.1549,7.4428,3.41,25.71,131.8,58.1
2018-08-24,95.146,2161.61,11.99,49.1577,12.85,7.1158,3.36,23.31,131.66,58.1
2018-08-31,95.14,2175.5,12.86,50.7097,12.8543,7.3091,3.38,25.02,131.71,60.5
2018-09-07,95.365,2137.6,14.88,49.4302,13.9368,7.3641,3.36,26.07,131.6,60.5
2018-09-14,94.927,2166.59,12.07,47.45,12.6356,6.9861,3.19,26.4,131.68,60.5
2018-09-21,94.22,2200.01,11.68,48.8315,11.4184,7.168,3.17,26.15,131.65,60.5
2018-09-28,95.132,2184.01,12.12,46.1634,11.4063,7.1178,3.16,26.73,131.38,60.5
2018-10-05,95.624,2151.42,14.82,55.1865,12.6598,7.4885,3.2,28.84,131.49,59.3
2018-10-12,95.221,2063.44,21.31,54.3741,11.5503,7.5687,3.44,27.73,131.2,59.3
2018-10-19,95.713,2062.34,19.89,52.0433,10.2094,7.2133,3.43,27.42,131.73,59.3
2018-10-26,96.359,1981.89,24.16,62.7013,10.3124,7.796,3.78,29.09,131.5,59.3
2018-11-02,96.542,2036.7,19.51,61.416,10.3769,7.3515,3.63,32.21,131.67,58.1
2018-11-09,96.905,2063.16,17.36,53.5442,9.9172,7.3611,3.61,35.1,131.74,58.1
2018-11-16,96.465,2031.76,18.14,60.4328,10.0635,8.4095,4.12,40.56,131.62,58.1
2018-11-23,96.916,1975.09,21.52,57.3123,10.2156,8.3595,4.26,65.17,131.7,58.1
2018-11-30,97.272,2041.36,18.07,52.4322,10.1169,7.8483,4.18,56.04,131.85,58.6
2018-12-07,96.514,1965.24,23.23,60.7438,9.9107,7.6566,4.4,41.83,131.46,58.6
2018-12-14,97.443,1942.55,21.63,56.1275,9.5869,7.0406,4.37,42.38,131.45,58.6
2018-12-21,96.956,1834.97,30.11,61.6148,8.9301,7.8951,5.14,51.76,131.31,58.6
2018-12-28,96.402,1870.8,28.34,66.6613,9.5739,8.8045,5.22,53.11,131.03,58.6
2019-01-04,96.179,1904.18,21.38,65.8207,9.3616,8.8927,4.98,51.52,131.06,54.9
2019-01-11,95.67,1957.17,18.19,55.9434,9.4629,8.0775,4.44,40.99,131.07,54.9
2019-01-18,96.336,2000.76,17.8,53.7818,8.8273,7.5065,4.22,35.63,131.22,54.9
2019-01-25,95.794,2001.86,17.42,52.496,8.5433,7.0847,4.29,35.21,131.25,54.9
2019-02-01,95.579,2029.55,16.14,48.7887,8.4815,6.8937,4.16,33.4,131.18,55.7
2019-02-08,96.637,2020.53,15.72,49.628,8.4651,7.0133,4.22,32.56,131.39,55.7
2019-02-15,96.904,2066.59,14.91,45.7323,8.3733,6.9883,4.02,29.46,131.33,55.7
2019-02-22,96.507,2086.97,13.51,47.2184,8.1768,6.8125,3.95,29.85,131.39,55.7
2019-03-01,96.527,2096.35,13.57,47.9044,7.8197,6.5841,3.76,30.31,131.01,54.4
2019-03-08,97.306,2051.12,16.05,45.8253,7.9659,6.9017,4.04,29.77,131.44,54.4
2019-03-15,96.595,2108.78,12.88,46.054,7.4703,6.3205,3.88,26.27,131.17,54.4
2019-03-22,96.651,2094.81,16.48,52.2586,8.4689,7.1658,3.94,27.78,130.92,54.4
2019-03-29,97.284,2107.74,13.71,58.5478,9.3242,6.9732,3.91,26.75,131.0,54.4
2019-04-05,97.395,2149.85,12.82,49.2196,7.8197,6.0103,3.68,24.0,131.12,54.9
2019-04-12,96.972,2159.39,12.01,48.8439,7.9881,5.1591,3.49,25.7,131.17,54.9
2019-04-19,97.378,2160.36,12.09,49.228,8.0814,5.0284,3.54,24.45,131.27,54.9
2019-04-26,98.006,2173.82,12.73,49.4279,8.0852,5.5406,3.59,31.24,131.48,54.9
2019-05-03,97.52,2177.77,12.87,45.7821,7.5337,5.5322,3.54,29.88,131.48,53.6
2019-05-10,97.33,2126.32,16.04,53.4923,8.7256,6.123,3.82,32.8,131.21,53.6
2019-05-17,97.995,2116.51,15.96,56.9732,9.0195,6.043,3.93,29.44,131.11,53.6
2019-05-24,97.613,2095.03,15.85,60.5383,8.005,6.1355,3.93,33.19,130.79,53.6
2019-05-31,97.75,2046.25,18.71,72.681,8.541,6.2199,4.33,46.91,130.65,52.6
2019-06-07,96.544,2126.88,16.3,68.6928,8.7782,6.3069,4.07,38.75,130.56,52.6
2019-06-14,97.572,2130.95,15.28,80.8203,8.2574,5.8715,3.95,42.89,130.56,52.6
2019-06-21,96.22,2178.16,15.4,74.6269,8.0114,5.8704,3.61,42.13,130.35,52.6
2019-06-28,96.13,2178.35,15.08,70.4339,8.208,6.218,3.77,39.46,130.67,52.6
2019-07-05,97.286,2205.57,13.28,65.2773,7.537,5.5427,3.66,34.7,130.7,51.5
2019-07-12,96.81,2212.65,12.39,62.7766,6.9582,5.3937,3.71,30.39,130.5,51.5
2019-07-19,97.151,2194.61,14.45,63.8649,6.6977,5.8502,3.84,34.84,130.63,51.5
2019-07-26,98.01,2215.71,12.16,58.9008,6.6344,5.5428,3.64,32.29,131.29,51.5
2019-08-02,98.074,2149.99,17.61,66.1145,7.8779,6.4103,3.97,35.56,130.9,51.0
2019-08-09,97.491,2135.34,17.97,78.9672,8.3458,6.9805,4.15,35.14,130.57,51.0
2019-08-16,98.142,2108.5,18.47,89.5162,8.749,7.1723,4.37,35.02,130.45,51.0
2019-08-23,97.64,2094.63,19.87,91.8222,9.283,7.1871,4.07,35.2,130.35,51.0
2019-08-30,98.916,2138.52,18.98,86.8897,9.0994,7.61,3.93,32.16,130.45,51.0
2019-09-06,98.394,2178.9,15.0,78.821,8.227,6.4858,3.85,33.21,129.88,48.5
2019-09-13,98.257,2205.81,13.74,85.5301,8.0892,6.1841,3.61,35.48,130.52,48.5
2019-09-20,98.513,2197.55,15.32,80.0726,7.9979,6.312,3.59,38.99,130.59,48.5
2019-09-27,99.109,2175.54,17.22,79.9722,8.124,6.652,3.77,38.9,130.66,48.5
2019-10-04,98.808,2153.82,17.04,83.1527,8.0852,6.8423,4.19,39.31,130.08,48.1
2019-10-11,98.301,2179.33,15.58,79.86,8.428,7.1811,3.9,39.65,130.75,48.1
2019-10-18,97.282,2195.28,14.25,78.35,7.8444,6.7969,3.83,36.43,130.3,48.1
2019-10-25,97.831,2222.75,12.65,67.07,7.0723,5.763,3.6,34.64,130.01,48.1
2019-11-01,97.239,2252.07,12.3,57.28,6.9493,5.4413,3.85,34.37,129.67,48.1
2019-11-08,98.353,2268.83,12.07,64.44,6.9747,5.2399,3.69,31.45,130.06,48.1
2019-11-15,97.999,2282.8,12.05,61.7,7.2566,6.1938,3.79,32.42,129.94,48.1
2019-11-22,98.27,2273.89,12.34,62.17,6.9549,5.9705,3.91,32.38,129.7,48.1
2019-11-29,98.273,2292.26,12.62,56.57,6.4941,5.3428,3.7,36.73,129.75,48.1
2019-12-06,97.7,2296.39,13.62,64.07,6.4712,5.6313,3.6,30.02,129.85,48.1
2019-12-13,97.172,2319.73,12.63,56.44,6.5499,5.1991,3.38,26.76,129.84,48.1
2019-12-20,97.69,2349.87,12.51,54.19,6.0263,4.5112,3.24,25.54,129.94,48.1
2019-12-27,96.919,2364.9,13.43,55.3,6.164,5.009,3.3,25.16,129.8,48.1
2020-01-03,96.838,2363.12,14.02,60.12,6.7317,5.755,3.35,31.92,129.83,47.9
2020-01-10,97.356,2377.62,12.56,53.32,6.2816,4.9469,3.27,30.38,129.41,47.9
2020-01-17,97.606,2415.51,12.1,49.67,5.7348,4.6407,3.2,28.6,129.47,47.9
2020-01-24,97.853,2395.31,14.56,59.94,5.9156,4.8103,3.56,34.55,129.39,47.9
2020-01-31,97.39,2342.41,18.84,72.98,6.8649,5.3682,3.9,40.35,129.27,51.4
2020-02-07,98.684,2404.75,15.47,65.59,7.0522,5.0622,3.54,37.51,129.19,51.4
2020-02-14,99.124,2431.36,13.68,62.38,6.5308,4.9362,3.44,35.93,129.2,51.4
2020-02-21,99.262,2402.8,17.08,74.54,7.0218,5.6644,3.59,35.87,129.15,51.4
2020-02-28,98.132,2141.12,40.11,109.67,8.877,7.9005,5.0,51.25,128.71,51.4
2020-03-06,95.951,2149.29,41.94,125.21,9.8715,9.6438,5.5,65.02,127.49,50.1
2020-03-13,98.749,1881.64,57.83,138.4,16.0261,13.7894,7.27,118.48,126.72,50.1
2020-03-20,102.817,1650.94,66.04,133.37,18.1849,16.9128,10.13,190.08,125.08,50.1
2020-03-27,98.365,1827.17,65.54,88.33,14.9943,13.7726,9.21,175.88,125.65,50.1
2020-04-03,100.576,1776.86,46.8,65.01,14.967,12.1641,9.42,141.68,125.19,49.0
2020-04-10,99.482,1971.96,41.67,74.39,12.6485,8.9384,7.85,129.88,125.43,49.0
2020-04-17,99.782,2017.51,38.15,69.84,12.3865,9.1523,7.05,95.91,125.38,49.0
2020-04-24,100.38,1987.65,35.93,66.09,13.2683,8.9321,7.75,173.53,125.24,49.0
2020-05-01,99.079,2004.79,37.19,48.11,12.9802,8.2347,7.45,110.18,125.32,41.8
2020-05-08,99.734,2061.89,27.98,57.4,12.8399,8.0998,7.25,98.7,125.15,41.8
2020-05-15,100.402,2008.41,31.89,56.53,12.2499,7.8838,7.57,76.39,125.6,41.8
2020-05-22,99.863,2071.9,28.16,51.67,11.6295,7.357,6.8,84.98,125.61,41.8
2020-05-29,98.344,2147.88,27.51,51.55,11.2814,7.1065,6.37,69.23,124.94,41.8
2020-06-05,96.937,2266.76,24.52,61.97,9.8693,7.3154,5.36,64.2,124.78,43.5
2020-06-12,97.319,2164.46,36.09,55.81,11.25,8.83,6.11,70.22,124.7,43.5
2020-06-19,97.623,2208.97,35.12,53.4523,11.23,7.68,5.78,58.73,124.92,43.5
2020-06-26,97.433,2157.19,34.73,51.21,11.21,7.28,6.15,63.69,124.83,43.5
2020-07-03,97.172,2226.4,27.68,50.96,9.93,6.34,6.0,51.29,124.72,52.6
2020-07-10,96.652,2259.6,27.29,49.19,9.79,6.48,5.97,49.71,124.96,52.6
2020-07-17,95.942,2293.92,25.68,45.68,9.31,6.31,5.56,40.22,124.7,52.6
2020-07-24,94.435,2291.58,25.84,42.48,9.85,7.06,5.04,42.35,124.83,52.6
2020-07-31,93.349,2304.98,24.46,41.98,10.33,7.79,4.88,44.43,125.04,53.8
2020-08-07,93.435,2355.97,22.21,41.46,11.04,7.43,4.79,37.43,125.02,53.8
2020-08-14,93.096,2384.2,22.05,43.09,10.39,7.07,4.98,35.1,124.64,53.8
2020-08-21,93.247,2392.11,22.54,45.14,10.33,7.43,5.01,33.68,124.7,53.8
2020-08-28,92.371,2456.86,22.96,48.19,10.01,7.72,4.75,32.06,124.6,53.8
2020-09-04,92.719,2399.6,30.75,47.04,10.12,7.37,4.88,44.02,124.85,55.4
2020-09-11,93.333,2368.14,26.87,43.12,9.71,7.38,4.96,50.13,124.71,55.4
2020-09-18,92.926,2367.99,25.83,37.24,9.91,7.16,4.9,39.07,124.78,55.4
2020-09-25,94.642,2326.85,26.38,36.97,11.26,7.27,5.37,41.41,125.04,55.4
2020-10-02,93.844,2362.41,27.63,39.97,12.13,8.27,5.1,55.51,124.98,55.5
2020-10-09,93.057,2447.76,25.0,57.52,12.29,7.98,4.69,42.38,124.87,55.5
2020-10-16,93.682,2440.14,27.41,57.25,11.85,7.84,4.71,44.06,124.99,55.5
2020-10-23,92.768,2430.54,27.55,58.46,11.85,8.19,4.68,46.32,124.78,55.5
2020-10-30,94.038,2292.93,38.02,61.91,13.03,8.75,5.09,68.84,124.89,55.5
2020-11-06,92.229,2470.05,24.86,39.88,10.78,7.33,4.42,55.75,124.87,58.7
2020-11-13,92.755,2529.29,23.1,42.95,10.64,6.92,4.35,48.24,124.72,58.7
2020-11-20,92.392,2540.02,23.7,42.31,10.1,6.78,4.22,43.94,124.66,58.7
2020-11-27,91.79,2601.45,20.84,39.64,9.64,6.55,4.1,46.21,124.67,58.7
2020-12-04,90.701,2639.66,20.79,43.89,9.9,7.21,3.77,38.34,124.51,57.3
2020-12-11,90.976,2621.89,23.31,47.52,9.84,7.87,3.84,39.51,124.24,57.3
2020-12-18,90.016,2666.3,21.57,44.64,9.92,7.37,3.76,37.15,124.15,57.3
2020-12-25,90.223,2659.27,21.53,42.11,10.25,6.9,3.76,39.41,124.25,57.3
2021-01-01,89.937,2690.04,22.75,48.98,10.97,7.21,3.6,37.83,124.13,60.2
2021-01-08,90.098,2753.31,21.56,44.81,10.74,6.84,3.48,36.65,124.11,60.2
2021-01-15,90.772,2714.81,24.34,45.14,10.33,6.75,3.5,40.39,123.9,60.2
2021-01-22,90.238,2755.66,21.91,43.09,10.17,6.33,3.48,36.25,123.89,60.2
2021-01-29,90.584,2661.69,33.09,47.41,10.26,6.33,3.62,40.2,123.89,60.2
2021-02-05,91.042,2773.45,20.87,47.2,9.62,6.01,3.33,34.94,123.68,59.2
2021-02-12,90.48,2818.85,19.97,47.01,9.02,5.92,3.23,34.25,123.55,59.2
2021-02-19,90.364,2806.47,22.05,60.43,9.39,6.26,3.19,37.76,123.2,59.2
2021-02-26,90.879,2726.91,27.95,75.66,11.09,7.72,3.26,42.49,122.27,59.2
2021-03-05,91.977,2728.56,24.66,69.37,10.49,7.15,3.29,36.61,121.44,60.4
2021-03-12,91.679,2807.21,20.69,70.83,10.68,7.06,3.26,37.51,122.22,60.4
2021-03-19,91.919,2796.14,20.95,68.8,10.1,6.58,3.37,44.38,122.09,60.4
2021-03-26,92.766,2814.86,18.86,61.49,11.02,6.52,3.25,44.93,122.97,60.4
2021-04-02,93.022,2841.89,17.33,63.71,10.45,6.29,3.02,40.15,122.31,63.8
2021-04-09,92.163,2910.1,16.69,61.21,10.09,6.22,2.92,39.19,122.63,63.8
2021-04-16,91.556,2953.35,16.25,62.57,9.32,5.86,2.93,32.79,122.95,63.8
2021-04-23,90.859,2946.11,17.33,59.98,9.28,5.87,2.98,38.7,122.9,63.8
2021-04-30,91.28,2938.76,18.61,58.13,8.96,5.87,2.91,38.39,122.91,60.8
2021-05-07,90.233,2979.41,16.69,54.13,8.62,6.17,2.89,37.63,123.24,60.8
2021-05-14,90.321,2938.63,18.81,54.99,8.68,6.09,3.03,36.46,123.14,60.8
2021-05-21,90.017,2943.13,20.15,54.59,8.61,6.13,3.07,39.34,123.32,60.8
2021-05-28,90.031,2979.3,16.76,52.04,8.71,6.04,2.96,33.54,123.3,60.8
2021-06-04,90.136,2997.36,16.42,49.78,8.36,5.85,2.97,31.76,123.31,61.6
2021-06-11,90.555,3012.67,15.65,50.85,7.89,5.26,2.9,32.55,123.91,61.6
2021-06-18,92.225,2954.19,20.7,60.45,8.66,5.92,2.86,33.95,123.1,61.6
2021-06-25,91.851,3024.94,15.62,55.58,7.88,5.31,2.75,31.3,123.23,61.6
2021-07-02,92.226,3046.09,15.07,52.41,8.22,5.6,2.67,32.87,123.12,61.3
2021-07-09,92.13,3053.12,16.18,59.92,8.49,5.74,2.69,37.02,123.35,61.3
2021-07-16,92.687,3024.66,18.45,58.24,8.04,5.77,2.82,37.15,122.84,61.3
2021-07-23,92.912,3072.38,17.2,65.28,8.19,5.78,2.89,34.05,123.37,61.3
2021-07-30,92.174,3069.25,18.24,61.19,8.28,5.9,2.94,32.85,123.26,61.3
2021-08-06,92.8,3098.06,16.15,62.64,8.49,5.72,3.01,39.31,122.75,60.2
2021-08-13,92.518,3125.12,15.45,55.45,8.1,5.35,3.09,35.91,122.43,60.2
2021-08-20,93.496,3080.02,18.56,59.95,8.68,5.83,3.12,40.67,123.0,60.2
2021-08-27,92.686,3133.67,16.39,57.98,8.15,5.73,2.94,34.93,122.59,60.2
2021-09-03,92.035,3163.99,16.41,53.26,7.98,5.54,2.79,36.91,122.59,59.8
2021-09-10,92.582,3122.07,20.95,51.73,8.04,5.45,2.79,33.54,122.58,59.8
2021-09-17,93.195,3096.62,20.81,56.06,8.1,5.57,2.74,32.32,122.45,59.8
2021-09-24,93.327,3103.53,17.75,58.46,8.13,5.51,2.77,34.01,122.11,59.8
2021-10-01,94.035,3022.83,21.15,57.38,8.37,5.99,2.93,37.38,121.89,60.8
2021-10-08,94.067,3043.74,18.77,59.65,8.52,5.92,2.95,38.0,121.58,60.8
2021-10-15,93.937,3109.47,16.3,62.7,8.21,6.15,2.89,34.05,121.38,60.8
2021-10-22,93.642,3151.16,15.43,72.04,8.78,6.02,2.85,36.87,120.7,60.8
2021-10-29,94.123,3174.73,16.26,75.45,8.64,6.15,2.87,37.92,119.65,60.8
2021-11-05,94.32,3232.26,16.48,66.9,8.27,5.69,2.84,37.84,119.67,60.7
2021-11-12,95.128,3223.82,16.29,78.61,8.67,6.2,2.84,36.1,119.58,60.7
2021-11-19,96.031,3219.9,17.91,73.39,9.95,7.18,3.01,37.13,119.09,60.7
2021-11-26,96.089,3131.98,28.62,89.45,11.2,7.84,3.41,65.72,119.67,60.7
2021-12-03,96.117,3086.44,30.67,79.14,11.57,7.01,3.26,64.55,119.77,60.8
2021-12-10,96.097,3188.26,18.69,74.36,10.57,6.88,3.02,46.23,119.79,60.8
2021-12-17,96.565,3139.75,21.57,72.46,10.07,5.96,3.08,48.31,119.74,60.8
2021-12-24,96.019,3206.85,17.96,77.29,11.16,5.75,2.83,43.71,120.49,60.8
2021-12-31,95.67,3231.73,17.22,77.1,11.96,5.62,2.83,42.62,120.58,58.3
2022-01-07,95.719,3177.54,18.76,74.69,10.12,5.77,2.98,37.0,120.4,58.3
2022-01-14,95.165,3173.12,19.19,76.59,9.55,5.89,2.93,41.18,120.42,58.3
2022-01-21,95.642,3025.1,28.85,81.03,8.99,6.26,3.12,42.57,119.97,58.3
2022-01-28,97.27,3005.63,27.66,85.29,9.18,6.53,3.45,47.74,119.93,58.3
2022-02-04,95.485,3061.46,23.22,87.68,8.27,6.59,3.42,43.88,119.54,57.4
2022-02-11,96.082,3039.18,27.36,94.03,8.46,6.85,3.67,47.44,119.64,57.4
2022-02-18,96.043,2983.59,27.75,94.36,8.32,7.43,3.65,52.01,119.19,57.4
2022-02-25,96.615,2980.2,27.59,93.34,10.12,7.02,3.53,49.5,119.08,57.4
2022-03-04,98.648,2896.52,31.98,131.82,12.97,9.49,3.76,77.29,119.41,58.1
2022-03-11,99.124,2840.05,30.75,99.03,13.57,8.83,3.94,68.01,118.68,58.1
2022-03-18,98.233,3010.59,23.87,91.77,12.32,7.81,3.7,69.09,117.91,58.1
2022-03-25,98.789,3049.11,20.81,125.27,11.83,7.96,3.41,68.91,116.93,58.1
2022-04-01,98.632,3057.07,19.63,108.34,10.58,8.28,3.2,54.36,116.43,57.2
2022-04-08,99.796,3012.19,21.16,124.86,10.36,8.51,3.38,53.14,116.04,57.2
2022-04-15,100.5,2959.67,22.7,119.66,10.09,8.46,3.49,53.38,116.37,57.2
2022-04-22,101.22,2882.45,28.21,128.12,10.89,9.14,3.55,51.15,115.84,57.2
2022-04-29,102.959,2795.62,33.4,128.4,11.96,10.39,3.79,53.1,115.5,57.2
2022-05-06,103.66,2762.21,30.19,121.42,12.36,10.65,4.02,54.82,114.3,55.3
2022-05-13,104.563,2701.33,28.87,114.61,12.86,10.67,4.52,51.22,114.11,55.3
2022-05-20,103.15,2655.91,29.43,111.1,12.72,10.0,4.82,50.72,114.58,55.3
2022-05-27,101.668,2802.59,25.72,98.48,12.02,8.89,4.12,47.92,114.59,55.3
2022-06-03,102.14,2779.06,24.79,97.73,11.55,8.81,4.08,46.23,114.87,55.9
2022-06-10,104.148,2641.69,27.75,114.23,12.4,10.27,4.38,42.92,115.17,55.9
2022-06-17,104.7,2485.77,31.13,133.75,12.5,11.46,5.02,49.19,113.56,55.9
2022-06-24,104.185,2619.48,27.23,127.0,11.01,10.65,5.07,46.99,113.42,55.9
2022-07-01,105.138,2559.95,26.7,144.17,11.2,11.51,5.78,49.4,113.84,53.5
2022-07-08,107.007,2603.62,24.64,145.25,11.32,10.96,5.26,52.1,114.95,53.5
2022-07-15,108.063,2568.64,24.23,129.85,12.1,11.88,5.29,51.77,114.99,53.5
2022-07-22,106.73,2650.82,23.03,123.7,11.34,10.82,4.9,47.84,114.36,53.5
2022-07-29,105.903,2746.37,21.33,116.36,10.85,10.34,4.69,46.19,115.7,53.5
2022-08-05,106.621,2752.06,21.15,122.58,10.9,9.83,4.28,48.76,116.35,52.9
2022-08-12,105.631,2834.51,19.53,106.28,9.86,8.88,4.09,44.0,116.57,52.9
2022-08-19,108.169,2787.71,20.6,123.81,10.88,10.73,4.32,50.34,117.32,52.9
2022-08-26,108.803,2694.62,25.56,122.95,10.4,10.78,4.52,47.08,117.7,52.9
2022-09-02,109.534,2605.21,25.47,120.72,10.81,10.98,4.93,53.9,117.93,53.0
2022-09-09,109.003,2682.9,22.79,121.54,10.51,11.55,4.49,48.84,118.63,53.0
2022-09-16,109.764,2569.29,26.3,124.95,10.69,11.7,4.87,47.44,118.91,53.0
2022-09-23,113.192,2438.5,29.92,137.28,10.96,12.07,5.12,50.82,120.03,53.0
2022-09-30,112.117,2378.65,31.62,141.89,12.64,13.44,5.52,55.69,121.97,51.1
2022-10-07,112.795,2417.72,31.36,148.46,12.72,13.22,4.98,53.64,121.7,51.1
2022-10-14,113.311,2376.64,32.02,152.89,12.72,13.63,5.22,50.3,121.43,51.1
2022-10-21,112.012,2462.42,29.69,156.95,12.76,13.95,5.07,47.19,121.49,51.1
2022-10-28,110.752,2561.04,25.75,144.6,13.07,12.08,4.55,47.81,120.07,51.1
2022-11-04,110.877,2507.22,24.55,128.44,11.72,11.45,4.62,47.5,120.0,50.3
2022-11-11,106.292,2674.08,22.52,111.69,12.17,11.89,4.68,42.06,119.13,50.3
2022-11-18,106.93,2658.9,23.12,129.33,12.1,11.96,4.5,45.93,119.81,50.3
2022-11-25,105.959,2703.67,20.5,129.6,11.67,11.99,4.35,50.16,119.5,50.3
2022-12-02,104.545,2733.03,19.06,118.62,11.4,11.88,4.38,45.76,119.4,49.0
2022-12-09,104.81,2662.86,22.83,132.79,10.8,10.86,4.37,46.93,119.3,49.0
2022-12-16,104.701,2606.01,22.62,113.65,9.63,9.41,4.57,42.29,118.95,49.0
2022-12-23,104.314,2605.19,20.87,113.17,9.88,10.28,4.48,41.21,118.48,49.0
2022-12-30,103.522,2602.69,21.67,121.61,10.52,11.09,4.69,41.26,118.75,49.0
2023-01-06,103.879,2649.76,21.13,113.87,10.32,11.42,4.37,42.94,118.6,48.0
2023-01-13,102.204,2735.72,18.35,113.55,10.11,11.92,4.07,38.19,117.44,48.0
2023-01-20,102.012,2725.4,19.85,114.76,10.05,10.24,4.24,37.81,118.66,48.0
2023-01-27,101.927,2785.84,18.51,100.7,9.75,10.41,4.13,38.6,118.2,48.0
2023-02-03,102.915,2820.74,18.33,98.99,9.53,9.85,3.85,39.48,118.22,47.1
2023-02-10,103.63,2783.91,20.53,109.63,10.04,11.16,4.14,35.89,118.83,47.1
2023-02-17,103.862,2779.88,20.02,110.11,10.02,10.55,4.26,36.04,119.26,47.1
2023-02-24,105.214,2706.91,21.67,122.84,10.06,10.24,4.19,37.25,120.14,47.1
2023-03-03,104.521,2757.97,18.49,122.52,9.64,9.84,3.97,35.2,120.55,47.3
2023-03-10,104.576,2657.41,24.8,140.06,10.25,10.81,4.5,36.76,119.71,47.3
2023-03-17,103.708,2656.19,25.51,180.11,10.58,10.55,5.09,51.48,118.83,47.3
2023-03-24,103.116,2692.55,21.74,173.66,10.7,10.49,5.16,48.36,119.07,47.3
2023-03-31,102.506,2791.44,18.7,135.93,10.09,9.83,4.55,40.34,120.2,46.3
2023-04-07,102.092,2790.38,18.4,139.2,9.75,9.85,4.65,34.76,119.1,46.3
2023-04-14,101.552,2825.75,17.07,118.84,10.7064,9.1292,4.39,32.51,119.46,46.3
2023-04-21,101.822,2823.07,16.77,120.84,9.48,8.69,4.48,35.17,119.91,46.3
2023-04-28,101.659,2835.93,15.78,122.46,9.72,8.21,4.52,35.63,119.89,46.3
2023-05-05,101.214,2821.99,17.19,130.21,9.67,8.28,4.71,37.35,119.87,46.7
2023-05-12,102.681,2809.35,17.03,120.52,9.79,7.9,4.71,37.32,119.9,46.7
2023-05-19,103.198,2842.76,16.81,127.51,8.99,8.26,4.77,35.85,120.21,46.7
2023-05-26,104.206,2827.93,17.95,145.37,9.05,8.52,4.46,35.95,121.77,46.7
2023-06-02,104.015,2873.37,14.6,120.95,8.98,7.68,4.24,39.6,121.39,46.4
2023-06-09,103.557,2885.63,13.83,115.77,8.87,7.3,4.16,33.7,121.66,46.4
2023-06-16,102.243,2962.34,13.54,104.43,8.31,7.19,4.01,32.99,121.79,46.4
2023-06-23,102.903,2902.34,13.44,105.74,8.0,7.54,4.26,35.36,122.43,46.4
2023-06-30,102.912,2966.72,13.59,110.64,8.37,8.33,3.9,33.28,122.98,46.3
2023-07-07,102.272,2924.19,14.83,130.41,8.34,7.96,3.97,34.55,124.08,46.3
2023-07-14,99.914,3017.94,13.34,112.48,7.74,8.44,3.79,30.0,122.61,46.3
2023-07-21,101.071,3028.71,13.6,106.66,8.3,8.61,3.76,29.65,123.25,46.3
2023-07-28,101.622,3057.84,13.33,109.76,8.09,8.12,3.71,29.41,123.4,46.3
2023-08-04,102.017,2986.54,17.1,115.91,8.58,7.96,3.9,28.06,123.15,47.0
2023-08-11,102.842,2972.73,14.84,112.13,8.45,7.62,3.73,28.04,122.99,47.0
2023-08-18,103.375,2897.5,17.3,120.51,8.65,8.07,3.92,28.43,124.32,47.0
2023-08-25,104.077,2911.99,15.68,110.37,8.33,8.24,3.8,28.81,124.3,47.0
2023-09-01,104.236,2989.51,13.09,102.92,8.04,7.76,3.66,27.48,123.62,48.0
2023-09-08,105.09,2948.81,13.84,104.34,8.09,7.87,3.72,27.16,123.58,48.0
2023-09-15,105.322,2960.98,13.79,96.61,7.65,7.71,3.74,27.16,123.25,48.0
2023-09-22,105.583,2879.85,17.2,101.11,7.32,7.13,3.84,30.61,122.5,48.0
2023-09-29,106.174,2853.24,17.52,113.55,8.0,7.67,3.94,32.24,122.61,48.0
2023-10-06,106.044,2845.23,17.45,126.64,8.48,8.04,4.22,35.68,123.34,48.7
2023-10-13,106.648,2862.14,19.32,128.33,8.02,8.11,4.12,44.24,122.89,48.7
2023-10-20,106.163,2791.24,21.71,135.45,7.92,8.19,4.35,43.79,122.99,48.7
2023-10-27,106.559,2731.99,21.27,129.16,7.54,7.41,4.34,46.64,122.11,48.7
2023-11-03,105.021,2883.8,14.91,118.74,7.01,6.87,3.95,38.53,121.04,47.4
2023-11-10,105.861,2900.76,14.17,116.79,6.93,6.99,3.92,39.29,121.46,47.4
2023-11-17,103.917,2985.19,13.8,113.11,7.26,7.25,3.89,40.43,121.01,47.4
2023-11-24,103.403,3015.19,12.46,107.43,7.16,7.08,3.75,43.38,121.24,47.4
2023-12-01,103.268,3040.7,12.63,111.51,7.11,7.46,3.74,35.7,120.48,46.8
2023-12-08,104.01,3047.21,12.35,121.65,7.31,8.1,3.6,36.24,120.16,46.8
2023-12-15,102.55,3126.14,12.28,115.75,7.25,8.07,3.36,35.13,119.23,46.8
2023-12-22,101.698,3152.26,13.03,111.38,7.18,7.91,3.24,33.32,119.57,46.8
2023-12-29,101.333,3169.18,12.45,114.62,7.8,8.32,3.23,36.22,119.58,46.8
2024-01-05,102.412,3120.55,13.35,116.19,7.42,8.29,3.53,36.07,120.19,46.9
2024-01-12,102.404,3168.31,12.7,106.51,6.7,7.64,3.38,40.64,120.05,46.9
2024-01-19,103.288,3175.36,13.3,104.97,6.55,7.39,3.38,35.79,120.41,46.9
2024-01-26,103.433,3216.23,13.26,100.23,6.37,7.05,3.25,34.78,120.4,46.9
2024-02-02,103.922,3247.64,13.85,106.72,6.17,7.09,3.3,34.85,120.95,48.6
2024-02-09,104.111,3281.42,12.93,106.21,5.8,6.74,3.16,32.44,121.59,48.6
2024-02-16,104.275,3285.12,14.24,109.2,5.47,6.26,3.14,30.84,121.57,48.6
2024-02-23,103.936,3334.04,13.75,108.31,5.36,6.34,3.06,31.31,121.9,48.6
2024-03-01,103.861,3364.04,13.11,106.48,5.06,6.49,3.16,31.08,121.85,47.4
2024-03-08,102.712,3380.14,14.74,100.88,5.54,7.0,3.14,29.64,121.12,47.4
2024-03-15,103.432,3363.03,14.41,97.82,5.1,6.3,3.02,29.77,121.52,47.4
2024-03-22,104.43,3428.12,13.06,91.04,6.25,6.54,2.96,26.92,121.18,47.4
2024-03-29,104.487,3437.76,13.01,86.38,5.52,6.15,2.99,26.27,121.31,47.4
2024-04-05,104.298,3402.36,16.03,94.31,5.77,6.48,3.03,32.36,121.67,49.8
2024-04-12,106.038,3351.01,17.31,112.82,6.67,7.46,3.1,32.19,122.23,49.8
2024-04-19,106.154,3255.62,18.71,111.26,6.84,7.23,3.23,31.86,122.5,49.8
2024-04-26,105.938,3335.08,15.03,104.4,6.41,7.68,3.04,27.81,122.84,49.8
2024-05-03,105.03,3361.41,13.49,95.96,6.71,7.15,2.93,28.09,121.97,48.9
2024-05-10,105.301,3419.92,12.55,94.23,6.36,6.86,2.98,27.88,121.33,48.9
2024-05-17,104.445,3472.52,11.99,89.35,6.14,6.64,2.97,28.06,120.89,48.9
2024-05-24,104.724,3462.13,11.93,83.57,6.15,6.55,3.0,27.56,121.45,48.9
2024-05-31,104.671,3445.17,12.92,91.14,6.48,6.6,3.08,30.34,121.13,48.6
2024-06-07,104.885,3478.7,12.22,91.82,7.41,6.64,3.03,26.42,120.94,48.6
2024-06-14,105.55,3492.05,12.66,100.16,7.38,7.64,3.2,24.71,120.82,48.6
2024-06-21,105.796,3507.81,13.2,94.09,7.02,7.12,3.14,24.74,120.94,48.6
2024-06-28,105.866,3511.78,12.44,98.59,7.37,7.47,3.09,26.54,121.4,48.6
2024-07-05,104.875,3580.9,12.48,98.78,6.77,6.8,3.14,23.78,121.09,48.3
2024-07-12,104.093,3627.52,12.46,86.79,6.11,6.69,3.07,24.12,120.18,48.3
2024-07-19,104.396,3553.76,16.52,94.29,6.72,6.93,3.03,26.83,119.92,48.3
2024-07-26,104.316,3524.08,16.39,97.76,6.94,7.21,3.06,29.77,119.7,48.3
2024-08-02,103.208,3448.8,23.39,112.26,8.01,8.07,3.59,38.83,119.07,47.4
2024-08-09,103.135,3447.75,20.37,108.26,8.18,8.72,3.39,33.37,119.49,47.4
2024-08-16,102.463,3584.19,14.8,102.81,7.13,7.38,3.19,31.0,119.19,47.4
2024-08-23,100.718,3649.56,15.86,105.63,7.88,8.4,3.12,30.54,119.12,47.4
2024-08-30,101.698,3661.24,15.0,107.77,8.4,8.43,3.05,33.36,119.33,47.4
2024-09-06,101.177,3518.58,22.38,107.24,7.85,8.6,3.22,37.58,119.08,47.7
2024-09-13,101.114,3634.86,16.56,100.6,7.69,8.3,3.22,35.22,118.73,47.7
2024-09-20,100.723,3676.84,16.15,91.0,7.59,7.75,3.01,32.22,119.46,47.7
2024-09-27,100.381,3726.8,16.96,92.53,8.35,8.06,2.99,39.62,119.71,47.7
2024-10-04,102.52,3698.41,19.21,100.15,9.95,9.41,2.84,46.37,119.95,47.3
2024-10-11,102.89,3731.93,20.46,118.47,10.5,9.09,2.94,52.68,120.71,47.3
2024-10-18,103.493,3753.04,18.03,123.13,10.61,8.98,2.86,47.22,120.82,47.3
2024-10-25,104.257,3705.81,20.33,128.4,10.58,9.53,2.85,48.97,121.11,47.3
2024-11-01,104.282,3660.03,21.88,132.58,11.59,9.71,2.75,44.14,121.34,47.0
2024-11-08,104.997,3791.23,14.94,99.85,8.62,7.65,2.56,38.76,121.06,47.0
2024-11-15,106.687,3710.5,16.14,102.47,8.3,8.52,2.66,35.07,120.97,47.0
2024-11-22,107.554,3765.96,15.24,99.14,7.93,9.22,2.58,35.74,120.69,47.0
2024-11-29,105.737,3810.14,13.51,95.22,7.76,9.2,2.66,34.95,120.05,47.0
2024-12-06,106.055,3855.07,12.77,83.2,7.41,8.34,2.63,30.98,120.16,48.4
2024-12-13,107.003,3817.24,13.81,85.66,7.38,8.19,2.62,34.92,121.13,48.4
2024-12-20,107.621,3723.22,18.36,91.75,7.96,8.64,2.85,29.27,121.5,48.4
2024-12-27,107.998,3755.36,15.95,94.8,8.24,8.79,2.8,30.21,121.86,48.4
2025-01-03,108.952,3737.5,16.13,93.35,8.43,9.29,2.74,29.98,121.98,49.2
2025-01-10,109.65,3678.22,19.54,96.57,8.34,9.38,2.74,33.91,121.95,49.2
2025-01-17,109.347,3777.85,15.97,95.6,8.69,9.5,2.62,33.52,121.38,49.2
2025-01-24,107.443,3856.78,14.85,86.75,7.64,7.92,2.56,29.98,120.99,49.2
2025-01-31,108.37,3836.58,16.43,91.76,7.99,8.38,2.61,29.96,120.48,50.5
2025-02-07,108.04,3832.82,16.54,93.13,7.86,8.72,2.64,29.66,120.26,50.5
2025-02-14,106.71,3898.87,14.77,84.67,7.2,7.98,2.6,28.46,120.32,50.5
2025-02-21,106.612,3843.08,18.21,91.83,7.14,8.21,2.71,35.79,120.31,50.5
2025-02-28,107.614,3805.33,19.63,104.46,7.7,8.65,2.8,29.97,119.85,50.0
2025-03-07,103.838,3740.37,23.37,104.41,7.76,9.42,2.91,29.75,120.29,50.0
2025-03-14,103.718,3665.71,21.77,101.01,7.36,8.57,3.21,33.52,120.77,50.0
2025-03-21,104.088,3689.85,19.28,94.54,7.96,8.19,3.17,28.43,120.45,50.0
2025-03-28,104.044,3634.71,21.65,96.83,7.91,7.92,3.4,28.7,120.66,50.0
2025-04-04,103.023,3326.28,45.31,125.71,9.45,10.97,4.27,44.72,120.54,48.9
2025-04-11,100.102,3471.27,37.56,137.26,10.29,13.24,4.19,50.88,122.05,48.9
2025-04-18,99.23,3476.06,29.65,114.64,8.57,10.37,3.98,41.27,121.57,48.9
2025-04-25,99.471,3618.48,24.84,105.79,8.07,9.89,3.6,43.53,121.14,48.9
2025-05-02,100.03,3724.62,22.68,101.4,8.65,10.03,3.52,50.59,120.99,48.8
2025-05-09,100.339,3711.68,21.9,100.4,8.32,9.34,3.43,39.82,121.37,48.8
2025-05-16,101.092,3863.29,17.24,96.7,7.89,8.53,3.05,37.88,121.94,48.8
2025-05-23,99.112,3802.77,22.29,100.91,8.19,9.57,3.3,43.13,122.17,48.8
2025-05-30,99.329,3863.48,18.57,92.11,7.69,9.0,3.14,40.71,122.2,48.8
2025-06-06,99.19,3914.72,16.77,89.65,7.18,8.57,3.0,35.72,122.16,48.6
2025-06-13,98.184,3900.9,20.82,95.31,7.38,8.86,3.08,57.23,122.26,48.6
2025-06-20,98.707,3881.69,20.62,90.1,7.19,8.17,2.99,64.67,121.74,48.6
2025-06-27,97.401,4009.04,16.32,87.93,7.2,8.58,2.92,41.23,120.69,48.6
2025-07-04,97.18,4061.43,17.48,86.09,6.9,8.5,2.68,37.75,120.83,49.0
2025-07-11,97.853,4046.84,16.4,85.48,7.34,8.31,2.83,37.06,120.95,49.0
2025-07-18,98.482,4065.68,16.41,83.29,6.89,8.63,2.83,32.17,121.17,49.0
2025-07-25,97.645,4127.47,14.93,82.09,6.67,8.08,2.74,32.88,121.22,49.0
2025-08-01,99.141,4022.69,20.38,83.83,6.61,8.06,3.01,39.37,121.13,48.4
2025-08-08,98.18,4125.3,15.15,79.2,6.27,7.91,2.83,34.06,121.02,48.4
2025-08-15,97.852,4174.56,15.09,76.66,6.15,7.45,2.79,37.22,120.93,48.4
2025-08-22,97.716,4192.8,14.22,78.1,6.25,7.65,2.79,30.35,121.43,48.4
2025-08-29,97.771,4177.72,15.36,79.39,6.28,7.8,2.72,32.63,121.44,48.4
2025-09-05,97.768,4191.23,15.18,85.29,6.21,7.86,2.72,33.33,120.97,48.9
2025-09-12,97.55,4252.63,14.76,73.37,5.83,7.21,2.7,31.77,121.37,48.9
2025-09-19,97.644,4293.85,15.45,72.51,5.74,6.99,2.62,30.53,122.25,48.9
2025-09-26,98.152,4276.23,15.29,74.38,5.72,6.98,2.66,35.85,122.45,48.9
2025-10-03,97.723,4337.29,16.65,69.53,5.56,6.82,2.68,36.5,122.18,48.9
2025-10-10,98.978,4237.72,21.66,81.65,6.17,7.66,3.04,37.73,122.33,48.9
2025-10-17,98.433,4296.41,20.78,78.62,6.32,7.53,2.93,37.24,122.65,48.9
2025-10-24,98.952,4371.27,16.37,68.94,5.74,6.91,2.81,38.7,122.37,48.9
2025-10-31,99.804,4390.42,17.44,66.61,5.43,6.38,2.81,36.2,122.38,48.8
2025-11-07,99.603,4325.03,19.08,74.41,5.31,6.75,2.96,33.33,122.24,48.8
2025-11-14,99.299,4343.64,19.83,79.71,5.84,7.37,2.91,33.12,122.09,48.8
2025-11-21,100.18,4242.67,23.43,78.81,5.84,7.56,3.01,35.97,121.77,48.8
2025-11-28,99.459,4398.44,16.35,68.95,5.48,6.77,2.69,35.95,120.87,48.8
2025-12-05,98.992,4418.63,15.41,67.28,5.61,6.17,2.64,32.06,120.85,48.0
2025-12-12,98.399,4407.82,15.74,69.25,5.48,6.29,2.75,29.93,120.43,48.0
2025-12-19,98.599,4413.79,14.91,59.41,5.46,5.66,2.75,33.62,120.72,48.0
2025-12-26,98.022,4473.23,13.6,58.5,6.06,6.47,2.71,32.22,120.87,48.0
2026-01-02,98.424,4445.21,14.51,62.36,6.06,6.45,2.68,28.4,121.03,47.9
2026-01-09,99.133,4511.01,14.49,61.55,5.5,6.33,2.57,36.8,121.37,47.9
2026-01-16,99.393,4515.28,15.86,58.05,5.33,6.27,2.51,43.19,121.7,47.9
2026-01-23,97.599,4505.18,16.09,56.25,5.48,6.48,2.56,47.64,121.25,47.9
2026-01-30,96.991,4527.59,17.44,59.2,6.4,8.24,2.65,55.91,121.25,47.9
2026-02-06,97.633,4528.99,17.76,63.62,6.15,7.79,2.66,53.18,121.41,52.6
2026-02-13,96.915,4509.69,20.6,70.1,6.08,7.73,2.8,42.18,121.86,52.6
2026-02-20,97.796,4555.11,19.09,64.27,6.31,7.63,2.7,56.12,122.14,52.6
2026-02-27,97.608,4556.79,19.86,73.38,6.33,7.29,2.91,64.68,122.05,52.6
2026-03-06,98.986,4407.04,29.49,81.26,8.99,8.5,2.96,103.6,122.51,52.4
2026-03-13,100.362,4329.54,27.19,91.17,9.23,8.74,3.11,119.02,122.11,52.4
2026-03-20,99.647,4244.09,26.78,108.84,8.99,8.55,3.12,91.85,122.51,52.4
2026-03-27,100.151,4180.83,31.05,111.95,8.98,8.74,3.31,96.64,122.48,52.4
2026-04-03,100.028,4316.09,23.87,81.78,8.22,7.81,2.99,93.14,122.37,52.7
2026-04-10,98.65,4473.96,19.23,72.15,7.4,7.11,2.78,78.01,121.84,52.7
2026-04-17,98.098,4650.4,17.48,65.7,6.51,6.98,2.66,69.01,121.41,52.7
2026-04-24,98.533,4632.83,18.71,66.97,6.48,6.64,2.72,75.83,122.22,52.7
2026-05-01,98.156,4674.25,16.99,70.41,6.43,6.85,2.64,75.4,122.25,52.7
2026-05-08,97.9,4757.3,17.19,67.25,6.39,6.54,2.66,72.15,122.36,52.7
2026-05-15,99.284,4741.61,18.43,79.87,6.88,6.63,2.67,72.35,122.63,52.7
2026-05-22,99.239,4801.11,16.7,78.43,6.76,6.33,2.6,75.97,122.92,52.7
2026-05-29,98.942,4864.59,15.32,70.22,6.27,5.67,2.57,57.84,122.89,52.7
2026-06-05,100.069,4755.77,21.51,75.2,6.59,6.04,2.65,57.75,123.01,54.0
2026-06-12,99.747,4788.22,17.68,69.36,6.23,5.96,2.66,54.1,122.91,54.0
2026-06-19,100.849,4827.6,16.78,65.39,5.96,6.2,2.65,51.54,123.11,54.0
2026-06-26,101.357,4744.35,18.41,66.79,6.09,6.23,2.82,46.46,122.91,54.0
2026-07-03,100.857,4842.48,15.81,65.4,5.82,5.92,2.67,41.62,122.83,
2026-07-10,100.952,4867.82,15.03,69.55,5.88,5.86,2.63,44.67,122.75,
2026-07-17,100.765,4807.71,18.77,70.88,5.66,5.46,2.68,60.02,122.44,
2026-07-24,101.468,4788.9,18.58,76.82,5.9,5.81,2.8,68.0,122.37,
