date,KRW,THB,INR,PHP,CNY,IDR,MYR,SGD,TWD
2002-07-19,,,,,,,,4.6,
2002-07-26,,,,,,,,4.875,
2002-08-02,,,,,,,,5.0,
2002-08-09,,,,,,,,5.625,
2002-08-16,,,,,,,,5.875,
2002-08-23,,,,,,,,5.125,
2002-08-30,,,,,,,,5.625,
2002-09-06,,5.375,,,,,,5.125,
2002-09-13,,5.375,,,,,,4.875,
2002-09-20,,7.75,,,,,,6.125,
2002-09-27,,7.75,,,,,,5.85,
2002-10-04,,7.125,,,,,,5.5,
2002-10-11,,7.125,,,,,,5.75,
2002-10-18,,7.125,,,,,,6.0,
2002-10-25,,7.125,,,,,,6.0,
2002-11-01,,6.25,,,,,,5.5,
2002-11-08,,5.9,,,,,,6.0,
2002-11-15,,5.9,,,,,,5.25,
2002-11-22,,5.9,,,,,,4.5,
2002-11-29,,4.75,,,,,,3.875,
2002-12-06,,4.75,,,,,,3.875,
2002-12-13,,4.75,,,,,,4.125,
2002-12-20,,4.75,,,,,,4.5,
2002-12-27,,4.75,,,,,,4.5,
2003-01-03,,4.75,,,,,,4.75,3.85
2003-01-10,,4.75,,,,,,4.75,3.85
2003-01-17,,4.75,,,,,,4.75,3.85
2003-01-24,,4.75,,,,,,4.0,3.85
2003-01-31,,4.75,,,,,,4.0,3.85
2003-02-07,,4.75,,,,,,4.25,3.85
2003-02-14,,4.75,,,,,,4.5,3.85
2003-02-21,,4.75,,,,,,4.25,3.85
2003-02-28,,4.75,,,,,,4.4,3.85
2003-03-07,,4.75,,,,,,4.0,3.85
2003-03-14,,4.75,,,,,,4.75,3.85
2003-03-21,,5.35,,,,,,5.25,3.85
2003-03-28,,5.6,,,,,,4.9,3.85
2003-04-04,,5.6,,,,,,4.8,3.85
2003-04-11,,4.6,,,,,,4.5,2.85
2003-04-18,,4.6,,,,,,4.25,2.5
2003-04-25,,4.6,,,,,,5.0,3.25
2003-05-02,,4.6,,,,,,4.7,2.875
2003-05-09,,4.6,,,,,,4.5,2.675
2003-05-16,,5.6,,,,,,5.75,3.0
2003-05-23,,5.6,,,,,,5.5,3.15
2003-05-30,,5.85,,,,,,5.25,3.0
2003-06-06,,5.85,,,,,,5.25,3.0
2003-06-13,,5.85,,,,,,4.75,2.5
2003-06-20,,5.25,,,,,,4.75,3.0
2003-06-27,,5.0,,,,,,4.8,2.75
2003-07-04,,5.0,,,,,,4.8,4.0
2003-07-11,,5.0,,,,,,5.25,4.0
2003-07-18,,4.5,,,,,,4.5,3.4
2003-07-25,,5.25,,,,,,4.25,3.4
2003-08-01,,4.7,,,,,,4.25,2.85
2003-08-08,,4.7,,,,,,4.25,2.85
2003-08-15,,4.25,2.375,,,,,4.0,2.85
2003-08-22,,4.25,2.375,,,,,4.25,2.85
2003-08-29,,5.0,2.875,,,,,4.25,2.7
2003-09-05,,6.0,2.875,,,,,4.25,3.0
2003-09-12,,7.25,2.875,,,,,4.25,3.15
2003-09-19,,6.5,2.875,,,,,4.25,3.95
2003-09-26,,6.25,2.875,,,,,4.875,5.0
2003-10-03,,7.0,3.875,,,,,5.375,5.25
2003-10-10,,6.75,3.875,,,,,5.375,5.25
2003-10-17,,7.25,3.875,,,,,5.975,5.25
2003-10-24,,7.25,3.875,,,,,5.425,3.8
2003-10-31,,5.75,3.875,,,,,5.125,3.6
2003-11-07,,4.0,3.375,,,,,4.125,3.1
2003-11-14,,3.5,3.375,,,,,4.125,3.1
2003-11-21,,3.5,3.375,,,,,4.625,2.8
2003-11-28,,3.5,3.375,,,,,4.375,2.8
2003-12-05,8.25,3.5,3.375,,,,,4.375,2.9
2003-12-12,8.25,3.5,3.375,,,,,4.475,2.9
2003-12-19,7.25,3.5,3.375,,,,,3.675,2.9
2003-12-26,7.25,3.5,3.375,,,,,3.675,2.9
2004-01-02,7.25,3.5,3.375,,,,,3.675,2.9
2004-01-09,7.25,4.5,3.375,,,,,3.75,2.9
2004-01-16,6.25,4.5,3.375,,,,,3.75,2.9
2004-01-23,6.25,4.5,3.375,,,,,3.75,2.9
2004-01-30,8.25,4.5,3.375,,,,,3.75,2.9
2004-02-06,9.25,5.25,3.375,,,,,4.0,2.9
2004-02-13,7.25,5.25,3.125,,,,,4.25,3.5
2004-02-20,7.25,4.0,3.125,,,,,4.25,3.0
2004-02-27,8.25,4.0,3.125,,,,,4.25,3.0
2004-03-05,7.5,4.0,3.125,,,,,4.75,3.0
2004-03-12,7.625,4.5,3.125,,,,,4.25,2.5
2004-03-19,7.625,4.5,3.125,,,,,4.25,3.0
2004-03-26,7.625,4.5,3.125,,,,,4.25,3.25
2004-04-02,8.375,4.75,6.25,,,,,5.0,3.75
2004-04-09,8.625,4.75,5.5,,,,,5.0,2.8
2004-04-16,8.375,4.75,5.5,,,,,5.0,2.8
2004-04-23,8.375,5.0,5.5,,,,,5.0,2.25
2004-04-30,8.875,5.0,5.5,,,,,4.25,3.0
2004-05-07,8.875,5.0,5.5,,,,,4.25,2.5
2004-05-14,8.875,5.75,6.5,,,,,4.75,4.25
2004-05-21,8.0,5.75,8.0,,,,,4.6,3.75
2004-05-28,7.6,5.75,6.5,,,,,4.5,3.075
2004-06-04,7.6,5.75,6.5,,,,,4.5,3.175
2004-06-11,7.25,4.75,6.5,,,,,4.5,2.875
2004-06-18,7.25,4.75,6.25,,,,,4.35,2.875
2004-06-25,7.25,5.0,7.25,,,,,4.35,3.175
2004-07-02,7.0,5.0,6.5,,,,,4.45,2.775
2004-07-09,5.85,4.1,5.75,,,,,4.35,2.575
2004-07-16,7.0,4.1,7.25,,,,,4.25,2.675
2004-07-23,6.5,4.1,7.25,,,,,4.25,3.175
2004-07-30,6.8,4.1,7.4,,,,,4.625,3.125
2004-08-06,6.25,5.0,6.0,,,,,4.525,2.625
2004-08-13,5.5,5.0,6.0,,,,,4.125,2.125
2004-08-20,5.5,4.1,4.65,,,,,3.625,1.975
2004-08-27,5.3,4.5,4.65,,,,,2.875,1.875
2004-09-03,5.5,4.5,4.65,,,,,3.325,2.475
2004-09-10,4.0,2.5,3.25,,,,,3.425,2.125
2004-09-17,3.5,4.0,4.75,4.5,,,,3.625,2.325
2004-09-24,3.5,3.7,4.25,4.5,,,,3.475,2.325
2004-10-01,5.25,4.25,4.25,4.5,,,,3.475,2.325
2004-10-08,4.5,4.2,4.25,4.25,,,,5.125,2.625
2004-10-15,3.7,3.6,4.25,4.25,,,,3.625,2.275
2004-10-22,4.0,3.5,3.25,4.25,,,,3.875,2.625
2004-10-29,6.25,5.0,5.0,4.25,,,,4.325,3.625
2004-11-05,6.25,5.0,5.5,4.25,,,,4.425,4.5
2004-11-12,5.9,5.0,5.5,4.25,,,,4.425,5.5
2004-11-19,9.5,6.0,6.0,4.25,,,,5.375,7.25
2004-11-26,10.5,7.0,5.75,4.25,,,,5.975,8.7
2004-12-03,9.0,7.0,6.25,4.25,,,,6.075,7.5
2004-12-10,9.0,7.0,6.25,4.25,,,,6.075,7.5
2004-12-17,10.0,8.0,9.0,4.25,,,,5.575,6.0
2004-12-24,8.25,8.0,8.0,4.25,,,,5.575,5.9
2004-12-31,9.5,8.1,8.25,4.25,,,,6.225,7.2
2005-01-07,9.25,7.5,8.25,4.25,,,,5.875,6.4
2005-01-14,9.0,7.0,7.0,4.25,,,,5.875,6.0
2005-01-21,8.5,6.5,6.0,4.25,,,,5.625,6.0
2005-01-28,8.5,6.5,6.0,4.25,,,,5.625,6.0
2005-02-04,8.0,6.0,6.75,4.25,,,,5.275,6.0
2005-02-11,7.25,6.0,6.25,4.25,,,,4.775,5.75
2005-02-18,5.25,4.5,5.0,4.25,,,,4.175,4.4
2005-02-25,7.25,4.5,5.0,4.25,,,,4.275,4.35
2005-03-04,7.0,5.25,4.75,4.25,,5.0,,4.275,4.5
2005-03-11,6.9,4.75,4.75,6.25,,5.0,,4.275,4.5
2005-03-18,6.75,4.75,4.5,6.25,,4.5,,4.275,4.5
2005-03-25,6.75,4.75,4.5,6.25,,4.5,,4.275,4.5
2005-04-01,7.0,5.5,4.7,6.25,,5.5,,4.275,6.4
2005-04-08,6.65,5.5,4.0,6.0,,5.0,,4.9,5.6
2005-04-15,6.5,5.25,3.25,6.75,,5.0,,4.75,4.8
2005-04-22,6.75,5.25,3.25,7.25,,5.0,,4.75,5.5
2005-04-29,7.65,5.7,4.5,7.25,,5.0,,6.0,6.5
2005-05-06,7.5,6.4,4.5,7.25,,5.0,,5.5,7.0
2005-05-13,6.35,5.5,4.5,7.25,5.25,5.0,,4.75,5.75
2005-05-20,6.75,6.0,4.25,7.25,3.5,5.0,,4.8,5.75
2005-05-27,6.5,6.0,4.0,5.75,3.5,5.0,,4.5,5.5
2005-06-03,6.0,6.0,3.75,5.75,3.0,5.0,,4.25,5.0
2005-06-10,5.0,5.5,3.7,7.25,2.5,4.75,,4.0,4.0
2005-06-17,5.75,5.5,3.7,7.25,2.5,4.75,,4.1,4.0
2005-06-24,5.75,5.5,3.25,7.25,2.5,5.0,,4.1,4.25
2005-07-01,7.25,5.5,3.25,7.75,2.5,5.0,,4.8,5.475
2005-07-08,8.5,6.65,3.25,7.75,2.5,5.85,,4.8,5.625
2005-07-15,8.0,6.05,3.05,7.75,3.0,5.9,,4.5,5.625
2005-07-22,8.5,6.05,3.75,7.75,3.875,6.1,,5.25,5.75
2005-07-29,7.0,6.0,2.75,7.25,2.0,4.85,,4.4,5.25
2005-08-05,6.0,5.75,2.75,6.5,1.8,4.85,,4.4,5.0
2005-08-12,5.5,5.75,2.5,6.5,1.8,4.85,,4.3,4.4
2005-08-19,6.0,5.75,2.5,5.75,1.8,5.9,,4.3,4.7
2005-08-26,6.5,6.0,3.0,5.75,1.8,14.0,,4.3,4.9
2005-09-02,7.2,6.25,4.875,6.75,1.8,27.5,,4.75,5.5
2005-09-09,6.5,6.0,3.875,5.75,1.8,17.5,,4.125,5.25
2005-09-16,5.5,5.5,3.625,5.25,1.8,15.5,,4.025,5.0
2005-09-23,5.5,5.25,3.625,5.5,1.25,18.5,,3.625,4.65
2005-09-30,5.9,5.25,3.875,5.5,1.25,18.5,,3.375,4.3
2005-10-07,5.5,5.0,3.875,5.5,1.25,17.5,,3.625,4.0
2005-10-14,6.25,5.0,4.625,5.25,1.25,15.5,,3.625,3.9
2005-10-21,6.75,4.5,5.375,5.25,1.25,13.5,,3.375,4.25
2005-10-28,6.5,4.25,5.125,5.25,1.25,13.0,,3.375,4.25
2005-11-04,6.35,4.25,5.325,5.25,2.0,13.0,,3.375,4.25
2005-11-11,5.9,4.7,5.925,5.25,3.0,13.0,,3.275,4.25
2005-11-18,5.6,4.45,5.625,5.25,3.0,13.0,,3.175,4.25
2005-11-25,5.25,4.45,4.625,5.25,2.5,13.0,,3.175,4.0
2005-12-02,5.2,4.2,4.875,5.25,2.5,12.0,,3.175,4.0
2005-12-09,4.85,4.1,4.875,5.25,2.5,11.0,,2.975,4.0
2005-12-16,5.5,4.1,4.875,5.25,2.5,10.875,,2.975,4.6
2005-12-23,4.5,3.9,5.375,5.25,3.0,10.875,,3.225,4.6
2005-12-30,3.5,3.7,5.375,5.25,3.0,10.5,,3.225,4.75
2006-01-06,6.5,5.4,5.75,5.25,3.0,10.5,,3.975,6.3
2006-01-13,7.75,7.375,6.5,5.25,3.0,10.5,,4.725,6.75
2006-01-20,6.75,6.925,5.5,5.25,2.5,10.5,,4.725,6.2
2006-01-27,7.75,6.925,5.25,5.25,2.5,10.5,,4.725,6.0
2006-02-03,8.0,7.875,4.75,6.25,2.5,10.5,,5.125,6.0
2006-02-10,7.75,7.125,4.25,7.25,2.5,10.5,,4.125,6.0
2006-02-17,7.75,6.6,4.5,6.85,2.5,10.0,,4.575,5.3
2006-02-24,8.25,6.8,4.75,6.85,3.5,10.0,,4.575,5.3
2006-03-03,7.25,7.1,4.25,7.75,2.0,10.0,,4.675,6.0
2006-03-10,7.0,7.5,4.5,7.15,2.0,10.0,,4.625,5.25
2006-03-17,6.35,6.9,4.25,7.15,2.0,9.5,,4.2,4.75
2006-03-24,6.25,7.0,4.0,7.15,2.0,9.0,,4.3,4.0
2006-03-31,6.025,6.75,4.4,5.625,2.0,9.0,,4.3,4.0
2006-04-07,7.775,7.3,4.4,5.625,2.0,9.0,,4.8,5.4
2006-04-14,6.375,6.8,5.15,4.875,2.0,9.0,,4.7,3.8
2006-04-21,7.125,6.8,5.15,4.875,2.0,8.25,,4.8,5.25
2006-04-28,6.525,6.8,5.15,4.875,2.0,7.75,,4.7,5.75
2006-05-05,6.375,6.8,5.15,4.875,2.25,7.75,,4.7,5.75
2006-05-12,7.375,7.05,5.0,4.875,2.75,7.75,,5.55,6.35
2006-05-19,7.625,8.1,5.75,11.75,2.75,16.5,,6.4,6.4
2006-05-26,7.125,8.1,6.0,11.75,2.75,18.0,,6.5,6.65
2006-06-02,6.875,7.8,6.75,9.5,2.75,14.0,,6.0,6.15
2006-06-09,6.375,7.2,5.75,9.5,2.75,12.5,,5.5,5.65
2006-06-16,5.875,7.2,5.0,9.5,2.75,13.0,,5.5,5.65
2006-06-23,5.875,6.7,5.0,6.25,2.75,12.0,,5.25,5.5
2006-06-30,6.475,6.55,5.85,7.0,2.75,11.0,,5.25,6.15
2006-07-07,6.375,6.55,5.5,7.0,2.55,11.0,,5.5,6.15
2006-07-14,6.125,6.6,5.5,7.0,2.35,11.0,,5.25,5.85
2006-07-21,6.125,6.15,5.85,6.45516,2.25,11.0,,5.0,5.85
2006-07-28,5.625,5.8,5.75,7.0,2.0,11.0,,5.0,5.35
2006-08-04,6.375,5.5,5.25,7.0,2.0,10.5,,5.0,5.35
2006-08-11,5.525,5.5,5.0,7.0,2.0,10.5,,4.75,4.75
2006-08-18,5.375,5.15,4.65,7.0,2.0,9.0,,4.55,4.65
2006-08-25,5.125,5.1,4.65,6.0,2.0,9.0,,4.5,4.65
2006-09-01,4.875,4.95,4.5,6.0,2.0,8.25,4.0,4.25,4.65
2006-09-08,4.875,4.65,4.5,6.0,2.0,6.75,4.0,4.25,4.65
2006-09-15,4.625,4.2,4.5,6.0,2.0,6.75,4.0,4.1,4.4
2006-09-22,4.875,6.65,4.5,6.0,1.85,6.75,4.0,4.1,3.85
2006-09-29,4.125,5.3,4.0,6.0,2.0,6.75,4.0,3.4,3.85
2006-10-06,3.875,4.45,4.0,6.0,2.0,6.5,3.25,3.2,3.85
2006-10-13,4.875,4.45,4.0,6.0,1.75,6.0,3.0,3.4,3.85
2006-10-20,4.375,4.45,4.0,5.0,1.75,6.0,3.0,3.2,3.85
2006-10-27,3.975,4.15,3.85,4.5,1.5,6.0,3.0,3.0,3.35
2006-11-03,4.875,4.6,4.25,4.5,1.5,6.0,3.0,3.65,5.35
2006-11-10,4.975,4.55,4.25,4.5,1.5,5.5,3.0,3.0,4.65
2006-11-17,5.125,4.85,5.0,4.5,1.5,4.75,3.0,3.05,4.65
2006-11-24,4.975,4.05,4.75,3.5,1.5,4.75,3.0,2.9,3.45
2006-12-01,5.125,5.0,4.75,4.25,1.5,4.75,3.0,4.1,5.1
2006-12-08,6.625,5.1,4.4,4.25,2.0,4.5,3.75,4.35,4.95
2006-12-15,5.375,5.1,4.5,4.25,2.5,4.5,3.75,3.8,4.15
2006-12-22,5.125,7.25,4.75,5.75,2.25,4.9,4.35,4.0,4.15
2006-12-29,5.375,7.25,5.0,6.0,2.25,4.9,4.35,4.0,4.15
2007-01-05,5.125,9.0,5.35,6.0,2.25,4.9,4.35,4.0,4.45
2007-01-12,4.875,7.0,5.0,6.0,2.25,4.9,4.35,3.85,3.9
2007-01-19,3.875,6.6,4.5,4.75,1.8,4.9,4.35,3.7,3.65
2007-01-26,3.875,22.0,4.5,4.75,1.7,4.65,4.35,3.4,3.65
2007-02-02,4.125,16.0,4.0,4.75,1.7,4.65,3.75,3.4,3.35
2007-02-09,4.125,14.5,3.75,4.75,1.7,4.65,3.75,3.4,2.65
2007-02-16,4.125,14.5,3.75,4.75,1.7,4.65,3.1,3.4,2.65
2007-02-23,3.875,15.0,3.75,4.75,1.7,4.375,3.1,3.4,2.65
2007-03-02,3.875,15.0,3.75,4.75,1.7,6.0,3.1,3.4,2.65
2007-03-09,4.375,15.0,4.0,5.25,1.7,5.75,3.1,3.3,3.35
2007-03-16,4.375,15.0,4.0,5.25,1.7,5.75,2.7,3.8,3.35
2007-03-23,4.125,15.0,4.5,5.25,1.7,5.75,2.75,3.625,3.35
2007-03-30,4.125,18.375,4.5,5.0,1.5,5.125,3.15,3.625,3.35
2007-04-06,4.125,14.875,6.0,5.0,1.5,4.375,3.15,4.3,3.35
2007-04-13,3.875,14.875,5.75,5.0,1.5,3.875,3.15,4.3,3.35
2007-04-20,3.375,11.625,7.0,5.0,1.5,3.875,3.15,4.3,2.85
2007-04-27,3.375,11.625,8.75,5.0,1.5,2.625,3.15,2.95,2.35
2007-05-04,3.375,11.625,8.5,5.0,1.5,5.875,3.15,3.15,2.35
2007-05-11,3.375,11.625,7.75,5.0,1.5,8.125,3.25,3.55,2.65
2007-05-18,3.125,11.625,7.0,5.625,1.5,6.625,3.25,3.55,2.6
2007-05-25,3.125,11.625,6.5,5.875,1.5,7.625,3.25,3.55,3.4
2007-06-01,3.125,11.625,7.25,6.375,1.75,7.625,2.725,3.55,3.25
2007-06-08,3.375,11.625,6.75,6.625,1.75,7.625,6.225,3.45,2.85
2007-06-15,3.375,11.625,8.25,6.625,1.75,10.875,4.375,3.35,2.9
2007-06-22,3.375,11.625,8.25,7.025,1.75,10.875,4.375,3.35,2.9
2007-06-29,3.375,11.625,7.0,7.025,1.75,9.625,5.875,3.35,3.5
2007-07-06,3.875,10.75,6.75,7.35,1.75,8.625,5.5,3.2,3.15
2007-07-13,3.875,13.0,6.0,6.75,1.75,7.625,6.5,3.2,3.15
2007-07-20,3.875,13.0,6.2,7.85,1.75,6.875,6.0,3.45,3.05
2007-07-27,3.875,17.0,7.25,9.0,1.75,8.625,8.05,3.25,3.05
2007-08-03,3.925,17.0,6.5,8.95,1.6,7.575,7.1,3.4,3.35
2007-08-10,4.075,17.0,6.5,8.25,1.55,7.575,7.1,3.7,2.95
2007-08-17,6.375,19.0,11.0,11.75,2.5,10.875,9.25,5.625,3.875
2007-08-24,5.25,19.0,10.0,10.75,2.5,8.925,8.15,4.375,3.4
2007-08-31,4.75,19.0,9.5,10.75,2.5,7.875,7.0,4.175,3.1
2007-09-07,4.85,19.0,8.25,10.75,2.0,6.225,7.0,4.75,2.95
2007-09-14,4.75,19.0,7.0,8.5,2.0,7.0,6.5,4.7,2.8
2007-09-21,4.45,19.0,8.5,8.5,2.0,7.5,6.5,4.7,2.8
2007-09-28,4.5,19.0,8.5,8.3,2.1,7.5,6.15,4.5,4.1
2007-10-05,4.7,,8.25,8.3,2.1,7.15,6.0,5.7,4.1
2007-10-12,4.9,,7.5,8.3,2.1,7.0,6.0,5.4,3.45
2007-10-19,5.15,,9.25,8.3,2.5,7.7,6.5,5.5,3.45
2007-10-26,5.35,,8.75,8.3,2.5,7.75,7.05,5.65,3.55
2007-11-02,6.0,,8.0,8.3,2.5,7.85,6.75,5.8,3.7
2007-11-09,5.85,,7.25,9.25,3.0,7.5,6.75,5.75,4.45
2007-11-16,6.5,,7.25,9.25,3.0,9.1,6.75,6.1,4.2
2007-11-23,8.0,,8.0,9.25,4.0,8.2,6.75,7.25,4.35
2007-11-30,7.5,,8.0,8.75,4.0,7.65,7.0,7.0,4.4
2007-12-07,6.5,,7.25,8.75,3.75,7.65,7.0,6.25,4.4
2007-12-14,6.1,,6.25,8.75,3.75,7.75,7.25,5.0,4.25
2007-12-21,7.1,,6.75,8.0,3.75,7.75,6.75,5.65,4.4
2007-12-28,5.85,,6.75,8.25,3.75,7.0,6.0,5.4,4.2
2008-01-04,6.85,,5.65,9.0,3.75,6.45,6.5,5.9,3.6
2008-01-11,6.65,,5.7,8.4,3.35,6.5,6.0,4.75,2.85
2008-01-18,7.2,,5.0,7.75,3.35,6.7,6.25,5.05,3.15
2008-01-25,7.45,,5.25,8.5,3.35,7.7,6.5,6.2,4.0
2008-02-01,6.75,,4.75,7.75,3.35,7.0,5.35,5.35,3.65
2008-02-08,5.75,,4.5,7.75,3.35,6.65,5.5,5.35,4.35
2008-02-15,5.5,15.0,5.25,8.1,3.35,6.65,5.2,5.1,5.1
2008-02-22,5.2,15.0,5.875,8.1,3.25,6.9,4.75,4.75,6.0
2008-02-29,6.0,3.75,5.125,7.5,3.25,6.7,5.0,5.8,7.25
2008-03-07,8.0,6.25,7.375,8.0,4.0,7.25,7.0,6.0,8.0
2008-03-14,12.475,5.25,7.375,8.5,4.0,7.95,7.5,6.9,9.3
2008-03-21,12.0,5.25,7.875,8.5,4.75,7.7,7.5,6.5,10.5
2008-03-28,12.1,6.25,7.425,7.7,4.0,6.3,7.0,6.05,9.25
2008-04-04,10.5,6.25,6.625,7.7,4.0,6.6,7.25,6.1,8.3
2008-04-11,7.925,5.25,5.375,7.5,3.5,5.55,6.0,5.6,7.95
2008-04-18,12.5,5.25,4.875,7.5,3.5,5.1,6.25,5.55,6.3
2008-04-25,11.25,5.25,6.125,7.5,2.75,5.8,6.25,5.45,6.0
2008-05-02,10.25,5.25,7.375,7.5,2.75,4.75,6.0,5.375,6.4
2008-05-09,13.5,5.25,9.125,8.0,3.75,5.8,7.5,6.275,8.0
2008-05-16,14.75,5.25,9.525,8.75,3.75,5.575,8.3,6.875,8.0
2008-05-23,13.8,5.25,8.75,9.25,3.5,5.925,7.5,6.3,8.3
2008-05-30,12.0,5.25,8.75,10.75,3.5,5.575,7.75,5.8,7.3
2008-06-06,11.85,5.25,8.75,10.75,3.0,5.575,7.75,5.9,7.1
2008-06-13,11.7,8.5,8.5,9.25,2.75,5.175,8.4,6.75,7.6
2008-06-20,10.5,8.5,6.5,8.5,2.75,4.325,7.5,5.55,6.9
2008-06-27,11.5,8.5,6.75,8.5,2.5,4.5,7.25,4.9,5.5
2008-07-04,11.75,8.5,7.75,8.5,2.55,3.8,6.25,4.75,3.85
2008-07-11,12.2,8.5,9.0,8.0,1.9,4.55,5.5,3.85,4.0
2008-07-18,12.05,8.5,9.0,8.0,1.9,4.65,5.5,4.35,4.6
2008-07-25,11.1,8.5,9.25,8.5,1.9,4.5,5.5,5.0,4.0
2008-08-01,10.5,8.5,9.0,10.0,1.9,4.5,5.0,5.2,5.3
2008-08-08,10.55,8.5,8.5,9.0,2.25,5.3,6.5,6.8,7.2
2008-08-15,10.5,8.5,9.0,9.15,2.25,4.8,7.0,7.7,6.9
2008-08-22,13.5,6.75,10.75,9.25,2.25,4.5,7.0,7.85,5.65
2008-08-29,15.0,6.75,10.25,9.25,2.25,4.5,7.75,7.4,5.1
2008-09-05,21.5,6.75,11.5,9.25,2.25,11.0,9.0,8.8,6.8
2008-09-12,21.85,6.75,12.5,11.5,2.25,12.0,9.75,8.9,8.0
2008-09-19,27.0,8.0,14.0,11.5,2.25,8.25,9.75,8.5,8.3
2008-09-26,25.0,8.0,13.75,11.5,3.0,9.75,9.75,9.3,7.2
2008-10-03,32.0,8.0,17.0,13.0,4.0,12.0,10.25,10.2,8.55
2008-10-10,60.0,8.0,30.0,13.0,4.0,35.0,12.0,14.0,9.5
2008-10-17,65.0,8.0,22.5,17.0,3.0,24.0,11.0,11.75,8.5
2008-10-24,85.0,8.0,26.0,17.0,5.5,70.0,12.0,11.5,12.25
2008-10-31,69.0,8.0,25.0,20.0,5.0,50.0,12.5,16.0,12.25
2008-11-07,67.0,8.0,20.0,20.0,3.5,39.0,12.0,13.5,10.5
2008-11-14,65.0,8.0,22.0,15.0,3.5,50.0,11.5,14.0,10.25
2008-11-21,70.0,8.0,30.0,30.0,4.5,60.0,13.0,13.25,12.0
2008-11-28,55.0,8.0,21.0,26.0,4.0,45.0,12.0,10.25,9.0
2008-12-05,50.0,18.0,18.0,26.0,4.0,45.0,12.5,11.0,10.0
2008-12-12,43.0,18.0,18.0,22.0,4.0,51.0,13.0,12.0,10.25
2008-12-19,43.0,18.0,19.5,18.0,3.5,45.0,14.0,13.5,10.0
2008-12-26,43.0,18.0,19.5,18.0,4.0,45.0,14.0,12.0,10.5
2009-01-02,50.0,23.0,21.5,18.0,4.0,41.0,15.0,13.0,10.5
2009-01-09,40.0,25.0,16.5,17.0,2.5,30.0,11.0,13.0,8.5
2009-01-16,39.0,12.0,15.5,14.0,2.75,27.0,10.5,12.5,8.0
2009-01-23,34.0,8.0,12.5,13.0,2.5,27.0,9.25,12.5,7.0
2009-01-30,32.0,8.0,11.0,11.0,2.5,27.0,8.75,10.5,7.5
2009-02-06,23.0,8.0,10.0,8.5,2.0,27.0,8.75,9.0,7.5
2009-02-13,24.0,5.0,9.0,8.5,1.8,30.0,8.75,9.45,8.75
2009-02-20,29.0,8.0,12.5,12.0,1.8,30.0,10.0,10.5,9.0
2009-02-27,32.0,7.0,14.0,13.0,2.0,30.0,10.0,9.75,9.3
2009-03-06,30.0,7.0,11.5,10.0,2.0,28.0,10.25,9.9,10.0
2009-03-13,31.0,7.0,11.5,11.0,2.0,22.0,10.0,11.0,10.35
2009-03-20,29.0,7.0,12.0,11.0,1.85,19.0,10.5,11.0,11.3
2009-03-27,29.0,7.0,11.5,11.0,1.7,19.0,10.25,10.9,9.8
2009-04-03,34.5,7.0,13.0,11.0,1.4,19.0,10.5,12.0,10.8
2009-04-10,28.0,7.0,12.0,10.0,1.4,17.0,11.0,13.0,9.0
2009-04-17,26.0,8.0,12.0,9.0,1.1,17.0,9.25,9.0,8.0
2009-04-24,24.0,8.0,11.5,9.5,1.25,18.0,7.5,8.0,6.75
2009-05-01,28.0,18.0,11.0,9.5,1.0,18.0,7.5,8.2,12.5
2009-05-08,24.5,18.0,13.0,9.0,1.0,19.0,8.0,8.6,8.25
2009-05-15,22.5,18.0,15.75,9.0,1.0,18.0,8.5,8.4,7.9
2009-05-22,18.5,18.0,10.0,8.0,0.75,18.0,9.0,7.6,7.25
2009-05-29,23.25,24.0,11.25,7.5,0.75,18.0,10.0,7.9,8.25
2009-06-05,20.0,19.0,11.0,7.5,0.75,19.0,9.5,7.50493,9.5
2009-06-12,17.5,19.0,11.75,8.5,0.75,18.0,9.75,8.0,9.4
2009-06-19,19.0,19.0,12.75,10.0,0.75,20.0,9.5,7.6,9.5
2009-06-26,19.0,19.0,12.25,9.5,0.75,20.0,9.0,7.2,7.5
2009-07-03,16.0,4.0,12.0,7.75,0.75,17.0,7.75,6.8,6.9
2009-07-10,14.25,4.0,10.75,6.75,0.75,18.0,8.0,6.8,5.75
2009-07-17,16.2,4.0,11.75,6.75,0.5,16.5,8.25,6.0,6.0
2009-07-24,13.5,4.0,10.25,6.5,0.5,15.0,7.75,6.0,6.45
2009-07-31,13.75,4.0,9.5,5.25,0.5,13.0,7.5,6.0,6.9
2009-08-07,13.6,3.5,9.75,5.75,0.45,12.25,7.25,5.7,5.5
2009-08-14,14.5,3.5,9.5,5.2,0.45,12.25,7.4,5.8,5.25
2009-08-21,15.0,3.5,9.25,5.5,0.45,14.0,6.75,5.4,5.0
2009-08-28,13.8,3.5,9.25,6.5,0.45,11.5,7.0,5.25,4.5
2009-09-04,13.35,3.5,8.5,5.5,0.45,11.0,6.75,5.25,4.25
2009-09-11,12.1,3.5,8.0,5.35,0.5,10.5,6.5,5.5,5.4
2009-09-18,12.7,4.0,8.5,6.0,0.5,13.0,6.4,5.8,5.7
2009-09-25,12.0,4.0,8.0,7.0,0.5,11.25,6.5,5.85,5.4
2009-10-02,12.75,4.0,8.0,7.75,0.5,11.25,6.9,6.0,6.5
2009-10-09,12.1,4.5,10.5,7.75,0.5,12.5,8.0,7.0,6.8
2009-10-16,12.0,4.5,11.0,8.0,0.7,12.75,7.75,6.6,7.0
2009-10-23,15.0,4.5,12.0,10.0,0.7,12.25,8.8,7.0,7.5
2009-10-30,14.75,4.5,11.75,9.75,0.6,12.5,8.75,6.8,6.25
2009-11-06,13.5,4.5,10.5,9.5,0.6,12.25,8.5,6.3,5.25
2009-11-13,12.0,4.0,10.25,9.5,0.85,12.0,8.1,6.0,6.2
2009-11-20,11.8,3.5,9.75,9.5,0.7,14.25,7.75,6.2,6.65
2009-11-27,14.0,3.25,10.5,10.25,0.7,12.75,7.25,6.25,7.0
2009-12-04,10.5,3.25,9.5,9.25,0.5,10.5,6.5,5.35,5.75
2009-12-11,11.875,3.0,9.5,9.5,0.5,10.5,7.0,5.25,5.75
2009-12-18,11.8,3.0,9.5,9.3,0.5,11.0,6.25,5.4,5.5
2009-12-25,10.9,3.0,8.5,9.3,0.5,11.0,6.5,5.0,4.5
2010-01-01,11.0,3.0,8.25,9.25,0.5,10.0,7.8,5.0,4.5
2010-01-08,11.4,2.75,9.25,8.75,0.5,11.25,7.5,5.1,6.0
2010-01-15,10.85,2.75,8.6,7.75,0.5,10.0,6.75,4.65,5.0
2010-01-22,12.85,2.75,9.5,8.0,0.5,10.5,7.0,5.0,5.25
2010-01-29,14.0,2.75,10.25,9.0,1.5,11.25,7.5,5.4,5.15
2010-02-05,15.5,2.75,11.0,10.25,1.6,11.5,8.75,6.5,5.5
2010-02-12,12.2,2.75,9.0,8.75,1.8,10.25,7.25,5.45,4.35
2010-02-19,12.5,2.75,9.5,8.75,1.8,10.0,7.75,5.85,4.2
2010-02-26,12.4,2.53747,9.0,8.0,2.2,9.25,7.5,5.3,4.5
2010-03-05,10.75,2.53747,7.75,7.25,1.5,9.25,7.2,5.0,4.4
2010-03-12,10.0,2.53747,7.75,6.5,2.1,8.75,6.5,4.5,4.75
2010-03-19,9.2,2.53747,7.0,6.25,1.5,7.75,6.25,4.25,4.25
2010-03-26,8.9,2.53747,6.75,6.25,1.35,7.75,6.0,4.5,4.35
2010-04-02,8.65,3.5,7.25,6.25,1.5,7.0,6.25,4.9,4.0
2010-04-09,9.75,3.5,7.75,7.0,3.25,7.75,7.75,6.6,5.35
2010-04-16,9.4,3.5,7.5,7.25,3.5,7.0,7.75,4.75,5.7
2010-04-23,9.7,3.5,7.25,7.25,3.4,7.0,7.5,4.75,5.3
2010-04-30,9.35,4.0,7.25,7.5,3.3,6.5,7.5,4.9,5.1
2010-05-07,16.5,4.0,10.25,10.5,2.2,14.5,9.75,9.0,6.2
2010-05-14,12.5,4.0,8.5,8.3,3.0,9.5,9.5,7.5,4.6
2010-05-21,29.0,4.0,18.0,14.5,3.0,18.0,16.0,13.5,8.25
2010-05-28,21.5,4.0,13.25,12.75,2.0,12.5,13.0,8.75,7.0
2010-06-04,20.0,4.0,12.0,12.5,1.25,10.5,11.75,8.5,6.7
2010-06-11,23.0,4.0,10.75,10.25,1.15,11.0,11.75,8.35,6.75
2010-06-18,16.0,4.0,9.75,9.25,3.0,9.5,9.75,7.35,5.5
2010-06-25,18.5,4.0,11.75,9.75,3.5,9.5,12.5,8.67731,6.75
2010-07-02,20.0,4.0,12.25,10.0,2.75,10.0,13.25,9.75,7.0
2010-07-09,15.0,4.0,9.5,8.75,1.4,7.0,10.0,7.35,5.5
2010-07-16,14.25,4.0,8.5,7.25,1.75,6.25,8.75,6.35319,4.75
2010-07-23,13.0,4.0,8.0,7.5,1.2,6.5,8.75,6.3,4.25
2010-07-30,11.8,4.0,8.15,7.25,1.1,7.0,8.0,6.25,4.6
2010-08-06,11.5,4.0,8.2,7.6,1.1,5.5,8.0,6.3,4.75
2010-08-13,13.75,4.0,8.0,7.25,1.5,6.25,8.5,6.75,5.0
2010-08-20,13.5,4.0,7.5,7.5,1.75,6.25,7.75,6.6,4.4
2010-08-27,13.65,4.0,7.75,7.5,1.65,7.5,7.75,6.35,4.4
2010-09-03,12.75,3.5,7.25,7.0,1.8,7.0,7.5,5.75,4.15
2010-09-10,10.75,3.5,6.25,7.25,2.75,6.5,6.75,5.5,3.8
2010-09-17,11.7,4.5,7.3,7.25,3.2,6.25,7.0,5.6,3.7
2010-09-24,11.65,4.5,8.1,7.0,3.9,5.75,6.75,5.6,4.5
2010-10-01,11.65,4.5,8.75,7.0,4.1,6.5,7.0,6.2,5.75
2010-10-08,14.25,4.5,10.85,7.75,4.6,7.21462,9.0,8.0,7.25
2010-10-15,14.75,4.5,10.75,7.75,4.25,6.0,8.25,7.5,6.9
2010-10-22,15.25,4.5,10.25,8.75,4.3,6.75,9.0,7.75,6.9
2010-10-29,15.5,5.25,9.75,9.0,4.6,6.5,8.5,8.5,7.1
2010-11-05,12.9,5.25,8.0,7.5,4.6,5.75,7.5,6.8,6.5
2010-11-12,14.25,5.25,9.25,10.5,4.8,6.5,8.25,7.3,7.0
2010-11-19,13.7,4.5,9.2,8.75,4.2,6.75,8.0,7.2,6.5
2010-11-26,18.0,4.5,10.5,9.75,4.2,7.75,9.0,8.25,6.3
2010-12-03,15.0,4.5,10.0,9.0,3.8,6.0,7.75,7.5,6.0
2010-12-10,13.3,4.5,9.75,8.3,3.8,7.0,7.25,7.3,5.2
2010-12-17,13.2,4.5,9.25,8.75,3.5,6.6,7.25,6.6,5.2
2010-12-24,12.8,4.5,8.25,8.25,3.75,6.6,6.5,6.75,5.2
2010-12-31,13.5,4.5,8.6,8.5,3.85,6.6,6.5,6.5,6.6
2011-01-07,11.75,4.0,8.5,7.75,3.4,5.25,6.9,7.4,5.3
2011-01-14,12.0,4.0,8.0,7.7,3.25,7.5,6.25,6.5,5.25
2011-01-21,11.3,4.0,8.25,7.6,2.75,7.0,6.0,6.3,5.25
2011-01-28,10.0,7.5,7.75,6.5,1.8,5.0,5.0,5.6,4.75
2011-02-04,10.5,6.5,7.75,7.0,1.8,6.0,6.1,6.3,4.75
2011-02-11,13.25,4.5,8.4,7.75,2.4,6.25,5.75,6.2,6.75
2011-02-18,9.75,4.5,7.0,7.0,2.0,5.75,5.0,5.3,5.75
2011-02-25,12.0,4.5,8.0,7.75,2.0,5.75,5.75,5.8,7.2
2011-03-04,10.5,4.5,7.0,7.3,1.85,5.75,5.75,5.25,6.7
2011-03-11,9.85,2.5,6.9,6.5,1.8,6.0,5.25,5.15,6.0
2011-03-18,11.0,2.5,7.25,7.3,1.7,6.0,5.75,6.0,6.0
2011-03-25,9.15,3.5,6.3,6.4,1.65,5.5,4.75,5.25,5.25
2011-04-01,10.0,3.5,6.25,6.4,1.65,5.5,5.0,7.75,6.0
2011-04-08,9.5,3.5,6.5,6.4,2.1,5.5,6.5,7.75,5.75
2011-04-15,9.85,3.5,6.5,6.4,2.1,5.75,6.1,6.0,6.2
2011-04-22,9.1,3.5,6.5,6.15,2.4,5.5,6.25,6.0,6.0
2011-04-29,9.2,3.5,6.75,5.9,2.6,5.7,6.65,5.5,5.75
2011-05-06,11.0,3.5,7.0,6.25,2.0,6.25,7.0,6.9,6.0
2011-05-13,10.85,3.5,6.75,6.25,1.75,5.85,6.5,6.5,6.25
2011-05-20,10.0,3.5,6.25,6.25,1.8,5.7,7.5,5.9,6.1
2011-05-27,10.0,3.5,6.25,6.25,1.8,6.0,7.75,6.3,6.2
2011-06-03,8.5,3.25,5.5,5.5,1.8,5.3,7.0,5.6,5.7
2011-06-10,9.0,3.25,5.75,5.35,1.75,5.35,7.1,5.9,5.5
2011-06-17,9.4,3.25,5.75,5.35,2.2,5.7,7.8,6.6,6.0
2011-06-24,8.5,3.25,5.25,5.35,1.65,5.2,7.0,5.9,5.75
2011-07-01,8.5,3.25,5.0,5.25,1.6,5.25,6.75,5.9,5.7
2011-07-08,7.5,4.5,5.1,5.25,1.6,5.3,6.25,5.5,5.2
2011-07-15,7.9,4.5,5.5,5.5,1.7,5.25,6.75,6.0,5.1
2011-07-22,7.6,4.75,5.0,5.1,1.65,5.0,6.2,5.2,4.8
2011-07-29,8.5,4.75,6.25,6.0,1.65,4.6,6.8,5.8,5.25
2011-08-05,11.7,4.75,8.0,8.0,1.6,6.5,8.4,8.5,6.75
2011-08-12,14.4,4.75,8.75,8.0,2.4,7.75,9.5,8.5,6.6
2011-08-19,13.0,4.75,8.0,6.75,1.9,7.0,9.0,8.5,5.6
2011-08-26,13.15,4.75,8.5,7.65,1.8,6.75,9.0,8.0,5.3
2011-09-02,10.25,4.25,7.25,7.25,1.6,6.0,7.5,6.4,4.7
2011-09-09,11.2,4.25,8.0,7.0,1.85,6.2,8.1,6.75,4.85
2011-09-16,16.0,4.25,9.6,9.5,2.3,14.0,10.0,9.0,7.3
2011-09-23,26.0,7.0,13.0,12.25,3.5,25.0,13.75,15.0,12.75
2011-09-30,19.5,7.0,11.8,11.25,4.1,18.0,14.0,14.5,9.8
2011-10-07,16.0,7.5,10.0,10.25,3.0,14.0,11.75,12.0,8.5
2011-10-14,14.0,7.5,9.2,8.75,4.25,12.0,10.0,9.8,7.0
2011-10-21,15.8,7.5,11.8,9.0,3.4,12.0,11.0,12.75,7.6
2011-10-28,14.3,5.5,10.3,8.25,3.0,10.25,10.35,11.0,6.35
2011-11-04,15.75,5.5,11.75,9.0,3.3,11.5,12.5,13.0,7.5
2011-11-11,15.8,5.5,12.35,8.5,3.25,12.0,12.6,12.0,7.25
2011-11-18,15.25,5.5,13.0,8.5,3.2,11.5,11.5,11.25,6.75
2011-11-25,15.0,5.5,13.2,8.7,3.3,11.75,11.0,10.7,6.7
2011-12-02,13.0,5.5,10.7,8.25,3.15,12.25,10.5,10.25,6.0
2011-12-09,13.8,5.5,11.5,7.75,3.25,11.5,10.25,9.9,6.25
2011-12-16,13.25,5.5,14.55,7.75,3.0,11.75,9.5,8.05,5.75
2011-12-23,12.0,5.5,11.25,7.25,2.9,11.0,7.5,6.5,5.0
2011-12-30,12.6,5.5,11.0,7.5,2.5,10.5,7.5,6.5,5.25
2012-01-06,11.35,5.5,10.3,6.75,2.3,9.5,7.0,7.35,5.0
2012-01-13,9.56842,5.5,10.75,5.75,1.85,7.5,6.3,6.0,5.8
2012-01-20,8.66,5.5,10.5,6.0,1.85,7.0,6.75,6.65,4.0
2012-01-27,9.03852,5.25,10.0,6.0,1.9,7.0,7.45,7.2,4.3
2012-02-03,8.82861,5.25,10.25,6.1,1.8,7.5,8.3,8.0,5.5
2012-02-10,8.74164,4.75,10.45,5.85,1.7,7.0,7.5,7.45745,5.2
2012-02-17,8.85437,4.5,10.15,5.85,1.7,7.0,8.0,8.38585,4.55
2012-02-24,8.16299,4.25,8.62724,5.85,1.7,7.5,7.06547,7.11836,3.95
2012-03-02,7.63702,4.25,9.21771,5.85,1.8,8.5,7.36593,7.06774,4.3
2012-03-09,8.2,4.25,10.2583,6.30747,1.9,8.0,7.22835,7.00618,4.31717
2012-03-16,8.2,4.25,9.6,6.30747,2.5,7.0,7.1,6.8,4.25
2012-03-23,8.0054,4.0,9.5,5.5,2.81987,6.5,7.3,6.15,4.1
2012-03-30,6.9703,4.0,9.6014,5.5,2.25,6.5,6.647,6.2686,3.6632
2012-04-06,7.43616,4.4,9.9,5.57841,2.0,6.25,6.8,6.6,3.65
2012-04-13,8.38209,4.4,9.61368,5.77841,2.05,6.0,6.3,5.65433,3.75
2012-04-20,7.22526,4.1,8.87718,4.54802,1.87896,5.55296,5.75931,5.16601,2.90452
2012-04-27,6.37983,4.1,8.8469,4.05147,1.9397,4.78838,4.76178,4.31986,3.10703
2012-05-04,6.92202,4.1,11.03,4.37754,1.88661,6.20746,5.51296,5.0517,4.08916
2012-05-11,8.21398,4.1,11.9,5.34115,1.82075,7.05968,6.11425,5.54821,4.2162
2012-05-18,11.162,4.1,13.457,6.93899,1.9969,8.86166,9.53749,8.49061,5.96686
2012-05-25,10.8306,4.1,13.0961,7.28222,1.92077,14.8325,8.63647,7.61748,5.32748
2012-06-01,10.2322,4.1,12.4566,7.57618,2.20188,15.4,9.02674,7.69248,5.29483
2012-06-08,10.3623,4.1,12.0554,7.01377,2.27574,13.3176,9.35239,8.69878,5.87922
2012-06-15,10.4287,4.1,12.0955,7.29305,2.20247,12.0975,9.15369,8.84584,5.62633
2012-06-22,7.78572,4.1,12.3914,6.18635,1.81082,9.86928,7.4753,7.10476,4.56592
2012-06-29,7.3796,4.1,11.314,6.20943,1.81562,7.18828,6.40402,5.85583,3.75607
2012-07-06,6.4341,4.1,12.6729,5.96427,1.51733,7.16303,6.06863,5.83615,3.55175
2012-07-13,7.57665,4.1,12.187,6.02902,1.25935,7.87535,6.16471,5.69591,3.30682
2012-07-20,6.66578,3.35,10.869,5.54203,1.25448,6.03851,5.75433,5.14826,2.69826
2012-07-27,7.48763,3.35,11.8259,6.63894,1.38754,6.56032,6.36294,5.57649,3.71412
2012-08-03,7.08221,3.35,11.0946,6.5,1.26128,5.26379,6.90505,5.53078,3.55334
2012-08-10,6.24497,3.35,9.84607,5.75447,1.19824,5.41094,5.97458,4.73005,3.24219
2012-08-17,6.23505,3.35,10.0549,6.23667,1.06855,6.14937,5.93633,4.81911,3.33292
2012-08-24,6.22431,3.35,9.15,6.04115,1.03366,5.21805,6.54709,5.05484,3.03886
2012-08-31,7.9046,3.35,10.0836,5.9208,1.2121,6.9649,6.9652,5.7837,3.5049
2012-09-07,6.31455,3.35,8.73765,5.624,1.27297,5.0,6.16638,4.99476,3.18993
2012-09-14,5.55923,3.35,9.4526,4.78927,1.33818,3.52464,6.18248,4.76598,3.45663
2012-09-21,5.41263,3.35,11.1797,5.24861,1.1158,4.51055,6.35768,4.7549,3.64991
2012-09-28,5.46312,3.35,11.9398,5.24861,0.88181,5.55033,7.05341,5.68417,3.5118
2012-10-05,5.66753,3.35,11.052,5.24861,1.1052,5.55033,6.71082,5.7795,3.76001
2012-10-12,5.44761,3.35,10.8452,5.11306,1.65712,5.06356,6.45774,4.47595,3.32556
2012-10-19,5.44209,3.35,11.4613,4.81679,1.53504,5.43966,5.97142,3.77338,3.54153
2012-10-26,5.67378,3.35,10.4208,4.37271,1.71478,5.43966,6.00738,4.02556,3.37053
2012-11-02,4.94543,3.35,9.8692,4.54079,1.68497,4.53987,5.27909,3.47529,3.169
2012-11-09,5.1368,3.35,9.7,4.55214,1.50817,4.45199,5.16507,3.75106,4.33451
2012-11-16,5.85708,3.35,9.54908,4.19977,1.55212,3.37818,5.25256,3.81671,3.81978
2012-11-23,5.38934,3.35,9.53239,4.22193,1.47201,3.37818,4.47461,3.06553,3.36073
2012-11-30,4.84288,3.35,10.3578,4.10457,1.50376,3.66009,4.45764,3.05837,3.2367
2012-12-07,4.63492,3.35,11.2505,4.10457,1.58758,6.09125,4.55114,2.99601,3.28064
2012-12-14,4.23923,3.35,9.7247,4.31797,1.84872,5.27142,4.15059,2.4221,2.71789
2012-12-21,4.11784,3.35,9.32632,4.31797,1.55883,5.27142,4.06517,2.489,2.65261
2012-12-28,4.64633,3.35,9.76134,4.31797,1.73623,5.27142,4.37019,2.97218,2.97237
2013-01-04,4.4372,2.9421,9.6856,3.9231,1.4839,5.9889,5.2713,3.6855,3.0805
2013-01-11,4.4864,2.9421,9.5557,3.8438,1.7091,6.568,4.9212,3.5175,3.186
2013-01-18,5.0619,3.2481,10.4343,4.0023,1.4387,6.2289,4.853,3.3981,2.9418
2013-01-25,7.1037,3.6404,10.0007,3.939,1.29,4.8793,5.3643,3.7366,3.3551
2013-02-01,8.279,3.7694,9.3877,4.2596,1.1854,5.5454,8.1372,5.2767,4.3575
2013-02-08,7.7295,3.8655,8.818,4.2758,1.0209,5.7462,7.4059,4.0993,4.7446
2013-02-15,6.5791,3.9701,8.7095,3.8304,1.1303,5.9449,7.1102,3.9762,4.4887
2013-02-22,7.212,4.2555,9.4517,4.1875,1.2062,5.5243,7.703,4.2407,5.0196
2013-03-01,7.1123,4.4916,10.2873,4.1018,1.2543,5.5822,6.944,4.2317,4.6233
2013-03-08,6.7417,4.4916,9.2382,3.7997,1.3486,5.7734,6.501,3.8829,3.7408
2013-03-15,9.3258,4.4916,8.7354,3.3212,1.2335,5.9643,6.4298,3.8877,3.5658
2013-03-22,8.1419,5.1568,8.2526,3.3795,1.1232,5.8882,6.2146,3.6558,3.7489
2013-03-29,7.3197,5.1568,7.7842,3.5722,1.1184,5.8176,6.3557,4.9148,3.5872
2013-04-05,9.242,5.1081,8.0084,4.6297,1.3074,5.7689,6.2196,4.5915,3.7281
2013-04-12,9.3977,4.8363,7.3164,5.1173,1.3862,5.8785,6.4698,3.4414,3.5145
2013-04-19,8.4915,4.8363,8.3684,4.5919,1.5441,5.4149,7.5663,3.3996,3.4807
2013-04-26,7.5561,5.5652,8.2204,4.6524,1.4261,5.4614,9.4022,3.7676,3.5005
2013-05-03,6.5999,6.3158,8.6682,4.573,1.6388,5.884,10.504,3.7071,3.3712
2013-05-10,8.1673,6.2088,8.7559,4.2548,1.9118,5.7177,7.6987,4.212,4.4473
2013-05-17,8.9854,6.8149,8.256,4.3346,1.7624,6.81,7.7754,5.6355,5.3671
2013-05-24,9.0649,6.0904,8.7439,6.969,1.9028,6.5821,7.1975,5.8742,4.8941
2013-05-31,9.5163,7.0665,9.4891,7.5039,2.1202,9.5968,8.6246,6.5549,5.0832
2013-06-07,9.6848,7.0008,9.235,7.1585,1.94,11.873,8.5865,6.5398,4.8586
2013-06-14,10.494,7.0008,10.862,8.5783,1.8583,11.997,9.2718,7.276,5.1635
2013-06-21,13.074,7.5485,12.463,9.0965,1.8234,17.229,10.431,7.9721,6.1278
2013-06-28,11.273,8.4824,13.038,8.2089,1.6329,13.501,9.1006,7.7997,4.9724
2013-07-05,9.609,9.0093,13.203,7.899,1.4897,12.298,8.7848,7.3736,4.1828
2013-07-12,8.0982,7.1694,12.534,7.3156,1.9167,10.958,7.6355,6.2543,3.9412
2013-07-19,7.3455,6.4572,11.888,6.8306,1.4843,14.117,7.727,5.7213,3.8585
2013-07-26,7.2194,7.1879,12.164,6.0753,1.1892,12.218,8.358,5.1789,3.7689
2013-08-02,8.0686,6.791,13.641,5.8011,1.2235,11.929,8.6947,5.1646,3.6951
2013-08-09,6.4523,6.6293,12.57,5.0591,1.2022,11.351,7.8341,4.6735,3.3051
2013-08-16,6.2427,6.5312,12.939,5.3708,1.1147,13.493,8.12,5.4125,3.2256
2013-08-23,7.4106,7.5893,16.952,6.3178,0.88195,18.264,9.2829,5.5731,3.8927
2013-08-30,7.0717,6.8206,22.645,6.5089,0.95154,18.219,8.6583,5.2022,3.6739
2013-09-06,7.9567,8.1796,23.457,7.0267,1.0812,22.195,10.635,5.9035,4.3329
2013-09-13,7.2381,8.4753,19.095,7.1135,1.4516,18.413,10.604,5.9238,4.3845
2013-09-20,6.6725,7.536,17.193,6.0098,1.0528,17.171,9.7243,4.5378,3.7909
2013-09-27,7.2591,8.7483,16.003,6.5212,1.3617,16.936,11.386,6.0324,4.013
2013-10-04,6.4672,7.5223,14.343,6.1883,1.1831,15.397,10.506,5.5711,3.873
2013-10-11,6.2449,6.929,14.73,6.0614,1.13,14.865,10.059,5.1258,3.6449
2013-10-18,5.9451,7.1498,13.301,6.4049,1.2063,14.783,8.9832,4.525,3.3529
2013-10-25,5.8827,6.4182,11.197,6.0792,1.2122,13.42,8.5545,4.3619,3.3018
2013-11-01,5.7791,6.2093,10.478,5.6345,1.3334,13.786,8.1519,4.1867,2.991
2013-11-08,6.2552,5.9764,13.266,5.2409,1.7589,15.45,9.1505,4.5281,2.831
2013-11-15,5.102,5.9316,11.792,5.6421,1.5598,15.04,8.2668,4.2661,3.1746
2013-11-22,5.7632,5.6697,10.999,5.8385,1.506,15.082,7.8108,4.1366,2.9892
2013-11-29,5.2276,6.5167,11.878,6.254,1.7313,15.37,8.8889,4.8768,3.1867
2013-12-06,6.0549,7.6489,13.751,6.52,1.7357,18.305,9.1657,5.0521,3.5176
2013-12-13,6.0183,6.7695,11.119,6.2112,1.9243,16.69,8.2694,4.8654,3.2947
2013-12-20,5.0515,5.6929,9.2852,5.3867,1.5382,13.706,6.637,3.7746,3.453
2013-12-27,5.3867,6.425,9.5695,6.1675,1.8075,15.525,7.2072,4.2842,3.8055
2014-01-03,5.9911,7.6542,9.979,6.5624,1.5899,14.768,7.3122,4.5205,3.518
2014-01-10,5.9838,7.5621,7.8076,5.8799,1.2688,13.593,5.7013,4.037,3.3304
2014-01-17,5.7447,7.5518,7.9313,6.9115,1.1546,12.862,7.0378,4.1171,3.8563
2014-01-24,7.9229,7.6854,9.2156,7.4212,1.178,14.295,7.9095,4.3923,4.0411
2014-01-31,8.0303,7.5298,10.456,7.0147,1.1512,13.298,8.1793,4.168,4.1065
2014-02-07,6.9238,7.7656,8.3519,6.1552,1.2224,11.871,6.9454,3.8248,3.8263
2014-02-14,6.317,6.9739,6.9365,5.6269,1.1943,10.5,6.0088,3.3535,3.4581
2014-02-21,7.3409,6.6032,7.2033,5.9134,1.7241,11.264,6.3077,3.8233,3.5689
2014-02-28,7.6958,7.1848,6.5026,5.7651,2.1021,10.938,6.8546,3.696,3.7055
2014-03-07,7.2115,7.0096,7.8767,5.8103,2.0743,10.978,6.7585,4.0393,3.17
2014-03-14,7.4284,6.5805,8.7746,5.746,2.4587,10.921,6.4493,3.7727,3.348
2014-03-21,7.82,6.145,8.9049,6.1123,2.8157,10.836,6.6961,4.1504,4.7599
2014-03-28,6.9104,6.5601,8.5014,6.201,2.4228,10.775,6.7947,4.3871,3.7355
2014-04-04,6.2589,5.3688,8.1594,5.0732,2.1755,10.45,6.4733,4.9638,3.3289
2014-04-11,7.2359,5.2705,8.095,4.2994,1.9057,10.879,6.3165,4.5776,3.588
2014-04-18,6.7326,5.6772,7.9637,4.8337,2.0449,10.508,6.093,3.9527,3.6492
2014-04-25,6.4123,6.4285,8.5659,5.2305,2.1949,11.837,6.6957,4.3703,3.5611
2014-05-02,5.8632,5.4621,10.917,4.7366,1.8446,11.029,6.4059,4.0144,3.4629
2014-05-09,5.5953,5.273,13.394,5.1175,1.3802,9.1319,5.5532,3.4686,3.0789
2014-05-16,5.3534,5.3442,8.1817,4.6787,1.5035,8.4225,5.3504,3.426,3.0731
2014-05-23,5.1246,5.6338,7.0576,4.1379,0.91177,8.4231,5.0544,3.4329,2.8924
2014-05-30,5.1493,5.5308,7.0253,4.541,1.0827,9.1705,5.4102,3.4467,2.6818
2014-06-06,5.2825,5.9219,6.4827,4.7419,1.1659,9.8862,5.5013,3.5185,3.0501
2014-06-13,4.6447,5.7641,6.881,4.8444,1.2941,8.8994,5.0065,3.0273,2.4148
2014-06-20,4.7729,5.7109,7.7119,4.8417,1.4095,10.098,5.0494,2.887,2.4781
2014-06-27,4.3836,5.8264,7.0539,4.4362,1.2927,11.481,4.7556,2.8335,2.3958
2014-07-04,4.172,4.0493,6.9837,3.9204,1.8162,12.113,4.9257,2.4202,2.2929
2014-07-11,4.983,4.2463,6.7501,3.9796,1.6497,11.569,5.106,2.5286,2.3125
2014-07-18,6.3101,4.4918,6.391,4.2505,1.5394,10.246,5.1815,2.6259,2.5703
2014-07-25,5.9232,5.1395,4.9926,4.3356,1.2208,8.508,4.9656,2.629,2.2926
2014-08-01,6.7816,4.7969,6.965,5.8973,1.4225,10.435,5.5689,3.186,2.9557
2014-08-08,7.2757,4.6907,7.6944,5.9082,1.4222,10.233,5.9489,3.3607,2.6671
2014-08-15,5.4241,4.703,6.155,4.9247,1.4074,8.788,5.1599,2.9031,2.2512
2014-08-22,5.6734,4.3047,6.016,5.4069,1.3944,8.8573,5.43,3.148,2.4184
2014-08-29,5.6812,4.3899,5.912,5.1072,1.487,8.3844,5.3437,3.0182,2.3879
2014-09-05,5.7627,4.759,5.9906,5.0479,1.5878,8.7098,6.0022,3.5722,2.5695
2014-09-12,7.0382,5.3765,7.2381,5.9684,1.555,9.8606,7.032,4.755,2.812
2014-09-19,7.0946,4.6259,6.8761,6.1331,1.5979,10.596,6.8518,4.0356,3.3259
2014-09-26,7.2351,5.0547,6.7195,6.8883,1.6624,10.431,7.0946,4.1421,3.3874
2014-10-03,8.0211,5.0038,6.7701,6.1345,1.6982,10.92,7.3004,4.8858,3.2524
2014-10-10,7.6713,5.0762,6.4137,5.7519,1.8894,10.323,6.6154,4.7767,3.1321
2014-10-17,8.0103,5.7504,7.5532,6.4011,1.8585,10.888,7.7585,5.089,3.7296
2014-10-24,7.2354,5.4837,6.1148,6.5633,1.6429,9.5391,7.3226,4.5975,3.3382
2014-10-31,8.7154,5.7899,5.9788,5.8285,1.7078,8.7329,7.0619,4.9604,3.3358
2014-11-07,9.3499,5.75,5.7638,5.9396,2.0763,8.7076,7.0018,5.0477,3.7278
2014-11-14,8.8905,5.823,5.6078,5.622,1.8476,8.514,6.7754,5.3842,3.6702
2014-11-21,9.0496,4.9924,5.6901,5.4089,1.5086,8.2248,6.6638,4.8016,3.8585
2014-11-28,8.9234,5.8324,5.6164,5.5503,2.473,8.5756,7.9399,5.114,3.9019
2014-12-05,9.5383,5.6283,5.9337,5.8902,1.9993,8.5609,9.383,6.1825,4.1412
2014-12-12,9.0647,5.4783,5.8299,5.1596,2.416,8.6563,8.4586,6.051,4.397
2014-12-19,8.8493,4.7932,7.1438,4.7375,3.2629,12.391,7.4794,4.9355,4.205
2014-12-26,9.3057,5.2098,7.3468,5.4701,2.3324,13.009,8.099,5.3193,4.756
2015-01-02,10.415,6.3163,6.5592,5.4132,2.1873,12.685,8.6485,5.6555,4.8891
2015-01-09,9.1863,5.5063,6.5252,4.9077,1.4001,12.137,8.8263,5.2559,4.6084
2015-01-16,9.6421,6.0059,8.9589,5.2932,1.6498,12.283,10.808,6.3614,5.1097
2015-01-23,9.305,5.082,7.0594,4.5865,1.6167,11.015,10.492,6.1272,4.543
2015-01-30,9.6266,5.8261,7.8382,4.4565,3.2733,11.11,10.895,5.753,5.691
2015-02-06,9.0327,5.2983,6.5076,4.1638,2.997,10.705,9.3582,5.1332,5.7909
2015-02-13,10.198,5.6464,7.2644,4.7711,2.4972,11.913,9.6283,5.4109,5.9569
2015-02-20,10.535,5.8104,7.2178,4.319,2.6846,11.513,10.552,5.5933,6.735
2015-02-27,8.8878,6.1075,7.1212,4.2773,2.53,12.243,10.186,4.9987,5.6531
2015-03-06,8.7512,5.9031,6.4811,4.0619,2.0256,11.883,10.549,5.391,5.7032
2015-03-13,10.293,6.4281,7.335,4.2241,2.7781,12.836,10.652,6.4005,6.0208
2015-03-20,8.743,5.6347,5.7359,4.4431,2.0218,12.167,10.271,6.0669,5.7823
2015-03-27,9.6391,6.042,6.1034,4.2684,1.7718,12.034,9.7594,6.5869,5.0963
2015-04-03,9.0964,5.0033,5.8975,4.0996,1.3008,11.666,10.237,9.9933,4.8366
2015-04-10,8.414,4.0445,5.3298,3.9536,1.3392,10.694,9.3767,8.3908,4.5205
2015-04-17,8.4209,5.4727,5.0651,4.0504,1.1682,10.101,10.318,5.8503,4.7756
2015-04-24,7.8348,4.5067,8.234,3.5803,1.1059,9.4367,10.582,6.1888,4.6116
2015-05-01,7.7513,4.999,7.789,4.3965,1.2531,8.8889,10.579,6.6037,5.4807
2015-05-08,9.2021,7.0453,8.4304,4.5852,1.1734,10.565,10.48,7.1005,5.9557
2015-05-15,8.2146,6.7634,6.5199,4.1231,1.0813,10.238,9.2149,5.9884,4.7467
2015-05-22,7.2822,6.795,5.4897,3.6608,1.0085,9.5075,8.7344,5.7289,4.5944
2015-05-29,8.5816,7.4805,6.0727,4.0608,0.91904,9.7621,9.8621,6.0424,5.0993
2015-06-05,9.8271,7.5265,6.3685,4.9654,1.0233,10.837,10.841,7.1856,5.5977
2015-06-12,9.4656,7.5435,5.9195,5.8587,0.96261,10.356,10.733,7.3434,5.806
2015-06-19,8.4262,7.4925,5.4133,5.0361,0.86669,9.5972,9.8724,6.209,4.8595
2015-06-26,8.682,7.3082,5.0833,4.7925,0.8685,9.4386,9.9405,6.0995,4.839
2015-07-03,8.9246,5.7001,5.307,4.8325,0.96838,8.7892,10.099,6.5534,4.9772
2015-07-10,9.0193,5.6991,4.8303,4.5428,0.98876,8.7414,10.232,6.1805,5.0468
2015-07-17,8.3335,5.9844,4.4612,4.2387,0.97268,8.5667,9.0068,5.5418,5.0154
2015-07-24,9.4116,6.5779,5.6128,4.7877,0.87113,9.1795,9.2714,5.5773,5.5039
2015-07-31,9.071,7.1092,6.4,4.7932,1.297,9.6416,11.392,5.7755,5.921
2015-08-07,8.669,6.5957,4.8914,4.4301,1.0184,9.3866,12.541,6.0265,5.8366
2015-08-14,10.737,6.4111,7.6302,5.7308,5.976,11.072,16.297,8.5922,7.6401
2015-08-21,10.864,7.9832,8.3632,5.8298,5.3996,11.886,14.339,8.0183,7.8103
2015-08-28,11.717,8.1741,7.3322,5.3802,6.0085,11.611,14.001,7.0912,7.8096
2015-09-04,12.129,8.278,7.646,5.4504,6.1805,12.365,16.348,8.5308,9.499
2015-09-11,11.964,9.4941,7.3826,5.972,5.743,12.22,17.374,8.6314,9.3342
2015-09-18,9.5079,7.945,6.5107,5.124,3.7119,11.895,13.849,7.4368,7.651
2015-09-25,10.938,8.9547,6.9095,5.5848,4.5276,13.997,17.256,7.659,10.231
2015-10-02,10.944,8.3544,6.2705,5.2473,4.2352,13.024,16.167,10.076,8.6444
2015-10-09,11.074,8.2386,6.219,4.98,3.3537,16.473,20.835,10.435,9.2844
2015-10-16,11.182,8.5891,6.1221,5.1683,3.2698,17.031,19.593,7.1933,8.7022
2015-10-23,11.856,8.7091,6.2112,5.0489,3.8184,16.314,18.645,7.8144,7.94
2015-10-30,10.652,8.4433,6.1812,5.1286,3.9964,15.466,17.389,7.4138,7.6857
2015-11-06,10.147,7.9297,6.7001,5.0043,4.2138,13.448,14.779,6.8208,6.8318
2015-11-13,9.521,7.9678,5.775,5.1951,4.2872,12.261,13.904,6.4698,7.0821
2015-11-20,9.403,7.3341,5.6318,5.1066,4.7112,12.594,13.367,6.6078,6.5127
2015-11-27,10.511,7.7759,6.7785,4.992,5.7757,12.718,13.292,7.792,7.59
2015-12-04,11.641,8.1711,6.774,5.7288,5.3246,14.003,15.225,8.4043,7.5314
2015-12-11,11.966,8.1388,6.5826,6.2809,6.2383,13.694,15.098,8.3901,8.0166
2015-12-18,9.0527,6.6325,4.968,4.8204,6.0478,11.216,11.526,6.2666,6.3454
2015-12-25,9.0912,6.4096,5.0122,4.6438,5.7407,11.298,11.195,5.7903,5.7063
2016-01-01,9.3984,7.4871,5.1685,5.0713,5.7414,11.483,11.449,6.3129,6.4395
2016-01-08,10.501,7.0977,5.6563,4.9109,8.4241,11.498,12.541,6.917,7.7456
2016-01-15,11.663,7.6335,7.0461,7.121,7.1995,12.221,13.051,6.9071,8.3989
2016-01-22,10.954,6.7195,6.4847,6.5248,6.0912,10.755,11.488,6.4593,7.3372
2016-01-29,10.107,5.717,6.7488,6.6098,4.3558,9.6422,12.675,6.4805,7.6964
2016-02-05,11.125,5.4259,6.7619,6.2379,5.7838,10.681,12.811,7.259,8.299
2016-02-12,12.519,5.4586,8.014,6.3721,8.2184,11.226,13.326,8.7771,9.3188
2016-02-19,11.451,5.7586,6.7694,5.371,6.1081,11.614,13.888,6.5948,8.1129
2016-02-26,11.324,6.0515,7.0789,5.3594,5.8444,11.024,13.316,7.0971,7.3156
2016-03-04,12.287,6.4442,6.7437,5.0252,4.9204,10.264,13.143,8.0443,7.433
2016-03-11,11.792,7.1052,6.7183,4.9767,5.0569,11.203,13.404,8.2032,8.1013
2016-03-18,10.274,5.7058,6.0077,4.781,4.7242,10.342,12.688,6.5646,6.4418
2016-03-25,11.086,6.131,6.4383,5.2196,5.1954,10.511,12.825,7.1619,6.8055
2016-04-01,11.162,5.4967,6.0042,4.7409,4.3589,10.064,13.319,8.9031,6.0603
2016-04-08,10.811,5.3286,5.6705,4.8828,3.9614,10.148,13.295,7.6654,5.7229
2016-04-15,10.538,5.5386,5.5332,4.9596,3.8225,9.806,13.222,6.8036,5.4944
2016-04-22,10.175,5.4323,5.6923,5.5122,3.5429,9.1511,12.674,7.1256,5.394
2016-04-29,9.8188,5.3597,5.5036,5.1653,3.9326,8.8879,12.281,6.5186,5.2706
2016-05-06,11.526,5.3721,5.5947,5.9251,4.3086,9.9253,12.712,7.3636,5.3454
2016-05-13,10.459,5.3127,5.3716,5.6048,4.1445,9.6918,13.358,6.5215,5.3246
2016-05-20,10.311,5.197,5.5532,5.1283,3.8243,10.283,13.047,6.1266,4.8725
2016-05-27,9.8988,5.4624,5.4645,5.1474,3.5224,9.8233,12.602,6.4114,4.9215
2016-06-03,10.286,5.99,5.7858,5.1961,3.7369,9.6303,12.398,7.1491,5.2326
2016-06-10,11.32,5.8407,6.3423,5.068,4.0394,9.9044,11.977,8.1993,5.2548
2016-06-17,12.576,5.5313,7.1994,5.7792,6.2299,10.365,12.858,9.1413,6.4981
2016-06-24,12.91,6.9688,7.9435,6.4981,5.4046,11.886,13.877,7.7289,6.7532
2016-07-01,9.8697,5.4069,5.2989,4.9769,4.2992,9.1936,11.678,6.4299,5.3924
2016-07-08,10.248,5.1939,5.4865,4.8817,3.9627,9.8825,11.961,6.473,5.5552
2016-07-15,10.198,5.4925,5.4389,4.94,3.4206,9.4505,12.049,6.172,5.4337
2016-07-22,10.429,5.7427,5.3469,4.9733,4.4192,9.2355,11.69,6.5547,5.3645
2016-07-29,9.6058,5.5997,4.9124,4.742,3.0206,8.9686,11.683,5.735,5.0494
2016-08-05,9.5993,5.4801,4.5236,4.3947,3.4631,8.3797,11.02,5.216,5.4399
2016-08-12,9.5234,5.6916,4.655,4.4701,3.5292,7.9989,11.383,4.7817,6.718
2016-08-19,10.619,5.8933,5.0703,4.7823,3.6038,8.3117,11.319,5.5481,7.0339
2016-08-26,10.779,5.814,4.6691,4.7313,3.7919,8.0018,10.831,5.8462,6.5747
2016-09-02,10.128,5.6364,4.2681,4.4075,3.652,7.6953,10.319,5.1077,5.4637
2016-09-09,11.358,6.1818,5.152,6.0001,4.1885,8.0412,9.751,6.5259,6.9528
2016-09-16,12.504,6.2262,5.8197,7.3158,4.7135,9.0207,11.087,6.6701,7.4368
2016-09-23,10.179,6.0453,4.6987,7.0892,3.3722,7.8825,9.6548,5.3636,7.1598
2016-09-30,10.522,6.1251,5.5195,7.1827,3.4066,8.729,9.8132,6.4066,7.3143
2016-10-07,10.34,5.9811,4.5704,6.2768,4.0598,6.9566,10.141,6.2172,6.6576
2016-10-14,10.887,6.1636,4.679,6.3389,3.5177,7.7127,9.9818,5.459,6.3758
2016-10-21,10.475,6.1881,4.3777,5.745,3.481,7.508,8.744,5.4785,6.4405
2016-10-28,11.548,6.5852,4.5523,6.2983,3.5991,7.2405,8.9805,5.7014,7.4347
2016-11-04,13.238,6.7492,5.0411,6.6833,3.8638,7.5297,9.0199,6.0947,7.5713
2016-11-11,12.227,6.0218,6.3877,8.0088,4.4215,15.363,18.035,6.4353,8.2431
2016-11-18,11.465,6.4096,6.4248,8.0092,4.8195,12.899,16.314,6.9745,8.0687
2016-11-25,11.566,6.5286,6.9427,7.5793,5.0627,12.771,15.294,7.3721,8.2885
2016-12-02,11.602,6.5825,6.2664,7.5628,4.7242,10.652,14.609,7.3679,8.0781
2016-12-09,11.743,6.753,6.1816,6.9395,5.7483,10.27,12.069,7.1439,8.0406
2016-12-16,10.627,6.2664,4.6389,6.3022,4.6515,9.0572,12.453,6.8616,7.2721
2016-12-23,10.405,5.4414,4.438,5.6887,5.1271,8.8207,11.909,6.0736,7.2954
2016-12-30,11.201,5.8881,5.0566,6.1945,5.8658,9.1607,11.732,7.3609,8.5223
2017-01-06,10.881,5.8439,5.4471,5.9302,7.4928,8.5987,10.884,7.0157,8.2792
2017-01-13,11.542,6.0359,5.2879,5.709,5.8859,8.3739,8.2428,7.0225,8.0958
2017-01-20,11.843,6.2981,5.267,5.9869,5.9892,8.0753,8.4849,7.5052,7.8457
2017-01-27,11.497,6.2718,5.2218,5.1715,5.5656,7.7292,7.3808,6.8822,7.7333
2017-02-03,12.413,6.0852,4.7584,4.7009,5.3166,6.7768,7.5662,6.5721,7.559
2017-02-10,11.144,6.1069,4.7548,4.7459,4.4933,6.3329,7.8337,6.2178,7.0667
2017-02-17,10.434,6.1168,4.0677,4.7528,3.5019,5.5749,7.5086,5.5444,6.5316
2017-02-24,9.7756,5.1533,4.2648,4.7835,2.9377,4.5904,7.8209,5.3626,5.9225
2017-03-03,12.146,5.7667,4.9966,5.3917,3.6648,5.2311,5.8451,6.9581,7.6845
2017-03-10,10.847,5.1928,4.8189,4.9573,3.7054,5.6161,5.8147,5.7299,7.06
2017-03-17,9.0315,4.851,4.6584,4.3931,2.9723,4.5406,5.2816,4.613,5.1838
2017-03-24,9.2894,4.8503,4.6402,4.4929,2.9686,4.935,4.9127,4.5072,5.667
2017-03-31,8.9819,4.8684,4.9468,4.3387,3.018,4.9968,5.2316,5.0025,5.9668
2017-04-07,9.8517,4.7858,6.0568,5.2336,3.3834,5.292,6.2902,5.0381,5.8385
2017-04-14,13.106,5.0419,6.1133,6.0446,3.2396,6.2521,7.3537,5.5504,7.0819
2017-04-21,12.094,6.0974,5.8416,5.7035,3.1703,6.0375,6.771,5.1234,6.6847
2017-04-28,11.132,5.1638,5.618,5.4197,2.344,5.2717,6.4346,4.3233,6.1262
2017-05-05,10.307,5.1091,4.8494,5.039,2.0954,4.869,7.3896,4.4609,6.0554
2017-05-12,8.6159,5.0091,4.3947,4.378,1.6111,4.7305,7.5578,3.7257,5.3707
2017-05-19,9.5227,5.072,6.4245,4.6973,1.7811,6.0165,7.2371,4.2457,6.7241
2017-05-26,8.9781,5.1942,5.2207,4.6907,3.3961,4.9667,6.737,4.713,5.646
2017-06-02,8.7782,5.3539,5.0952,4.943,3.2497,5.0396,6.8977,4.2968,5.5105
2017-06-09,8.2092,5.0953,4.9301,4.7952,3.365,4.8767,6.3844,4.2376,4.7538
2017-06-16,8.3267,4.7997,4.9713,4.9194,3.4373,4.1049,6.0137,4.1495,5.2372
2017-06-23,7.4629,4.7896,4.0845,4.9357,2.3822,3.6714,6.3264,3.6993,4.6984
2017-06-30,8.2868,5.096,5.3068,5.8119,3.6132,4.3885,6.7393,4.0904,5.1394
2017-07-07,8.7061,5.2146,4.6138,5.4909,2.8822,5.2125,5.4034,3.8385,5.5075
2017-07-14,7.4827,5.1798,4.0523,5.3639,2.7835,4.5517,5.3778,4.3105,4.7479
2017-07-21,7.3572,3.9345,3.5937,5.2522,2.8253,3.6971,5.6062,4.2131,4.713
2017-07-28,8.0903,3.7983,4.078,5.1572,2.7485,3.4285,5.5253,4.1547,4.8602
2017-08-04,8.306,3.9123,4.3704,5.1175,2.6985,4.0297,5.0552,4.4266,4.9151
2017-08-11,11.163,4.5135,5.3465,5.7248,3.557,4.9574,5.4574,4.4589,5.667
2017-08-18,9.0776,4.5958,4.2643,5.9822,3.0107,4.1052,5.52,3.9931,4.6962
2017-08-25,7.7225,4.4485,3.6899,5.195,3.0172,3.6231,5.4534,3.7981,4.3632
2017-09-01,8.125,4.6157,4.0665,5.4797,3.9678,3.1764,5.6879,4.0857,4.3456
2017-09-08,11.382,4.9469,5.2849,5.8939,6.167,5.7943,5.9393,5.1479,5.3512
2017-09-15,9.6114,4.9741,4.2971,5.8666,4.2979,4.9519,5.9904,4.6876,5.036
2017-09-22,8.3026,4.7114,5.5794,5.9262,4.4562,4.797,5.8793,4.2445,4.8097
2017-09-29,8.4096,4.3658,6.0216,5.4929,4.4554,6.4171,5.8701,4.9682,4.7104
2017-10-06,7.6643,4.0249,5.4273,5.2301,5.2502,5.9432,5.7496,5.1025,4.4409
2017-10-13,7.223,3.9599,4.6541,5.7422,4.9401,5.3589,5.8203,4.4187,4.4065
2017-10-20,7.239,4.0586,4.5309,5.3545,5.3533,4.9965,6.1734,4.5878,4.3098
2017-10-27,7.1654,4.3161,5.33,5.6585,4.8086,6.4041,6.2441,4.7844,4.1988
2017-11-03,7.1385,4.1474,4.529,5.1696,4.6045,5.1677,6.0852,4.0716,3.7441
2017-11-10,7.0408,3.9841,5.0462,5.1472,4.1282,5.2671,6.1443,3.6883,3.3067
2017-11-17,7.2987,4.0186,4.8501,4.9465,3.9858,5.2476,6.1486,3.5335,3.3086
2017-11-24,7.0392,4.1255,4.5971,4.6892,4.3733,4.2165,6.3055,3.6491,3.6345
2017-12-01,8.098,4.4383,5.3831,5.347,4.1964,4.7355,6.6267,4.0566,4.2372
2017-12-08,8.143,4.5549,5.1405,5.2831,3.8433,4.7845,6.6762,4.14,4.1606
2017-12-15,6.1515,3.6799,4.3109,4.1803,3.0917,3.3295,5.5337,3.0493,3.1596
2017-12-22,6.4038,3.6636,4.0004,4.2426,3.82,3.6006,5.5683,3.207,3.3246
2017-12-29,6.9892,4.192,4.2098,4.685,4.2091,3.7504,6.338,3.8479,4.6376
2018-01-05,6.638,4.329,4.332,4.4751,4.0084,4.5354,6.4299,3.9076,4.2478
2018-01-12,6.359,4.4636,4.6245,4.6969,4.3791,4.5264,5.955,4.0289,4.235
2018-01-19,6.64,4.6616,4.9448,4.8931,5.0793,5.0574,6.1475,4.6288,5.0515
2018-01-26,7.7593,4.7563,5.1022,5.3966,5.6591,5.3944,6.0176,5.4719,5.272
2018-02-02,8.6932,4.8209,5.8986,5.754,6.0509,5.7455,6.2189,5.179,5.1624
2018-02-09,10.272,5.0337,5.846,6.1764,6.9453,6.9063,6.165,6.2272,5.6466
2018-02-16,9.2461,5.3327,5.2993,6.5044,6.2057,6.0296,6.16,5.6759,5.6603
2018-02-23,9.1086,5.2809,6.0546,6.3115,5.6982,6.3231,6.4408,5.7768,5.0484
2018-03-02,9.2809,5.3868,5.8841,6.0494,5.6048,6.2092,6.5784,5.3412,4.9272
2018-03-09,8.7965,5.4638,5.1,5.4114,4.713,5.8856,6.389,4.782,4.8617
2018-03-16,8.1421,5.4773,4.7345,5.3626,4.6917,5.3916,6.4901,4.4766,5.1828
2018-03-23,7.8956,5.0672,4.4565,4.7337,4.0626,4.9957,6.0663,4.2357,4.26
2018-03-30,7.9701,5.1353,4.5621,4.7825,5.0252,4.6711,6.3386,5.1155,4.4667
2018-04-06,8.2421,4.6623,4.3603,4.1895,4.9909,4.434,6.5069,4.925,4.1537
2018-04-13,7.29716,4.77023,4.43652,4.11814,4.14042,4.09085,6.37032,3.82854,4.18765
2018-04-20,7.52566,4.47538,4.81391,4.2774,4.07753,5.45016,6.36519,3.86935,3.87576
2018-04-27,7.57417,4.60878,5.23271,4.61881,4.66352,5.40514,6.50121,4.44955,4.81572
2018-05-04,7.13653,4.54232,5.75684,5.09246,5.05963,5.98278,6.44523,4.6582,4.72716
2018-05-11,6.90558,5.09392,6.0687,5.11503,4.25737,7.04058,6.41678,4.49395,4.63688
2018-05-18,7.37949,4.96725,5.74398,5.16568,4.28036,7.64118,6.34559,4.56881,4.90133
2018-05-25,7.38706,5.28981,5.64796,5.65919,4.02387,7.29864,6.45621,4.45904,4.54465
2018-06-01,7.88533,5.52971,6.29961,4.87759,4.39702,6.8518,6.75935,4.9493,4.84104
2018-06-08,8.47063,5.49057,6.37469,5.28196,4.24645,6.30137,6.79266,4.66923,4.86501
2018-06-15,8.08407,5.45405,5.93105,5.47117,3.98558,6.10348,6.55228,4.58909,4.37207
2018-06-22,8.48793,5.6825,6.11666,5.21673,4.89956,6.43326,6.531,4.9334,5.16013
2018-06-29,8.55803,5.97931,6.83227,5.25247,6.37062,8.52782,6.7835,5.16381,5.7747
2018-07-06,8.57046,5.80259,6.35108,4.97011,6.1735,8.74288,6.76905,4.76357,5.62685
2018-07-13,8.62759,5.69542,5.99769,4.98701,7.06602,7.58155,6.60404,4.87718,5.64689
2018-07-20,8.61105,5.31804,6.18274,4.60847,7.62118,7.48179,6.6699,5.28143,5.78061
2018-07-27,8.16743,5.44632,5.82197,4.18069,7.4396,7.1403,6.95903,4.86981,5.38453
2018-08-03,7.64935,5.2805,5.33073,4.40046,7.47228,6.40488,6.95903,4.6125,4.85465
2018-08-10,7.49665,5.41017,5.21176,4.60355,6.45992,6.02862,6.70756,4.79283,4.61733
2018-08-17,8.04787,5.60853,7.51534,4.72326,6.87977,8.30158,6.57047,5.02058,4.69597
2018-08-24,7.3184,5.21173,6.66907,4.18127,6.73022,7.16202,6.65843,4.71356,4.62952
2018-08-31,7.90933,5.4213,7.7329,4.6292,6.86143,11.1835,6.87409,5.10883,4.90066
2018-09-07,8.33093,5.609,7.92111,5.80034,6.3537,10.7174,6.89691,5.06994,4.81087
2018-09-14,7.74096,5.42614,8.4063,5.9857,5.56748,9.61783,6.81404,4.75168,4.58306
2018-09-21,7.37445,5.16078,8.66668,5.5668,4.85321,8.73067,6.88984,4.63143,4.44315
2018-09-28,6.88937,4.66437,7.29943,5.02107,4.28598,7.49781,6.92708,4.86705,4.14472
2018-10-05,7.74165,5.50085,9.03193,4.92652,5.9022,9.84176,6.79655,5.23099,5.06103
2018-10-12,8.22471,5.70554,8.09955,4.35976,5.54305,9.35213,6.97623,4.43326,5.33056
2018-10-19,7.88981,5.39241,7.54111,4.51595,4.98144,8.10897,6.97623,4.39711,5.2016
2018-10-26,8.95064,6.01692,7.57786,4.68886,5.61362,7.44546,6.97623,4.88583,5.68488
2018-11-02,8.96024,6.17108,8.33348,5.22821,6.76386,8.05077,7.15604,4.96817,6.06704
2018-11-09,8.07617,5.811,7.73834,5.67562,4.65391,8.59392,6.82208,4.24239,5.17255
2018-11-16,8.44523,5.63075,8.10258,5.75373,5.30753,10.1239,6.69673,4.33814,5.10063
2018-11-23,8.41563,5.6955,8.09347,5.36198,6.24602,8.63582,6.98139,4.46473,5.35293
2018-11-30,9.31169,5.82815,9.11109,5.69211,7.48621,10.0091,7.07341,5.07705,6.35848
2018-12-07,8.74007,5.53555,9.21561,5.77699,6.19736,10.1187,7.26754,4.82799,5.29624
2018-12-14,7.69674,5.06459,7.39537,4.89254,5.31066,8.27806,6.28214,3.97514,4.54325
2018-12-21,7.34918,4.75537,7.94116,4.45821,4.1254,8.44371,5.6246,3.72561,4.53427
2018-12-28,7.87632,5.59241,8.24752,4.9687,5.13457,8.29053,5.6246,3.67992,4.48145
2019-01-04,8.12246,6.07781,8.14811,5.03905,4.32743,8.96759,7.13879,4.05861,5.03884
2019-01-11,7.48469,5.65619,7.7761,5.1515,5.76991,8.48341,7.01424,4.07688,5.1414
2019-01-18,7.03147,5.72527,7.15724,5.05117,5.12439,8.38555,7.01753,3.95587,4.0542
2019-01-25,6.77497,5.48735,6.91646,5.10764,5.38156,7.42873,7.00108,3.80778,3.90312
2019-02-01,6.44569,5.32424,7.10048,4.80979,4.64225,7.67154,6.96752,3.9638,3.71154
2019-02-08,6.351,5.24727,6.51162,4.75517,4.64049,7.21512,6.98805,3.78887,3.37923
2019-02-15,6.12263,5.14811,6.58899,4.81218,4.4937,7.75724,7.01869,3.60009,3.49871
2019-02-22,5.62492,5.38723,6.23193,4.60847,4.75363,6.87562,7.13592,3.55336,2.9485
2019-03-01,5.48686,5.50951,6.13249,4.74989,4.24574,7.22881,7.07919,3.45449,3.18432
2019-03-08,6.0147,5.3398,6.3257,4.926,4.58913,8.16099,7.12697,3.30842,2.90944
2019-03-15,6.10577,5.81198,5.95725,4.96153,3.85416,7.10171,7.12697,3.11167,2.9399
2019-03-22,5.94686,5.61243,6.52788,5.28626,3.99139,7.25782,7.07357,3.20282,3.01713
2019-03-29,5.85038,5.50511,6.79064,5.20444,4.12655,7.80847,7.14205,3.71139,3.28119
2019-04-05,5.02372,5.18273,6.65695,4.73984,3.65395,7.26471,7.14205,3.35918,2.62432
2019-04-12,5.05467,5.03222,6.64903,4.87461,3.1084,7.5476,7.14205,2.80784,2.16792
2019-04-19,5.27195,5.08047,6.11123,4.88217,3.68458,6.73972,,2.90868,2.47276
2019-04-26,6.37226,5.25169,6.51509,5.1014,3.6756,7.55377,7.06085,3.28635,2.99431
2019-05-03,6.42726,5.00932,6.30224,5.15863,3.30047,7.37495,7.03466,2.97133,2.66747
2019-05-10,6.90036,4.98022,11.7094,5.24269,5.80042,7.60405,7.00706,3.42055,3.54482
2019-05-17,7.37588,4.9931,12.1566,5.15558,5.80979,8.07009,6.82817,3.83674,5.09048
2019-05-24,6.63551,4.77374,6.25188,4.86768,4.17116,6.91482,6.82817,3.61746,4.68995
2019-05-31,6.55085,4.85957,5.60527,4.39655,4.39034,6.88806,6.82817,3.7754,4.85198
2019-06-07,7.04728,5.19329,5.90246,4.67383,5.10192,7.19321,,4.20168,5.16619
2019-06-14,6.5131,5.10932,4.99731,4.42464,4.64873,6.64015,,3.62851,4.71752
2019-06-21,7.20619,5.22334,5.26237,4.81595,5.47308,6.67374,7.12635,4.03205,5.96696
2019-06-28,7.7717,5.38583,5.72527,5.01389,6.60772,6.8139,7.12635,4.05574,5.96932
2019-07-05,6.41516,5.13834,5.13878,4.62756,3.76998,6.01852,7.18613,3.2315,4.15127
2019-07-12,5.44875,4.84247,4.72698,4.45827,2.87499,5.51501,7.16786,2.99685,3.25642
2019-07-19,6.23349,5.02953,5.01147,4.63156,3.47272,5.98937,7.16786,3.61388,3.56148
2019-07-26,6.24233,4.79785,4.83689,4.50383,3.43203,5.95511,7.16786,3.56262,3.25608
2019-08-02,7.6922,5.06906,5.85983,5.26911,5.88575,7.37163,,3.74512,5.56781
2019-08-09,7.44978,5.16065,6.9381,5.13845,6.19852,7.4159,7.17438,3.70761,5.34294
2019-08-16,7.91282,5.15606,7.41207,5.36121,5.93399,7.58321,7.17438,4.25997,5.62823
2019-08-23,7.72353,4.92067,7.36762,5.26158,5.62085,7.16113,7.0196,4.02027,5.18562
2019-08-30,7.54268,4.89404,6.53147,5.20033,6.60227,6.60708,7.0196,3.70969,5.44249
2019-09-06,7.52825,5.04513,6.52906,5.2211,4.72828,6.37825,7.0196,3.94948,4.89533
2019-09-13,7.63855,5.06761,6.71367,5.31985,5.21805,6.12109,,3.84414,4.98065
2019-09-20,6.96133,4.58548,6.71393,4.94961,4.79557,5.78514,,3.35375,4.69545
2019-09-27,7.02555,4.39005,6.52447,5.0578,5.21692,5.85284,,3.92287,4.70478
2019-10-04,7.22992,4.3316,6.41344,4.86408,5.96492,6.12449,,4.12534,4.67127
2019-10-11,8.20966,4.26128,6.61074,4.96316,6.939,6.09733,7.05138,4.21644,5.51624
2019-10-18,6.94401,4.25152,5.75421,4.99816,4.41434,5.23345,7.20312,3.29992,4.50598
2019-10-25,6.07524,4.06696,5.10554,4.85059,3.31626,5.40697,7.20312,3.19199,3.95345
2019-11-01,6.12974,4.09824,5.03161,4.92496,3.89242,5.1406,7.11469,3.0474,4.16978
2019-11-08,6.11057,4.00025,4.81309,4.80154,4.38776,5.04139,7.13173,2.96017,4.05414
2019-11-15,6.16804,3.87441,5.27882,4.85262,4.52573,4.92698,7.13173,2.9868,3.66978
2019-11-22,6.17158,3.65009,5.29962,4.74557,4.71252,4.44119,7.13173,2.74074,3.72183
2019-11-29,6.04718,3.34422,5.03738,4.5117,4.42391,4.60744,,2.64307,3.53741
2019-12-06,7.17566,3.30695,5.44939,4.71996,5.44638,4.69787,7.2696,2.65883,3.46593
2019-12-13,6.88052,2.87517,5.12983,4.31829,5.86909,4.44656,7.2696,2.51642,3.3808
2019-12-20,5.60061,2.53225,4.34836,4.0347,3.5098,3.86585,6.06443,2.10131,2.92999
2019-12-27,5.96641,2.82942,4.24727,4.17737,3.65706,4.09651,7.11909,2.30866,3.23093
2020-01-03,7.35716,4.20438,5.56417,5.38982,4.21837,5.62425,7.34788,3.25899,3.87173
2020-01-10,6.34746,3.36719,5.19945,4.70358,4.33872,5.45088,7.24389,2.59175,3.45577
2020-01-17,5.39631,3.64575,4.52104,4.60755,3.52074,4.71234,7.19867,2.37928,3.13144
2020-01-24,6.196,4.34587,4.60961,4.41941,3.72128,4.95295,7.2953,2.49653,2.9651
2020-01-31,7.97716,6.63183,5.52255,5.29062,4.78195,6.91924,7.3533,4.46946,4.74761
2020-02-07,7.91404,6.13243,4.87544,4.5964,4.42312,6.70191,7.12066,4.6519,4.57088
2020-02-14,6.81736,5.23923,4.28856,4.13984,3.94788,5.0524,7.2647,3.73314,4.06295
2020-02-21,8.72166,6.21894,5.53535,5.21585,4.57762,6.98892,7.2647,4.30589,5.25937
2020-02-28,9.14039,6.41625,7.986,5.619,4.82395,12.1335,7.2647,4.24278,5.12746
2020-03-06,9.82599,7.01733,10.5705,6.02078,5.05957,15.5784,,5.08264,5.56628
2020-03-13,15.9935,8.71408,12.6774,8.24227,7.15731,22.6924,7.47909,7.84748,8.29176
2020-03-20,22.4787,10.7225,13.6887,10.1535,8.57222,38.5915,7.24721,10.3695,9.54579
2020-03-27,19.281,10.1012,14.6282,9.20742,6.89194,30.2534,7.4545,9.49339,7.9657
2020-04-03,15.5361,8.79597,13.3062,7.2987,6.26053,33.2393,7.4545,7.39871,6.30794
2020-04-10,11.5327,7.21645,11.3666,6.15553,5.05022,27.6999,7.4545,6.23578,5.07777
2020-04-17,10.2263,6.25993,9.64612,6.06358,5.04704,21.5108,,5.65876,4.55191
2020-04-24,10.8295,6.15828,9.74853,5.27245,4.73105,18.3824,,5.21049,4.48215
2020-05-01,11.3912,6.61948,9.94472,5.59206,5.56168,21.9656,7.06279,5.49241,5.57431
2020-05-08,9.05147,6.06014,8.9547,4.979,5.14092,16.9766,7.06279,5.08728,5.40008
2020-05-15,9.3409,5.72461,7.82176,5.00656,4.8701,15.1801,7.06279,4.98916,4.63448
2020-05-22,8.49196,5.17199,7.16307,4.89864,5.11134,13.8583,,4.82559,5.28989
2020-05-29,8.08262,4.93538,6.84201,5.07745,5.93166,13.0312,,4.99229,5.10492
2020-06-05,7.31347,5.07719,5.88968,5.05741,4.83039,12.2874,,5.16211,4.88442
2020-06-12,9.24387,6.79782,6.44952,5.66007,4.90897,15.1965,,5.59744,4.99771
2020-06-19,9.03249,5.74117,6.28832,4.72041,4.46244,13.9731,,4.78517,4.6473
2020-06-26,7.88499,5.14678,5.65567,4.69879,4.35911,11.1151,,4.63716,4.48735
2020-07-03,7.08834,4.67647,6.21137,4.2964,3.44706,11.9283,,3.68748,3.99315
2020-07-10,7.60201,5.58276,5.76118,4.42533,4.3957,11.7891,,4.18539,4.70083
2020-07-17,6.81485,5.66232,5.43519,4.27525,3.95741,12.1734,,4.0419,4.40309
2020-07-24,7.38579,5.58622,5.45129,4.158,4.62739,12.2137,,4.09345,4.43152
2020-07-31,7.42243,5.78721,5.51373,4.46643,4.73771,11.0957,,4.34353,4.50955
2020-08-07,7.14967,5.66588,5.4064,4.20087,5.33203,10.2358,,4.24381,4.2593
2020-08-14,6.57236,5.16282,4.56188,4.36617,4.91355,10.414,,3.89292,3.93318
2020-08-21,6.77967,5.4187,4.55382,4.50287,4.69753,10.2702,,3.98891,3.4396
2020-08-28,6.64422,5.32948,6.40183,4.27843,4.41908,10.2121,,4.19627,3.3859
2020-09-04,6.57527,5.75622,6.82425,4.25673,4.5847,10.7938,7.15558,4.34814,3.57971
2020-09-11,6.01485,5.47112,6.32938,4.02372,3.93934,12.0271,7.15558,4.15621,3.68998
2020-09-18,6.91218,5.59731,6.12623,4.00021,5.04861,10.33,7.36925,4.35837,4.5656
2020-09-25,7.25112,6.76544,6.38925,4.37597,5.17853,11.4637,7.4064,5.02989,5.16986
2020-10-02,6.85248,6.10352,6.08876,3.89258,4.93993,9.66858,7.3529,4.95082,4.79698
2020-10-09,7.22577,6.54563,6.2318,3.62104,5.44633,9.44621,7.3529,5.048,5.99146
2020-10-16,6.79872,6.10923,5.35105,3.54464,5.39712,8.05621,7.3529,4.18315,5.22199
2020-10-23,9.85327,8.10526,7.46124,6.23228,8.36712,10.0712,,6.77234,7.328
2020-10-30,12.4334,9.09074,9.41288,6.49766,9.744,12.31,,7.49466,8.91116
2020-11-06,7.54564,5.89409,6.08988,4.48652,5.75097,9.79652,,5.03081,5.39103
2020-11-13,6.71525,6.36462,5.72066,4.34606,5.57283,10.553,,4.36961,3.58006
2020-11-20,6.97845,6.20796,5.73492,4.25002,5.62263,9.62179,,4.42298,2.93454
2020-11-27,6.53177,5.57046,5.86209,3.69415,4.83651,8.16659,,4.19122,3.16271
2020-12-04,7.85414,5.97867,6.14522,4.31782,5.46798,8.39022,7.35583,5.20889,6.43296
2020-12-11,7.2032,5.85268,5.85736,4.12033,5.13419,8.07457,7.35583,4.70105,5.44037
2020-12-18,6.08459,5.54614,4.31312,3.44184,4.18077,6.39056,7.35583,4.41027,4.02362
2020-12-25,7.49625,5.84215,4.86089,3.88598,4.59244,7.48325,,4.77959,4.18818
2021-01-01,8.59309,6.40192,5.71376,4.505,5.77517,9.87763,,5.56958,4.80205
2021-01-08,7.89547,6.04187,4.68914,4.05728,5.1255,10.2445,,5.13993,4.50674
2021-01-15,7.48593,5.46163,4.61775,3.9202,4.47923,9.56175,,4.73016,3.94288
2021-01-22,7.40533,5.35267,4.59359,3.37088,4.75836,8.87797,,4.50186,3.29489
2021-01-29,7.89959,4.54696,4.84961,3.11144,4.91702,8.32124,7.24753,4.75486,3.40833
2021-02-05,7.4542,4.81247,4.23065,3.26528,4.2383,7.19641,7.24753,4.26461,2.85102
2021-02-12,6.78022,4.15935,4.60333,2.91846,4.55103,6.38804,7.01699,3.99068,2.90846
2021-02-19,6.80433,4.20172,4.83121,4.37671,4.75302,7.93982,7.01699,4.19149,3.21835
2021-02-26,9.19858,5.77752,8.58032,5.59797,4.69125,10.7992,7.01699,5.47896,4.9716
2021-03-05,8.28456,5.58604,6.34222,5.09725,4.72483,8.93584,,5.07771,4.47215
2021-03-12,8.28684,5.86532,5.90425,4.68951,4.69781,8.55618,,5.12947,6.1031
2021-03-19,7.98933,6.13916,5.00262,4.78975,4.33393,7.80572,,4.78761,5.72856
2021-03-26,7.45136,5.90349,5.39248,4.44406,4.02715,7.67766,,4.45154,5.3524
2021-04-02,7.03788,5.64537,5.87094,3.91669,3.99252,6.93236,,4.45095,4.4563
2021-04-09,7.32205,5.73514,7.36234,3.84442,3.96772,7.57046,7.49888,4.44718,4.35681
2021-04-16,6.55445,5.58571,6.42707,3.58533,3.716,7.37181,7.50711,3.72242,4.44713
2021-04-23,6.67202,5.46315,6.92084,3.84981,3.56549,7.175,7.49125,3.76346,4.30007
2021-04-30,6.50414,5.13011,6.13068,3.57164,3.26616,6.78276,7.40836,3.53126,4.59599
2021-05-07,6.54432,5.04724,5.73704,3.56762,3.69646,6.96497,7.41647,3.72623,4.58919
2021-05-14,6.82816,5.08225,4.9206,3.39495,3.59487,7.12982,7.41925,4.09461,4.83739
2021-05-21,6.34268,4.75806,4.64918,3.25447,3.30108,7.24884,7.35223,3.86973,4.634
2021-05-28,6.73779,4.27405,4.59574,3.6273,4.05299,6.53394,7.35019,4.0945,4.75827
2021-06-04,6.91707,4.97514,5.00328,3.68483,3.89795,6.98677,7.71867,4.22494,5.16719
2021-06-11,6.5234,4.64754,4.90116,3.47519,3.54029,6.03839,7.58157,3.80443,3.86802
2021-06-18,7.03023,5.05103,5.96143,4.1347,3.65505,7.60937,7.52875,4.25808,4.14319
2021-06-25,6.08633,4.96155,4.79095,4.10729,3.59547,7.09786,7.48824,3.5706,3.52962
2021-07-02,6.30156,5.65765,5.3018,5.16433,3.38347,6.95089,7.53899,3.72004,3.52384
2021-07-09,6.92428,6.10529,5.03236,6.0657,3.45408,6.8595,7.51039,3.86734,3.7215
2021-07-16,6.1895,5.50111,4.4646,5.64445,3.41906,6.8625,7.51025,3.6365,3.65386
2021-07-23,6.45883,5.20321,4.66253,6.25751,3.54607,6.57638,7.51025,3.90502,3.66431
2021-07-30,6.50815,5.04153,4.59863,5.72015,3.80359,6.4363,7.51025,3.69965,3.71587
2021-08-06,6.18175,5.89741,4.44906,7.03481,3.6132,6.1693,,3.63808,3.75114
2021-08-13,6.895,6.21157,3.99066,5.69288,3.27113,6.08914,,3.47749,3.4296
2021-08-20,7.69389,6.31734,4.53704,5.94383,3.69269,7.14701,,4.15635,4.60602
2021-08-27,6.85904,6.81322,4.76067,5.83318,3.30059,5.83808,,3.70222,3.84729
2021-09-03,6.39843,6.18907,4.10489,5.32995,3.47301,5.82269,,3.45296,3.85378
2021-09-10,7.00147,6.64924,4.45856,5.46569,3.52039,5.98235,,3.73698,4.16927
2021-09-17,7.33918,6.68411,4.54032,5.47359,3.67839,5.8205,,3.83725,3.87639
2021-09-24,7.17075,6.92238,4.52737,5.74335,3.53305,5.97659,,3.70551,3.20665
2021-10-01,7.09259,7.009,4.73927,6.13699,3.60745,5.369,,4.1807,2.97787
2021-10-08,7.5146,7.03446,5.18117,6.25987,3.52941,4.5468,5.10179,4.08884,3.91836
2021-10-15,6.89635,7.18593,5.03395,5.9949,3.33458,4.75866,5.10179,3.39764,3.7184
2021-10-22,7.03956,7.11563,5.03132,5.71783,3.64721,5.0457,5.10179,3.82337,3.85283
2021-10-29,7.07162,7.5059,4.91899,5.38247,3.40012,4.97062,,4.02716,3.76718
2021-11-05,6.16024,6.82961,4.59463,4.89339,2.90879,4.84752,,3.30678,3.35822
2021-11-12,6.60906,7.64455,4.4357,5.05104,3.79204,5.11176,5.37366,3.65343,3.30073
2021-11-19,7.12901,7.36052,4.61244,5.30332,3.33075,5.2024,5.37366,4.04115,3.29896
2021-11-26,7.96306,7.72222,5.10915,5.84845,3.48746,6.58669,5.37366,4.57107,3.80683
2021-12-03,7.98488,7.99171,5.19199,6.02208,3.52401,6.63639,,4.81842,3.76158
2021-12-10,6.93831,8.22719,4.88131,5.6989,3.6773,5.89325,,4.43487,3.18481
2021-12-17,5.35809,5.82405,3.90697,4.14945,2.66103,4.19375,5.39432,2.85877,2.5643
2021-12-24,5.5307,6.85646,4.19995,4.58669,2.73925,5.77219,5.39432,3.1868,2.89338
2021-12-31,5.65461,6.7421,4.45469,6.71039,2.6345,5.36798,5.39432,3.25064,3.27711
2022-01-07,6.0028,6.73803,4.06099,6.274,2.91855,5.15864,5.50292,3.43801,3.51601
2022-01-14,5.95223,6.30822,4.11867,6.61162,2.90675,4.97742,5.54921,3.5483,3.32446
2022-01-21,6.09671,7.22141,4.56341,6.28957,2.89824,5.10532,5.57348,3.95446,3.37833
2022-01-28,6.76334,7.45355,4.62337,6.10658,2.83023,5.0155,5.64149,4.18526,3.3016
2022-02-04,6.00339,7.01572,4.15352,5.87109,2.80449,4.59293,5.70401,3.66575,3.21048
2022-02-11,5.61913,6.93444,4.34179,5.64944,2.86965,4.30157,5.71238,3.51091,2.76426
2022-02-18,5.56031,6.65121,4.5189,4.99562,2.52011,4.50838,5.60777,3.37487,2.96575
2022-02-25,6.7811,7.24942,6.43885,5.08301,2.85568,5.03481,5.81727,3.75801,5.1116
2022-03-04,9.14065,8.38007,8.37626,6.62995,3.67981,7.24385,6.07638,5.36227,7.1841
2022-03-11,9.35687,8.17634,7.67763,6.6621,3.61293,6.35573,6.05447,5.47653,6.11688
2022-03-18,8.82718,7.40317,6.40301,6.0872,3.23942,5.15802,5.73315,4.69072,5.55945
2022-03-25,8.70219,8.07743,6.41379,5.88341,3.36924,5.14185,5.81746,4.70377,5.47208
2022-04-01,8.26896,8.00959,5.83341,5.84098,2.99248,4.50602,5.7382,6.24416,6.11893
2022-04-08,7.98525,7.57696,5.69539,5.88483,2.88637,4.38316,5.74049,6.30073,6.08176
2022-04-15,8.27066,8.06418,5.45514,6.17633,2.95588,4.15405,5.74049,4.306,6.83574
2022-04-22,9.1231,7.95427,5.79129,6.58641,6.63241,5.42027,5.74049,5.20619,7.31822
2022-04-29,10.3771,8.79634,6.20656,6.7784,7.61114,7.82348,,6.04421,7.9419
2022-05-06,10.7924,8.65587,6.34194,7.20984,8.16173,7.74968,,5.84178,7.58254
2022-05-13,10.324,7.82538,6.29581,7.13717,7.48785,7.40708,,5.84203,7.43747
2022-05-20,9.46763,7.32705,5.91614,6.78135,8.01973,7.99698,5.71777,5.58396,6.13659
2022-05-27,8.30415,7.04074,5.27123,6.33888,7.52278,5.89521,5.71777,5.00917,5.83849
2022-06-03,9.27249,7.33599,5.02247,7.70008,7.84744,5.70804,5.71777,5.58202,7.04773
2022-06-10,9.46298,7.29504,5.42296,7.07933,7.6374,6.24862,,5.64497,6.4136
2022-06-17,10.4225,7.1931,4.71961,7.13693,7.22641,7.62053,5.66454,5.68651,6.48186
2022-06-24,9.69461,7.23842,4.69183,7.01431,5.99337,7.19862,5.78501,5.69511,5.75468
2022-07-01,9.96797,7.72862,4.95528,7.37418,4.97909,7.77022,5.78501,5.43838,5.57184
2022-07-08,9.89904,8.35144,5.17095,7.84339,4.55472,7.63251,5.78501,5.97513,5.01506
2022-07-15,11.3992,9.4243,6.08282,8.58581,7.82255,9.58732,,7.24261,6.38479
2022-07-22,10.7665,9.30704,4.58847,8.08647,6.76763,8.50567,6.14811,6.42086,5.01149
2022-07-29,9.56535,8.71855,5.11814,7.1982,5.15394,7.72063,6.20387,5.31545,5.38707
2022-08-05,9.50011,8.89748,5.6191,6.99185,4.85213,7.00659,6.20387,5.23587,5.79047
2022-08-12,8.24852,8.12056,4.81031,6.75066,3.75148,6.50375,5.86536,4.10586,4.79907
2022-08-19,9.68163,8.34922,4.79489,6.67408,6.06762,6.84212,5.86536,4.96257,4.47458
2022-08-26,9.7632,8.53344,4.76881,6.52362,5.59621,7.08417,6.01118,5.29685,4.76513
2022-09-02,10.1542,9.40097,5.1891,7.15234,5.18441,6.63278,5.94131,5.42535,5.27629
2022-09-09,11.3459,10.46,5.18935,7.36932,5.91667,6.7791,6.52884,5.98839,5.73861
2022-09-16,11.3897,10.5908,4.86983,7.32369,6.98209,6.71912,6.36076,6.01451,6.72278
2022-09-23,10.9197,10.3449,6.65268,7.14354,7.07313,6.42975,5.95758,6.66816,6.92278
2022-09-30,12.6065,11.956,7.75801,8.96025,9.19303,10.7671,6.47813,9.48769,8.09108
2022-10-07,12.3085,11.5225,7.59827,8.2386,10.2878,9.29151,6.41225,9.35859,8.28844
2022-10-14,12.5159,11.0928,6.12595,8.03946,9.12199,9.14392,6.3715,6.81259,8.14984
2022-10-21,13.1746,11.3657,6.77709,7.6989,9.8506,9.77177,6.02883,7.33759,8.20767
2022-10-28,13.3284,11.6984,7.28211,7.53274,11.6849,9.9887,6.47615,8.13864,9.02152
2022-11-04,12.183,11.8323,6.86341,7.55052,10.8438,9.36492,6.47615,7.49401,8.48563
2022-11-11,12.9295,12.3082,6.65187,7.52969,10.2345,8.79842,6.47615,7.173,10.4942
2022-11-18,12.5974,11.6187,6.00108,6.21755,8.92041,7.7143,5.8623,6.54703,8.57695
2022-11-25,12.8846,11.2957,5.74305,6.64241,8.87167,7.07776,5.8623,6.55902,8.63804
2022-12-02,14.1104,12.1681,6.24506,8.17378,9.60648,9.79006,7.58658,8.00532,9.03466
2022-12-09,14.4977,12.7435,6.29967,7.97597,7.92066,9.18613,7.34569,7.77203,8.22595
2022-12-16,10.4194,10.0179,4.86304,6.08246,5.34524,7.95248,5.71378,5.37006,6.13853
2022-12-23,10.6558,10.0124,4.69739,6.2896,6.1987,7.46553,5.70584,5.70813,5.77203
2022-12-30,12.684,11.2193,5.66646,7.58815,7.3814,8.77615,6.65587,6.71376,7.12892
2023-01-06,12.0758,11.1978,4.54071,7.28429,6.10422,7.95811,6.69107,6.11382,6.25656
2023-01-13,10.528,10.3451,4.97459,7.61725,5.19318,9.45354,6.42765,5.67567,6.14434
2023-01-20,11.0301,10.5541,4.98545,7.88099,6.07408,8.90362,6.03923,6.3384,6.39197
2023-01-27,10.6207,9.88525,5.76372,8.29501,6.35893,8.75744,6.57029,6.05624,6.39202
2023-02-03,9.99029,9.32412,5.79342,8.1795,4.97091,7.92925,6.48728,5.86658,6.69018
2023-02-10,11.1709,10.2634,4.84888,8.54257,5.87335,7.90716,6.39557,5.87676,6.64429
2023-02-17,11.0649,10.4704,4.60406,8.05878,5.79927,8.18589,5.95314,5.73799,6.52367
2023-02-24,10.4402,10.5208,4.49434,7.74603,5.85404,7.25972,5.97064,5.35103,6.77546
2023-03-03,11.4236,11.0142,5.4764,8.1901,6.48253,7.09619,5.97064,5.72464,7.1307
2023-03-10,12.4688,11.5888,5.47912,8.60536,7.00333,7.38843,6.64471,6.3871,7.65758
2023-03-17,12.5738,11.5413,5.10018,8.27723,6.07116,8.21131,6.6205,5.85862,7.43518
2023-03-24,12.0876,9.8971,5.26492,7.8344,5.9411,7.82417,6.16509,5.77944,6.56013
2023-03-31,12.1344,9.67312,5.14864,7.73751,6.2626,7.8248,6.54605,6.40759,7.28672
2023-04-07,10.807,9.35329,4.45677,7.33514,5.0473,7.44839,6.54605,5.82333,6.51628
2023-04-14,10.3406,8.63811,4.17106,6.83627,4.4778,7.57967,6.54605,4.08116,5.17559
2023-04-21,10.8498,8.66152,3.87665,7.55916,4.32938,7.21723,6.28907,4.46599,5.5733
2023-04-28,10.8351,8.57164,4.25166,7.18401,4.73963,7.08035,6.68287,4.95292,6.03904
2023-05-05,10.1908,8.09195,3.32237,6.72038,4.33072,6.85648,6.68287,4.53651,4.72394
2023-05-12,9.16562,8.30003,3.65786,6.94291,4.39775,5.95048,6.68287,4.1836,4.05497
2023-05-19,8.80425,7.96012,3.70411,6.58401,5.5522,6.25717,,4.33122,4.59556
2023-05-26,9.02443,8.09116,3.42886,6.17917,4.97839,5.95235,,4.52443,4.39387
2023-06-02,9.449,8.2692,3.22955,6.81949,5.73887,6.18945,,4.82581,5.19292
2023-06-09,8.81737,8.03033,3.08054,6.4238,5.35314,5.61795,6.41836,4.63501,4.93065
2023-06-16,8.64501,7.46888,3.38548,5.75931,5.78838,5.94057,6.41836,4.27943,5.02385
2023-06-23,8.65641,7.19741,2.83391,5.31409,5.05349,5.53929,6.41836,4.32138,4.63719
2023-06-30,9.39295,7.77157,3.03633,6.07976,5.57753,5.81922,,4.48195,5.43805
2023-07-07,9.57047,7.83322,3.76257,5.92929,4.7957,6.10863,,4.35429,5.30168
2023-07-14,9.48738,9.01997,3.19659,5.95973,5.01917,6.36171,,4.86743,5.85125
2023-07-21,10.0274,10.2706,3.21616,6.16406,5.70123,5.95237,,4.91124,6.05829
2023-07-28,9.74214,9.67645,3.47274,5.7925,5.39098,5.64613,,4.6101,6.4266
2023-08-04,9.84233,9.25902,3.72493,6.37846,5.11977,6.31118,,5.05312,5.99459
2023-08-11,9.50609,8.76712,3.36774,6.42532,4.99666,5.64328,,4.4704,5.93996
2023-08-18,9.70978,8.86037,3.85169,6.58836,5.86915,5.89691,6.06815,4.9191,5.88318
2023-08-25,9.4294,8.64569,3.42198,6.67569,5.29111,6.0811,6.15896,4.64742,5.73114
2023-09-01,8.75991,8.18123,3.16121,6.17898,4.75956,5.35474,6.05813,4.49434,4.50535
2023-09-08,9.25784,8.29051,3.57261,6.35927,4.90772,5.21196,6.05813,4.69494,5.16632
2023-09-15,8.3835,8.57299,3.18289,6.22836,4.63021,4.88954,6.00268,4.33192,5.00151
2023-09-22,8.24343,8.66759,3.39088,5.70858,4.00058,4.57122,6.00268,4.04047,4.8868
2023-09-29,8.55401,9.1388,3.32908,6.09423,4.44407,5.66544,4.91843,5.04348,5.11892
2023-10-06,8.67094,9.3357,3.32428,6.11225,4.3544,5.78496,4.91843,5.07921,5.18144
2023-10-13,8.36916,9.71934,2.83163,5.99034,3.27814,5.91913,5.13709,4.30721,4.9571
2023-10-20,8.60938,9.47684,2.68721,5.57717,3.55844,6.01057,5.14277,4.34881,5.06427
2023-10-27,8.73006,9.3237,2.92065,6.01727,3.43117,5.83334,5.42261,4.17747,5.32793
2023-11-03,9.19445,9.22597,2.91334,6.64029,2.2973,6.67499,5.14546,4.66518,5.51975
2023-11-10,9.16614,8.98534,2.96467,6.03156,2.08237,6.58642,5.21545,4.31759,5.393
2023-11-17,9.98881,9.33341,2.1552,5.97794,2.88149,7.21342,4.94854,4.34631,6.90747
2023-11-24,9.16589,9.53584,2.40713,5.85425,4.31723,6.91975,5.06363,4.32328,7.14412
2023-12-01,10.3538,10.2213,2.8031,6.31592,4.12899,7.73869,5.53409,5.01514,7.81541
2023-12-08,10.8849,10.6649,2.18495,6.68381,4.017,7.1024,5.58366,5.07002,7.74995
2023-12-15,9.65983,9.97374,3.0473,6.01288,3.74607,6.93549,4.5994,4.60646,6.59567
2023-12-22,8.82588,9.50527,2.13483,5.76903,3.7317,5.71741,4.39723,4.24866,5.80765
2023-12-29,10.0428,11.5932,2.6863,6.51407,5.78731,6.6718,4.62825,5.74507,8.57051
2024-01-05,9.96898,10.0522,2.25719,5.93338,3.88466,5.82376,5.1501,4.68157,8.65887
2024-01-12,8.86671,9.11837,2.84471,5.73508,2.9965,5.49928,5.02193,3.97253,8.74554
2024-01-19,9.16791,9.26983,2.35634,5.75359,2.9721,5.75807,5.03173,4.29822,6.70347
2024-01-26,8.79335,9.10862,2.24677,6.1362,2.94197,6.63904,5.17263,4.00954,6.429
2024-02-02,8.66231,8.50617,2.23583,5.63058,2.77681,5.73463,5.17263,3.79361,5.68297
2024-02-09,7.96248,8.36287,1.76423,5.30845,1.95465,5.30557,5.04862,3.39511,4.40694
2024-02-16,7.05928,7.17311,1.3664,5.08823,2.13647,5.34898,5.04862,3.28277,3.9211
2024-02-23,6.9023,7.34293,1.53372,4.09567,2.17558,4.55007,5.03007,3.29247,4.20341
2024-03-01,6.3467,7.0455,1.84592,3.97845,1.98437,4.40684,5.33142,3.28495,4.06117
2024-03-08,7.64148,7.14755,2.37782,4.18362,2.27328,5.27622,5.29256,3.85263,4.53206
2024-03-15,7.19646,7.02594,1.86247,3.93536,2.07954,4.9908,4.45827,3.42404,4.50445
2024-03-22,7.54197,7.32631,3.98916,4.90835,4.73065,5.26633,4.27438,4.13986,5.25357
2024-03-29,7.95273,7.17599,2.54678,4.59425,3.03098,4.78037,4.27438,3.95856,4.97387
2024-04-05,7.24435,7.06221,2.8215,4.72927,2.73219,4.48693,4.7331,4.3361,4.28059
2024-04-12,8.87121,7.14541,3.13351,4.76468,3.73948,6.30825,4.7331,4.64961,5.06314
2024-04-19,9.20266,7.41686,3.45383,6.21061,2.52146,6.72124,4.4515,4.37076,5.63661
2024-04-26,8.60228,7.3449,2.43893,6.06962,2.79224,6.18211,4.69296,4.21239,5.37859
2024-05-03,8.93274,7.38511,2.5824,5.84691,4.02181,5.66013,4.93748,4.77682,5.55512
2024-05-10,8.2561,6.80168,2.26646,5.39416,2.36474,5.40563,4.83179,4.10056,4.98119
2024-05-17,7.61648,6.62925,2.24758,5.03393,2.58205,4.99485,4.83179,3.34237,4.87554
2024-05-24,7.3239,6.93309,3.21755,5.12657,2.0747,5.11385,4.58515,3.46357,4.00014
2024-05-31,8.89639,7.42349,4.72365,5.62659,2.69546,5.31672,4.58515,4.10047,5.18585
2024-06-07,7.974,7.03336,2.53446,5.21746,2.59881,5.27896,4.91879,3.77582,4.7404
2024-06-14,7.36618,6.5786,2.27033,5.13313,2.18481,5.69407,3.39996,3.97675,4.22772
2024-06-21,6.97897,6.23051,2.57237,4.84767,2.65028,5.69949,3.2349,3.7014,4.15108
2024-06-28,7.91956,7.32897,2.25804,4.85512,2.4247,5.20464,3.2349,4.27751,4.73414
2024-07-05,6.77331,6.24093,1.87592,4.64423,2.4407,4.94037,3.21941,3.67748,4.48931
2024-07-12,6.20078,5.9824,1.66425,4.33032,1.74342,4.89335,2.80613,3.308,4.22316
2024-07-19,7.18271,6.53548,1.97862,4.58743,3.07068,5.19271,2.82243,3.99391,5.07943
2024-07-26,7.22794,6.98251,1.88545,4.65462,3.84268,4.98734,3.24174,3.56592,5.68019
2024-08-02,7.55158,7.32523,1.39338,4.61032,4.19068,5.12233,3.41573,4.52013,6.22927
2024-08-09,8.60821,7.66065,2.37263,5.44791,4.92502,6.40258,3.81528,4.7799,7.28577
2024-08-16,6.75083,6.78459,1.64786,4.76692,3.67288,6.52352,4.12479,3.89933,6.33517
2024-08-23,7.25874,8.38461,1.77661,5.91736,4.17525,9.05209,4.04238,4.70344,6.56663
2024-08-30,9.55084,8.97022,2.1192,6.2681,4.96037,8.99857,5.08139,5.33162,7.57006
2024-09-06,9.40723,8.905,1.70352,6.62738,4.17518,8.71345,5.51076,5.49874,7.49727
2024-09-13,8.7447,9.52021,1.7517,6.04855,4.31513,7.20764,5.69804,5.21223,6.78799
2024-09-20,8.17084,8.08096,2.06154,5.32713,4.75409,8.06811,5.57313,4.84351,6.54034
2024-09-27,9.97918,10.5739,2.01817,6.46589,5.46651,7.69489,6.20613,5.65118,8.06616
2024-10-04,9.21546,10.391,1.63049,6.2032,5.44386,7.86108,6.14711,5.2698,8.25302
2024-10-11,8.00349,7.92165,2.21472,6.00778,5.58418,6.90602,6.17252,4.66964,6.91749
2024-10-18,8.56786,7.68586,1.9008,6.252,5.19513,6.2253,6.1649,5.48437,6.47355
2024-10-25,14.1543,13.2194,2.77351,9.04766,6.14706,10.2956,9.01604,7.94563,10.1193
2024-11-01,16.4756,14.1607,2.95158,10.4232,6.78582,11.4274,9.59796,9.98335,12.0004
2024-11-08,8.27786,8.98518,2.11047,6.43861,5.4877,6.86882,6.02431,5.42512,6.67699
2024-11-15,8.41815,9.74511,1.92755,6.36567,4.65615,7.12043,6.02431,5.94021,5.82701
2024-11-22,8.51725,8.78878,2.07603,5.51445,3.33132,6.10672,5.21348,5.62372,5.78317
2024-11-29,8.74955,10.0412,2.32695,6.42483,3.8397,6.97066,5.4544,6.3264,6.02393
2024-12-06,10.4491,10.1571,2.48217,7.25523,4.51819,6.57855,5.4544,6.10816,6.08504
2024-12-13,7.37416,9.01534,1.9158,6.03823,3.48331,5.67841,5.4544,5.03119,4.83541
2024-12-20,7.06933,7.4027,2.0336,4.73938,3.14182,5.6378,4.3722,4.58232,3.93892
2024-12-27,9.409,8.78572,4.05026,5.85651,4.02839,6.2678,4.3722,4.57046,4.54032
2025-01-03,9.06667,9.28376,3.41331,6.28649,5.58807,6.54184,5.44612,5.72036,5.39938
2025-01-10,8.69076,8.68781,3.48424,5.83404,5.52945,5.95141,6.20442,6.29165,5.50338
2025-01-17,9.73172,9.41776,4.70704,6.59906,6.17731,7.61138,7.36549,7.08754,6.26844
2025-01-24,8.39614,9.49875,3.81348,5.67975,4.75159,6.36242,6.0562,5.31688,5.70383
2025-01-31,8.9092,9.6392,3.53828,6.04251,5.20686,6.54478,6.0562,6.1276,6.36442
2025-02-07,8.55198,8.95881,3.69712,5.6165,4.48802,6.13059,6.62061,5.75587,5.75033
2025-02-14,8.17314,9.04647,3.82723,5.12966,4.39428,6.39945,5.97772,5.58622,5.32217
2025-02-21,7.66066,8.26834,3.42305,4.62245,4.13172,6.03918,6.17641,4.91692,4.31026
2025-02-28,8.55814,8.91146,4.14162,4.81656,4.29175,7.59762,6.27657,5.69066,5.01713
2025-03-07,8.39364,8.59762,3.46873,4.7369,4.39411,6.5509,6.34294,5.67784,4.65345
2025-03-14,7.77655,8.19515,3.25634,4.31376,4.03439,6.49327,6.34294,4.86788,3.88475
2025-03-21,8.73468,8.09406,4.06948,5.20296,4.52133,7.6222,6.88516,5.41251,4.20324
2025-03-28,8.69204,8.7668,4.2052,5.53541,4.16948,7.57206,7.24217,5.96361,4.45934
2025-04-04,10.0529,8.4364,4.5978,6.13253,6.14713,8.94103,7.24217,6.37494,5.92775
2025-04-11,10.845,10.4492,5.40116,6.30267,6.72546,9.85891,6.47677,7.53411,9.10549
2025-04-18,9.82109,9.61435,4.56768,5.63198,4.80531,8.08796,6.26969,5.76922,6.69169
2025-04-25,10.0658,10.3058,5.82251,5.62038,4.81657,7.93332,6.77671,6.23513,6.49558
2025-05-02,12.9889,11.3127,6.94132,6.84577,5.87902,10.7341,6.47677,7.37912,15.2533
2025-05-09,11.9318,10.3644,7.79507,6.52588,4.73543,8.98166,6.47677,6.82942,15.9299
2025-05-16,12.6333,9.60901,6.00838,5.85538,3.86921,7.92912,6.78027,5.9233,10.195
2025-05-23,13.1614,10.0874,5.6123,6.01351,4.44633,8.57597,6.97901,6.1109,11.1301
2025-05-30,11.5883,9.9576,5.7989,6.06309,3.65692,8.25238,7.16257,6.03302,10.2959
2025-06-06,11.0988,10.1575,5.41713,5.84273,3.96177,7.76579,7.27514,5.4717,7.71607
2025-06-13,11.4528,10.1465,5.85144,6.43942,3.684,8.49234,7.12605,5.45042,10.4234
2025-06-20,11.8923,10.1103,5.47006,7.23072,3.3464,8.28049,7.21745,5.45178,9.46666
2025-06-27,10.3187,9.33506,5.44715,6.33999,3.57035,8.01615,7.21745,5.27218,12.3038
2025-07-04,10.3707,9.17863,4.96422,5.88535,2.99283,7.33617,7.18792,5.08414,10.0365
2025-07-11,9.5416,8.86206,4.94816,5.4856,2.64788,7.28798,6.38233,4.96354,9.20319
2025-07-18,9.09372,8.5256,4.62349,5.41629,2.47324,6.5627,6.59348,5.10232,8.92372
2025-07-25,10.1309,8.49355,4.4964,5.91407,3.03138,6.58454,6.53814,5.37034,8.42361
2025-08-01,9.71205,7.59672,4.76442,6.57782,2.70035,7.55378,6.48463,5.29168,8.29387
2025-08-08,8.34319,7.18291,4.95246,5.69026,2.17301,6.46951,6.49623,4.46336,7.42199
2025-08-15,8.15666,7.12542,4.6195,5.61923,2.12029,6.51265,6.42826,4.30721,6.15118
2025-08-22,7.258,6.28351,4.345,5.4478,2.03693,5.78094,6.0308,4.101,7.00609
2025-08-29,8.14919,7.09113,5.17034,6.19139,3.17911,7.46882,6.1769,4.5827,6.63543
2025-09-05,7.82782,6.7116,4.33747,6.04545,2.59021,6.3013,6.44331,4.40847,7.61794
2025-09-12,7.24981,6.96869,3.73018,6.06543,2.16039,6.21167,6.44331,3.74548,7.97002
2025-09-19,7.10013,6.99755,3.47046,5.72225,2.36169,7.14844,5.92177,3.63784,6.89775
2025-09-26,7.59021,7.65649,3.54358,6.69229,2.09166,6.93272,5.44698,4.17322,6.59916
2025-10-03,6.46321,6.89853,3.12375,6.01003,1.9693,6.14316,5.08448,3.60916,5.70957
2025-10-10,7.11008,6.91171,2.83296,6.08285,1.99172,5.76726,4.64646,3.81017,6.34592
2025-10-17,8.53019,7.28205,4.55549,6.02867,2.24019,6.03316,4.32892,3.89308,6.61102
2025-10-24,8.03573,7.07911,4.30414,6.00363,2.01538,5.72695,4.48761,3.48345,5.83397
2025-10-31,7.72844,7.19428,4.02412,6.62146,1.96615,5.14073,4.05538,3.36312,5.94987
2025-11-07,7.71095,6.61088,3.49349,6.3337,1.60097,5.58428,4.08519,3.25454,5.67067
2025-11-14,8.85032,6.65425,3.76293,5.89945,1.82691,5.02485,4.18078,3.67011,10.2227
2025-11-21,7.51937,6.05245,5.09931,5.71973,1.34752,4.79897,4.47679,3.08225,6.05264
2025-11-28,8.44347,6.93899,3.86374,5.73256,1.95572,5.33979,4.95749,3.88627,7.36497
2025-12-05,8.25905,7.08561,4.71109,6.2308,2.08373,5.07463,5.21908,3.7866,6.71082
2025-12-12,7.13116,6.55136,4.24043,6.08662,1.75133,4.16346,4.6072,3.24791,5.59412
2025-12-19,6.21047,5.65591,4.76174,4.76515,1.40624,3.79789,4.6072,2.40448,5.59789
2025-12-26,9.38051,5.9654,4.1624,5.11406,2.57192,4.27867,4.6072,2.64218,6.41954
2026-01-02,8.7547,7.40282,3.92591,5.58481,2.70788,4.82667,,3.00257,6.17146
2026-01-09,7.24881,6.92083,4.49977,5.67455,2.01215,5.45076,5.01502,3.26065,5.18123
2026-01-16,7.60199,7.35283,4.59369,5.6568,1.88325,5.18237,4.47078,3.42617,5.38197
2026-01-23,8.45439,8.39516,4.95559,5.36303,1.83351,5.26179,4.52367,3.58541,4.98968
2026-01-30,9.36441,9.27681,5.23672,5.46581,2.46299,6.25814,5.2732,4.83206,6.40987
2026-02-06,9.08174,8.54393,5.27072,4.9962,2.0294,5.82487,4.91838,4.43937,5.3125
2026-02-13,8.68163,7.61484,4.35573,5.14464,2.35786,5.10018,5.02497,4.08175,4.95833
2026-02-20,8.24347,7.56422,4.44311,4.91526,2.58016,5.30712,5.02497,4.11763,4.95856
2026-02-27,9.26132,7.86853,4.47898,5.11858,1.91736,4.80004,5.35065,4.13422,5.07067
2026-03-06,14.0373,9.51684,6.35329,6.79164,2.86785,6.16393,5.40184,5.4384,7.87341
2026-03-13,14.0168,11.0225,7.00508,8.02742,3.43907,6.36074,5.2545,5.61817,7.70635
2026-03-20,12.5453,11.4672,7.56439,7.68267,2.64556,6.43317,5.317,5.54281,7.44313
2026-03-27,13.0044,12.3787,8.21821,8.39941,2.2325,6.29451,5.591,5.01615,7.09501
2026-04-03,12.948,11.3263,9.69073,8.64818,2.12856,6.95745,5.84343,4.80308,6.95586
2026-04-10,11.0816,10.0335,6.64037,8.03429,2.01562,6.21974,5.84343,4.27983,6.18147
2026-04-17,10.4562,9.32739,5.28853,6.61938,1.93934,5.8722,5.84343,3.84815,5.2805
2026-04-24,10.1424,10.0927,5.73139,7.70824,1.62871,5.52725,5.50768,4.11612,4.6778
2026-05-01,10.3842,10.0501,5.92651,8.40769,1.16077,5.94673,5.50231,4.05261,4.78185
2026-05-08,10.5743,9.91553,6.4328,7.98283,1.18521,5.71859,5.42455,4.06613,5.02374
2026-05-15,10.7252,9.7852,6.75977,8.06891,1.38116,6.44203,5.28116,3.83384,5.4455
2026-05-22,11.5502,9.33851,7.90273,7.75995,0.92916,6.56652,5.27588,3.58034,4.92205
2026-05-29,11.2279,9.40821,7.34068,7.75076,0.829385,7.01034,5.41068,3.59557,4.36357
2026-06-05,12.8846,8.94768,7.42163,7.36772,0.772511,8.27019,5.52323,3.96771,4.6653
2026-06-12,12.8695,7.96192,6.50277,8.04158,1.06063,8.36131,5.23731,3.95003,4.39498
2026-06-19,11.0274,7.40677,5.38352,6.60813,0.891234,6.91088,5.23731,3.95672,4.27476
2026-06-26,10.6967,7.85866,5.3399,6.92413,1.28649,7.0204,5.30492,4.1023,4.58119
2026-07-03,10.877,6.76458,5.50762,6.31756,0.876357,6.72873,5.42415,3.74862,4.23653
2026-07-10,11.8067,6.82965,5.54805,6.34958,1.16369,7.03739,5.01839,3.66409,4.55324
2026-07-17,10.1976,6.4175,5.4865,5.97442,0.773064,6.18106,5.01839,3.11019,4.43941
