date,EUR,USD,CAD,JPY
2013-01-04,2.81,0.97,-1.11,0.17000000000000037
2013-01-11,1.7699999999999998,1.03,-0.96,0.2400000000000002
2013-01-18,1.9599999999999997,1.36,-0.8600000000000001,0.41000000000000014
2013-01-25,1.7199999999999998,1.14,-0.6300000000000001,0.2899999999999998
2013-02-01,1.26,1.6600000000000001,-1.0699999999999998,-0.19999999999999996
2013-02-08,1.23,2.1399999999999997,-1.23,3.2800000000000002
2013-02-15,0.96,1.4300000000000002,-1.3499999999999999,3.55
2013-02-22,0.6600000000000001,0.16,-1.49,3.08
2013-03-01,0.8000000000000002,-1.23,-2.5599999999999996,2.06
2013-03-08,0.57,-2.09,-3.1,1.96
2013-03-15,0.48,-2.64,-3.5700000000000003,1.33
2013-03-22,1.0,-0.4099999999999999,-3.58,1.95
2013-03-29,1.3900000000000001,-0.31999999999999995,-3.93,1.68
2013-04-05,1.89,-1.04,-3.69,1.69
2013-04-12,2.06,-0.9500000000000001,-3.74,1.7999999999999998
2013-04-19,2.54,-0.7100000000000001,-3.49,1.2200000000000002
2013-04-26,2.41,-1.58,-3.1799999999999997,1.6700000000000002
2013-05-03,2.19,-1.3,-3.04,1.8
2013-05-10,2.04,-1.68,-2.51,1.5299999999999998
2013-05-17,2.1,-1.5,-2.13,1.5299999999999998
2013-05-24,0.73,-2.11,-1.6800000000000002,1.33
2013-05-31,0.9900000000000001,-1.87,-1.3399999999999999,0.94
2013-06-07,1.67,-1.4,-1.56,0.96
2013-06-14,2.53,0.35999999999999993,-1.5,1.3099999999999998
2013-06-21,3.26,-2.1300000000000003,-1.24,1.28
2013-06-28,3.6100000000000003,-2.6399999999999997,-0.6,1.3599999999999999
2013-07-05,2.56,-2.36,-0.41999999999999993,1.16
2013-07-12,1.75,-2.4,-0.6,0.7500000000000001
2013-07-19,1.6300000000000001,-2.12,-0.47,0.6
2013-07-26,1.71,-1.79,-0.52,0.57
2013-08-02,2.16,-2.3,-0.6599999999999999,0.45999999999999996
2013-08-09,2.6100000000000003,-2.04,-0.5700000000000001,0.38999999999999996
2013-08-16,3.2,-0.63,-0.4,0.54
2013-08-23,3.7199999999999998,-0.61,-0.38,0.53
2013-08-30,3.8099999999999996,-0.44,-0.63,0.36999999999999994
2013-09-06,3.19,-0.87,-0.61,0.29
2013-09-13,2.37,-0.21000000000000002,-1.01,-0.08999999999999997
2013-09-20,3.06,0.72,-0.86,0.07999999999999996
2013-09-27,3.76,-0.75,-0.42000000000000004,0.13999999999999999
2013-10-04,3.5,-0.71,-0.37,0.15
2013-10-11,3.27,-0.66,-0.30000000000000004,0.16999999999999998
2013-10-18,3.1,-0.62,-0.24,0.18
2013-10-25,2.19,0.10999999999999999,-0.21,0.91
2013-11-01,2.05,0.020000000000000018,0.03,1.48
2013-11-08,1.4700000000000002,-1.3,0.27999999999999997,1.37
2013-11-15,1.16,-2.05,0.16,0.18
2013-11-22,1.13,-1.77,0.03,-0.51
2013-11-29,0.66,-1.96,-0.1,-0.9000000000000001
2013-12-06,0.98,-1.77,-0.30999999999999994,-1.7200000000000002
2013-12-13,1.4100000000000001,-1.02,-1.02,-1.25
2013-12-20,1.94,-2.02,-1.46,-0.37
2013-12-27,1.86,-1.89,-1.51,-0.39
2014-01-03,2.16,-2.53,-1.21,-0.6399999999999999
2014-01-10,1.76,-2.31,-0.71,0.09999999999999998
2014-01-17,1.3399999999999999,-2.12,0.19000000000000017,0.22000000000000008
2014-01-24,1.06,-3.37,-1.09,0.45
2014-01-31,1.6800000000000002,-3.2199999999999998,-0.4700000000000001,1.33
2014-02-07,1.9,-4.029999999999999,-1.46,1.13
2014-02-14,1.9400000000000002,-3.53,-1.78,1.77
2014-02-21,2.27,-1.14,-6.16,1.7799999999999998
2014-02-28,2.57,-0.53,-5.91,1.9300000000000002
2014-03-07,3.1,0.7599999999999999,-4.79,2.61
2014-03-14,3.94,0.9,-4.1499999999999995,1.77
2014-03-21,4.47,-0.47,-3.96,1.77
2014-03-28,3.95,-1.5699999999999998,-1.94,1.79
2014-04-04,3.4,-2.1,-2.08,1.7399999999999998
2014-04-11,2.6500000000000004,-1.28,-2.26,1.08
2014-04-18,2.65,-0.26999999999999996,-2.2,2.29
2014-04-25,2.3,-0.62,-1.6099999999999999,1.83
2014-05-02,1.6,-1.08,-1.1,1.37
2014-05-09,0.9,-0.52,-1.15,1.5499999999999998
2014-05-16,-0.9099999999999999,-1.17,-1.21,1.28
2014-05-23,-1.75,-1.55,-1.35,1.58
2014-05-30,-2.11,-2.4699999999999998,-1.18,0.5900000000000001
2014-06-06,-2.6599999999999997,-3.38,-1.37,-0.38000000000000006
2014-06-13,-3.46,-2.99,-1.22,-1.1600000000000001
2014-06-20,-3.0700000000000003,-0.29000000000000004,-1.79,-1.18
2014-06-27,-2.81,-0.10999999999999988,-1.5100000000000002,-1.46
2014-07-04,-2.8,1.0699999999999998,-0.9799999999999998,-1.04
2014-07-11,-2.49,1.04,-0.6499999999999999,-1.42
2014-07-18,-2.08,0.57,-0.42999999999999994,-1.2999999999999998
2014-07-25,-2.3000000000000003,0.27,-0.20999999999999996,-0.9700000000000001
2014-08-01,-3.2300000000000004,-1.0699999999999998,-0.28,-1.43
2014-08-08,-3.83,-1.86,-0.17999999999999994,-2.51
2014-08-15,-3.1300000000000003,-1.73,-0.2799999999999998,-2.2
2014-08-22,-3.6399999999999997,-1.8599999999999999,-0.6300000000000001,-2.11
2014-08-29,-3.3200000000000003,-1.7399999999999998,-0.47,-3.05
2014-09-05,-2.41,-1.43,-0.53,-3.7699999999999996
2014-09-12,-2.31,-2.1,-0.31000000000000005,-1.9
2014-09-19,-1.57,0.5899999999999999,-0.31000000000000005,-0.45000000000000007
2014-09-26,-1.04,0.73,-0.5,-1.03
2014-10-03,-0.5,0.22999999999999998,-0.91,-0.06000000000000005
2014-10-10,-0.1200000000000001,0.5,-1.24,-0.14000000000000012
2014-10-17,-0.1200000000000001,0.6799999999999999,-1.65,0.3400000000000001
2014-10-24,-0.15999999999999992,1.34,-1.75,1.63
2014-10-31,-0.3899999999999999,1.65,-1.56,2.2199999999999998
2014-11-07,-0.72,-0.09000000000000008,-1.49,0.86
2014-11-14,-0.6100000000000001,-0.15999999999999992,-1.3599999999999999,2.07
2014-11-21,-0.41000000000000014,-0.08000000000000007,-1.1700000000000002,1.48
2014-11-28,-0.31999999999999984,-0.1499999999999999,-1.01,1.4
2014-12-05,-0.41000000000000003,0.16000000000000003,-1.1199999999999999,1.1
2014-12-12,0.51,0.57,-0.86,1.69
2014-12-19,0.9400000000000001,0.48,-1.1700000000000002,1.7199999999999998
2014-12-26,0.89,0.47,-1.1600000000000001,1.5899999999999999
2015-01-02,-0.22999999999999998,0.17000000000000004,-0.46,0.9199999999999999
2015-01-09,0.06000000000000005,-0.22999999999999998,-1.07,1.0399999999999998
2015-01-16,0.3500000000000001,0.4500000000000002,-1.44,0.51
2015-01-23,1.0699999999999998,0.3600000000000001,-1.52,1.2200000000000002
2015-01-30,0.44000000000000017,0.31000000000000005,-1.3,2.27
2015-02-06,0.43999999999999995,0.65,-1.45,2.34
2015-02-13,-0.24,1.0099999999999998,-2.13,0.6200000000000001
2015-02-20,-0.16999999999999993,1.03,-2.16,-0.30999999999999994
2015-02-27,-0.2699999999999999,0.45999999999999996,-2.29,0.82
2015-03-06,-0.5700000000000001,0.18999999999999995,-2.2,1.6199999999999999
2015-03-13,-0.51,-0.42000000000000004,-3.08,0.91
2015-03-20,0.14000000000000012,-2.9400000000000004,-1.75,1.07
2015-03-27,-0.28,-0.74,-1.51,1.1099999999999999
2015-04-03,0.07000000000000006,-1.57,-1.39,2.2800000000000002
2015-04-10,0.3799999999999999,-1.34,-1.29,1.83
2015-04-17,0.38,-1.96,-1.01,1.48
2015-04-24,0.94,-1.8699999999999999,-0.73,1.37
2015-05-01,0.8700000000000001,0.0,-0.72,2.37
2015-05-08,0.64,1.67,0.09999999999999998,1.1
2015-05-15,1.58,2.53,0.49999999999999994,1.42
2015-05-22,1.45,-2.8600000000000003,1.43,1.68
2015-05-29,1.51,-3.17,2.3899999999999997,-0.08000000000000007
2015-06-05,2.99,-3.92,1.9500000000000002,0.2100000000000002
2015-06-12,3.48,-3.42,-0.06000000000000001,-0.009999999999999787
2015-06-19,4.71,-4.0,1.52,1.4600000000000002
2015-06-26,3.0700000000000003,-2.48,2.2800000000000002,-1.3
2015-07-03,2.5700000000000003,-1.4500000000000002,4.22,-1.21
2015-07-10,1.51,-2.29,4.78,-0.08999999999999997
2015-07-17,1.36,-1.39,4.42,2.28
2015-07-24,0.5299999999999999,-2.0100000000000002,4.52,2.3899999999999997
2015-07-31,0.33000000000000007,-1.4,2.9799999999999995,2.52
2015-08-07,0.28,-1.82,2.6,2.4299999999999997
2015-08-14,-0.8400000000000003,-0.8200000000000001,1.0700000000000003,0.8500000000000001
2015-08-21,-0.95,0.2200000000000002,0.3600000000000003,-0.030000000000000027
2015-08-28,-0.45999999999999996,1.5299999999999998,-0.6200000000000001,-0.49
2015-09-04,-0.40000000000000036,1.86,-1.0499999999999998,2.02
2015-09-11,-0.08000000000000007,2.0999999999999996,-0.040000000000000036,3.69
2015-09-18,-0.27,-0.09,0.9599999999999999,2.81
2015-09-25,-0.14000000000000012,-0.06999999999999998,1.06,4.08
2015-10-02,-0.050000000000000044,0.45999999999999996,0.39,3.45
2015-10-09,-0.8400000000000001,0.48,-0.12,2.83
2015-10-16,-1.3699999999999999,1.6900000000000002,1.71,3.01
2015-10-23,-1.4700000000000002,1.68,2.34,3.12
2015-10-30,-1.6099999999999999,-0.17999999999999994,3.2,3.3
2015-11-06,-2.64,0.040000000000000036,2.02,3.52
2015-11-13,-3.0599999999999996,-0.72,3.61,2.17
2015-11-20,-2.83,-1.52,4.17,2.04
2015-11-27,-3.15,-1.69,3.44,1.94
2015-12-04,-3.3899999999999997,-1.81,2.84,1.7199999999999998
2015-12-11,-2.48,-1.19,3.2199999999999998,0.79
2015-12-18,-1.59,-1.42,1.97,1.3399999999999999
2015-12-25,-1.53,-1.3900000000000001,1.8599999999999999,1.29
2016-01-01,-1.6600000000000001,-0.33000000000000007,1.49,1.22
2016-01-08,-1.27,-0.9300000000000002,0.44999999999999996,2.59
2016-01-15,-0.79,0.29999999999999993,-0.1399999999999999,3.35
2016-01-22,-0.6699999999999999,0.09999999999999998,-0.25,3.26
2016-01-29,-0.33000000000000007,0.21999999999999997,-1.32,3.22
2016-02-05,-0.43000000000000005,0.4,-1.04,3.37
2016-02-12,-0.95,1.79,-1.35,1.92
2016-02-19,-0.29000000000000004,1.77,-1.31,2.33
2016-02-26,-0.6600000000000001,1.83,-1.47,2.19
2016-03-04,-0.53,1.8,-1.3099999999999998,2.01
2016-03-11,-0.5900000000000001,1.9100000000000001,-1.0999999999999999,2.3
2016-03-18,-0.99,0.44000000000000006,-0.64,2.4
2016-03-25,-0.8899999999999999,0.12,-0.6000000000000001,1.6099999999999999
2016-04-01,-0.66,0.0,-0.47,1.27
2016-04-08,-0.5399999999999999,-0.26,-0.2100000000000002,0.40000000000000013
2016-04-15,-0.020000000000000018,-0.1399999999999999,-0.4900000000000002,0.8199999999999998
2016-04-22,-0.45000000000000007,-0.030000000000000027,-0.5100000000000002,0.21999999999999997
2016-04-29,-0.5399999999999998,-0.3400000000000001,-0.33999999999999986,0.56
2016-05-06,-0.9100000000000001,-0.79,-0.08000000000000007,0.010000000000000009
2016-05-13,-0.52,-0.10999999999999988,0.3599999999999999,0.08000000000000007
2016-05-20,-0.020000000000000018,-0.020000000000000018,0.08000000000000007,0.0
2016-05-27,-0.56,-0.5000000000000001,-0.20000000000000018,0.050000000000000044
2016-06-03,-0.9900000000000001,-0.76,-0.020000000000000018,0.3700000000000001
2016-06-10,-1.28,-0.82,-0.48,0.2300000000000001
2016-06-17,-1.3399999999999999,-1.9,0.0,0.43999999999999995
2016-06-24,-1.8599999999999999,-1.5899999999999999,-0.89,0.32000000000000006
2016-07-01,-0.71,-2.17,-0.83,0.3699999999999999
2016-07-08,-0.9,-2.57,-0.8500000000000001,0.3799999999999999
2016-07-15,-1.77,-2.0500000000000003,-0.44999999999999996,0.8099999999999999
2016-07-22,-2.19,-1.42,-0.49,0.41999999999999993
2016-07-29,-2.3600000000000003,-1.1800000000000002,-0.24,0.21000000000000008
2016-08-05,-2.47,-0.040000000000000036,-0.27,-0.14
2016-08-12,-2.13,-0.15000000000000002,-0.44999999999999996,-0.12
2016-08-19,-2.04,0.19999999999999996,-1.2,-0.45999999999999996
2016-08-26,-1.71,0.3600000000000001,-0.91,-0.34999999999999987
2016-09-02,-1.3,0.28000000000000014,-0.39,0.15999999999999992
2016-09-09,-1.18,-0.030000000000000027,-0.29999999999999993,-0.050000000000000044
2016-09-16,-1.3900000000000001,0.5299999999999999,0.10999999999999999,0.18000000000000005
2016-09-23,-0.87,-0.030000000000000027,0.44999999999999996,-0.16000000000000003
2016-09-30,-1.39,-0.020000000000000018,-0.72,0.15999999999999992
2016-10-07,-1.99,-0.5000000000000001,-1.1600000000000001,0.31000000000000005
2016-10-14,-2.62,-1.11,-0.69,-0.64
2016-10-21,-3.5,-1.55,-0.38,-0.8600000000000001
2016-10-28,-2.85,-1.6599999999999997,0.28,-0.73
2016-11-04,-3.1599999999999997,-1.6199999999999999,0.23,-0.78
2016-11-11,-2.88,-0.99,-0.42999999999999994,-0.87
2016-11-18,-2.79,-0.06999999999999984,-0.74,-0.8500000000000001
2016-11-25,-2.8,-0.5499999999999999,-0.6000000000000001,-0.47000000000000003
2016-12-02,-3.44,-0.3900000000000001,-0.3,0.20000000000000007
2016-12-09,-2.08,0.07000000000000006,-0.10999999999999999,0.31000000000000005
2016-12-16,-2.36,-0.9800000000000001,-0.42,-2.06
2016-12-23,-1.9000000000000001,0.21999999999999997,0.14,-1.1799999999999997
2016-12-30,-1.58,-0.22999999999999998,0.87,-2.2199999999999998
2017-01-06,-2.1,0.98,0.5700000000000001,-1.97
2017-01-13,-2.59,1.08,0.35,-1.25
2017-01-20,-3.0700000000000003,1.61,0.66,-1.25
2017-01-27,-2.75,1.84,1.33,-1.52
2017-02-03,-1.79,1.94,1.29,-1.14
2017-02-10,-1.55,2.35,1.48,-0.40000000000000013
2017-02-17,-0.72,2.31,1.8,0.3800000000000001
2017-02-24,-1.2,2.29,2.14,0.3899999999999999
2017-03-03,-1.0,2.3099999999999996,2.58,0.21999999999999997
2017-03-10,-1.5,1.92,2.44,1.83
2017-03-17,-1.22,2.01,2.4,1.0499999999999998
2017-03-24,-1.87,2.87,-0.55,0.1399999999999999
2017-03-31,-1.7100000000000002,3.19,-1.22,0.36
2017-04-07,-1.3699999999999999,2.9400000000000004,-0.99,0.29000000000000004
2017-04-14,-1.3699999999999999,2.38,-1.14,0.85
2017-04-21,-1.5099999999999998,2.46,-0.5,0.9
2017-04-28,-2.02,2.62,-0.8,1.48
2017-05-05,-1.48,2.8,-0.009999999999999787,1.1700000000000002
2017-05-12,-1.5999999999999999,2.3200000000000003,0.5500000000000003,1.1400000000000001
2017-05-19,-1.1099999999999999,2.23,-0.3200000000000003,0.8700000000000001
2017-05-26,0.16000000000000014,3.24,-0.41000000000000014,0.28000000000000014
2017-06-02,0.33000000000000007,2.9400000000000004,-0.2200000000000002,0.0
2017-06-09,0.3599999999999999,2.9,-0.25,0.05999999999999994
2017-06-16,0.5100000000000002,3.08,-0.4099999999999999,0.51
2017-06-23,-0.08999999999999986,1.43,-0.8400000000000001,1.0599999999999998
2017-06-30,-0.23999999999999977,0.8199999999999998,0.050000000000000044,0.7699999999999999
2017-07-07,-0.2799999999999998,1.0999999999999999,-0.86,0.8200000000000001
2017-07-14,0.020000000000000018,1.49,0.13999999999999999,-0.6700000000000002
2017-07-21,-0.040000000000000036,1.3,-0.10999999999999999,-1.02
2017-07-28,-0.09999999999999987,0.9999999999999999,0.21999999999999986,-1.0
2017-08-04,0.1100000000000001,0.42999999999999994,0.3400000000000001,-1.52
2017-08-11,0.77,0.1499999999999999,0.9900000000000002,-1.39
2017-08-18,-0.1100000000000001,0.15999999999999992,0.6399999999999999,-1.85
2017-08-25,0.32999999999999985,0.16999999999999993,0.4099999999999999,-1.59
2017-09-01,0.42999999999999994,0.41999999999999993,0.1200000000000001,-1.6600000000000001
2017-09-08,0.24,0.050000000000000044,-0.29000000000000004,-1.6099999999999999
2017-09-15,0.6000000000000001,0.6,0.3700000000000001,-0.75
2017-09-22,-0.020000000000000018,-0.7899999999999998,0.42999999999999994,0.01999999999999999
2017-09-29,0.33999999999999986,-1.41,0.76,-0.32999999999999996
2017-10-06,0.3400000000000001,-1.77,1.1099999999999999,-0.06000000000000005
2017-10-13,0.14000000000000012,-1.5,1.25,-1.38
2017-10-20,-0.10000000000000009,-1.49,1.01,-1.6800000000000002
2017-10-27,-0.15999999999999992,-1.3599999999999999,1.16,-2.67
2017-11-03,-0.44000000000000006,-1.4300000000000002,0.95,-2.73
2017-11-10,-0.57,-1.39,0.45000000000000007,-3.7300000000000004
2017-11-17,-0.88,-1.2,0.49999999999999994,-4.359999999999999
2017-11-24,-0.7999999999999999,-0.4700000000000001,0.06000000000000005,-3.25
2017-12-01,-1.2200000000000002,-0.050000000000000044,-0.09999999999999998,-3.3899999999999997
2017-12-08,-0.92,-0.4099999999999999,0.21000000000000002,-3.8499999999999996
2017-12-15,-0.47,-0.7399999999999999,0.44,-3.38
2017-12-22,-0.45000000000000007,-0.6900000000000001,0.43,-3.2199999999999998
2017-12-29,-0.8200000000000001,0.14,0.5900000000000001,-3.05
2018-01-05,-0.26,2.5300000000000002,-0.77,-3.21
2018-01-12,-0.6000000000000001,3.23,-0.84,-4.42
2018-01-19,-0.5399999999999998,3.04,-0.82,-4.1
2018-01-26,-0.33000000000000007,2.7399999999999998,-0.45999999999999996,-4.59
2018-02-02,0.30000000000000004,2.23,-0.29999999999999993,-4.59
2018-02-09,0.040000000000000036,2.03,0.010000000000000009,-4.12
2018-02-16,-0.26,1.68,0.6399999999999999,-3.29
2018-02-23,-0.5,1.3900000000000001,0.5,-2.81
2018-03-02,-0.040000000000000036,1.2,0.64,-1.8400000000000003
2018-03-09,-0.55,0.38,1.1600000000000001,-1.07
2018-03-16,-0.5099999999999999,0.48,1.24,-0.11999999999999988
2018-03-23,-0.7899999999999999,0.47000000000000003,1.7799999999999998,0.06000000000000005
2018-03-30,-1.29,0.61,0.1499999999999999,0.34999999999999987
2018-04-06,-1.3499999999999999,0.47,-0.08999999999999997,0.6499999999999999
2018-04-13,-1.7500000000000002,0.39999999999999997,-0.26,0.53
2018-04-20,-1.79,0.85,-0.4,0.34999999999999987
2018-04-27,-2.62,-0.5,-0.16999999999999993,0.25
2018-05-04,-2.82,-1.54,0.07000000000000006,0.44000000000000017
2018-05-11,-2.37,-2.08,0.28,0.20999999999999996
2018-05-18,-2.63,-2.7800000000000002,0.16000000000000003,0.6399999999999999
2018-05-25,-2.79,-2.95,0.010000000000000009,1.19
2018-06-01,-2.41,-2.76,0.29000000000000015,0.6799999999999999
2018-06-08,-3.1100000000000003,-2.81,0.2599999999999999,0.76
2018-06-15,-3.9,-3.02,0.16000000000000014,0.9400000000000001
2018-06-22,-3.68,-0.85,0.5299999999999999,0.15000000000000002
2018-06-29,-3.63,-0.8499999999999999,0.9199999999999999,0.31000000000000005
2018-07-06,-3.0,-1.06,0.3799999999999999,0.5599999999999999
2018-07-13,-2.86,-0.73,0.15000000000000013,0.69
2018-07-20,-3.29,-1.1,0.11999999999999988,0.7100000000000001
2018-07-27,-3.16,-0.7,-0.25,0.07000000000000003
2018-08-03,-3.1,-0.08000000000000007,-0.17000000000000015,0.36
2018-08-10,-3.11,-0.020000000000000018,-0.31999999999999995,0.19
2018-08-17,-2.86,-0.20000000000000018,-0.31999999999999995,0.06
2018-08-24,-2.79,-0.010000000000000231,-0.3600000000000001,0.63
2018-08-31,-2.62,0.30000000000000004,-0.9500000000000001,0.64
2018-09-07,-2.4099999999999997,0.0,-0.6900000000000001,0.66
2018-09-14,-1.55,0.040000000000000036,-0.26,0.45999999999999996
2018-09-21,-1.3599999999999999,0.1299999999999999,-0.07999999999999996,0.58
2018-09-28,-2.04,0.95,-0.7999999999999999,1.16
2018-10-05,-1.0899999999999999,1.15,-1.5899999999999999,1.27
2018-10-12,-0.43999999999999995,0.3800000000000001,-1.67,0.75
2018-10-19,-0.8099999999999999,0.72,-1.0,0.19999999999999996
2018-10-26,-0.41999999999999993,0.22999999999999998,-0.64,0.31000000000000005
2018-11-02,0.43999999999999995,0.11999999999999988,0.18,0.43999999999999995
2018-11-09,-0.18000000000000016,0.19999999999999996,0.72,0.8
2018-11-16,-0.65,0.28,0.8,0.8600000000000001
2018-11-23,-0.3699999999999999,0.49,1.0599999999999998,0.91
2018-11-30,-0.44999999999999996,0.33000000000000007,1.24,0.7200000000000001
2018-12-07,0.3899999999999999,0.18999999999999995,1.6099999999999999,0.7100000000000001
2018-12-14,0.5899999999999999,0.15000000000000013,1.5,0.18000000000000005
2018-12-21,0.5999999999999999,0.17000000000000015,1.47,0.14
2018-12-28,0.6100000000000001,0.15999999999999992,1.43,0.12
2019-01-04,0.6300000000000001,0.1499999999999999,1.4000000000000001,0.09999999999999998
2019-01-11,0.6000000000000001,0.14000000000000012,1.37,0.04999999999999993
2019-01-18,0.58,0.13000000000000012,1.37,-0.020000000000000018
2019-01-25,1.25,-0.32999999999999996,2.2,-0.7000000000000001
2019-02-01,-1.16,1.85,0.1100000000000001,-1.1
2019-02-08,-1.24,2.12,-0.81,-0.29000000000000004
2019-02-15,-0.29000000000000004,0.53,0.3400000000000001,0.38
2019-02-22,-0.24,0.22000000000000008,0.21999999999999997,0.9
2019-03-01,0.6799999999999999,0.5900000000000001,-1.77,1.08
2019-03-08,1.28,0.5499999999999999,-1.14,2.1399999999999997
2019-03-15,1.4,0.020000000000000018,-0.37,2.05
2019-03-22,0.7300000000000001,-0.6000000000000001,-1.71,1.8599999999999999
2019-03-29,0.5499999999999999,-0.22999999999999998,-1.8900000000000001,1.78
2019-04-05,0.8400000000000001,-1.26,-1.79,2.04
2019-04-12,0.3400000000000001,-1.06,-0.9400000000000001,2.26
2019-04-19,-0.12,-0.79,-0.36,1.9600000000000002
2019-04-26,-0.07999999999999996,-1.32,0.13000000000000012,2.17
2019-05-03,-0.4899999999999999,-1.66,0.97,2.74
2019-05-10,-1.3800000000000001,-1.1099999999999999,1.25,2.19
2019-05-17,-1.6400000000000001,0.15,1.37,1.28
2019-05-24,-1.35,-0.78,1.8699999999999999,1.5
2019-05-31,-0.78,-0.8,1.3900000000000001,1.4100000000000001
2019-06-07,-0.2,-0.6699999999999999,0.6099999999999999,1.0699999999999998
2019-06-14,-2.19,1.8800000000000001,-0.65,0.35
2019-06-21,-0.51,0.36,0.19,1.09
2019-06-28,-2.69,3.2,0.11999999999999988,0.47
2019-07-05,-2.51,3.08,0.1299999999999999,0.41000000000000014
2019-07-12,-1.33,0.54,-1.1100000000000003,0.76
2019-07-19,-0.8700000000000001,0.51,-1.2199999999999998,0.5
2019-07-26,-1.3599999999999999,-0.21999999999999997,-1.0299999999999998,0.43999999999999995
2019-08-02,-2.04,-2.1799999999999997,-0.16999999999999993,1.3
2019-08-09,1.69,-2.74,0.7599999999999998,0.29000000000000004
2019-08-16,-4.43,-2.54,0.77,0.06000000000000005
2019-08-23,-2.11,-3.3200000000000003,1.2000000000000002,0.6200000000000001
2019-08-30,0.21999999999999997,-3.2699999999999996,1.26,0.74
2019-09-06,0.9000000000000001,-3.54,1.8,0.5
2019-09-13,0.07,-3.14,0.3800000000000001,1.12
2019-09-20,-0.6099999999999999,-1.42,1.2799999999999998,1.92
2019-09-27,1.09,-1.8199999999999998,0.2899999999999999,1.65
2019-10-04,2.3600000000000003,-2.12,0.10000000000000009,1.3499999999999999
2019-10-11,-0.2799999999999999,-1.8499999999999999,0.8200000000000001,0.44
2019-10-18,-0.74,-0.3500000000000001,0.36,0.4
2019-10-25,-1.4,2.91,-0.7,0.86
2019-11-01,-1.8599999999999999,3.49,-1.2799999999999998,0.8999999999999999
2019-11-08,-3.88,3.83,-0.4700000000000002,0.5599999999999999
2019-11-15,-2.66,3.17,0.54,-0.010000000000000009
2019-11-22,-1.12,2.9,1.12,0.1
2019-11-29,-1.05,2.81,1.06,0.07
2019-12-06,-1.31,2.2600000000000002,1.9400000000000002,0.44000000000000006
2019-12-13,-2.52,3.23,1.54,-0.05
2019-12-20,-3.0999999999999996,1.9900000000000002,0.19000000000000006,-0.06
2019-12-27,-2.95,1.87,0.2,-0.1
2020-01-03,-3.6799999999999997,1.7799999999999998,-1.05,-0.1
2020-01-10,-4.79,3.08,-1.5899999999999999,-0.9500000000000001
2020-01-17,-3.3200000000000003,1.92,-0.74,-0.15000000000000002
2020-01-24,-2.17,1.3499999999999999,-0.28,-0.15000000000000002
2020-01-31,-1.6400000000000001,-0.5900000000000001,0.31000000000000005,0.16000000000000003
2020-02-07,-3.23,-1.0,1.42,0.73
2020-02-14,-5.61,-1.66,2.1,1.0
2020-02-21,-4.97,-0.43999999999999995,1.7599999999999998,1.15
2020-02-28,-5.2700000000000005,-0.5800000000000001,1.77,0.18999999999999995
2020-03-06,-5.859999999999999,-0.27999999999999997,1.93,-2.56
2020-03-13,-5.24,3.19,1.59,-2.07
2020-03-20,-0.6499999999999999,-0.42000000000000015,1.15,-1.1600000000000001
2020-03-27,1.4899999999999998,-0.79,0.050000000000000044,-0.9899999999999999
2020-04-03,1.5499999999999998,-1.29,-0.020000000000000018,-2.37
2020-04-10,1.7700000000000002,-1.14,-0.5299999999999999,-1.88
2020-04-17,1.77,-0.7499999999999999,-0.4999999999999999,-2.17
2020-04-24,1.5400000000000003,-0.8099999999999999,-0.45999999999999996,-2.5
2020-05-01,1.57,-1.09,-0.6099999999999999,-2.47
2020-05-08,1.3699999999999999,-1.15,-0.5199999999999999,-2.5300000000000002
2020-05-15,1.2200000000000002,-0.75,-0.7,-2.6999999999999997
2020-05-22,1.1099999999999999,-0.5999999999999999,-0.8799999999999999,-1.9100000000000001
2020-05-29,0.9,-0.39,-0.9700000000000001,-1.5100000000000002
2020-06-05,0.53,0.20999999999999996,-1.6300000000000001,-1.47
2020-06-12,0.010000000000000009,1.4,-1.38,-2.02
2020-06-19,0.3599999999999999,-0.28,-1.79,-2.0900000000000003
2020-06-26,0.44999999999999996,0.0,-1.3399999999999999,-2.09
2020-07-03,0.41000000000000014,0.030000000000000027,-1.31,-1.98
2020-07-10,-0.17000000000000015,0.1499999999999999,-1.0699999999999998,-2.42
2020-07-17,-0.6699999999999999,0.3600000000000001,-1.1199999999999999,-2.2800000000000002
2020-07-24,-0.7000000000000002,0.7899999999999999,-1.39,-2.29
2020-07-31,-0.6900000000000002,1.45,-1.35,-2.1599999999999997
2020-08-07,-0.25,1.29,-1.3299999999999998,-1.4100000000000001
2020-08-14,0.18999999999999995,1.1099999999999999,-1.39,-1.51
2020-08-21,0.1200000000000001,0.9999999999999999,-1.3,-1.69
2020-08-28,0.30000000000000027,0.8599999999999999,-1.27,-1.69
2020-09-04,0.3500000000000001,1.18,-1.43,-1.4500000000000002
2020-09-11,0.3400000000000001,0.9199999999999999,-1.28,-1.6199999999999999
2020-09-18,0.25,-0.020000000000000018,-1.31,-1.8299999999999998
2020-09-25,0.3700000000000001,0.07999999999999985,-1.6400000000000001,-1.71
2020-10-02,0.66,-0.5399999999999999,-1.3399999999999999,-1.3399999999999999
2020-10-09,0.13000000000000012,-0.7,-1.78,-1.72
2020-10-16,-0.030000000000000027,0.18999999999999995,-1.8800000000000001,-1.67
2020-10-23,0.050000000000000044,0.8,-1.8900000000000001,-1.96
2020-10-30,0.039999999999999925,1.45,-1.51,-1.3499999999999999
2020-11-06,-0.08999999999999997,1.52,-1.8900000000000001,-0.050000000000000044
2020-11-13,-0.08999999999999997,1.53,-1.9100000000000001,-0.040000000000000036
2020-11-20,-0.2799999999999999,1.3800000000000001,-1.56,-0.020000000000000018
2020-11-27,-0.27,1.35,-1.51,-0.020000000000000018
2020-12-04,-0.029999999999999916,1.44,-2.21,-0.17999999999999994
2020-12-11,0.10000000000000009,2.01,-2.3200000000000003,0.16000000000000014
2020-12-18,0.07999999999999996,0.9,-2.16,-0.18999999999999995
2020-12-25,0.07999999999999996,0.87,-2.0700000000000003,-0.17999999999999994
2021-01-01,-0.029999999999999916,1.18,-0.6299999999999999,-0.47
2021-01-08,-0.55,1.28,-0.1299999999999999,-0.15000000000000013
2021-01-15,-0.25,0.3500000000000001,0.2699999999999999,-0.08000000000000007
2021-01-22,-0.16999999999999993,-0.08000000000000007,0.4899999999999999,-0.21999999999999997
2021-01-29,-0.25,-0.29000000000000004,0.4700000000000001,-0.55
2021-02-05,-0.27000000000000013,-0.47,1.21,0.10999999999999999
2021-02-12,-0.4099999999999999,-0.77,1.35,-0.039999999999999925
2021-02-19,-0.6200000000000001,-0.32999999999999996,1.02,0.18999999999999995
2021-02-26,-0.7799999999999999,-0.65,0.7100000000000001,-0.26
2021-03-05,-0.54,-2.0,2.24,-0.76
2021-03-12,-0.78,-3.47,2.24,-0.47
2021-03-19,-1.68,-0.9400000000000001,1.8299999999999998,-3.4999999999999996
2021-03-26,-1.27,-1.22,1.3199999999999998,-3.41
2021-04-02,-0.64,-1.83,0.9900000000000001,-2.17
2021-04-09,-1.15,-2.23,0.8099999999999999,-0.5299999999999998
2021-04-16,-1.22,-2.44,0.67,-0.10999999999999988
2021-04-23,-0.99,-1.61,1.2400000000000002,-0.9100000000000001
2021-04-30,-0.9600000000000001,-0.54,0.16000000000000014,-0.8899999999999999
2021-05-07,-1.22,-0.8200000000000001,-1.07,-0.33000000000000007
2021-05-14,-1.12,0.28,-1.3800000000000001,-0.30999999999999983
2021-05-21,-2.54,0.01999999999999999,-0.9299999999999997,-0.4900000000000002
2021-05-28,-2.68,0.46,-1.1400000000000001,-0.43999999999999995
2021-06-04,-2.79,1.1800000000000002,-1.77,0.010000000000000009
2021-06-11,-3.25,0.79,-1.2800000000000002,0.6599999999999999
2021-06-18,-3.2,0.8099999999999999,-1.1099999999999999,0.6300000000000001
2021-06-25,-2.9000000000000004,-3.85,0.8800000000000001,0.8500000000000001
2021-07-02,-2.63,-4.53,0.8499999999999999,0.53
2021-07-09,-2.42,-2.92,1.2599999999999998,1.2999999999999998
2021-07-16,-2.0,-2.15,2.6,1.16
2021-07-23,-1.67,-2.0,3.8499999999999996,0.8300000000000001
2021-07-30,-0.8899999999999999,-2.15,2.9,1.1400000000000001
2021-08-06,-1.08,-1.01,2.48,0.96
2021-08-13,-0.8800000000000001,0.06999999999999984,2.28,1.13
2021-08-20,-0.1299999999999999,-0.32000000000000006,2.22,0.9600000000000001
2021-08-27,0.8900000000000001,-1.93,2.9,0.86
2021-09-03,-0.31000000000000005,-2.0,1.9600000000000002,1.1099999999999999
2021-09-10,-0.41999999999999993,-0.09000000000000008,1.4000000000000001,0.72
2021-09-17,-0.30000000000000004,0.6599999999999997,1.6,0.56
2021-09-24,-0.45999999999999996,0.08000000000000007,1.22,0.5099999999999999
2021-10-01,-0.6599999999999999,-1.6499999999999997,1.5,0.98
2021-10-08,-1.8800000000000001,-1.04,0.69,0.69
2021-10-15,-0.73,-0.8400000000000001,-0.51,0.7700000000000001
2021-10-22,-0.09000000000000008,-0.52,-1.04,0.6100000000000001
2021-10-29,0.44000000000000017,-0.13000000000000012,-1.4300000000000002,-0.17999999999999994
2021-11-05,1.02,0.19999999999999996,-1.8800000000000001,-0.69
2021-11-12,0.9300000000000002,0.23999999999999977,-1.8900000000000001,-0.6500000000000001
2021-11-19,1.17,0.06999999999999984,-0.28,-0.45999999999999996
2021-11-26,1.06,0.07000000000000006,-0.32,-0.43000000000000016
2021-12-03,0.9100000000000001,0.10000000000000009,0.61,0.6200000000000001
2021-12-10,0.42999999999999994,-0.48,0.87,0.92
2021-12-17,0.15999999999999992,-1.6099999999999999,0.030000000000000027,1.33
2021-12-24,0.15000000000000013,-1.53,-0.1299999999999999,1.33
2021-12-31,0.18999999999999995,-1.23,-0.47,1.43
2022-01-07,0.3700000000000001,-0.8899999999999999,-0.19999999999999996,1.4
2022-01-14,0.29000000000000004,-1.02,-0.020000000000000018,0.8200000000000001
2022-01-21,0.06999999999999995,0.25,-0.92,0.38
2022-01-28,-0.06999999999999995,0.3600000000000001,-0.9199999999999999,0.13
2022-02-04,0.18999999999999995,-0.89,0.6600000000000001,0.7300000000000001
2022-02-11,-0.02999999999999997,-0.17000000000000004,0.5700000000000001,0.41
2022-02-18,-0.5299999999999999,-0.13,0.8300000000000001,-0.29
2022-02-25,-0.13,0.030000000000000027,-0.06000000000000005,0.37
2022-03-04,0.8500000000000001,0.050000000000000044,0.06000000000000005,0.95
2022-03-11,2.16,-0.7,-1.2999999999999998,1.61
2022-03-18,1.2600000000000002,-2.27,-0.18000000000000005,2.21
2022-03-25,1.91,-3.07,-0.8099999999999999,1.03
2022-04-01,2.04,-3.12,-1.6800000000000002,-0.8999999999999999
2022-04-08,2.45,-1.69,-1.65,-1.6099999999999999
2022-04-15,3.31,-2.59,-1.25,-1.2000000000000002
2022-04-22,2.5300000000000002,-2.55,-0.21999999999999997,-0.5799999999999998
2022-04-29,2.31,-2.74,1.2,0.3700000000000001
2022-05-06,2.12,-2.2,1.7,-0.6800000000000002
2022-05-13,1.7799999999999998,-2.89,1.02,0.029999999999999805
2022-05-20,1.87,-3.73,0.61,-0.050000000000000044
2022-05-27,1.83,-3.56,0.12,-0.09999999999999998
2022-06-03,2.04,-3.7800000000000002,-0.71,-0.07999999999999996
2022-06-10,2.15,-3.8600000000000003,-2.08,0.77
2022-06-17,1.94,-2.17,-0.14,1.53
2022-06-24,2.59,-1.6,-0.35,0.51
2022-07-01,2.11,-1.65,0.15000000000000002,0.94
2022-07-08,1.7400000000000002,-1.31,1.02,1.6600000000000001
2022-07-15,2.55,-1.75,1.22,0.25
2022-07-22,2.07,-1.6300000000000001,0.5,1.47
2022-07-29,1.17,-1.69,0.7,2.0
2022-08-05,1.21,-0.7,0.41000000000000003,0.7300000000000001
2022-08-12,1.7600000000000002,-0.66,0.71,1.17
2022-08-19,1.58,-0.53,0.9999999999999999,1.36
2022-08-26,2.31,0.35,1.0,3.5
2022-09-02,2.21,-0.7100000000000001,1.73,3.34
2022-09-09,1.8800000000000001,-0.77,0.8600000000000001,3.2699999999999996
2022-09-16,0.19,-0.33999999999999997,1.16,1.71
2022-09-23,0.16999999999999998,-2.98,1.97,2.8
2022-09-30,0.6399999999999999,-2.44,0.10999999999999999,1.71
2022-10-07,1.1400000000000001,-2.16,-0.039999999999999925,1.71
2022-10-14,1.22,-1.98,-0.22999999999999998,1.13
2022-10-21,1.3,-2.35,-0.04999999999999993,1.35
2022-10-28,0.6599999999999999,-2.31,0.31000000000000005,1.96
2022-11-04,0.4099999999999999,-0.9,0.04999999999999993,2.5
2022-11-11,0.3699999999999999,-0.84,0.029999999999999916,2.4
2022-11-18,-1.19,0.65,0.44999999999999996,1.22
2022-11-25,-1.0599999999999998,0.71,0.43999999999999995,1.17
2022-12-02,-2.04,1.6099999999999999,1.21,-0.33999999999999997
2022-12-09,-1.9299999999999997,2.54,3.6100000000000003,-0.98
2022-12-16,-3.12,2.5199999999999996,3.8600000000000003,-0.3999999999999999
2022-12-23,-3.35,0.6199999999999999,4.07,-0.71
2022-12-30,-2.75,1.0800000000000003,1.0899999999999999,-1.49
2023-01-06,-1.7200000000000002,1.38,2.12,-1.71
2023-01-13,-1.8699999999999999,1.2900000000000003,1.15,-0.9299999999999997
2023-01-20,-2.7,1.7200000000000002,1.62,-1.56
2023-01-27,-2.63,1.9799999999999998,1.1099999999999999,-2.0300000000000002
2023-02-03,-2.4000000000000004,1.8599999999999999,0.9999999999999999,-1.75
2023-02-10,-2.23,1.7400000000000002,0.93,-1.53
2023-02-17,-2.11,1.6700000000000002,0.86,-1.3699999999999999
2023-02-24,-0.52,2.01,1.1099999999999999,-1.36
2023-03-03,0.6000000000000001,2.19,1.74,-1.7799999999999998
2023-03-10,1.21,1.46,0.75,-0.44999999999999996
2023-03-17,0.3599999999999999,0.8200000000000001,5.12,-2.05
2023-03-24,0.30000000000000004,0.7399999999999999,1.52,-3.0700000000000003
2023-03-31,-0.6399999999999999,1.19,1.25,-2.5
2023-04-07,-0.6499999999999999,1.99,0.22999999999999998,-2.7199999999999998
2023-04-14,-0.3799999999999999,3.0200000000000005,-0.10999999999999988,-2.64
2023-04-21,-0.3700000000000001,2.98,-0.07999999999999985,-2.62
2023-04-28,0.020000000000000018,2.92,0.8,-2.23
2023-05-05,0.13000000000000012,3.12,1.6600000000000001,-2.01
2023-05-12,-0.050000000000000044,4.0,0.8300000000000001,-1.9300000000000002
2023-05-19,0.07999999999999985,3.05,1.1,-1.93
2023-05-26,0.1499999999999999,2.04,0.09000000000000008,-2.05
2023-06-02,0.6200000000000001,1.32,1.33,-1.48
2023-06-09,1.05,1.1600000000000001,1.0,-1.41
2023-06-16,0.9099999999999999,1.23,-1.9799999999999998,-1.31
2023-06-23,-0.1100000000000001,2.29,-4.24,-1.45
2023-06-30,0.3999999999999999,2.55,-3.01,-1.19
2023-07-07,0.6000000000000001,2.42,-1.01,-1.09
2023-07-14,0.040000000000000036,2.6100000000000003,-0.10999999999999999,-2.06
2023-07-21,0.52,4.52,-0.54,-2.49
2023-07-28,0.89,4.07,-0.45999999999999996,-0.76
2023-08-04,0.42999999999999994,3.1100000000000003,0.43000000000000005,-0.98
2023-08-11,-0.13,2.19,0.6399999999999999,-0.79
2023-08-18,0.69,1.02,1.51,0.21999999999999997
2023-08-25,1.5999999999999999,-0.88,2.39,0.16999999999999998
2023-09-01,1.5399999999999998,-1.81,3.54,-0.09999999999999998
2023-09-08,1.4200000000000002,-1.27,3.3200000000000003,-0.10999999999999999
2023-09-15,0.8999999999999999,-1.45,3.4,0.48000000000000004
2023-09-22,0.44999999999999996,0.26,0.36,0.9299999999999999
2023-09-29,1.21,0.09999999999999998,-2.04,0.7899999999999999
2023-10-06,1.54,0.30000000000000004,-1.46,-0.10999999999999999
2023-10-13,0.30000000000000004,0.6,-2.19,-0.38
2023-10-20,0.81,-0.050000000000000044,-2.01,0.14
2023-10-27,1.12,0.13000000000000012,-1.72,-0.44999999999999996
2023-11-03,0.99,-0.07000000000000006,-0.9700000000000001,0.15999999999999992
2023-11-10,1.09,-0.16000000000000003,-0.9600000000000001,0.24
2023-11-17,1.16,0.27,-0.8700000000000001,-1.2100000000000002
2023-11-24,1.21,0.18999999999999995,-0.81,-1.0399999999999998
2023-12-01,0.41000000000000003,2.11,-0.5799999999999998,-1.67
2023-12-08,0.24,2.9899999999999998,-0.9,-1.6700000000000002
2023-12-15,1.23,3.1199999999999997,-0.84,-2.0
2023-12-22,-0.9099999999999999,0.99,-2.88,-2.38
2023-12-29,-0.73,1.45,-4.1,-2.4699999999999998
2024-01-05,0.72,2.17,-4.4399999999999995,-2.67
2024-01-12,1.06,1.56,-2.94,-1.03
2024-01-19,0.23,0.9999999999999999,-2.16,0.14
2024-01-26,-0.55,-0.38999999999999996,-1.03,1.59
2024-02-02,0.6399999999999999,-0.58,-1.04,1.05
2024-02-09,-0.5799999999999998,-0.67,-1.65,1.28
2024-02-16,-0.5800000000000001,-1.26,-1.26,0.3400000000000001
2024-02-23,1.8399999999999999,-2.0100000000000002,-0.56,0.5999999999999999
2024-03-01,1.12,-1.84,0.03999999999999998,-1.7
2024-03-08,1.64,-1.45,0.98,-1.3599999999999999
2024-03-15,0.6,0.08999999999999997,0.36,-1.5699999999999998
2024-03-22,0.2599999999999998,-0.43999999999999995,0.68,-0.5900000000000001
2024-03-29,-0.10999999999999988,-1.9100000000000001,0.9700000000000001,-0.6000000000000001
2024-04-05,0.41999999999999993,-3.14,1.37,-0.6399999999999997
2024-04-12,-1.35,-3.75,0.039999999999999925,-1.5399999999999998
2024-04-19,-1.8399999999999999,-3.52,0.5900000000000001,-1.85
2024-04-26,-0.9900000000000002,-3.58,0.32999999999999985,-1.45
2024-05-03,0.20999999999999996,-3.76,-0.53,-1.51
2024-05-10,0.5200000000000002,-3.26,-0.20000000000000018,-0.5399999999999999
2024-05-17,0.95,-2.84,-0.48,0.020000000000000018
2024-05-24,0.8099999999999999,-2.37,-0.29000000000000004,0.17999999999999994
2024-05-31,1.34,-2.25,-1.3499999999999999,0.06000000000000005
2024-06-07,1.45,-2.13,-1.02,0.9700000000000001
2024-06-14,0.6200000000000001,-1.34,-0.9999999999999998,0.15000000000000013
2024-06-21,0.6100000000000001,-1.29,-0.8999999999999999,0.14000000000000012
2024-06-28,0.43000000000000016,0.38999999999999996,1.04,-0.1499999999999999
2024-07-05,0.3999999999999999,0.41,0.9400000000000002,-0.1200000000000001
2024-07-12,0.93,-0.09999999999999998,-0.09999999999999987,-0.4700000000000002
2024-07-19,1.54,1.54,0.5,0.22999999999999998
2024-07-26,0.84,2.36,0.6600000000000001,0.46
2024-08-02,-0.62,2.51,0.20000000000000018,-0.8200000000000001
2024-08-09,-0.5,3.9399999999999995,-0.050000000000000266,0.6499999999999999
2024-08-16,-1.1600000000000001,4.57,-0.36999999999999966,0.9899999999999998
2024-08-23,-0.22999999999999998,4.67,0.28000000000000025,0.4500000000000002
2024-08-30,1.15,4.68,-0.08999999999999986,-0.27
2024-09-06,1.49,4.59,-0.060000000000000026,-0.3899999999999999
2024-09-13,0.6299999999999999,4.1899999999999995,0.47,-0.4700000000000002
2024-09-20,0.35,2.08,0.32000000000000006,-0.4800000000000002
2024-09-27,0.32999999999999996,2.1799999999999997,0.77,-0.05999999999999983
2024-10-04,0.16,2.4800000000000004,0.32999999999999996,0.27
2024-10-11,2.13,0.8499999999999999,0.04999999999999999,0.72
2024-10-18,2.62,0.5,1.2200000000000002,0.9900000000000002
2024-10-25,1.4100000000000001,-0.45,0.97,1.5899999999999999
2024-11-01,-0.14000000000000012,-0.95,0.31000000000000005,1.55
2024-11-08,-0.17999999999999994,-1.06,0.010000000000000009,1.47
2024-11-15,-0.48,-1.46,0.010000000000000009,1.18
2024-11-22,-0.5299999999999998,-1.88,0.21999999999999997,1.1600000000000001
2024-11-29,-0.4500000000000002,-1.8399999999999999,0.20000000000000018,1.12
2024-12-06,0.3599999999999999,-1.73,0.33999999999999997,0.020000000000000018
2024-12-13,-0.3200000000000003,-1.8299999999999998,0.44999999999999996,-0.24
2024-12-20,0.040000000000000036,-1.7,0.9199999999999999,-0.36
2024-12-27,0.050000000000000044,-1.6300000000000001,0.8600000000000001,-0.39
2025-01-03,-0.33999999999999986,-1.75,0.4800000000000002,-0.31999999999999995
2025-01-10,0.08000000000000007,-1.9100000000000001,0.5,-0.52
2025-01-17,0.1299999999999999,-2.1799999999999997,0.22999999999999998,-0.5
2025-01-24,0.3400000000000001,-1.43,-0.41000000000000003,-0.32
2025-01-31,0.16000000000000014,-0.7200000000000001,0.08000000000000007,-0.45999999999999996
2025-02-07,0.97,-0.52,0.040000000000000036,-0.7200000000000001
2025-02-14,1.08,-0.27,0.16999999999999993,-1.3599999999999999
2025-02-21,1.31,0.27999999999999997,0.24,-1.11
2025-02-28,1.25,0.52,0.79,-1.5199999999999998
2025-03-07,0.69,0.97,1.12,-1.25
2025-03-14,0.29,1.9100000000000001,1.18,-1.18
2025-03-21,0.95,1.06,0.97,-1.1199999999999999
2025-03-28,1.44,1.3,1.44,-0.8599999999999999
2025-04-04,1.79,1.3900000000000001,1.34,-0.44000000000000017
2025-04-11,1.13,1.78,-0.10999999999999999,-0.69
2025-04-18,0.3700000000000001,2.5,-0.04999999999999982,-0.8600000000000001
2025-04-25,-0.10999999999999988,2.62,0.22999999999999998,-0.81
2025-05-02,-0.09000000000000008,2.71,0.53,-0.8300000000000001
2025-05-09,-0.7100000000000001,2.96,0.47999999999999976,-0.5799999999999998
2025-05-16,-0.10000000000000009,2.27,0.6100000000000001,0.030000000000000027
2025-05-23,-0.68,2.44,0.66,0.10000000000000009
2025-05-30,-1.06,2.71,-0.07000000000000006,-0.33999999999999986
2025-06-06,-1.17,2.39,-0.31999999999999984,-0.17999999999999994
2025-06-13,-0.5099999999999999,2.85,-0.24,-0.33000000000000007
2025-06-20,-0.4900000000000001,2.73,-0.27,-0.31999999999999984
2025-06-27,-0.3500000000000001,1.14,-0.6699999999999999,-0.030000000000000027
2025-07-04,-0.32000000000000006,1.08,-0.5800000000000001,0.0
2025-07-11,-0.1299999999999999,1.51,0.010000000000000009,-0.21999999999999997
2025-07-18,0.1200000000000001,1.9000000000000001,0.3400000000000001,-0.36
2025-07-25,-0.5,1.29,0.010000000000000009,-0.52
2025-08-01,-0.1200000000000001,0.69,0.1399999999999999,-1.16
2025-08-08,0.15999999999999992,0.26,0.43999999999999995,-0.98
2025-08-15,-0.1200000000000001,0.10999999999999999,0.56,-1.59
2025-08-22,-0.24,0.5900000000000001,0.32999999999999996,-2.05
2025-08-29,-0.28,0.79,0.30000000000000004,-2.0
2025-09-05,-0.47,0.9,-0.22999999999999998,-2.56
2025-09-12,-0.3700000000000001,1.65,-0.39999999999999997,-2.05
2025-09-19,-0.6699999999999999,0.68,-0.59,-2.03
2025-09-26,-0.9299999999999999,0.77,-0.52,-2.19
2025-10-03,-0.89,0.76,-0.51,-2.09
2025-10-10,-0.84,0.75,-0.49,-2.0
2025-10-17,-0.7799999999999999,0.72,-0.49,-1.92
2025-10-24,-0.7299999999999999,0.6799999999999999,-0.47,-1.8299999999999998
2025-10-31,-0.7000000000000001,0.6100000000000001,-0.45000000000000007,-1.75
2025-11-07,-0.68,0.55,-0.45,-1.67
2025-11-14,-0.65,0.48,-0.44,-1.5899999999999999
2025-11-21,-0.4900000000000001,-0.96,0.33,-1.44
2025-11-28,-0.27,-1.78,0.42000000000000004,-1.18
2025-12-05,-0.39,-1.76,-0.02999999999999997,-1.49
2025-12-12,-0.49,-3.23,-0.9,-1.45
2025-12-19,0.5200000000000001,-2.7600000000000002,-1.4300000000000002,-2.37
2025-12-26,0.9099999999999999,-0.36,-2.75,-1.56
2026-01-02,0.9299999999999999,-0.19,-2.2199999999999998,-0.99
2026-01-09,0.5799999999999998,0.25,-2.5100000000000002,-0.37
2026-01-16,-0.6800000000000002,-0.63,-2.36,-0.6799999999999999
2026-01-23,-1.29,-0.85,-2.34,0.32000000000000006
2026-01-30,-0.6300000000000001,0.04000000000000001,-2.49,0.48
2026-02-06,0.28,0.38,-2.98,0.9299999999999999
2026-02-13,0.6900000000000002,0.6,-2.91,1.3
2026-02-20,0.17999999999999994,0.5,-2.35,1.3399999999999999
2026-02-27,0.030000000000000027,0.23,-1.44,1.79
2026-03-06,0.020000000000000018,-1.3399999999999999,-1.88,1.9900000000000002
2026-03-13,-1.68,-3.5700000000000003,-1.61,2.0
2026-03-20,-0.8599999999999999,-3.49,-0.8099999999999999,1.49
2026-03-27,-0.9500000000000002,-3.79,-0.20000000000000018,1.81
2026-04-03,1.06,-4.03,-0.7,1.8100000000000003
2026-04-10,1.0699999999999998,-3.7,-0.35,1.9100000000000001
2026-04-17,2.34,-1.97,-1.5999999999999999,1.52
2026-04-24,1.58,-1.54,-2.3000000000000003,1.17
2026-05-01,0.8800000000000001,-1.6900000000000002,-1.73,1.2
2026-05-08,1.01,-2.33,-1.44,1.37
2026-05-15,1.26,-1.73,-0.40000000000000013,1.29
2026-05-22,1.56,-3.49,-0.17000000000000004,1.69
2026-05-29,0.8999999999999999,-3.63,0.6900000000000001,1.79
2026-06-05,0.77,-3.09,0.67,1.1900000000000002
2026-06-12,-1.1699999999999997,-3.55,-0.050000000000000044,0.8699999999999999
2026-06-19,-1.02,-3.42,-0.030000000000000027,0.7
2026-06-26,-0.29000000000000004,-2.1399999999999997,-1.7700000000000002,0.6399999999999999
2026-07-03,-0.2400000000000002,-2.0,-1.5600000000000003,0.4900000000000002
2026-07-10,-1.66,-2.0,-1.04,0.14000000000000012
2026-07-17,-1.6,-1.99,-1.4000000000000001,0.16000000000000014
2026-07-24,-1.3599999999999999,-1.8699999999999997,-1.27,0.1100000000000001
