date,CNH,IDR,INR,KRW,PHP,SGD,THB,TWD,BRL,MXN,CLP,PLN,HUF
1994-01-01,52.99,120.02,92.55,117.22,86.22,95.35,99.5,134.08,137.61,154.64,109.22,74.47,84.96
1994-02-01,53.26,119.07,92.29,116.64,86.02,95.31,98.43,133.88,135.75,153.79,108.92,73.42,84.0
1994-03-01,53.42,117.2,92.38,116.76,85.16,94.18,98.39,132.35,136.61,145.27,108.6,73.29,83.33
1994-04-01,54.36,116.18,93.79,115.91,84.93,95.39,98.11,132.8,135.71,143.62,110.35,73.95,84.09
1994-05-01,54.71,115.62,93.37,115.41,86.45,95.99,98.33,130.99,135.46,145.2,110.86,73.43,83.97
1994-06-01,54.93,114.45,93.78,115.26,86.34,96.68,98.55,128.45,136.91,142.97,111.49,73.67,83.32
1994-07-01,54.33,113.58,92.97,114.33,87.26,96.35,97.37,128.18,129.15,140.95,110.93,72.92,83.57
1994-08-01,56.33,114.33,93.14,114.85,87.89,96.5,97.17,131.82,135.56,141.83,111.36,72.9,79.22
1994-09-01,58.2,113.07,92.25,113.52,88.64,96.57,97.39,131.77,141.68,141.05,111.65,74.48,79.61
1994-10-01,58.33,113.26,92.03,112.53,89.86,97.06,96.68,129.69,147.36,140.41,111.65,75.11,80.68
1994-11-01,58.95,113.68,92.45,112.92,93.99,97.89,96.3,128.04,152.57,140.23,111.81,75.39,81.29
1994-12-01,60.51,114.76,94.38,114.72,95.34,98.55,96.49,127.76,155.2,122.98,116.37,75.9,81.73
1995-01-01,62.17,113.63,94.63,115.05,94.4,98.75,96.18,129.81,157.76,89.35,115.56,77.41,83.2
1995-02-01,62.19,113.89,94.22,114.46,92.95,97.96,96.14,127.89,158.83,91.93,113.16,77.42,83.96
1995-03-01,60.38,110.1,90.88,113.69,87.39,97.2,94.18,125.31,149.11,80.53,112.38,77.22,80.58
1995-04-01,59.59,107.98,91.14,112.28,84.31,96.33,92.19,126.15,146.48,93.45,114.91,77.54,78.45
1995-05-01,60.82,108.88,92.04,113.53,85.47,97.01,92.94,125.8,152.1,101.4,120.52,79.52,78.6
1995-06-01,60.18,108.65,91.71,112.73,86.41,96.6,93.07,125.36,152.06,100.0,122.05,81.05,77.27
1995-07-01,60.1,110.12,92.42,114.48,88.18,96.83,93.95,123.04,152.99,103.99,121.56,78.93,76.59
1995-08-01,62.59,112.64,93.53,117.06,90.65,98.17,96.97,121.95,154.98,105.02,122.7,78.55,76.08
1995-09-01,64.98,113.8,89.37,119.0,92.59,97.82,98.85,123.36,155.72,105.56,121.97,80.71,76.21
1995-10-01,64.35,114.02,85.01,118.53,92.1,98.13,99.36,124.71,155.39,100.36,118.33,80.88,76.01
1995-11-01,64.73,114.2,85.19,118.4,92.05,99.43,99.56,124.18,157.7,90.27,117.18,80.66,76.02
1995-12-01,65.09,115.29,84.77,119.29,92.12,99.12,99.86,124.17,159.93,93.49,118.68,81.52,76.07
1996-01-01,67.03,118.69,83.05,118.65,95.69,99.48,100.78,124.39,161.19,99.57,119.13,85.0,78.26
1996-02-01,67.61,119.71,81.1,119.79,96.03,100.54,101.31,124.83,161.44,100.81,118.59,84.91,78.58
1996-03-01,67.87,117.22,85.94,120.13,95.96,100.05,101.31,124.21,160.86,101.92,118.97,85.09,79.13
1996-04-01,69.08,118.15,87.58,120.91,96.35,99.9,101.61,126.71,162.33,106.19,120.77,86.1,79.48
1996-05-01,68.94,118.11,86.56,121.42,96.47,100.29,101.81,125.62,163.75,108.18,122.44,86.23,80.06
1996-06-01,68.8,118.7,86.78,119.33,97.52,100.72,102.2,125.57,164.72,108.26,122.0,85.48,80.02
1996-07-01,68.1,119.22,86.36,117.66,97.77,100.1,102.32,124.03,164.91,108.72,121.66,84.55,79.33
1996-08-01,68.5,118.24,86.06,116.68,97.79,99.79,102.83,128.32,163.41,111.34,121.23,83.87,78.51
1996-09-01,70.07,119.23,86.25,116.33,97.94,100.27,102.85,127.83,163.1,112.52,121.71,84.41,78.67
1996-10-01,70.04,120.69,86.44,116.07,98.57,100.43,103.57,127.81,162.94,111.08,121.85,84.79,78.96
1996-11-01,69.8,120.06,85.71,115.23,98.19,100.99,103.89,127.21,161.78,109.84,120.45,84.86,78.37
1996-12-01,70.61,120.76,86.64,114.81,99.51,101.96,104.05,127.2,162.61,114.16,120.82,85.92,78.08
1997-01-01,72.31,122.92,87.44,115.21,101.57,102.53,105.04,127.88,164.95,117.98,121.81,85.8,81.44
1997-02-01,74.29,125.86,89.42,115.69,103.63,103.42,106.72,131.04,166.96,120.8,126.66,88.72,82.34
1997-03-01,73.98,124.9,89.96,114.55,104.52,101.83,107.64,129.39,167.3,119.86,128.33,89.03,82.99
1997-04-01,74.87,124.93,91.61,113.36,104.5,102.16,107.47,130.01,168.25,122.0,127.56,88.9,82.86
1997-05-01,73.33,122.65,90.71,112.01,103.11,101.48,107.32,127.5,166.75,122.85,126.65,87.49,82.57
1997-06-01,72.08,121.03,91.01,111.86,103.38,101.63,111.83,128.12,166.44,122.82,127.1,87.57,82.83
1997-07-01,72.14,120.3,92.52,113.22,100.03,102.23,92.21,129.17,167.4,125.53,129.2,84.92,81.46
1997-08-01,73.57,113.96,93.77,115.08,96.38,101.66,90.07,127.48,168.14,128.63,131.75,84.98,81.06
1997-09-01,74.98,104.89,92.78,113.97,87.89,102.05,83.53,129.26,166.32,130.05,132.38,85.18,81.51
1997-10-01,74.43,89.7,93.23,112.21,83.49,100.74,79.64,123.73,165.15,129.66,134.04,85.77,81.32
1997-11-01,75.56,96.78,90.73,102.16,85.52,100.77,78.16,116.66,164.97,124.92,132.08,84.17,81.28
1997-12-01,78.98,73.68,89.23,73.61,83.52,101.77,71.79,118.91,168.75,130.8,132.28,86.91,82.03
1998-01-01,81.62,42.02,92.23,68.25,75.89,100.8,62.49,117.46,171.47,132.96,130.99,91.46,84.34
1998-02-01,80.35,48.14,91.31,71.11,79.19,102.5,70.84,118.15,169.47,130.0,130.81,92.15,84.37
1998-03-01,80.01,47.93,89.72,77.56,82.37,103.03,79.27,120.06,168.67,129.97,129.54,94.66,84.24
1998-04-01,79.71,58.95,90.48,83.4,83.63,103.32,83.16,118.16,167.15,131.97,128.82,95.55,84.18
1998-05-01,79.05,51.97,89.6,82.85,83.31,101.57,85.31,116.85,166.69,131.67,129.17,94.79,84.53
1998-06-01,79.49,40.17,87.76,84.4,84.01,100.69,81.11,117.14,167.18,128.71,130.29,94.21,83.46
1998-07-01,78.41,41.44,88.09,91.5,81.39,100.26,83.55,117.18,166.07,130.3,128.32,94.64,82.79
1998-08-01,79.59,51.05,87.77,91.15,80.13,97.69,83.92,116.35,164.38,125.21,127.71,91.24,81.13
1998-09-01,79.14,56.79,86.55,84.97,76.9,95.96,83.46,113.86,159.9,115.8,126.77,88.63,79.7
1998-10-01,75.75,69.34,85.13,83.86,75.3,96.81,84.29,115.25,155.31,116.51,126.68,88.97,79.63
1998-11-01,75.35,77.05,85.89,86.86,81.71,96.49,87.45,118.17,155.28,120.63,127.09,92.16,80.52
1998-12-01,74.61,77.75,84.87,91.95,82.85,94.77,87.26,116.28,153.48,124.45,124.36,91.15,80.72
1999-01-01,74.74,71.55,84.46,94.52,85.57,92.99,86.1,115.06,123.12,123.88,125.13,91.89,83.71
1999-02-01,76.17,71.77,86.13,95.17,85.85,93.11,86.45,117.16,98.78,128.57,124.14,88.64,84.27
1999-03-01,76.96,71.51,87.45,93.25,86.58,92.45,86.5,114.18,101.96,133.76,126.11,87.87,83.49
1999-04-01,76.37,73.14,87.27,94.76,87.58,93.18,85.81,115.28,114.6,138.37,127.77,88.25,84.09
1999-05-01,75.58,79.26,87.42,95.69,88.74,93.41,86.97,116.46,116.38,139.98,127.33,90.62,85.05
1999-06-01,74.88,85.67,87.51,97.71,89.15,93.4,87.12,117.78,111.94,139.19,124.3,92.03,84.97
1999-07-01,74.52,92.17,87.49,95.66,88.24,94.17,86.77,117.61,110.95,142.01,121.03,93.3,85.02
1999-08-01,73.58,81.63,86.57,94.32,84.64,94.24,83.56,118.48,105.38,141.77,121.19,90.04,84.63
1999-09-01,74.29,71.83,86.5,93.05,82.05,92.59,78.38,117.66,104.66,143.01,118.33,88.76,83.84
1999-10-01,73.39,78.26,86.61,92.62,81.52,92.74,78.71,117.54,101.38,140.01,115.23,87.72,83.83
1999-11-01,73.11,84.68,87.68,95.08,81.55,93.14,80.4,117.52,105.23,143.72,114.69,87.74,84.03
1999-12-01,72.74,84.19,87.26,98.08,80.88,92.69,81.66,116.91,111.18,145.05,115.86,91.46,83.91
2000-01-01,73.94,83.77,86.82,99.03,83.87,92.97,83.89,119.6,113.85,145.34,119.37,94.25,84.84
2000-02-01,75.9,83.19,88.08,100.53,84.87,92.86,84.51,123.38,115.87,147.71,122.5,96.08,84.51
2000-03-01,74.49,82.09,90.22,101.95,83.76,91.62,83.87,120.75,119.26,149.79,125.2,99.35,84.13
2000-04-01,74.21,79.41,91.81,102.18,83.37,92.17,83.46,122.73,118.76,149.24,125.46,97.67,83.76
2000-05-01,74.98,75.84,93.09,102.51,83.57,92.45,83.03,124.69,116.87,148.92,124.92,95.98,83.2
2000-06-01,73.29,72.84,90.55,101.98,81.3,91.61,81.78,122.58,116.23,143.51,121.49,95.14,84.32
2000-07-01,73.35,69.76,90.94,103.31,78.99,92.12,80.07,122.16,119.1,150.18,118.72,98.31,84.73
2000-08-01,74.1,76.6,90.24,104.36,78.76,93.98,79.72,122.53,121.39,154.03,118.17,99.63,83.81
2000-09-01,75.74,75.16,91.56,105.72,77.49,93.33,78.05,124.09,120.62,153.79,116.54,100.14,83.12
2000-10-01,76.3,74.18,93.3,105.44,74.48,93.71,76.14,122.83,118.99,152.27,117.93,99.17,82.99
2000-11-01,77.09,72.23,92.85,102.47,73.54,94.53,75.76,122.11,115.38,154.26,117.39,101.32,83.05
2000-12-01,76.94,72.64,91.76,97.7,74.04,95.1,76.49,118.08,113.56,156.29,116.35,103.17,84.24
2001-01-01,77.95,72.67,91.27,93.92,73.62,95.28,76.88,120.29,113.53,151.12,116.47,106.03,87.03
2001-02-01,78.12,72.16,91.79,96.24,77.8,94.81,78.28,119.34,111.65,151.79,118.27,108.09,87.4
2001-03-01,78.93,69.91,92.85,95.57,78.51,94.81,77.24,119.91,108.18,155.12,115.0,110.37,87.65
2001-04-01,79.89,65.02,93.83,94.01,76.48,93.86,75.89,120.81,104.06,160.45,114.26,113.61,87.33
2001-05-01,78.95,64.71,93.71,95.85,76.05,93.15,75.81,119.08,100.18,163.69,113.93,117.06,89.97
2001-06-01,78.71,66.03,94.72,97.04,75.47,93.08,76.57,116.03,97.64,165.26,112.91,119.51,93.51
2001-07-01,78.91,70.63,94.8,97.27,73.93,93.66,76.48,114.76,95.79,164.28,106.18,112.18,93.67
2001-08-01,77.26,83.83,93.15,97.42,74.63,94.9,76.03,113.85,93.32,164.65,102.73,106.83,93.94
2001-09-01,77.29,80.75,91.51,95.69,75.01,94.84,76.6,113.57,87.57,160.49,102.32,106.59,92.59
2001-10-01,77.91,75.61,91.91,95.91,75.14,92.11,76.36,116.56,86.38,163.08,99.1,109.74,93.0
2001-11-01,78.51,73.88,92.52,97.5,75.48,91.41,77.29,116.08,94.0,166.64,101.7,112.55,93.88
2001-12-01,79.15,77.94,92.62,98.05,76.6,91.38,78.61,114.47,102.05,168.43,103.91,114.03,95.38
2002-01-01,80.49,79.32,91.8,97.3,78.39,91.74,79.58,114.82,102.39,170.26,104.41,114.11,97.57
2002-02-01,81.7,82.01,91.36,97.61,78.68,92.41,80.26,116.32,106.66,171.6,106.67,111.97,98.03
2002-03-01,79.84,83.95,91.25,97.3,78.69,91.74,80.51,113.69,111.23,171.98,109.57,112.41,97.94
2002-04-01,78.94,86.88,90.22,97.73,78.25,91.08,80.25,114.38,113.17,169.98,111.44,113.34,99.47
2002-05-01,76.86,89.42,88.76,101.14,78.64,91.15,79.98,113.25,105.43,162.97,110.61,110.18,100.12
2002-06-01,75.02,92.33,88.36,103.08,76.68,90.64,79.71,113.64,95.96,158.58,106.95,106.89,101.39
2002-07-01,73.17,88.64,87.59,104.38,75.27,90.89,80.01,113.76,88.62,157.91,102.96,100.94,100.65
2002-08-01,73.72,89.99,89.3,104.26,74.2,91.19,78.65,112.32,83.76,157.87,103.44,100.43,100.66
2002-09-01,74.49,90.4,89.58,103.93,73.98,90.62,78.0,110.5,79.04,155.1,101.21,100.74,101.64
2002-10-01,74.99,89.75,89.99,101.8,73.5,90.21,77.55,110.8,70.12,155.78,101.28,101.62,102.27
2002-11-01,74.11,91.02,89.17,103.15,72.13,90.49,76.9,110.21,75.62,154.53,103.77,103.98,104.79
2002-12-01,73.96,93.15,88.32,103.34,71.78,90.58,76.56,108.8,75.55,154.52,103.69,103.33,106.02
2003-01-01,73.43,92.42,87.18,104.56,70.38,90.22,76.75,108.29,79.82,147.59,98.07,102.43,106.51
2003-02-01,73.86,92.35,87.74,103.49,69.96,89.24,76.25,105.91,76.95,142.65,95.32,100.17,105.38
2003-03-01,73.1,91.6,88.8,100.46,69.39,88.9,76.21,105.44,80.15,142.78,95.84,96.32,105.99
2003-04-01,72.91,92.93,89.76,100.37,71.86,87.68,76.18,106.17,88.77,147.2,97.54,97.33,105.97
2003-05-01,70.4,95.29,87.92,100.86,70.85,87.52,76.17,104.3,92.18,149.86,96.28,97.76,107.89
2003-06-01,69.6,97.62,88.43,101.29,70.33,87.13,76.89,104.19,94.08,146.16,95.22,95.59,101.89
2003-07-01,69.9,96.95,90.21,103.06,70.21,87.23,77.15,104.98,95.32,147.55,96.88,94.85,100.68
2003-08-01,70.52,95.99,91.51,104.01,68.82,87.67,78.04,105.85,92.4,143.67,97.72,95.41,101.33
2003-09-01,70.15,95.57,91.71,104.7,67.82,87.01,79.02,105.69,94.76,141.43,100.74,93.42,103.16
2003-10-01,68.96,94.23,90.79,102.33,66.59,85.91,78.82,104.57,95.11,137.62,103.1,91.73,104.55
2003-11-01,70.0,94.41,90.8,100.28,66.12,86.28,78.51,103.49,93.77,139.26,106.17,91.51,103.72
2003-12-01,69.16,93.99,88.78,98.76,65.47,86.17,77.72,102.02,92.25,137.57,108.15,91.57,102.72
2004-01-01,69.05,94.33,88.55,98.66,64.95,85.85,78.21,102.57,93.78,141.26,111.46,91.2,105.61
2004-02-01,68.6,93.21,88.9,100.31,64.08,87.19,78.47,102.79,91.54,140.11,109.28,88.28,107.14
2004-03-01,69.29,92.77,90.32,102.05,64.56,86.42,78.64,103.16,93.25,140.77,106.55,89.17,110.41
2004-04-01,69.76,92.92,93.24,103.02,64.99,87.58,78.77,105.06,93.77,137.48,106.21,88.98,110.72
2004-05-01,70.43,90.87,91.57,101.92,66.15,87.29,77.98,104.62,89.13,134.38,103.18,90.65,110.74
2004-06-01,69.23,86.92,90.39,102.76,66.3,86.05,77.0,103.52,87.77,135.36,101.82,94.07,110.64
2004-07-01,68.92,90.29,89.73,103.03,66.98,86.37,76.52,103.57,90.8,134.43,103.08,96.94,112.38
2004-08-01,69.51,88.56,90.73,104.3,67.65,86.37,75.94,102.73,92.78,136.21,102.88,97.08,112.19
2004-09-01,69.77,88.7,90.76,104.53,67.17,87.12,75.79,103.35,96.23,135.62,105.24,98.54,112.69
2004-10-01,68.56,88.85,90.25,103.89,66.34,87.08,75.13,102.77,96.66,136.28,105.72,100.42,113.72
2004-11-01,66.83,88.31,90.12,106.37,65.31,86.69,75.05,102.45,97.51,136.32,105.51,102.61,115.04
2004-12-01,65.85,86.1,90.01,109.1,65.17,86.04,76.34,103.17,99.54,138.17,107.03,105.8,114.94
2005-01-01,66.66,87.82,91.49,111.75,66.36,85.55,77.33,103.74,101.36,137.48,107.35,106.96,114.9
2005-02-01,67.73,86.85,91.29,113.53,67.36,85.81,78.13,105.48,105.1,138.72,106.4,108.4,115.57
2005-03-01,66.3,86.77,90.83,115.37,67.44,85.43,78.33,106.55,100.63,138.16,104.11,107.52,115.66
2005-04-01,66.65,86.05,92.46,115.9,68.23,85.3,77.46,106.39,106.77,138.92,106.12,103.44,114.2
2005-05-01,66.6,87.04,93.13,116.9,68.73,85.25,77.43,107.87,113.26,140.61,106.68,102.64,112.35
2005-06-01,67.18,87.49,94.99,117.12,69.01,84.48,76.66,109.61,116.44,143.33,107.07,104.13,112.62
2005-07-01,68.41,87.16,96.68,115.38,69.2,85.34,77.08,109.75,119.01,145.62,109.72,102.95,113.75
2005-08-01,68.44,84.74,95.03,115.95,68.69,85.75,77.56,108.39,118.21,144.35,114.37,104.2,114.05
2005-09-01,68.63,83.16,94.63,115.18,68.57,84.74,78.15,105.43,121.07,142.32,116.87,107.31,112.8
2005-10-01,69.52,92.67,93.76,114.22,70.27,84.86,79.47,104.62,125.3,142.32,118.47,107.09,109.66
2005-11-01,70.63,95.45,93.18,115.76,73.04,85.18,79.45,103.9,129.77,146.87,120.26,105.31,110.01
2005-12-01,70.49,96.72,92.09,117.68,74.3,85.99,78.97,104.0,125.78,148.32,123.18,108.11,108.9
2006-01-01,69.93,99.77,93.65,120.91,74.7,86.22,80.47,106.0,125.18,148.44,119.06,109.44,110.03
2006-02-01,70.94,102.98,94.01,123.16,76.57,86.54,81.33,104.29,132.42,149.42,118.15,109.36,109.03
2006-03-01,69.95,103.66,93.42,122.96,77.36,86.26,82.87,103.2,132.88,145.36,117.77,106.7,105.74
2006-04-01,69.2,104.83,92.72,124.48,76.19,86.6,84.88,103.88,132.7,140.2,119.52,106.24,104.43
2006-05-01,67.41,101.76,90.5,123.53,73.49,86.16,83.54,104.37,127.62,137.09,117.07,107.78,107.15
2006-06-01,67.96,99.84,91.18,123.04,73.45,85.83,83.89,103.86,124.09,134.17,114.41,104.14,103.72
2006-07-01,67.79,102.61,90.76,123.95,74.87,86.69,84.83,103.49,127.59,139.19,114.81,105.05,102.09
2006-08-01,67.7,102.74,90.42,122.5,76.16,86.71,85.2,101.75,128.54,140.69,114.64,107.66,103.05
2006-09-01,68.77,102.68,92.06,124.16,77.85,86.46,85.48,100.9,128.51,141.22,114.81,106.03,105.46
2006-10-01,69.4,103.63,94.15,124.0,78.88,87.13,86.56,100.45,130.33,143.53,116.44,107.49,108.52
2006-11-01,69.39,103.13,94.12,124.4,78.42,87.4,87.4,100.44,129.05,143.45,115.73,109.68,112.32
2006-12-01,69.64,103.54,92.76,124.46,78.35,87.26,88.16,100.32,127.92,144.0,114.16,109.73,114.63
2007-01-01,71.14,105.63,94.29,124.05,80.24,86.37,89.79,100.1,129.96,143.86,112.4,108.09,115.99
2007-02-01,72.12,105.61,94.02,123.99,80.63,86.66,92.37,99.16,132.68,142.72,110.86,107.68,117.43
2007-03-01,70.97,103.43,93.9,122.6,79.57,86.35,95.53,96.75,132.09,140.09,111.09,108.22,119.72
2007-04-01,70.09,102.89,98.12,123.52,80.29,86.56,95.87,96.63,134.16,140.18,111.31,110.51,121.82
2007-05-01,70.57,105.81,100.81,123.62,81.98,86.16,95.29,96.16,136.97,140.61,113.35,111.66,121.06
2007-06-01,71.35,104.39,101.01,123.61,83.48,85.3,97.1,97.8,140.91,140.22,113.05,110.56,120.21
2007-07-01,71.6,102.33,101.04,123.7,84.09,87.13,101.79,96.75,143.59,140.3,114.31,111.64,122.17
2007-08-01,72.35,99.61,100.48,120.88,82.67,87.21,96.47,96.97,138.61,137.89,115.38,109.67,117.81
2007-09-01,72.16,100.02,100.41,120.71,82.14,86.39,95.08,96.53,141.31,137.94,116.31,111.1,119.46
2007-10-01,71.16,101.0,100.78,121.02,84.27,88.86,95.87,98.64,147.22,139.57,117.86,113.95,121.22
2007-11-01,71.22,97.27,99.11,117.85,85.14,89.17,94.71,96.58,148.2,138.01,115.12,116.35,120.29
2007-12-01,72.62,97.65,99.12,116.68,89.13,88.37,98.42,95.22,147.43,139.24,117.57,117.93,120.74
2008-01-01,74.0,97.12,98.79,113.64,90.67,89.14,97.23,93.05,147.69,137.74,120.44,118.57,120.63
2008-02-01,76.26,98.78,97.81,111.99,90.3,89.74,93.73,94.98,150.43,138.62,122.47,119.16,118.05
2008-03-01,74.3,97.48,96.18,105.89,87.46,89.66,91.14,94.81,149.67,137.77,127.43,121.84,120.5
2008-04-01,74.67,96.82,97.29,104.87,86.97,91.72,91.74,96.14,150.27,139.99,125.67,125.68,123.73
2008-05-01,74.95,97.67,92.74,100.85,85.86,92.57,92.69,95.72,154.31,140.37,120.7,127.07,127.03
2008-06-01,75.33,99.79,93.23,101.65,84.46,91.71,90.1,98.05,157.97,141.42,115.64,127.67,129.16
2008-07-01,75.29,101.56,93.07,102.84,83.67,92.32,88.79,97.46,159.93,142.64,113.64,132.07,134.92
2008-08-01,77.04,104.63,95.33,101.83,85.66,91.61,87.15,97.09,161.95,147.21,113.66,128.94,130.93
2008-09-01,79.17,105.2,91.58,95.08,83.6,91.52,87.47,95.35,149.11,142.42,114.8,125.28,127.43
2008-10-01,82.61,101.73,89.79,83.35,83.27,92.7,88.24,97.06,128.53,124.16,104.78,117.43,116.78
2008-11-01,84.79,88.22,90.72,80.04,83.17,93.74,87.58,96.64,127.84,124.13,101.98,113.07,114.5
2008-12-01,82.82,90.18,88.62,80.44,83.61,93.54,84.88,93.48,120.61,121.83,100.69,108.04,117.28
2009-01-01,84.42,91.83,88.67,81.66,86.0,92.88,85.29,92.39,126.57,118.0,104.08,103.08,112.41
2009-02-01,86.68,87.94,88.53,78.88,87.17,92.71,86.87,90.05,128.91,113.25,108.31,94.15,106.2
2009-03-01,86.5,89.31,85.08,79.31,86.6,91.98,86.99,90.73,129.59,113.28,111.17,95.82,105.18
2009-04-01,84.49,94.33,86.5,85.72,86.1,91.2,87.26,91.98,134.11,122.61,110.71,99.84,108.25
2009-05-01,81.76,98.04,87.78,89.54,85.45,91.99,86.94,92.71,141.18,122.93,111.14,100.91,115.18
2009-06-01,80.17,98.76,88.61,88.09,84.38,91.29,87.75,92.25,148.38,120.55,112.7,99.26,116.41
2009-07-01,79.84,99.74,88.07,87.98,83.78,91.99,87.5,91.64,150.19,120.56,114.54,104.58,121.79
2009-08-01,79.21,100.43,88.34,89.14,82.79,91.91,87.07,92.67,156.1,123.17,111.29,108.09,122.0
2009-09-01,78.45,101.55,87.57,89.85,82.2,91.58,86.4,91.52,156.74,119.22,110.72,107.72,121.42
2009-10-01,77.21,104.17,89.94,91.72,83.53,92.37,86.32,91.6,162.65,120.39,109.86,106.59,123.23
2009-11-01,77.04,103.63,90.96,92.09,82.97,92.47,86.34,90.23,163.11,121.63,116.82,108.04,122.16
2009-12-01,78.28,104.47,91.8,92.57,85.05,91.72,86.78,90.2,162.21,124.89,118.24,107.81,120.14
2010-01-01,78.87,107.22,94.78,95.71,85.77,92.13,87.82,91.46,160.96,126.5,119.17,109.54,122.45
2010-02-01,80.87,107.49,94.93,94.73,86.02,92.03,88.39,91.6,158.08,126.4,113.2,109.55,120.07
2010-03-01,79.7,108.8,97.06,96.33,86.91,92.36,89.92,91.04,163.18,130.44,114.59,112.16,122.08
2010-04-01,79.66,110.08,100.8,98.61,89.27,93.92,90.83,92.87,166.38,133.27,115.24,111.74,121.35
2010-05-01,81.68,110.36,100.61,95.72,88.53,95.34,92.08,92.8,165.9,128.71,115.4,105.52,115.75
2010-06-01,82.08,112.56,100.61,92.42,87.98,94.71,92.74,92.67,167.88,129.35,115.66,103.88,113.28
2010-07-01,81.18,113.36,98.66,91.57,86.74,95.72,91.35,91.57,168.38,127.42,115.47,105.41,113.67
2010-08-01,80.35,113.35,98.3,92.81,88.04,96.42,91.88,90.98,167.57,127.47,119.25,107.04,113.44
2010-09-01,80.33,112.31,98.88,93.96,88.77,96.72,93.32,90.36,170.29,126.75,121.88,108.42,112.8
2010-10-01,79.14,109.6,99.84,94.43,87.83,96.85,93.27,91.03,170.53,129.28,121.0,110.31,117.99
2010-11-01,80.68,110.08,99.32,93.29,88.34,97.62,93.84,92.97,169.25,131.51,121.66,109.57,116.77
2010-12-01,81.7,110.72,101.75,92.83,88.37,97.6,93.71,94.08,173.1,131.68,124.16,107.24,114.8
2011-01-01,81.99,109.97,101.28,94.99,87.05,99.42,91.67,95.37,174.69,134.05,119.28,111.51,116.43
2011-02-01,82.42,110.54,100.04,94.65,88.47,99.0,90.57,94.37,174.61,133.89,121.43,110.59,118.8
2011-03-01,81.14,110.92,100.65,93.75,88.19,98.74,91.07,91.84,174.51,133.33,119.96,108.94,120.09
2011-04-01,80.21,110.42,101.94,95.67,88.02,99.22,92.15,93.08,180.95,134.92,120.33,110.9,123.56
2011-05-01,80.35,110.87,100.56,95.3,87.45,100.1,91.18,93.38,178.2,134.12,121.37,111.88,122.36
2011-06-01,80.6,111.22,101.01,95.52,87.26,99.87,90.15,93.36,180.84,132.21,120.79,110.72,122.38
2011-07-01,80.86,111.38,102.5,97.53,87.96,102.23,90.91,92.48,183.34,133.98,122.1,109.53,121.55
2011-08-01,81.52,111.38,100.34,95.94,87.99,103.06,91.17,91.23,180.05,127.57,120.89,106.23,119.47
2011-09-01,84.12,110.26,98.1,93.0,88.12,101.08,90.61,90.2,168.9,121.01,119.31,99.96,113.13
2011-10-01,85.16,110.03,95.67,90.64,88.37,100.0,89.92,89.33,167.04,118.49,113.78,100.29,109.32
2011-11-01,85.72,109.05,93.34,92.55,89.1,99.95,90.31,89.74,167.53,117.86,115.14,98.79,105.31
2011-12-01,87.04,109.51,90.89,92.23,88.82,100.09,89.68,90.28,165.14,118.95,114.59,97.16,106.19
2012-01-01,88.27,109.52,93.96,92.36,88.95,101.66,88.25,90.6,170.02,122.13,117.6,99.35,106.34
2012-02-01,87.06,108.84,96.63,93.29,89.88,102.06,90.06,89.87,174.88,127.11,121.03,104.08,113.04
2012-03-01,87.26,107.79,95.26,93.46,90.18,102.83,91.36,90.58,167.53,127.33,120.43,104.97,112.45
2012-04-01,87.14,107.43,93.91,92.42,91.0,103.9,90.97,91.4,162.94,123.56,120.43,104.07,111.88
2012-05-01,87.87,106.8,90.72,91.66,90.99,104.18,90.75,92.51,155.05,118.93,119.58,100.99,111.7
2012-06-01,87.74,107.04,89.77,92.11,92.77,104.06,90.93,92.72,151.97,117.78,118.66,101.01,111.72
2012-07-01,87.67,107.39,91.6,93.72,94.8,105.8,91.15,92.88,154.58,123.64,121.97,102.55,113.69
2012-08-01,87.32,106.51,91.33,94.16,94.21,106.52,91.25,92.98,153.66,124.65,123.92,104.03,116.33
2012-09-01,86.63,104.21,92.24,94.11,93.65,107.0,91.55,92.7,152.12,126.18,124.51,103.53,115.1
2012-10-01,86.83,103.41,93.98,95.01,94.01,106.81,92.29,93.1,152.07,127.08,124.41,104.68,116.12
2012-11-01,88.35,103.76,91.52,96.84,95.24,107.43,92.5,93.23,151.08,126.74,122.97,103.98,115.78
2012-12-01,88.61,103.7,90.97,97.69,95.16,107.97,92.95,93.39,150.2,128.86,122.88,105.39,114.71
2013-01-01,89.85,104.88,90.32,99.48,96.87,107.52,95.66,93.51,154.69,130.74,123.78,105.35,113.43
2013-02-01,91.33,105.81,91.48,97.99,97.73,107.95,97.23,92.51,159.94,130.63,123.43,104.59,113.86
2013-03-01,91.61,106.96,91.54,97.39,98.51,107.56,99.28,91.72,161.32,134.23,124.78,103.79,108.8
2013-04-01,92.51,107.05,92.01,95.66,97.91,106.59,101.25,92.15,160.48,137.86,124.06,104.87,110.77
2013-05-01,93.3,107.46,91.7,96.96,98.13,106.32,99.75,92.94,158.96,136.31,122.55,103.56,113.03
2013-06-01,93.32,107.38,88.34,94.6,94.85,105.89,96.26,92.71,149.65,129.4,118.09,101.79,112.96
2013-07-01,94.11,109.19,88.14,96.22,94.78,105.96,96.14,93.1,145.04,131.64,118.59,102.53,113.18
2013-08-01,94.16,103.96,83.98,96.92,93.19,106.43,94.26,92.61,139.17,129.9,116.72,103.78,111.58
2013-09-01,94.43,97.08,83.29,99.56,93.73,106.88,93.77,94.28,143.29,128.29,118.31,103.23,111.55
2013-10-01,93.41,97.81,86.27,99.74,93.95,107.3,94.17,93.81,148.38,128.92,118.13,104.98,113.43
2013-11-01,94.56,94.7,86.54,100.89,94.17,108.58,93.83,93.33,143.51,130.22,115.2,104.94,112.29
2013-12-01,95.41,91.95,85.95,101.86,94.18,107.56,92.39,92.78,141.66,131.56,113.48,105.94,111.38
2014-01-01,97.23,92.6,85.25,101.5,93.19,106.88,91.55,91.99,141.74,130.68,112.47,106.4,111.48
2014-02-01,97.16,93.82,84.77,101.01,93.11,106.88,92.07,90.62,143.13,129.88,109.24,106.49,108.46
2014-03-01,94.28,97.86,86.65,101.28,92.95,106.77,92.79,90.63,147.21,130.69,108.12,106.04,108.17
2014-04-01,92.18,97.16,87.99,103.83,92.95,106.83,92.95,91.57,153.83,131.28,110.19,106.02,109.32
2014-05-01,91.67,96.14,89.87,105.55,94.58,107.13,92.31,91.57,154.9,131.74,110.1,105.56,109.68
2014-06-01,91.67,93.65,90.15,106.18,95.19,107.13,92.41,92.61,154.82,131.4,110.8,106.23,108.86
2014-07-01,92.19,96.11,91.48,105.89,96.15,107.11,93.17,92.44,155.5,131.63,109.82,105.92,107.76
2014-08-01,93.75,96.38,91.55,106.02,95.91,107.53,93.66,92.99,153.68,130.94,106.58,103.88,105.82
2014-09-01,96.0,96.18,92.28,105.76,96.32,107.0,94.14,93.44,151.83,131.29,105.69,102.8,104.81
2014-10-01,97.52,95.65,92.43,103.61,95.74,106.61,94.12,93.36,146.52,130.52,108.42,102.08,106.09
2014-11-01,99.67,98.88,93.34,101.55,97.27,106.66,95.01,93.33,143.02,131.62,109.44,101.97,106.25
2014-12-01,100.87,100.62,92.44,102.75,99.16,106.52,95.79,92.34,141.37,125.61,106.81,101.83,104.43
2015-01-01,102.57,100.75,95.37,106.42,100.69,106.18,96.99,91.56,146.29,125.33,107.18,99.68,101.91
2015-02-01,104.13,99.12,96.01,105.31,101.86,105.07,97.98,92.34,138.98,123.72,107.59,100.48,104.13
2015-03-01,104.98,98.14,96.87,105.3,102.05,104.8,99.01,93.31,127.75,122.21,109.02,99.65,103.8
2015-04-01,104.37,98.53,96.26,107.22,101.62,105.36,98.5,94.38,131.6,121.08,111.35,101.76,104.69
2015-05-01,103.01,97.0,94.27,105.99,100.63,106.37,95.11,95.36,130.84,119.29,112.06,101.01,103.83
2015-06-01,103.64,97.01,95.69,104.6,100.37,105.97,95.41,95.72,129.74,118.11,108.93,99.67,102.67
2015-07-01,105.26,98.2,97.34,102.43,100.82,105.14,94.29,95.38,127.63,115.44,106.99,99.54,102.63
2015-08-01,104.78,97.08,97.1,100.89,100.02,104.08,92.38,94.09,118.36,112.3,103.19,99.42,103.18
2015-09-01,104.72,93.29,96.25,100.35,99.04,103.57,91.16,93.56,107.54,111.15,103.87,99.1,102.53
2015-10-01,103.77,96.83,97.91,103.43,99.24,103.32,91.54,93.72,108.07,113.06,104.69,98.01,103.05
2015-11-01,105.4,99.11,98.23,103.78,99.4,103.82,92.22,93.75,113.83,114.3,103.04,96.8,101.71
2015-12-01,104.87,98.9,97.51,102.62,99.47,104.47,91.5,92.75,113.51,112.5,103.74,96.66,101.52
2016-01-01,104.47,100.45,97.83,101.47,99.66,103.69,91.79,91.47,113.12,107.4,103.47,95.09,102.85
2016-02-01,105.45,101.37,94.98,98.95,97.75,103.72,91.65,92.17,115.8,104.48,104.98,95.29,104.35
2016-03-01,103.66,102.64,95.68,100.35,98.58,104.91,91.55,92.23,122.65,108.35,107.23,96.66,102.87
2016-04-01,101.74,100.55,95.77,102.36,97.67,105.11,90.94,92.01,125.92,107.77,107.82,96.55,103.75
2016-05-01,100.94,99.6,96.64,100.49,97.65,103.72,91.23,91.65,127.71,103.63,106.64,94.54,103.01
2016-06-01,99.33,100.57,97.29,101.09,98.22,105.54,91.19,92.37,131.72,100.62,107.27,94.5,103.08
2016-07-01,98.34,103.07,98.86,103.63,97.19,105.64,91.58,93.53,139.99,101.73,111.79,94.42,102.81
2016-08-01,97.62,101.6,98.41,105.88,97.02,105.43,91.44,94.15,142.41,101.93,110.61,96.56,103.82
2016-09-01,97.96,102.36,98.31,106.6,95.22,104.51,91.52,94.82,140.74,98.65,109.25,95.86,104.32
2016-10-01,97.77,104.16,99.61,105.84,94.6,103.1,91.51,96.76,144.55,101.11,110.82,96.3,105.16
2016-11-01,98.32,104.21,99.72,104.21,95.34,103.23,92.61,97.76,140.38,96.89,112.62,94.57,104.71
2016-12-01,99.19,106.09,100.06,104.13,96.53,103.15,93.4,97.72,141.92,96.0,113.54,93.51,103.26
2017-01-01,99.59,106.69,98.9,104.8,96.19,103.12,93.75,97.94,148.56,93.12,114.16,95.74,105.11
2017-02-01,98.62,105.87,99.73,107.58,94.88,103.02,93.83,99.06,151.33,97.75,116.11,96.66,104.89
2017-03-01,97.28,105.68,101.45,108.35,94.32,103.68,93.69,99.43,149.74,103.36,113.2,96.83,104.15
2017-04-01,96.45,105.22,103.15,107.35,94.6,103.09,94.15,99.82,148.13,105.95,113.66,97.68,103.17
2017-05-01,95.7,105.13,102.67,107.76,94.18,103.08,93.98,100.38,144.56,105.42,110.69,99.54,104.79
2017-06-01,95.96,105.14,102.29,106.03,93.33,103.01,94.51,99.9,139.36,108.84,110.6,99.44,105.68
2017-07-01,96.06,104.59,103.42,105.47,91.76,103.26,94.8,99.07,142.79,110.67,111.18,99.59,107.19
2017-08-01,96.64,102.93,103.6,104.6,90.07,103.05,94.83,98.18,143.75,110.23,112.03,99.15,108.5
2017-09-01,97.94,102.31,101.51,103.45,89.8,102.86,94.81,97.41,142.94,109.45,113.79,99.09,106.78
2017-10-01,98.2,101.48,102.06,104.28,89.89,102.52,95.63,98.47,142.07,104.97,114.76,99.51,106.24
2017-11-01,98.1,101.34,103.48,106.36,90.95,103.08,96.4,99.06,139.41,105.3,114.13,100.99,105.95
2017-12-01,98.27,101.01,103.32,107.73,91.44,102.87,96.34,98.56,137.45,104.45,112.96,101.61,105.41
2018-01-01,99.17,100.85,101.76,107.58,89.91,102.45,96.56,97.86,139.32,104.56,117.03,103.44,107.61
2018-02-01,101.54,97.74,98.69,105.24,86.87,101.7,96.19,97.62,136.52,105.46,116.96,102.96,106.71
2018-03-01,100.03,96.91,98.01,106.1,87.05,102.05,96.89,96.92,135.44,105.9,116.22,101.4,106.23
2018-04-01,100.28,96.83,97.59,106.73,87.67,101.58,97.43,97.18,130.53,106.85,117.27,102.04,106.77
2018-05-01,100.91,96.96,97.08,107.8,88.81,102.04,97.59,96.91,126.31,101.03,115.25,99.08,104.87
2018-06-01,100.23,98.61,98.07,106.88,88.56,102.33,96.85,97.63,124.9,98.2,115.02,98.63,103.14
2018-07-01,97.34,97.92,98.88,105.48,90.25,102.39,95.82,98.08,124.56,106.13,114.09,98.77,103.55
2018-08-01,96.47,97.29,98.76,107.45,91.57,102.98,97.33,98.05,122.56,108.13,114.68,99.84,104.16
2018-09-01,97.02,95.0,94.79,108.25,91.09,102.65,98.99,97.94,118.98,107.46,111.17,99.74,103.96
2018-10-01,96.64,93.84,93.73,107.37,91.91,102.27,99.0,98.04,130.44,107.43,112.01,99.23,104.04
2018-11-01,96.6,97.8,96.79,107.58,94.04,103.03,98.45,98.12,129.96,103.03,112.55,99.22,104.16
2018-12-01,97.48,99.07,97.49,107.23,93.03,103.19,98.29,97.33,126.53,104.55,111.57,99.56,103.71
2019-01-01,98.3,100.77,96.42,106.12,92.77,103.08,99.88,96.08,130.39,109.1,111.24,99.43,105.17
2019-02-01,100.27,100.75,95.29,105.62,92.71,103.13,101.23,96.31,130.83,108.33,113.74,98.41,105.7
2019-03-01,100.14,99.76,97.95,104.52,92.34,103.15,100.35,95.6,127.83,108.22,112.44,98.43,106.31
2019-04-01,99.84,100.63,98.68,103.86,93.45,102.68,100.34,96.33,126.6,109.4,112.79,99.2,104.86
2019-05-01,98.37,100.37,99.45,101.19,93.85,102.94,101.69,96.06,124.44,108.71,110.65,99.46,104.43
2019-06-01,96.94,101.69,100.27,101.62,94.29,102.8,103.1,95.96,128.09,107.59,110.13,100.59,104.96
2019-07-01,97.57,103.03,102.04,100.66,95.46,102.11,103.88,96.24,130.19,109.12,110.82,100.43,104.09
2019-08-01,96.48,102.8,100.22,99.17,94.42,102.04,104.91,96.26,125.91,106.35,108.76,98.7,103.76
2019-09-01,96.62,103.51,100.48,100.94,94.65,102.29,105.7,97.37,123.03,107.24,108.29,97.97,101.54
2019-10-01,97.33,102.65,101.23,101.39,95.47,102.05,105.61,98.0,123.13,108.59,107.93,99.09,102.13
2019-11-01,98.72,102.55,101.14,101.59,96.62,102.52,105.35,97.7,121.37,109.37,99.76,99.32,101.36
2019-12-01,98.4,102.95,102.26,100.93,96.77,102.64,105.09,98.16,123.2,110.77,100.08,100.18,102.31
2020-01-01,100.32,104.56,101.18,101.06,96.4,101.89,103.45,98.84,121.58,112.44,99.48,101.17,101.77
2020-02-01,101.85,105.44,100.98,99.46,97.2,100.12,101.28,98.26,117.14,113.21,97.72,100.58,100.49
2020-03-01,101.37,97.01,98.16,98.38,98.31,99.5,99.29,98.88,105.99,96.16,95.13,99.26,100.4
2020-04-01,101.11,95.14,99.29,99.11,100.49,99.71,97.04,100.27,98.83,88.88,95.61,97.05,97.08
2020-05-01,99.36,101.43,99.73,98.54,100.45,100.37,98.7,100.52,92.64,92.51,99.85,97.39,99.21
2020-06-01,97.5,104.9,98.57,99.15,100.35,100.29,101.86,100.89,99.13,96.66,101.31,100.37,100.83
2020-07-01,98.1,101.22,99.87,98.57,101.31,99.3,100.56,100.76,96.57,95.82,101.54,100.42,101.33
2020-08-01,98.05,98.37,99.38,98.76,101.28,99.94,100.17,99.62,92.78,96.21,100.59,102.67,102.96
2020-09-01,99.98,96.81,101.48,99.45,101.26,100.04,98.8,99.63,93.61,98.32,101.83,100.99,99.13
2020-10-01,100.65,96.89,102.26,101.33,101.0,99.43,98.66,101.26,90.32,100.29,100.31,99.29,98.64
2020-11-01,100.91,99.54,100.59,102.92,101.15,99.79,100.18,100.73,93.38,104.02,102.27,100.01,98.69
2020-12-01,100.78,98.69,98.51,103.27,100.81,99.63,100.01,100.34,98.04,105.49,104.36,100.8,99.47
2021-01-01,101.71,98.75,97.74,102.64,101.09,99.16,99.38,100.6,94.03,105.84,106.03,100.01,99.56
2021-02-01,103.21,98.38,97.97,101.58,100.48,99.28,98.18,101.24,93.25,104.0,105.81,100.34,99.67
2021-03-01,103.06,97.45,99.23,101.51,101.17,99.66,97.39,100.89,90.79,102.87,106.92,98.76,98.08
2021-04-01,101.77,96.74,97.29,102.79,101.31,99.87,97.08,101.6,92.06,106.7,109.76,100.32,100.09
2021-05-01,101.54,97.58,99.72,101.19,101.56,100.03,95.44,102.1,96.17,106.09,107.86,101.41,102.51
2021-06-01,101.54,97.4,99.81,101.3,101.27,99.7,95.4,102.92,101.77,106.06,105.4,101.43,103.5
2021-07-01,102.48,97.44,100.13,100.21,98.77,98.93,92.51,103.23,101.13,107.3,103.5,99.84,101.33
2021-08-01,102.42,98.13,100.8,99.17,99.1,99.34,90.89,104.25,99.91,106.87,99.95,99.36,102.53
2021-09-01,102.49,98.56,101.34,98.14,98.47,99.76,92.03,104.6,100.41,107.39,100.15,99.7,102.08
2021-10-01,104.25,99.1,100.73,97.58,97.76,99.76,91.77,104.43,96.38,105.56,97.57,99.09,99.67
2021-11-01,105.47,98.61,102.15,97.92,98.94,100.26,93.01,105.17,96.95,104.45,98.21,98.07,98.54
2021-12-01,106.26,99.01,100.8,98.23,99.35,100.46,91.45,105.3,96.28,104.67,94.85,99.32,97.55
2022-01-01,105.31,98.95,101.18,97.42,98.13,100.71,92.99,105.77,98.04,106.59,98.33,101.44,100.04
2022-02-01,106.22,97.82,99.7,96.92,97.32,101.27,94.98,104.11,104.57,106.68,98.83,100.34,100.82
2022-03-01,107.3,99.14,99.71,96.3,97.14,102.23,94.55,103.27,111.44,106.91,101.34,97.48,94.79
2022-04-01,106.35,100.67,101.4,96.79,99.12,102.44,94.64,102.89,117.82,110.2,100.74,99.8,94.97
2022-05-01,102.84,101.96,102.6,97.04,100.72,104.02,96.28,103.12,114.58,111.73,100.09,101.08,93.59
2022-06-01,103.13,101.94,101.74,96.76,99.26,104.81,95.95,103.81,112.82,112.14,99.71,102.07,91.41
2022-07-01,105.23,101.7,101.43,96.2,97.28,105.3,93.04,104.18,106.38,110.93,92.25,98.22,90.52
2022-08-01,103.7,102.38,102.18,95.13,97.78,107.32,94.37,103.14,110.75,114.07,98.32,99.44,92.04
2022-09-01,103.34,105.36,104.1,92.32,97.67,107.96,94.03,102.11,110.44,116.7,99.15,100.11,94.82
2022-10-01,101.82,104.05,103.61,91.77,98.47,108.28,93.72,101.73,111.67,118.67,97.06,100.49,93.24
2022-11-01,98.6,100.63,102.27,94.72,99.47,110.16,95.73,100.84,109.89,121.44,100.84,104.4,98.19
2022-12-01,98.49,98.56,98.05,96.72,99.98,109.97,96.94,100.23,108.92,118.99,103.51,105.65,100.58
2023-01-01,98.78,98.3,97.21,98.83,100.16,109.79,98.99,99.38,108.26,121.44,108.26,107.21,105.05
2023-02-01,98.77,99.83,96.74,96.86,101.04,110.37,97.17,99.95,110.03,124.57,111.91,106.79,108.33
2023-03-01,97.65,99.95,97.77,95.3,101.75,110.8,96.3,99.71,110.21,126.54,111.83,109.07,108.85
2023-04-01,95.91,102.59,97.9,93.48,99.63,110.61,96.54,99.7,114.09,128.14,111.78,111.73,112.88
2023-05-01,94.71,104.16,98.82,94.46,100.0,111.31,97.07,100.1,115.96,130.9,113.38,114.17,113.1
2023-06-01,92.77,104.93,100.94,97.9,101.18,112.16,96.85,100.88,119.53,135.33,113.86,116.82,114.29
2023-07-01,91.96,103.74,103.36,98.51,102.42,112.21,97.18,99.11,120.43,138.01,111.5,118.09,112.77
2023-08-01,92.52,103.27,103.32,97.26,101.87,112.77,97.53,98.77,119.57,138.81,106.95,116.98,111.23
2023-09-01,93.31,103.51,102.72,97.87,103.15,113.29,95.73,99.66,119.72,137.42,104.81,112.05,110.7
2023-10-01,93.57,101.77,103.82,97.51,103.71,113.84,94.32,99.86,117.5,132.55,101.13,114.11,110.41
2023-11-01,92.58,102.16,102.97,99.32,104.54,114.06,95.91,99.82,119.77,137.78,104.91,118.63,112.72
2023-12-01,92.73,101.6,101.33,97.99,103.53,114.4,95.21,100.18,120.67,139.08,105.41,120.23,111.11
2024-01-01,92.32,101.4,101.78,97.09,103.86,113.91,95.21,100.89,121.27,141.49,102.61,119.93,111.91
2024-02-01,94.07,101.49,101.99,97.22,104.44,114.44,93.63,100.99,120.38,141.01,96.6,120.35,109.98
2024-03-01,92.65,102.02,101.94,97.39,105.03,114.68,93.52,99.42,119.52,143.61,96.3,121.49,109.02
2024-04-01,92.9,100.88,102.78,95.74,104.09,114.19,93.31,99.13,117.19,144.59,98.18,122.36,109.9
2024-05-01,92.13,100.67,102.99,95.84,102.46,115.08,94.05,99.14,116.72,143.93,102.7,123.02,111.22
2024-06-01,92.12,99.12,104.47,94.83,101.33,115.14,93.97,99.73,111.87,133.34,102.38,121.67,108.79
2024-07-01,92.23,99.04,105.32,94.45,101.99,114.79,94.85,98.61,108.43,135.16,101.46,124.74,110.16
2024-08-01,91.8,99.4,102.84,94.63,101.82,115.23,96.14,97.26,106.53,126.22,101.17,124.35,109.4
2024-09-01,91.67,100.58,102.42,95.09,101.61,115.56,98.8,96.94,106.46,122.43,100.81,124.78,109.07
2024-10-01,92.55,100.12,104.65,94.05,100.5,114.82,99.85,98.25,106.55,123.25,101.67,123.18,106.64
2024-11-01,92.16,101.06,106.1,93.43,100.79,115.02,98.68,99.59,105.34,121.4,99.93,123.05,104.96
2024-12-01,92.26,100.79,105.41,91.37,102.57,114.86,99.92,99.55,101.41,122.91,99.47,124.13,104.18
2025-01-01,92.64,99.23,103.02,91.7,103.68,113.58,100.35,99.69,103.19,121.41,98.91,125.37,105.31
2025-02-01,92.22,97.04,100.55,91.36,102.99,114.76,100.48,98.16,107.99,121.22,102.58,127.21,107.65
2025-03-01,90.55,97.17,100.04,89.58,103.18,114.55,99.3,96.52,106.85,122.16,104.6,128.73,109.69
2025-04-01,87.67,95.48,100.22,89.67,102.78,113.9,98.09,96.3,106.0,122.67,100.85,128.58,109.49
2025-05-01,86.85,95.94,99.62,91.67,103.07,114.73,99.22,102.58,107.13,125.88,102.29,127.96,109.83
2025-06-01,86.19,95.99,98.31,92.44,100.84,114.35,99.46,103.83,108.52,127.84,101.07,128.36,110.89
2025-07-01,86.38,96.0,98.29,91.36,99.93,113.44,99.46,105.04,108.57,129.98,99.93,129.57,112.44
2025-08-01,86.79,96.06,97.27,90.7,100.42,114.05,99.69,102.87,110.4,129.97,98.52,129.11,113.04
2025-09-01,87.22,94.42,95.89,90.53,99.77,114.13,100.68,101.44,112.16,131.2,98.83,129.27,114.51
2025-10-01,87.97,94.73,96.05,89.15,98.56,113.64,99.28,101.76,112.16,132.55,99.67,129.05,114.51
2025-11-01,88.81,94.76,96.28,87.23,98.54,113.94,100.66,100.6,113.55,133.89,102.03,129.52,116.32
2025-12-01,89.43,94.48,94.15,86.49,98.6,114.41,102.63,99.27,110.38,136.01,103.17,130.21,116.27
2026-01-01,89.52,93.16,93.2,87.02,98.54,114.29,102.88,98.4,112.49,139.28,106.67,131.18,116.68
2026-02-01,90.74,92.3,91.98,86.49,99.02,114.43,101.45,97.8,114.34,141.72,107.36,130.34,117.75
2026-03-01,91.49,93.21,90.99,85.07,99.17,114.98,99.06,97.12,115.48,138.94,103.21,128.74,113.74
2026-04-01,91.01,91.27,89.63,85.04,99.72,113.84,101.57,97.64,119.19,140.43,104.48,129.48,119.54
2026-05-01,90.84,88.89,88.0,84.72,97.19,114.39,100.71,97.91,120.63,140.46,104.27,128.84,123.06
2026-06-01,92.24,88.38,90.15,83.06,98.1,114.28,99.99,99.08,118.28,140.34,104.2,127.15,124.33
