,BRL,CLP,CNH,HUF,IDR,INR,KRW,MXN,PHP,PLN,SGD,THB
2000-01-31,,,,,,,,33688510000.0,,,,
2000-02-29,,,,,,,,33381640000.0,,,,
2000-03-31,,,,,,,,36434948000.0,,,,
2000-04-30,,,,10531881210.00794,,,,34748768000.0,15880690000.0,25501178000.0,,32166057425.23
2000-05-31,,,,10744454322.07463,,,,33623828000.0,15479210000.0,,,31904195281.7873
2000-06-30,,,,10510921781.89054,29502204522.8687,,,33062201000.0,15412900000.0,25986083000.0,,32142000398.9442
2000-07-31,,,,10268714710.64479,,,,34409543000.0,14847930000.0,,,31929611596.1955
2000-08-31,,14378700000.0,,10355540560.0,,,,32970498000.0,15468430000.0,,77353200000.0,32232390000.0
2000-09-30,,14157300000.0,,10559283150.0,,,,34184981000.0,14944480000.0,25415739000.0,77930000000.0,32249820000.0
2000-10-31,,14261500000.0,,10158813980.0,,,,35344766000.0,14455390000.0,26079306000.0,77650000000.0,32244740000.0
2000-11-30,,14220300000.0,,10796469840.0,,,,34762700000.0,14532710000.0,26543484000.0,77892300000.0,32316128157.7088
2000-12-31,33011400000.0,14741400000.0,,11229180950.0,,,,35585160000.0,15062820000.0,27463859000.0,80169600000.0,32661255103.6106
2001-01-31,35597800000.0,14544500000.0,,10771051650.0,,,,39492709000.0,14405220000.0,28107803000.0,80171800000.0,32794960000.0
2001-02-28,35413200000.0,14521700000.0,,11194056640.0,,,,39174416000.0,14194610000.0,28715764000.0,80179800000.0,33153876347.3589
2001-03-31,34407050000.0,14545100000.0,,10763470080.0,,,,40301548000.0,14709740000.0,27998267000.0,77522500000.0,32294705286.0187
2001-04-30,34652980000.0,14329100000.0,,11126598560.0,,,,40378274000.0,14481960000.0,27739342000.0,76777000000.0,32095957481.8931
2001-05-31,35458580000.0,14421900000.0,,11015774400.0,,,,40622616000.0,14483480000.0,27045423000.0,76045000000.0,32005231272.3426
2001-06-30,37318240000.0,14295300000.0,,11529408000.0,,,,40819140000.0,14596500000.0,27112981000.0,74484800000.0,31611507451.1346
2001-07-31,35551856740.2678,14473400000.0,,11850680450.0,,,,40882066000.0,14364120000.0,27844286000.0,73860800000.0,31879786625.4966
2001-08-31,36298996007.9008,14680700000.0,,12022713980.0,,,,41230994000.0,14275950000.0,28032420000.0,75981300000.0,32573189186.6367
2001-09-30,40054178124.2024,14400800000.0,,11980328550.0,,,,42862790000.0,14584770000.0,28300102000.0,75380000000.0,32635390000.0
2001-10-31,37492406625.7664,14279500000.0,,11747908920.0,,,,43424174000.0,14430210000.0,28899708000.0,75964900000.0,33073545065.8817
2001-11-30,37233728091.1923,14193100000.0,,11322171120.0,,,,43930990000.0,14831340000.0,26126682000.0,76590800000.0,33272818422.6291
2001-12-31,35866415034.9683,14225900000.0,,10747894150.0,,,,44813642000.0,15692240000.0,26565193000.0,75677000000.0,33048397557.5675
2002-01-31,36167368208.638,14075500000.0,,10155039120.0,,,,47287101000.0,16335960000.0,26344373000.0,75147800000.0,33802403725.1782
2002-02-28,35906161192.9604,13999100000.0,,9691888320.000004,,,,47120136000.0,16271510000.0,26446572000.0,74938300000.0,33972464692.719
2002-03-31,36720957150.7492,14012600000.0,,9633302520.000004,,,,46259447000.0,17351620000.0,27059570000.0,75814000000.0,33614500000.0
2002-04-30,33007629062.0952,15417500000.0,,10061305440.0,,,,45143792000.0,17138810000.0,27224671000.0,76414200000.0,34440315721.66
2002-05-31,32888831552.3569,15142500000.0,,9821618099.999996,,,,44975314000.0,17134470000.0,27524948000.0,78088400000.0,35270916023.4274
2002-06-30,41998595436.2409,15222800000.0,,10248913500.0,,,,45585949000.0,16953690000.0,28163785000.0,80313200000.0,36790611520.9211
2002-07-31,39059616735.9698,15098800000.0,,10079620560.0,,,,46114014000.0,16160270000.0,29301502000.0,80242100000.0,37785138725.8888
2002-08-31,37642628072.5067,14935312288.0,,10146181050.0,,,,46547729000.0,16181710000.0,29376185000.0,80816100000.0,38500435450.263
2002-09-30,38380948507.3639,14739639406.0,,10137460400.0,,,,46687237000.0,16063240000.0,29265402000.0,80631700000.0,37652016620.4073
2002-10-31,35854780109.5031,14910956315.0,,9770094720.0,,,,46144642000.0,15981540000.0,29246708000.0,81260400000.0,37152817210.544
2002-11-30,35592092344.9226,15177600000.0,,9729154890.000004,,,,46846030000.0,15790160000.0,29515349000.0,80178600000.0,37670173425.2419
2002-12-31,37823456428.7371,15351127643.0,,10403523480.0,,,,50673868000.0,16364760000.0,29794115000.0,82218700000.0,38923702913.5027
2003-01-31,38771769582.5449,16428759053.0,,15358611840.0,,,,51582527000.0,16605720000.0,30495397000.0,83662200000.0,39776016000.0
2003-02-28,38530115670.7927,16445750967.0,,14064148620.0,,,,52027901000.0,16323930000.0,31850922000.0,83524200000.0,38752715000.0
2003-03-31,42335212491.7242,16499230317.0,,13651870800.0,,,,53952503000.0,16157500000.0,31096610000.0,83571200000.0,37631711000.0
2003-04-30,41499614959.7344,15889700000.0,,12864096700.00011,,,,55104262000.0,16392340000.0,31051805000.0,83310700000.0,37952870000.0
2003-05-31,43373068799.9789,15861529733.0,,12871320720.0,,,,55763902000.0,16264060000.0,33525240000.0,85697100000.0,38866575000.0
2003-06-30,47956169022.7257,15490411870.0,,12399780510.0,,,,55265645000.0,16043570000.0,32083929000.0,86588500000.0,39327131000.0
2003-07-31,47645191254.4767,15417900000.0,,12218233720.0,,,,54202670000.0,16298950000.0,32030596000.0,87007800000.0,37548063900.0
2003-08-31,47793476891.8669,15331332163.0,,11659873890.0,,,,54008369460.1,16354100000.0,31699358000.0,87717100000.0,38330386600.0
2003-09-30,52675373083.1218,15654770191.0,,12804266280.0,,,,54860775553.662,16357470000.0,32897901000.0,91029000000.0,40264340000.0
2003-10-31,54092929049.6566,15649451199.0,,12571401180.0,,,,56234050650.4,17068560000.0,33778270000.0,92458100000.0,40316153000.0
2003-11-30,54426974372.9682,15777885328.0,,12640956360.0,,,,57314454118.14,17021950000.0,34123158000.0,93917100000.0,41255137000.0
2003-12-31,49296202238.1216,15851232112.0,,12809093400.0,,,,59028176108.15,17063060000.0,33974966000.0,96244100000.0,42147737000.0
2004-01-31,53261428513.9659,16025693963.0,,13326670080.0,,,,63019344987.4241,16281350000.0,36677276000.0,98438700000.0,42194112000.0
2004-02-29,52959752922.3953,16090465977.0,,13261182200.0,,,,63126797495.4,15931470000.0,37577609000.0,101033500000.0,42922757000.0
2004-03-31,51612257603.8743,15964630525.0,,12457111680.0,,,,61659157581.0,16534150000.0,36682474000.0,102558800000.0,43036283000.0
2004-04-30,50497599220.8632,15986349492.0,,12129789100.0,,,,60371533044.1194,16604100000.0,35547904000.0,98923200000.0,42659845000.0
2004-05-31,50539744509.409,16136780000.0,,13221900120.0,,,,60344731644.09,16745230000.0,36563647000.0,100896000000.0,42825156000.0
2004-06-30,49804818770.633,15853183965.0,,12822431050.0,,,,60476349483.0,16378050000.0,36300707000.0,101385700000.0,43306074000.0
2004-07-31,49665570690.4085,15850341453.0,,12948907620.0,,,,60343309194.42,16152300000.0,35889796000.0,100105700000.0,43451137000.0
2004-08-31,49594470588.0585,15780747001.0,,12830514510.0,,,,61097687576.3555,16200500000.0,36875361000.0,101103600000.0,43861343000.0
2004-09-30,49496192557.4966,15842735559.0,,13001281570.0,,,,62276081377.05,16140040000.0,36648076000.0,102534600000.0,44767567000.0
2004-10-31,49416059016.8017,15704057058.0,,14517887340.0,,,,60975508191.4,16117900000.0,35548429000.0,105606100000.0,46215645000.0
2004-11-30,50133300805.5527,16007387651.0,,15279810550.0,,,,63756103214.03,16071410000.0,37320827000.0,109876700000.0,48300355000.0
2004-12-31,52934843107.1559,16016021080.0,,15940111460.0,,,,64197565552.4777,16227910000.0,36783126000.0,112574900000.0,49831660000.0
2005-01-31,54022060713.0566,15594566445.0,,15019709100.0,,,199699000000.0,65076879186.5214,15745600000.0,40968342000.0,111726000000.0,48916899000.0
2005-02-28,59017386386.1986,15470014530.0,,17619083280.0,,,202162000000.0,64063824405.6363,16530400000.0,42535790000.0,113630200000.0,49696078000.0
2005-03-31,61959542748.8587,15379880117.0,,17313810920.0,,,205447000000.0,64110119011.0,16525610000.0,38220752000.0,112752000000.0,48681078000.0
2005-04-30,61591471029.316,16990129852.0,,17318455770.0,,,206376000000.0,62810501060.3407,16718760000.0,40773553000.0,116319700000.0,49237218737.0
2005-05-31,60709024323.2049,17376515442.0,,17418030740.0,,,206100000000.0,61932553575.5852,17281030000.0,40638031000.0,115715900000.0,48184564000.0
2005-06-30,59884713195.6885,16642511792.0,,17147302440.0,,,204986000000.0,65602409225.5562,17723130000.0,41237215000.0,114898300000.0,48357346000.0
2005-07-31,54687649650.6043,16213676482.0,,17767640250.0,,,205685000000.0,66487033594.18,17668790000.0,40801381000.0,115965400000.0,48414198000.0
2005-08-31,55075797366.2889,16272323306.0,,17975094780.0,,,206712000000.0,68227141653.29,17943650000.0,41338373000.0,116050000000.0,49382289000.0
2005-09-30,57007659752.7071,15650857725.0,,17544230640.0,,,206731000000.0,69980649987.01,18542310000.0,41054691000.0,115249900000.0,49795217000.0
2005-10-31,60244821379.4304,15021430207.0,,17373956380.0,,,207307000000.0,71202098605.44,18097870000.0,41679456000.0,115220100000.0,49802145000.0
2005-11-30,64276878771.365,16025237986.0,,16682910570.0,,,208230000000.0,72786326573.7,18058620000.0,41440576000.0,114580200000.0,50748890000.0
2005-12-31,53799285064.6476,16963379244.0,,18546390340.05822,,,210391000000.0,74110126219.18,18494360000.0,42571244000.0,116172600000.0,52065842000.0
2006-01-31,56923666917.497,15901977648.0,,20148719780.0,,,216933000000.0,76802151357.52,20401770000.0,43202087000.0,119745800000.0,53228616000.0
2006-02-28,57414864125.4464,16129800101.0,,19852387500.0,,,215950000000.0,75624706828.06,20481810000.0,45506804000.0,119740400000.0,54402985000.0
2006-03-31,59824476906.613,15971323922.0,,21579737440.0,,,217344000000.0,76023905378.0,20645340000.0,44269841000.0,121766000000.0,55265826000.0
2006-04-30,56551993301.6045,17467538153.0,,20995964640.0,,,222890000000.0,78455091279.7937,20852480000.0,45397784000.0,127397200000.0,57249895000.0
2006-05-31,63380823970.2959,18172910504.0,,21853724400.0,,,224689000000.0,81459922508.99,20949910000.0,48529273000.0,128398700000.0,57721026000.0
2006-06-30,62670464233.7659,17570051107.0,,21132184250.0,,,224357000000.0,84945447359.05,21123470000.0,46918279000.0,128315900000.0,58057416000.0
2006-07-31,66819338521.1875,17032578328.0,,20802805140.0,,,225716000000.0,83063631715.73,21274110000.0,48428481000.0,129481200000.0,58796325800.0
2006-08-31,71477766196.3743,16970807602.0,,20849205380.0,,,227025000000.0,83708041304.41,21540690000.0,48713012000.0,130278800000.0,59355646000.0
2006-09-30,73392930528.39,17546650065.0,,20930904600.0,,,228224000000.0,83453879421.78,21593360000.0,48694742000.0,128945500000.0,61592709000.0
2006-10-31,78170857075.2994,17489783070.0,,20804427360.0,,,229461000000.0,77578680323.84,22309580000.0,47175134000.0,131429000000.0,62302150000.0
2006-11-30,83113970659.6521,17164075931.0,,22015620000.0,,,234257000000.0,77069603010.9608,22649270000.0,49483180000.0,135341600000.0,64488360000.0
2006-12-31,85838864401.1278,19428938061.0,,21594585600.0,42586330000.0,,238956000000.0,76330008036.1695,22966720000.0,48484350000.0,136260900000.0,66984820000.0
2007-01-31,91086101226.0708,17340634318.0,,21045586560.0,43266330000.0,,240229000000.0,76842308859.9473,23694350000.0,51211875000.0,134573200000.0,66769416000.0
2007-02-28,101069725340.685,16171601632.0,,22674171410.0,45689980000.0,,242812000000.0,76668544082.63,24542170000.0,50984722000.0,137058600000.0,68200040000.0
2007-03-31,109531360238.109,15389696440.0,,22639135020.0,47221160000.0,,243915000000.0,75850538896.2547,24684410000.0,50784729000.0,137735700000.0,70862951000.0
2007-04-30,121830359925.157,17528733509.0,,23218429050.0,49309390000.0,,247260000000.0,77576133349.0816,25089600000.0,52077907000.0,140048300000.0,71069180000.0
2007-05-31,136418988934.394,16960914070.0,,22547093470.0,50112830000.0,,250741000000.0,78011179131.1144,25599290000.0,55166168000.0,140899600000.0,71142660000.0
2007-06-30,147101027283.029,17896498705.0,,22912988150.0,50924440000.0,,250702000000.0,77933822658.3143,26382950000.0,54441072000.0,144055900000.0,72999531000.0
2007-07-31,155909529574.575,18580578713.0,,22768149420.0,51879770000.0,,254839000000.0,78244241922.775,28019010000.0,56095912000.0,147021700000.0,73976789000.0
2007-08-31,161096509988.375,15761443983.0,,23097721750.0,51426420000.0,,255302000000.0,79490733468.88,30485130000.0,56213545000.0,147622000000.0,74439158000.0
2007-09-30,162962204107.494,16319747603.0,,23364297990.0,52875120000.0,,257294000000.0,82168053535.44,30902160000.0,58311469000.0,152449800000.0,80686674000.0
2007-10-31,167866674444.332,16422179022.0,,23921342600.0,54154210000.0,264692000000.0,260138000000.0,83740795432.56,32498080000.0,60128853000.0,158165100000.0,82427775000.0
2007-11-30,177059589847.552,16223979580.0,,24462224420.0,54897030000.0,273520000000.0,261928000000.0,85548193328.32,32719250000.0,68218243000.0,160710700000.0,84604711000.0
2007-12-31,180333608709.361,16910104674.0,,24121094550.0,56920130000.0,275316000000.0,262224000000.0,87211014000.0,33751050000.0,65745410000.0,162956800000.0,87455119000.0
2008-01-31,187507153377.812,16882180000.0,,24200181500.0,55998740000.0,293240000000.0,261871000000.0,90782274000.0,34809740000.0,68564447000.0,167648800000.0,92769258000.0
2008-02-29,192901820217.876,17197480000.0,,24440255470.0,57125100000.0,301235000000.0,262365000000.0,90352463924.7,36287800000.0,72505049000.0,171735300000.0,100539405000.0
2008-03-31,195231614869.52,17897476860.0,,26588510480.0,58987300000.0,309723000000.0,264246000000.0,91133526183.35,36624010000.0,76965609000.0,177462300000.0,109970338000.0
2008-04-30,195766858581.365,18263311300.0,,26184900000.0,58769990000.0,314155000000.0,260483000000.0,92798705000.0,36355570000.0,79084149000.0,175804900000.0,109762245000.0
2008-05-31,197906274051.829,19124614845.0,,26183707200.0,57464330000.0,314614000000.0,258199000000.0,93955318528.19,36233120000.0,78900496000.0,175802200000.0,108943580000.0
2008-06-30,200827063141.975,20250456933.0,,27255798360.0,59452600000.0,312088000000.0,258098000000.0,94045305063.76,36712280000.0,82544124000.0,176650200000.0,105676151000.0
2008-07-31,203561542051.015,21847157549.0,,26900250760.0,60563470000.0,306176000000.0,247523000000.0,95495105239.0631,36900990000.0,84961223000.0,174964200000.0,104752807000.0
2008-08-31,205116125039.079,22356193549.0,,25505990300.0,58356430000.0,295309000000.0,243200000000.0,97121091495.53,36742720000.0,81599356000.0,170100000000.0,101249685000.0
2008-09-30,206493898614.769,24204354238.93,,24900235730.0,57107970000.0,286336000000.0,239672000000.0,98863295806.4122,36697450000.0,74226127000.0,168802100000.0,102421583000.0
2008-10-31,197228878124.67,22959421824.09,,22712435230.0,50580170000.0,252883000000.0,212253000000.0,84969511176.9178,35951590000.0,63847032000.0,162173900000.0,103175925000.0
2008-11-30,194668292512.1,21920499996.2,,29113648850.0,50181620000.0,247686000000.0,200506000000.0,88718879765.3438,36828150000.0,63392014000.0,165677900000.0,106291429000.0
2008-12-31,193783380643.202,23162348837.79,,33456607170.0,51639310000.0,255968000000.0,201223000000.0,95301628480.87,37550820000.0,62180145000.0,174196300000.0,111008023000.0
2009-01-31,188101650174.361,23453569308.6819,,31500318240.0,50869560000.0,248611000000.0,201741000000.0,90403555655.327,39248210000.0,59251664000.0,167090200000.0,110722191000.0
2009-02-28,186880431358.485,22895922464.4638,,31489629120.0,50564330000.0,249278000000.0,201536000000.0,90175235037.5294,38924570000.0,61895749000.0,163549400000.0,113311049000.0
2009-03-31,190387841761.572,23382421429.0505,,37115479680.0,54840180000.0,251985000000.0,206340000000.0,85636358734.6672,39041280000.0,61251016000.0,166098800000.0,116216271000.0
2009-04-30,190545955819.507,23559606468.2571,,35687315250.0,56565900000.0,251702000000.0,212478000000.0,84194507453.479,39316260000.0,64088572000.0,170100700000.0,116827141000.0
2009-05-31,195263991269.47,24000605067.5526,,37587664660.0,57934100000.0,262306000000.0,226766000000.0,83173238909.9749,39589390000.0,67906463000.0,171755000000.0,121498216000.0
2009-06-30,201467414909.386,23447762283.9708,,38090847320.0,57576020000.0,265142000000.0,231735000000.0,81476217450.9218,39489540000.0,67118657000.0,173191200000.0,120810955000.0
2009-07-31,207363121752.917,23497808304.9873,,41579151100.0,57418460000.0,271641000000.0,237510000000.0,82214333075.7393,40169450000.0,71527751000.0,174128700000.0,123449148000.0
2009-08-31,215744041361.606,25052896582.6262,,43319373440.0,57943040000.0,277252000000.0,245459000000.0,84645206015.4248,41492500000.0,75817385000.0,176262500000.0,127345439000.0
2009-09-30,221628698969.561,26040307176.181,,44811680040.0,62287140000.0,281278000000.0,254247000000.0,87806480224.3818,42528880000.0,78164649000.0,182038600000.0,131755720000.0
2009-10-31,231122622816.083,25963464784.4552,,45009020000.0,64528450000.0,284391000000.0,264187000000.0,88656851775.0502,43173480000.0,83677528000.0,184337000000.0,135257119000.0
2009-11-30,236660232301.923,26114558986.2209,,46349560520.0,65844170000.0,288146000000.0,270892000000.0,90699871730.2697,44167540000.0,85100313000.0,188900200000.0,139828370000.0
2009-12-31,238519547434.595,25372540643.9087,,44192421840.0,66104860000.0,283470000000.0,269995000000.0,99892974562.1262,44242640000.0,79591326000.0,187809100000.0,138417580000.0
2010-01-31,240483527191.985,24945653220.5316,,45488798260.0,69562470000.0,280955000000.0,273694000000.0,98671379447.8456,45591720000.0,85086989000.0,189618600000.0,142403410000.0
2010-02-28,241082393418.962,24921654563.2827,,44651270800.0,69730600000.0,278357000000.0,270660000000.0,99973859183.2482,45764360000.0,85143728000.0,187834300000.0,141797430000.0
2010-03-31,243762348725.754,25631007631.78,,45629649960.0,71823210000.0,279057000000.0,272331000000.0,101606066690.116,45599540000.0,85232100000.0,197111500000.0,144094080000.0
2010-04-30,247291833022.818,25523271220.12,,45563530550.0,78582770000.0,279882958175.653,278873000000.0,103805899756.137,46943900000.0,88576762000.0,203436300000.0,147588090000.0
2010-05-31,249845955981.439,24860826344.55,,42898263760.0,74587290000.0,273794000000.0,270221000000.0,103861090146.29,47689630000.0,86493279000.0,198358600000.0,143518630000.0
2010-06-30,253113558007.083,25175470911.31,,43161524560.0,76321260000.0,275710000000.0,274219000000.0,105559871343.036,48704410000.0,85459260000.0,199959900000.0,146759230000.0
2010-07-31,257298947422.228,25826423941.23,,45398541320.0,78794090000.0,284183000000.0,285958000000.0,109555220346.783,49049180000.0,93153473000.0,206933900000.0,151524750000.0
2010-08-31,261319698097.227,25221276643.01,,44725196887.57206,81317210000.0,283141000000.0,285353000000.0,111548509148.038,49905990000.0,93076980000.0,206410500000.0,155186800000.0
2010-09-30,275205531994.39,26445533222.33,,45960868320.0,86550640000.0,292870000000.0,289775000000.0,113687503356.943,53754250000.0,98640384000.0,214661700000.0,163235330000.0
2010-10-31,284930102502.192,26472820793.23,,46224734880.0,91798630000.0,297956000000.0,293348000000.0,116266615249.466,57153590000.0,99721680000.0,221397900000.0,171061570000.0
2010-11-30,285461064703.553,26006324574.78,,43432427060.0,92759278500.0,292390000000.0,290231000000.0,117412895139.781,60565580000.0,96563680000.0,217566500000.0,167973920000.0
2010-12-31,288574603559.676,27863733848.44,,44995866900.0,96206852300.0,297334000000.0,291571000000.0,120587481501.04,62373090000.0,93514424000.0,225754200000.0,172128907000.0
2011-01-31,297696449397.625,26977028020.2,,46026479520.0,95331560000.0,299225559494.929,295956000000.0,123525370127.39,63540530000.0,95743443000.0,227110200000.0,173988872000.0
2011-02-28,307516311242.579,28449711682.64,,46781607760.0,99618830000.0,301593000000.0,297667000000.0,126449236919.672,63890170000.0,103534203000.0,230880200000.0,179453296000.0
2011-03-31,317145570845.754,31481286736.61,,50707482330.0,105709080000.0,304818000000.0,298618000000.0,128261314652.266,65983390000.0,106631026000.0,234205100000.0,181583956000.0
2011-04-30,328061744039.655,31942759197.03,,53682641600.0,113814190000.0,313511000000.0,307199000000.0,131262871708.242,68488920000.0,111988251000.0,242524200000.0,189883639000.0
2011-05-31,333016864515.451,32769646833.51,,54140249100.0,118108840000.0,311516000000.0,305084000000.0,131174064661.833,68853520000.0,107608272000.0,239943200000.0,185471155000.0
2011-06-30,335775487951.809,34883870072.4,,53479568720.0,119654745000.0,315715000000.0,304485000000.0,133893556303.196,68996110000.0,109146229000.0,242286900000.0,184894286000.0
2011-07-31,346144144992.965,34481456140.27,,51487156000.0,122670950000.0,319090000000.0,311031000000.0,138498654715.114,71883710000.0,106666724000.0,249149600000.0,187638700000.0
2011-08-31,353397280464.698,36365586689.66,,54265963500.0,124637750000.0,321985000000.0,312195000000.0,143408788890.529,75940910000.0,106991128000.0,249176600000.0,188316946000.0
2011-09-30,349708289312.669,37839982447.95,,52342489080.0,114502399000.0,311482000000.0,303384000000.0,141087933607.709,75174010000.0,100340010000.0,233620700000.0,180112745000.0
2011-10-31,352928308979.066,38679728205.79,,51627007380.0,113961760000.0,316210000000.0,310976000000.0,145747772745.582,75831600000.0,102681092000.0,245420100000.0,182008233000.0
2011-11-30,352072689119.481,38792946760.13,,47996991080.0,111315940000.0,307884000000.0,308631000000.0,147186054242.629,76206230000.0,98665114000.0,240987200000.0,178254836000.0
2011-12-31,352012074015.211,41979331478.23,,48876425550.0,110122835400.0,296688000000.0,306402000000.0,149208694789.534,75302430000.0,97865978000.0,237737000000.0,175123750000.0
2012-01-31,355075221306.819,39210054567.63,,49070718000.0,111990491000.0,292767000000.0,311341000000.0,154115053048.087,77357510000.0,100318990000.0,245486100000.0,178552961000.0
2012-02-29,356329925006.751,39324553343.04,,46741714290.0,112219560000.0,295820000000.0,315804000000.0,154996140977.597,77011260000.0,101894217000.0,247014300000.0,180363116000.0
2012-03-31,365215569553.034,39550668293.52,,46340645400.0,110493270000.0,294397000000.0,315952000000.0,155949089143.634,76128720000.0,99726579000.0,243582600000.0,179247824000.0
2012-04-30,374272322898.445,38770096482.72,,46469673800.0,116413020000.0,294846000000.0,316837000000.0,159340958664.692,76537850000.0,102808881000.0,246107100000.0,178962273000.0
2012-05-31,372408820746.158,38301765908.06,,44098742470.0,111528070000.0,286019000000.0,310872000000.0,158607988993.863,76082010000.0,98214733000.0,237714000000.0,171732790000.0
2012-06-30,373909894019.097,40344320025.13,,44789302700.0,106502390000.0,289737000000.0,312378000000.0,162720705799.083,76129580000.0,101388112000.0,243382800000.0,174689057000.0
2012-07-31,376153531234.297,38446468549.22,,44097963080.0,106558990000.0,288776000000.0,314348000000.0,165127478798.415,79758770000.0,102279241000.0,244138100000.0,175370219000.0
2012-08-31,377221262049.624,38419365798.34,,44438137360.0,108990390000.0,290461000000.0,316885000000.0,165358552576.615,80728070000.0,103523877000.0,246181100000.0,179228557000.0
2012-09-30,378725669838.401,40107279431.44,,44707673100.0,110172240000.0,294812000000.0,322015000000.0,165590006186.69,82028680000.0,105768065000.0,252147800000.0,183627154000.0
2012-10-31,377752659558.982,38942701018.62,,45440029110.0,110297160000.0,295254150000.0,323461000000.0,167390123749.711,81747270000.0,105931270000.0,254217800000.0,181428092000.0
2012-11-30,378559714875.646,39718842476.92,,43976569560.0,111285110000.0,294509520000.0,326091000000.0,168285915639.526,83933360000.0,107533547000.0,255768600000.0,181626870000.0
2012-12-31,373147496926.33,41649463997.08,,44702987220.0,112781220000.0,295638090000.0,326968000000.0,167050026779.301,83831360000.0,108914608000.0,259307100000.0,181607960000.0
2013-01-31,373416523147.703,39954051606.9,,46607257500.0,108779950000.0,295507770000.0,328910000000.0,171252766886.418,85273600000.0,108004703000.0,258844000000.0,181713876000.0
2013-02-28,373741857849.042,39330345477.67,,47128908720.0,105182650000.0,290912000000.0,327395000000.0,171741925646.504,83623320000.0,107091067000.0,259136200000.0,179271521000.0
2013-03-31,376934397497.6,39831957936.36,,45415365450.0,104799860000.0,292046080000.0,327408000000.0,171298001939.83,83950710000.0,108869543000.0,258186300000.0,177802901000.0
2013-04-30,378665008237.397,41227399713.31,,46921159680.0,107268500000.0,293892160000.0,328799000000.0,172700326236.603,83213280000.0,109094121000.0,261678000000.0,178374897000.0
2013-05-31,374416596535.106,40147978903.15,,45922885400.0,105148530000.0,287897320000.0,328095000000.0,170096516114.077,81967000000.0,110226854000.0,258377900000.0,175262500000.0
2013-06-30,369402362580.563,41002914277.15,,44902593600.0,98095100000.0,282453630000.0,326440000000.0,168901406827.084,81255480672.53,106914965000.0,259816300000.0,170841080000.0
2013-07-31,371965546094.148,40083390005.41,,44782283250.0,92671060000.0,277572240000.0,329709000000.0,172812442852.987,83172115087.33,110129558000.0,261095900000.0,172249045000.0
2013-08-31,367001635974.113,40678872303.88,,40433983800.0,92997090000.0,275491000000.0,331094000000.0,173520282178.642,82891279233.34,109391013000.0,261874200000.0,168770327000.0
2013-09-30,368653508737.341,42302744438.08,,41615792550.0,95675330000.0,277232810000.0,336922000000.0,175002577197.138,83507320000.0,106862524000.0,268102600000.0,172322381880.0
2013-10-31,364504804381.366,40817377909.31,,44683414470.0,96995678000.0,281542930000.0,343226000000.0,177161737157.606,83607440000.0,105544025000.0,271778800000.0,172123450940.0
2013-11-30,362410088122.641,39902841841.47,,47269641900.0,96960150000.0,290676600000.0,345012000000.0,179189727521.265,83572105984.7,107048013000.0,271898400000.0,167512560000.0
2013-12-31,358807598093.257,41093669516.24,,46589445750.0,99386708000.0,293877450000.0,346460000000.0,180200221914.935,83187043357.48,106219461000.0,273065100000.0,167288736000.0
2014-01-31,360935696067.608,40001763484.01,,46106049520.0,100651396000.0,291070100000.0,348394000000.0,183004125109.139,79509836804.8,106322468000.0,271538000000.0,166761763300.0
2014-02-28,362690851509.93,39977273603.38,,46671088140.0,102740920000.0,294360040000.0,351792000000.0,183763262894.617,80539631028.92,104407126000.0,273996000000.0,168137500000.0
2014-03-31,363913699460.966,40969677416.07,,49907734200.0,102591872000.0,304223000000.0,354341000000.0,185466984836.837,79645231926.34,102846391000.0,272906400000.0,167503889824.81
2014-04-30,366716796290.17,40282600968.61,,49940745500.0,105562783000.0,310986000000.0,355845000000.0,188841113035.49,79844219783.1,102465672000.0,275238900000.0,168941820000.0
2014-05-31,368752062337.373,40903754085.1,,49356807170.0,107047656000.0,312206830000.0,360913000000.0,190594139773.871,80242197576.28,102731222000.0,276142200000.0,167602097396.91
2014-06-30,373515874332.048,41087571941.12,,49278064000.0,107678100000.0,316138000000.0,366546000000.0,192539241842.791,80733309218.48,101951315000.0,277967300000.0,168207120000.0
2014-07-31,376791953309.076,40369453767.54,,47128196450.0,110542440000.0,319808000000.0,368026000000.0,192892913494.593,80644220172.49,103480343000.0,273658100000.0,169424350000.0
2014-08-31,379156507988.746,40296809624.24,,46863689880.0,111223640000.0,318399000000.0,367534000000.0,193373718928.885,80872790000.0,101971599000.0,273293100000.0,167523420000.0
2014-09-30,375513428133.997,40087223485.52,,44901177200.0,111164460000.0,313841000000.0,364407000000.0,193331800343.603,79556910000.0,101722302000.0,266142100000.0,161572130000.0
2014-10-31,375833100000.0,39814017177.86,,42855124160.0,111972608000.0,315910000000.0,363723000000.0,197026424071.576,79409200000.0,100122645000.0,264379300000.0,160606730000.0
2014-11-30,375426180000.0,39911145989.68,,42610346010.0,111143550000.0,315558000000.0,363095000000.0,196718810697.717,78679010000.0,100393879000.0,260553200000.0,158543780000.0
2014-12-31,363550580000.0,40446936425.76,,41981514030.0,111861590000.0,320649000000.0,363593000000.0,195681788516.475,79540590000.0,100438224000.0,256860400000.0,157107600000.0
2015-01-31,361767128898.913,39956954043.26,,43220597700.0,114249520000.0,328688840000.0,362186000000.0,199161389790.616,80715990199.98,99461846000.0,251463900000.0,155423010000.0
2015-02-28,362547395674.487,38032385830.11,,40921468000.0,115527330000.0,337733000000.0,362370000000.0,198221729291.64,80837013646.28,97509149000.0,250701600000.0,156935390000.0
2015-03-31,362744344296.695,38427469589.57,,39708994430.0,111553650000.0,341638000000.0,362750000000.0,197765070752.239,80458512399.16,97126255000.0,248404000000.0,156319189000.0
2015-04-30,364473213854.484,38818559222.03,,41434939000.0,110867100000.0,351869000000.0,369902000000.0,198320193070.547,80850119934.3,102917925000.0,251920700000.0,161103290000.0
2015-05-31,366646713298.483,38722950477.83,,40750807500.0,110770550000.0,352479000000.0,371506000000.0,196455284967.65,80405040576.18,102921332000.0,250188800000.0,158518373000.0
2015-06-30,368668440273.058,38179324223.78,3771347000000.0,38894082900.0,108029610000.0,356001000000.0,374749000000.0,194305586416.285,80644257659.22,104060530000.0,253280100000.0,160273972000.0
2015-07-31,368251898427.197,38181270502.88,3725448000000.0,37962380170.0,107552840000.0,353460080000.0,370822000000.0,193336417189.812,80332382666.14,98672199000.0,250116400000.0,156944032000.0
2015-08-31,368159079615.524,38403080862.49,3634184000000.0,37611072600.0,105345920000.0,351437000000.0,367938000000.0,187163369434.221,80255430547.12,98743647000.0,250410300000.0,155838100000.0
2015-09-30,361370395148.097,38245372536.02,3590270000000.0,35991429980.0,101719530000.0,350288000000.0,368114000000.0,181928803908.304,80550513147.6,101469991000.0,251639900000.0,155533430000.0
2015-10-31,361229968888.696,38593140092.16,3604029000000.0,35377459890.0,100711970000.0,354176000000.0,369601000000.0,177125102177.266,81097822131.54,100781816000.0,249775100000.0,158293930000.0
2015-11-30,357015918604.929,38458776444.17,3512978000000.0,35058806000.0,100240450000.0,350247000000.0,368463000000.0,172678185311.604,80173193024.85,98044520000.0,247088400000.0,155680970000.0
2015-12-31,356463680174.398,38642558710.94,3406111000000.0,33011670270.0,105931030000.0,350381000000.0,367962000000.0,177596708873.563,80666863371.8,94921099000.0,247747400000.0,156513950000.0
2016-01-31,357506628063.702,38459281363.14,3308291000000.0,34144546800.0,102133890000.0,349609000000.0,367293000000.0,176321369777.123,80692430002.36,99744828000.0,244858600000.0,160114000000.0
2016-02-29,359367713170.067,38253679394.09,3294002000000.0,34531292000.0,104543720000.0,348418000000.0,365758000000.0,178408847653.064,81877594040.0,98895756000.0,244012500000.0,167971000000.0
2016-03-31,357698150781.795,39552980323.7,3305445000000.0,31366813500.0,107542580000.0,360177000000.0,369840000000.0,179708030551.336,82977035984.0,100530719000.0,246196000000.0,175073000000.0
2016-04-30,362201000000.0,39868062337.12,3316135000000.0,30141321840.0,107711000000.0,363049000000.0,372482000000.0,182118826969.675,83736267426.0,105003638000.0,250352000000.0,178568000000.0
2016-05-31,363447000000.0,39848212592.65,3283643000000.0,28400984040.0,103591270000.0,361605000000.0,370897000000.0,179351011915.759,82927200000.0,108016010000.0,247128700000.0,175477000000.0
2016-06-30,364151870000.0,39693948636.94,3303172000000.0,27516084960.0,109788720000.0,363506000000.0,369890000000.0,178829942063.602,85284318324.63,110267103000.0,248859000000.0,178668888000.0
2016-07-31,369340429579.848,39426713649.18,3299860000000.0,27290416360.0,111408720000.0,366503970000.0,371384000000.0,179651912199.225,85506227793.15,109023756000.0,251428800000.0,180203663000.0
2016-08-31,369541328038.951,39076990174.03,3281775000000.0,26861849960.0,113538180000.0,366800010000.0,375459000000.0,177835420944.201,85791979065.96,110015923000.0,252282800000.0,180802639000.0
2016-09-30,370417274643.504,39436637545.83,3264085000000.0,26407595660.0,115671340000.0,371990270000.0,377770000000.0,180498501527.553,86139109264.85,111918774000.0,253407600000.0,180468739000.0
2016-10-31,367528375015.155,39528429210.8,3216287000000.0,27366313520.0,115037050000.0,366211640778.183,375167000000.0,176852188133.947,85105775423.03,113029784000.0,251363500000.0,180261173000.0
2016-11-30,365556462927.476,39430185627.47,3141088000000.0,26747663100.0,111466090000.0,361121040000.0,371985000000.0,175909549064.741,81451073332.96,110843143000.0,247784400000.0,174705250000.0
2016-12-31,365016221276.97,40493648943.03,3097845000000.0,25703174400.0,116361530000.0,358898220000.0,371102000000.0,178025005179.773,80691786823.14,114391611000.0,246575300000.0,171853237000.0
2017-01-31,367708174302.689,39882751542.05,3089558000000.0,26576680500.0,116890080000.0,362952634872.211,374036000000.0,176687686108.53,81376447559.93,113694998000.0,252743300000.0,179161400000.0
2017-02-28,368981075458.124,39709906638.76,3099529000000.0,26667350500.0,119863050000.0,364259090000.0,373909000000.0,179746217980.959,81436087948.47,110809019000.0,253349700000.0,183002140000.0
2017-03-31,370111122854.408,39021959292.5,3102764000000.0,26084222530.0,121805630000.0,369954690000.0,375302000000.0,178703643811.963,80893788817.24,111984956000.0,259638200000.0,180869200000.0
2017-04-30,374945450824.654,38962176296.34,3124573000000.0,26644279600.0,123249430000.0,373301790000.0,376573000000.0,176748688084.232,82015344440.57,109417883000.0,260725400000.0,184469924659.97
2017-05-31,376491477635.744,38850138606.36,3148401000000.0,26626423110.0,124953290000.0,380100460000.0,378456000000.0,176115160436.266,82176526782.74,109717110000.0,264556400000.0,184148090000.0
2017-06-30,377174958951.163,38914879633.94,3150384000000.0,26774035560.0,123093710000.0,386539360517.933,380568000000.0,175395794723.938,81321205967.11,111723082000.0,266303000000.0,185555110000.0
2017-07-31,381028911648.156,38410301555.25,3175244000000.0,26159184360.0,127758580000.0,393655227000.0,383756000000.0,175282207540.099,81065255222.28,109785479000.0,269724100000.0,190381350000.0
2017-08-31,381843434796.177,38943125008.65,3188517000000.0,26448268000.0,128787060000.0,397822050000.0,384839000000.0,174702228258.735,81725381858.26,109682226000.0,273114800000.0,196914300000.0
2017-09-30,381244335431.834,37737889172.97,3204381000000.0,26240015600.0,129402400000.0,400205326198.308,384674000000.0,174888921251.897,80962231790.2,111350685000.0,275410200000.0,199304480000.0
2017-10-31,380350724607.534,39268767740.81,3203986000000.0,26254164200.0,126547130000.0,399224730000.0,384463000000.0,176441475844.352,80419106421.79,110638994000.0,276012500000.0,200525760000.0
2017-11-30,381055702736.835,37911509386.39,3214490000000.0,26270180920.0,125967230000.0,401941950000.0,387251000000.0,173967061420.245,80309845151.24,113377378000.0,279589300000.0,203073050000.0
2017-12-31,373972016877.543,38982036683.41,3235895000000.0,28025602190.0,130196380000.0,409072200000.0,389267000000.0,175449877643.902,81569899864.04,113278897000.0,279899700000.0,202562308015.53
2018-01-31,375700654712.513,38708224921.7283,3260679000000.0,29167193510.0,131979640000.0,422366510000.0,395755000000.0,179314093988.281,81223997479.49,117539611000.0,282384900000.0,214665117986.52
2018-02-28,377035099292.814,38391853536.59,3231921000000.0,27550386960.0,128058650000.0,420962790000.0,394799000000.0,177615006848.153,80431587789.54,116050189000.0,282783500000.0,212734921666.97
2018-03-31,379576892497.477,38103828427.34,3240343000000.0,28410501060.0,126003200000.0,424544870000.0,396754000000.0,177601434301.836,80511200839.66,119470272000.0,287148500000.0,215614698795.35
2018-04-30,379979120414.559,37336979591.85,3221574000000.0,27984264830.0,124862000000.0,420516970000.0,398422000000.0,177213411071.368,79608786457.96,113227571000.0,287733800000.0,215152075821.77
2018-05-31,382548965111.84,37281215991.27,3206816000000.0,29448488820.0,122913910000.0,412372960000.0,398981000000.0,178410304765.463,79202376079.77,111759193000.0,287915600000.0,212553370000.0
2018-06-30,379500369693.226,36986887223.17,3206123000000.0,28050313800.0,119839030000.0,405740229505.675,400299000000.0,178008699299.824,77525104966.17,108969508000.0,288043700000.0,206790710000.0
2018-07-31,379444402185.001,37575877886.41,3210045000000.0,28100913120.0,118312240000.0,403674775000.0,402448000000.0,176620067988.434,76721649813.99,112146036000.0,289208300000.0,205506730000.0
2018-08-31,381392777178.326,36780743382.73,3200624000000.0,28270452440.0,117927180000.0,400101864838.637,401131000000.0,176501770847.632,77933935016.76,113263022000.0,289479700000.0,204535670000.0
2018-09-30,380738079728.76,37133648012.04,3177087000000.0,27466143680.0,114847520000.0,400525068000.0,403000000000.0,177039982732.545,74938792810.82,112880175000.0,291326200000.0,204457060000.0
2018-10-31,380289893188.169,37457158173.61,3144948000000.0,27920034660.0,115163060000.0,392084790000.0,402748000000.0,176584204151.459,74710905302.54,111416492000.0,290270900000.0,201784550000.0
2018-11-30,379721784456.794,39564375911.2,3153057000000.0,28062523090.0,117211830000.0,393717988000.0,402987000000.0,176573238905.328,75682148677.34,113834959000.0,289520600000.0,203153030000.0
2018-12-31,374714801773.987,39851849876.56,3167993000000.0,31376549500.0,120654270000.0,395591008000.0,403694000000.0,176384094742.854,79193369769.11,116964559000.0,287673100000.0,205641080000.0
2019-01-31,376983565884.307,38909326389.07,3186352000000.0,30584272640.0,120075160000.0,400190140000.0,405513000000.0,180350231560.451,82487075349.37,113676238000.0,293889200000.0,209910760000.0
2019-02-28,378447686239.478,38713501337.29,3188786000000.0,30073967920.0,123273870000.0,402362454029.312,404674000000.0,181007068447.753,82780833858.32,112485696000.0,292503900000.0,212540700000.0
2019-03-31,384165073244.136,38709986450.4,3196118000000.0,30871420650.0,124539310000.0,412870874000.0,405253000000.0,182071232211.273,83613235476.61,112943121000.0,295829500000.0,212183040000.0
2019-04-30,383798920000.0,37902314749.89,3192461000000.0,30226003560.0,124293820000.0,418793015000.0,404029000000.0,184661117949.846,83878770948.07,117016718000.0,296811600000.0,210500498809.77
2019-05-31,386162035915.402,38258726355.44,3199810000000.0,29778187950.0,120347150000.0,421867777654.883,401972000000.0,185417406262.836,85357459578.49,118619155000.0,265451200000.0,209955738725.884
2019-06-30,388092398211.773,39516294610.99,3225235000000.0,30800425200.0,123823272000.0,429837099579.879,403072000000.0,186209319075.482,84931550011.68,117801119000.0,273943300000.0,215808410095.25
2019-07-31,385729501965.92,39082925947.35,3211497000000.0,30213746010.0,125900040000.0,428820237112.17,403113000000.0,187954234557.021,85175756150.55,116528928000.0,272672900000.0,218365890000.0
2019-08-31,386477505823.475,39503239820.58,3221499000000.0,31741301760.0,126441490000.0,428349283030.006,401483000000.0,189351448316.116,86031003714.33,116609042000.0,272370300000.0,220169710000.0
2019-09-30,376434044868.597,38932565119.61,3204451000000.0,30888935190.0,124332332000.0,433707152819.746,403320000000.0,182915369532.261,85581756988.35,120871973000.0,272239300000.0,220530700000.0
2019-10-31,369836023086.606,39769503034.85,3219125000000.0,31205434260.0,126693760000.0,445113030541.539,406324000000.0,183719260048.283,85834057551.65,121900646000.0,276795500000.0,222782735692.88
2019-11-30,366375502502.583,38786282203.8,3206263000000.0,32192634800.0,126633320000.0,451258562138.208,407460000000.0,185289142716.117,86227577920.26,119829423000.0,276004300000.0,221036361706.86
2019-12-31,356884089820.155,40656945720.5,3222932000000.0,31888383040.0,129183280000.0,459863186000.0,408816000000.0,183027675785.967,87839536214.62,128404954000.0,279450200000.0,224326666069.76
2020-01-31,359394157302.858,37438370977.31,3234220000000.0,29668983480.0,131703800000.0,471299580000.0,409653000000.0,189157590075.077,86868552410.58,125457097000.0,278625100000.0,230309471435.9
2020-02-29,362459581868.294,36153840120.58,3226673000000.0,27301226010.0,130444444000.0,481256130000.0,409171000000.0,188405293899.777,88186973478.51,128182054000.0,282995200000.0,229456057773.18
2020-03-31,343164783596.741,37952469655.59,3180274000000.0,28236022320.0,120968876000.0,477806780000.0,400214000000.0,189779850870.295,88861497258.95,120893526000.0,279146700000.0,226468700002.47
2020-04-30,339316524452.208,36884833267.9,3217939000000.0,31524738560.0,127879620000.0,481077570000.0,403982000000.0,196145717278.715,90942706953.25,118263885000.0,301772800000.0,235708911226.08
2020-05-31,345706127682.476,36756019040.17,3229881000000.0,32412107520.0,130544030000.0,493559530000.0,407311000000.0,197396204370.415,93288103109.39,132787686000.0,300991200000.0,237245770000.0
2020-06-30,348780918127.944,36390170023.04,3243325000000.0,33809897440.0,131718360000.0,505701500000.0,410754000000.0,197054908182.46,93469870078.45,129087872000.0,312496600000.0,241583010000.0
2020-07-31,354664451952.982,36851418566.24,3298223000000.0,35028848960.0,135077220000.0,534567860000.0,416526000000.0,197893470821.458,98600522044.01,137674083000.0,321350600000.0,250355518107.85
2020-08-31,356091927711.538,37782958444.15,3307943000000.0,35891401200.0,137041300000.0,542880840000.0,418951000000.0,198640280786.873,98954894274.74,139111478000.0,327530200000.0,254518259547.64
2020-09-30,356605648619.095,37821706221.31,3281208000000.0,37714160840.0,135153150000.0,544687325000.0,420545000000.0,199815555149.739,100443319322.19,139496058000.0,328021600000.0,251053111656.94
2020-10-31,354545536361.431,38259947758.63,3266286000000.0,35355450300.0,133662730000.0,560190507000.0,426510000000.0,198720880624.356,103802617359.46,143116602000.0,338049100000.0,248511393596.24
2020-11-30,356004388367.611,37708889282.95,3309627000000.0,38990347600.0,133556120000.0,574820840000.0,436377000000.0,201287361271.138,,144412500000.0,352627800000.0,253493750000.0
2020-12-31,355619858844.89,39199982718.59,3356529000000.0,41325537540.0,135896660000.0,585770630000.0,443098000000.0,199056244045.685,110117434184.98,154246162000.0,362304800000.0,258134370000.0
2021-01-31,355416219636.959,38998895926.55,3349305000000.0,40349772800.0,138004880000.0,590321450000.0,442728000000.0,203185810767.98,108673807555.73,157298507000.0,370073800000.0,256838630000.0
2021-02-28,356069733752.19,39561761184.4,3336018000000.0,40219902200.0,138787350000.0,584554230000.0,447557000000.0,200218680530.255,,163448730000.0,382632500000.0,253916020440.59
2021-03-31,347412888213.225,40220140151.59,3297095000000.0,37526566000.0,137095310000.0,576983890000.0,446127000000.0,199301641547.414,104483778782.73,158351465000.0,379754100000.0,245535070590.19
2021-04-30,350995560333.969,42593739617.78,3330405000000.0,36593357500.0,138798560000.0,588020400000.0,452310000000.0,201898865525.118,107705106907.05,155667131000.0,385708900000.0,250372002327.04
2021-05-31,353447712059.394,47847333775.9,3362471000000.0,37240746270.0,136398010000.0,598877060000.0,456459000000.0,200116466331.796,107250703705.8,162734079000.0,398074200000.0,251784341789.12
2021-06-30,352486050404.625,44954354352.29,3345897000000.0,36606641720.0,137092520000.0,611074970000.0,454106000000.0,199458493164.082,105762716633.75,159401670000.0,398356500000.0,246528758109.53
2021-07-31,355671319506.918,48767023807.31,3371608000000.0,37351771380.0,137342890000.0,620061630000.0,458681000000.0,200465674666.374,107151465067.63,163025044000.0,407736300000.0,248018702969.68
2021-08-31,370394535546.494,52022777626.86,3408736000000.0,39913123500.0,144784190000.0,640703200000.0,463934000000.0,211670725056.266,107964673925.04,169452017000.0,418146900000.0,252012590000.0
2021-09-30,368885989966.667,53309040781.34,3373016000000.0,44316538280.0,146869990000.0,635362768000.0,463972000000.0,212002533157.764,106596231376.35,167018832000.0,416750900000.0,244670549521.95
2021-10-31,367926645273.081,55031308213.0,3392229000000.0,43739784500.0,145461220000.0,640393950000.0,469208000000.0,211589804373.92,107888866504.9,167837230000.0,419032000000.0,246099830450.03
2021-11-30,367771800126.104,53312632606.06,3398927000000.0,42035145900.0,145858260000.0,637996742000.0,463908000000.0,212757925117.34,107723636414.81,166725719000.0,412959200000.0,243016651155.16
2021-12-31,362203931089.352,51329829396.38,3426908000000.0,43465903460.0,144905380000.0,633614314000.0,463118362000.0,207744817963.472,108794414703.29,166049631000.0,417904400000.0,245996769395.13
2022-01-31,358398142087.756,50783209810.69,3398241000000.0,39621203360.0,141343880000.0,629946530000.0,461527000000.0,209729611111.618,107688567583.8,161266735000.0,418390300000.0,242772442854.74
2022-02-28,357740389956.024,50231711021.64,3397393000000.0,40591559430.0,141435150000.0,631863150000.0,461766000000.0,210002732386.789,107801188531.36,160663322000.0,426633100000.0,245052680000.0
2022-03-31,353169040078.79,48319662834.28,3373159000000.0,41042506190.0,139128750000.0,607309130000.0,457810000000.0,209575898383.857,107308909453.38,158078152000.0,379666200000.0,242430450000.0
2022-04-30,345097182106.895,48610092567.08,3301196000000.0,36164848000.0,135658830000.0,596673030000.0,449298000000.0,207105231250.493,105400454395.66,152150374000.0,365177400000.0,228574510000.0
2022-05-31,346415158893.134,46434391220.86,3305419000000.0,36489335040.0,135550130000.0,603203080000.0,447711000000.0,206040090038.574,103646889350.32,156310703000.0,345219100000.0,229997860000.0
2022-06-30,341958047280.405,45820536122.76,3246595000000.0,38930372130.0,136379330000.0,589154571000.0,438278300000.0,203589627000.0,100853668468.53,154239935000.0,314369800000.0,222292490000.0
2022-07-31,346403498085.235,44688526322.63,3275490000000.0,36552181500.0,132173490000.0,574251620000.0,438605000000.0,203554429666.675,,157574998000.0,288223100000.0,220019140000.0
2022-08-31,339664040274.229,41453515081.63,3223762000000.0,36509700000.0,132201500000.0,560377590000.0,436432000000.0,205105362307.87,97441854367.62,154791923000.0,289414900000.0,215020440000.0
2022-09-30,327579914931.613,37784490727.1,3193579000000.0,37763849479.99998,130782100000.0,532663718000.0,416767000000.0,202135474081.201,93000009939.7701,151595243000.0,286067100000.0,199444552447.06
2022-10-31,325546137552.957,37851950990.58,3215416000000.0,36566698460.00001,130197030000.0,534022040000.0,414006000000.0,201256645902.786,94027865683.63,151671814000.0,282284400000.0,201906850000.0
2022-11-30,331504671267.289,38611129849.44,3289932000000.0,38932930960.0,133994440000.0,553169645000.0,416105000000.0,202241152892.676,95123189758.21,162410403000.0,291274700000.0,210696530000.0
2022-12-31,324702864279.686,39154122554.43,3306530000000.0,41286699420.0,137233270000.0,562720560000.0,423164000000.0,201143323840.272,96149171235.7,166694973000.0,289484100000.0,216632550000.0
2023-01-31,331121736098.859,39507850969.2,3372494000000.0,43615066290.0,139404090000.0,574416430000.0,429968000000.0,206351836646.71,100665502296.8,167221186000.0,291699100000.0,225486900000.0
2023-02-28,328097536210.842,39084437269.45,3315912000000.0,42126953470.0,140311310000.0,562722990000.0,425286000000.0,204685587657.845,98216138526.96,167821445000.0,294085100000.0,217430870000.0
2023-03-31,341157863019.148,39303825250.64,3379002000000.0,43241501250.0,145189070000.0,578449150000.0,426069000000.0,206313240691.554,101548282462.46,170360983000.0,312897000000.0,224481820000.0
2023-04-30,345725166291.841,39820321825.73,3400780000000.0,43789482750.0,144166500000.0,590097260000.0,426684000000.0,207730779117.052,,178072247000.0,312010000000.0,223445590000.0
2023-05-31,343488566167.213,39626064625.84,3371823000000.0,42219429660.0,139285830000.0,590716500000.0,420983000000.0,207461390445.03,100588624352.77,176109213000.0,325744500000.0,220782350000.0
2023-06-30,343620193940.829,39497361288.47,3384853000000.0,43322850660.0,137540510000.0,595051380000.0,421454000000.0,210437925892.722,99386740800.74,180763328000.0,331188200000.0,218227694425.91
2023-07-31,345475518573.761,40675705848.36,3400725000000.0,44052868350.0,137673550000.0,605810440000.0,421804000000.0,211253733970.863,99951448527.36,181893323000.0,340793300000.0,220717996721.21
2023-08-31,344177171384.459,41124644584.53,3357881000000.0,43051517080.0,137090330000.0,598241010000.0,418301000000.0,210384826376.547,99567906587.89,182240852000.0,337251500000.0,216932747784.32
2023-09-30,340323677965.989,41402110733.65,3308465000000.0,42017710920.0,134856190000.0,587713802058.868,414118000000.0,209625880610.132,,180022635000.0,337397300000.0,211750234176.17
2023-10-31,340247411795.717,42567339703.73,3305070000000.0,42816338950.0,133139750000.0,588461420000.0,412874000000.0,209019306465.657,101035155405.76,177004400000.0,338242300000.0,210925398449.75
2023-11-30,348405962629.364,43216720631.8,3380410000000.0,44707243450.0,138100080000.0,604171690000.0,417080000000.0,210806819355.336,102720139135.3,186712361000.0,345464400000.0,219086892556.92
2023-12-31,355033554712.174,46353101531.09,3449691000000.0,45752083000.0,146383750000.0,622452290000.0,420148000000.0,214413392525.46,103753228918.42,193812238000.0,351030500000.0,224483887479.38
2024-01-31,355065681507.061,47084726321.39,3431070000000.0,50466066710.0,145051570000.0,619962610000.0,415759000000.0,222008167590.137,103269901747.65,189558861000.0,357792700000.0,221626585193.12
2024-02-29,352704502768.655,46552078445.51,3437507000000.0,50234372160.0,144039970000.0,625164990000.0,415729000000.0,219534276810.779,101994498577.85,187995576000.0,357345500000.0,222435043232.71
2024-03-31,355007708591.885,45715664231.66,3469438000000.0,50134174630.0,140389510000.0,646418850000.0,419251000000.0,219516274933.183,104067517621.14,202499728000.0,368682000000.0,223363270000.0
2024-04-30,351598751685.177,43908020906.8,3430894000000.0,50263347160.0,136217740000.0,640200677000.0,419307000000.0,221484534866.219,102647754826.15,206097349000.0,366877200000.0,221069819763.619
2024-05-31,355559727283.918,45833671015.76,3465389000000.0,51802456080.0,138973180000.0,651509980000.0,412832000000.0,222773505997.62,105015612140.25,207820123000.0,370541800000.0,224333601004.31
2024-06-30,357826945957.855,44063061770.27,3453853000000.0,49514371750.0,140177280000.0,651997257155.149,412211000000.0,225876254077.546,105188872222.01,209568611000.0,371675300000.0,224328609073.95
2024-07-31,363281519025.792,45500115591.51,3495336000000.0,51285197800.0,145413740000.0,670615076000.0,413507000000.0,226611879019.787,106737816558.16,206204535000.0,378619000000.0,230624331701.75
2024-08-31,369213856501.724,46263828475.02,3534997000000.0,52202696020.0,150242800000.0,682230746426.616,415916000000.0,230744669693.088,107857557863.89,213297301000.0,384587400000.0,235684780322.75
2024-09-30,372016419480.171,45628700129.84,3571803000000.0,51524887680.0,149922060000.0,705782255825.03,419970000000.0,231867074980.766,112706919192.1,218812862000.0,389812200000.0,243007412269.17
2024-10-31,366096447825.134,44622178335.67,3522531000000.0,50560492500.0,151233240000.0,682129956813.35,415690000000.0,230474182759.882,111083722126.55,215455395000.0,383721600000.0,238550541229.0
2024-11-30,363003433557.568,44914770163.43,3521641000000.0,48932584180.0,150242500000.0,659432855000.0,415392000000.0,232161810727.361,108488025411.82,218379355000.0,377232600000.0,237500586978.4
2024-12-31,329729686639.349,44421083260.9,3455558000000.0,46323200430.0,155719380000.0,635701425186.09,415604000000.0,232056475043.996,106256486165.76,223166450000.0,371433200000.0,237045760344.339
2025-01-31,328303465800.923,44490108730.91,3478007000000.0,49119708390.0,156084570000.0,630607385032.165,411015000000.0,240787979701.401,103271181730.51,225419917000.0,376702900000.0,242083573751.96
2025-02-28,332507899412.979,44868703571.77,3498558000000.0,48100277540.0,154508980000.0,638698430000.0,409210000000.0,245548059082.996,107395135883.9,229217212000.0,379322500000.0,244755720000.0
2025-03-31,336157168061.796,45065536551.95,3533893000000.0,49304503500.0,157089820000.0,668326222000.0,409659000000.0,246819618472.196,106669671669.01,237493958000.0,382606400000.0,245303690000.0
2025-04-30,340789380743.806,45643064405.09,3591327000000.0,52038526260.0,152467480000.0,688428344000.0,404672000000.0,247046783808.075,105307766721.36,242430020000.0,389229300000.0,256789250000.0
2025-05-31,341459386605.073,45779923458.55,3593464000000.0,51914931160.0,152487810000.0,691308964160.94,404596000000.0,246233052007.648,105176466182.74,243594234000.0,401729700000.0,257550538303.69
2025-06-30,344440017282.045,46398096756.11,3627081000000.0,55100290800.0,152566600000.0,698117773712.57,410203000000.0,249380010581.116,105998082514.61,247558669000.0,404962900000.0,262404727994.95
2025-07-31,345110963222.244,46209425346.41,3602070000000.0,53938588240.0,151987970000.0,690109424807.265,411335000000.0,247477641083.653,105418246695.18,255941108000.0,397335500000.0,261884310000.0
2025-08-31,350766699104.747,46797230999.35,3643149000000.0,56425769220.0,150707880000.0,695358141808.105,416286000000.0,248959861240.363,107097922466.52,260945734000.0,391267300000.0,267351450000.0
2025-09-30,356582189988.628,47421508453.43,3688939000000.0,55977448290.0,148736930000.0,700088697337.272,422016000000.0,259576572690.56,109059467236.49,262466109000.0,393134900000.0,273272496387.61
2025-10-31,357102803891.618,47958349162.87,3706844000000.0,55778899180.0,149932585773.47,689732833465.912,428819000000.0,257150790297.751,110249079006.83,263955357000.0,392197900000.0,272016879991.89
2025-11-30,360578289206.25,48658788259.56,3723651000000.0,58007075460.0,150061012035.43,687929820722.552,430659000000.0,255707847765.863,111253802201.88,265005581000.0,400019900000.0,274680230000.0
2025-12-31,358233744846.807,49467944729.67,3744307000000.0,59035642500.0,156470965939.72,687734276134.224,428055000000.0,256196461073.922,110833436014.98,271117391000.0,409275900000.0,
2026-01-31,364367276393.295,49850998833.91,3836281000000.0,67673102250.0,154580475347.14,711548136772.775,425906000000.0,272152331875.648,112614804060.67,293852833000.0,416969100000.0,
2026-02-28,371073503266.98,51036119213.89,3882693000000.0,70668979800.0,151901160227.96,,427625000000.0,272626769719.802,113264110089.84,305804447000.0,416058200000.0,
2026-03-31,362001833520.341,50674231325.95,3751123000000.0,67529938620.0,148150158677.0,691107581704.94,423656000000.0,268661054356.652,106636075475.5,290710259000.0,419880100000.0,
2026-04-30,366912866300.56,51544593983.6,3821717000000.0,70948874940.0,146201964472.57,690692920061.597,427875000000.0,269599948814.172,104328348558.42,297636643000.0,427256900000.0,
2026-05-31,371136690267.566,52250669916.27,3850586000000.0,71189436520.0,144898400000.0,686347531003.383,426994000000.0,267870791487.534,103987799702.86,297224932000.0,430140100000.0,
2026-06-30,367557997648.871,51876342024.84,,68726443140.0,,668591276449.708,,,,293502770000.0,,
