,BRL,CLP,CNH,HUF,IDR,INR,KRW,MXN,PLN,SGD,THB,TWD
2005-01-31,,,50727000000.0,,,,,,,,,
2005-02-28,,,44276000000.0,,,,,,,,,
2005-03-31,,,60845000000.0,,,,,,,,,
2005-04-30,,,62084000000.0,,,,,,,,,
2005-05-31,,,58422000000.0,,,,,,,,,
2005-06-30,,,65930000000.0,,,,,,,,,
2005-07-31,,,65532000000.0,,,,,,,,,
2005-08-31,,,68372000000.0,,,,,,,,,
2005-09-30,,,70148000000.0,,,,,,,,,
2005-10-31,,,68025000000.0,,,,,,,,,
2005-11-30,,,72195000000.0,,,,,,,,,
2005-12-31,,,75397000000.0,,,,,,,,,
2006-01-31,9282000000.0,4073000000.0,65126000000.0,5238000000.0,7812000000.0,9168000000.0,23249000000.0,19207000000.0,7787000000.0,19975000000.0,8906000000.0,16971000000.0
2006-02-28,8757000000.0,4291000000.0,54106000000.0,5130000000.0,7734000000.0,9055000000.0,23785000000.0,18729000000.0,7861000000.0,20255000000.0,9483000000.0,15552000000.0
2006-03-31,11379000000.0,5644000000.0,78019000000.0,6273000000.0,7716000000.0,11561000000.0,26855000000.0,20917000000.0,9095000000.0,23259000000.0,11065000000.0,18055000000.0
2006-04-30,9822000000.0,5264000000.0,76828000000.0,5493000000.0,8189000000.0,8625000000.0,25554000000.0,19761000000.0,8321000000.0,21018000000.0,9174000000.0,18964000000.0
2006-05-31,10277000000.0,4708000000.0,73072000000.0,6560000000.0,8440000000.0,10110000000.0,27822000000.0,22710000000.0,9398000000.0,22821000000.0,10796000000.0,19077000000.0
2006-06-30,11442000000.0,6026000000.0,81281000000.0,6362000000.0,8855000000.0,10420000000.0,28111000000.0,21309000000.0,9407000000.0,23876000000.0,10916000000.0,18263000000.0
2006-07-31,13638000000.0,4990000000.0,80297000000.0,5859000000.0,9112000000.0,10600000000.0,26018000000.0,19826000000.0,8821000000.0,22873000000.0,11113000000.0,19737000000.0
2006-08-31,13646000000.0,5135000000.0,90726000000.0,5873000000.0,9179000000.0,10770000000.0,27456000000.0,22823000000.0,9019000000.0,24151000000.0,11803000000.0,19502000000.0
2006-09-30,12556000000.0,4942000000.0,91576000000.0,7005000000.0,9313000000.0,10757000000.0,29744000000.0,20491000000.0,10307000000.0,24468000000.0,12027000000.0,20266000000.0
2006-10-31,12656000000.0,4392000000.0,88097000000.0,7117000000.0,8461000000.0,9929000000.0,28093000000.0,23186000000.0,10848000000.0,23441000000.0,11458000000.0,20002000000.0
2006-11-30,11874000000.0,4112000000.0,95807000000.0,7852000000.0,8797000000.0,9979000000.0,30661000000.0,20854000000.0,10800000000.0,23985000000.0,11835000000.0,19697000000.0
2006-12-31,12250000000.0,5803000000.0,94055000000.0,6609000000.0,9920000000.0,10835000000.0,28775000000.0,20113000000.0,9234000000.0,23264000000.0,11146000000.0,19818000000.0
2007-01-31,10967000000.0,5407000000.0,86629000000.0,6691000000.0,8641000000.0,10967000000.0,28097000000.0,18999000000.0,9915000000.0,24448000000.0,10483000000.0,20008000000.0
2007-02-28,10107000000.0,5183000000.0,82100000000.0,6988000000.0,8530000000.0,10561000000.0,26227000000.0,19609000000.0,10005000000.0,20169000000.0,11160000000.0,15029000000.0
2007-03-31,12859000000.0,6041000000.0,83469000000.0,7969000000.0,9455000000.0,12862000000.0,30389000000.0,21661000000.0,11675000000.0,25323000000.0,12911000000.0,19928000000.0
2007-04-30,12433000000.0,6218000000.0,97530000000.0,7192000000.0,9301000000.0,11327000000.0,29948000000.0,21077000000.0,10866000000.0,24056000000.0,10851000000.0,19986000000.0
2007-05-31,13628000000.0,6394000000.0,94138000000.0,7813000000.0,9978000000.0,12456000000.0,31046000000.0,23814000000.0,11460000000.0,23917000000.0,12753000000.0,19726000000.0
2007-06-30,13088000000.0,5939000000.0,103517000000.0,8079000000.0,9923000000.0,12101000000.0,31997000000.0,22765000000.0,11338000000.0,24993000000.0,12792000000.0,20262000000.0
2007-07-31,14087000000.0,5468000000.0,108021000000.0,7825000000.0,10106000000.0,12513000000.0,30220000000.0,22635000000.0,11461000000.0,26065000000.0,11974000000.0,21407000000.0
2007-08-31,15094000000.0,5575000000.0,111648000000.0,7379000000.0,10042000000.0,12641000000.0,31013000000.0,24493000000.0,11323000000.0,25669000000.0,14043000000.0,21446000000.0
2007-09-30,13593000000.0,5291000000.0,112628000000.0,8662000000.0,9861000000.0,12521000000.0,29382000000.0,23141000000.0,12363000000.0,25861000000.0,13575000000.0,22345000000.0
2007-10-31,15745000000.0,5803000000.0,107921000000.0,9511000000.0,10391000000.0,14675000000.0,34497000000.0,26089000000.0,14568000000.0,28010000000.0,14817000000.0,22903000000.0
2007-11-30,14001000000.0,5412000000.0,117890000000.0,9672000000.0,10383000000.0,12909000000.0,35818000000.0,24332000000.0,14108000000.0,26957000000.0,14928000000.0,22080000000.0
2007-12-31,14215000000.0,5830000000.0,114632000000.0,7790000000.0,11402000000.0,14625000000.0,32999000000.0,23260000000.0,11335000000.0,26125000000.0,13582000000.0,23671000000.0
2008-01-31,13234000000.0,6265000000.0,109941000000.0,9023000000.0,11484000000.0,14889000000.0,32275000000.0,22233000000.0,13685000000.0,29816000000.0,14268000000.0,22317000000.0
2008-02-29,12764000000.0,6120000000.0,87470000000.0,9400000000.0,10882000000.0,15116000000.0,31178000000.0,22856000000.0,14597000000.0,25821000000.0,13237000000.0,17797000000.0
2008-03-31,12566000000.0,6772000000.0,109177000000.0,9976000000.0,12047000000.0,17254000000.0,35992000000.0,24995000000.0,15067000000.0,29182000000.0,15020000000.0,24461000000.0
2008-04-30,14039000000.0,6290000000.0,119237000000.0,10511000000.0,11319000000.0,18460000000.0,37850000000.0,27030000000.0,17159000000.0,31161000000.0,14107000000.0,22810000000.0
2008-05-31,19244000000.0,6197000000.0,120793000000.0,9628000000.0,13054000000.0,18687000000.0,39383000000.0,26002000000.0,14936000000.0,29960000000.0,15880000000.0,23784000000.0
2008-06-30,18573000000.0,5832000000.0,121690000000.0,10216000000.0,12972000000.0,19181000000.0,37259000000.0,26372000000.0,15747000000.0,31077000000.0,16654000000.0,24540000000.0
2008-07-31,20401000000.0,5846000000.0,136854000000.0,9877000000.0,12704000000.0,19030000000.0,40961000000.0,27548000000.0,16382000000.0,33396000000.0,17370000000.0,23119000000.0
2008-08-31,19679000000.0,5042000000.0,135471000000.0,8042000000.0,12453000000.0,17759000000.0,36611000000.0,25833000000.0,13747000000.0,30276000000.0,16269000000.0,25437000000.0
2008-09-30,19091000000.0,4396000000.0,136896000000.0,9819000000.0,12922000000.0,15789000000.0,37428000000.0,25086000000.0,15642000000.0,30557000000.0,16294000000.0,22061000000.0
2008-10-31,18424000000.0,4118000000.0,128629000000.0,8545000000.0,11373000000.0,14131000000.0,37111000000.0,24429000000.0,13964000000.0,26742000000.0,15266000000.0,21011000000.0
2008-11-30,14058000000.0,3393000000.0,115290000000.0,7642000000.0,9578000000.0,11163000000.0,28842000000.0,20276000000.0,11046000000.0,22760000000.0,11809000000.0,16939000000.0
2008-12-31,13692000000.0,4240000000.0,111189000000.0,6090000000.0,8817000000.0,13368000000.0,27118000000.0,18684000000.0,9097000000.0,20336000000.0,11604000000.0,13774000000.0
2009-01-31,9663000000.0,3652000000.0,90759000000.0,5479000000.0,7432000000.0,12869000000.0,21133000000.0,15082000000.0,9430000000.0,17784000000.0,10488000000.0,12493000000.0
2009-02-28,9492000000.0,3436000000.0,64967000000.0,5666000000.0,7858000000.0,11941000000.0,25397000000.0,16065000000.0,9499000000.0,18236000000.0,11695000000.0,12784000000.0
2009-03-31,11608000000.0,4299000000.0,90304000000.0,6863000000.0,8906000000.0,12916000000.0,27891000000.0,18518000000.0,10908000000.0,20779000000.0,11532000000.0,15706000000.0
2009-04-30,12222000000.0,4368000000.0,92181000000.0,6177000000.0,8414000000.0,12476000000.0,30327000000.0,17372000000.0,10200000000.0,20856000000.0,10425000000.0,14980000000.0
2009-05-31,11921000000.0,4279000000.0,88905000000.0,6381000000.0,9602000000.0,12316000000.0,27824000000.0,17238000000.0,10430000000.0,20608000000.0,11649000000.0,16341000000.0
2009-06-30,14345000000.0,4447000000.0,95554000000.0,7125000000.0,10141000000.0,13606000000.0,32210000000.0,19402000000.0,11291000000.0,22140000000.0,12329000000.0,17142000000.0
2009-07-31,14051000000.0,4751000000.0,105610000000.0,7110000000.0,10260000000.0,14341000000.0,31908000000.0,18016000000.0,11594000000.0,24338000000.0,12906000000.0,17435000000.0
2009-08-31,13792000000.0,4671000000.0,103963000000.0,6064000000.0,10894000000.0,13586000000.0,28950000000.0,19566000000.0,10594000000.0,23678000000.0,13280000000.0,19170000000.0
2009-09-30,13802000000.0,4404000000.0,116227000000.0,8188000000.0,10135000000.0,14624000000.0,33922000000.0,20939000000.0,13500000000.0,24724000000.0,14903000000.0,19274000000.0
2009-10-31,14016000000.0,5744000000.0,110794000000.0,8372000000.0,11900000000.0,14806000000.0,33970000000.0,22118000000.0,14069000000.0,25641000000.0,14813000000.0,19997000000.0
2009-11-30,12498000000.0,5317000000.0,113726000000.0,8688000000.0,10643000000.0,14933000000.0,33992000000.0,22364000000.0,13628000000.0,25695000000.0,13781000000.0,20169000000.0
2009-12-31,14382000000.0,6096000000.0,131137000000.0,7081000000.0,13461000000.0,16493000000.0,36010000000.0,23024000000.0,11639000000.0,26606000000.0,14621000000.0,20173000000.0
2010-01-31,11153000000.0,5067000000.0,109693000000.0,6925000000.0,11596000000.0,15557000000.0,30735000000.0,19190000000.0,12005000000.0,26066000000.0,13488000000.0,21946000000.0
2010-02-28,12067000000.0,5004000000.0,94701000000.0,7193000000.0,11166000000.0,15758000000.0,33039000000.0,21303000000.0,12371000000.0,23330000000.0,14213000000.0,16846000000.0
2010-03-31,15638000000.0,5544000000.0,112411000000.0,8430000000.0,12774000000.0,20254000000.0,37309000000.0,26104000000.0,14164000000.0,29286000000.0,16143000000.0,23598000000.0
2010-04-30,15074000000.0,5361000000.0,120078000000.0,7501000000.0,12035000000.0,18139000000.0,39301000000.0,24845000000.0,13308000000.0,29415000000.0,13964000000.0,22130000000.0
2010-05-31,17632000000.0,5674000000.0,131989000000.0,7135000000.0,12619000000.0,17282000000.0,38888000000.0,24796000000.0,12396000000.0,27775000000.0,16448000000.0,25750000000.0
2010-06-30,17012000000.0,5364000000.0,137510000000.0,7796000000.0,12330000000.0,20667000000.0,42049000000.0,25000000000.0,12803000000.0,29334000000.0,17943000000.0,23013000000.0
2010-07-31,17555000000.0,6006000000.0,145733000000.0,7466000000.0,12487000000.0,16954000000.0,40424000000.0,23334000000.0,12700000000.0,29877000000.0,15456000000.0,24152000000.0
2010-08-31,19085000000.0,6323000000.0,139314000000.0,7409000000.0,13727000000.0,17750000000.0,36481000000.0,26917000000.0,12305000000.0,31666000000.0,16317000000.0,24376000000.0
2010-09-30,18726000000.0,6140000000.0,145414000000.0,8680000000.0,12182000000.0,18984000000.0,39411000000.0,25338000000.0,14657000000.0,31151000000.0,17941000000.0,22730000000.0
2010-10-31,18137000000.0,6343000000.0,136119000000.0,9215000000.0,14400000000.0,19081000000.0,43340000000.0,26530000000.0,15462000000.0,32693000000.0,16971000000.0,24551000000.0
2010-11-30,17559000000.0,6522000000.0,153452000000.0,9807000000.0,15633000000.0,22575000000.0,41261000000.0,28170000000.0,14709000000.0,30635000000.0,17439000000.0,24685000000.0
2010-12-31,20796000000.0,7761000000.0,154268000000.0,7931000000.0,16830000000.0,23349000000.0,44145000000.0,26945000000.0,12845000000.0,32016000000.0,16982000000.0,24231000000.0
2011-01-31,15032000000.0,6490000000.0,150697000000.0,8264000000.0,14606000000.0,22692000000.0,44467000000.0,24675000000.0,13792000000.0,33983000000.0,16156000000.0,25668000000.0
2011-02-28,16621000000.0,6004000000.0,96681000000.0,9210000000.0,14415000000.0,23243000000.0,38471000000.0,25771000000.0,14768000000.0,28936000000.0,18356000000.0,21535000000.0
2011-03-31,19173000000.0,7719000000.0,152134000000.0,10328000000.0,16366000000.0,30419000000.0,48044000000.0,31355000000.0,16804000000.0,36804000000.0,20880000000.0,27621000000.0
2011-04-30,20083000000.0,7265000000.0,155592000000.0,9313000000.0,16554000000.0,23470000000.0,48537000000.0,27808000000.0,16091000000.0,34265000000.0,17258000000.0,27621000000.0
2011-05-31,23057000000.0,7408000000.0,157051000000.0,9945000000.0,18287000000.0,26522000000.0,47415000000.0,31080000000.0,16902000000.0,34459000000.0,18996000000.0,28252000000.0
2011-06-30,22518000000.0,6697000000.0,161895000000.0,9481000000.0,18387000000.0,26536000000.0,46738000000.0,30395000000.0,16402000000.0,35533000000.0,20240000000.0,25538000000.0
2011-07-31,22193000000.0,6387000000.0,175151000000.0,8941000000.0,17418000000.0,26427000000.0,48952000000.0,27849000000.0,15169000000.0,35035000000.0,20458000000.0,28542000000.0
2011-08-31,26077000000.0,6348000000.0,173239000000.0,9326000000.0,18648000000.0,24768000000.0,45756000000.0,31464000000.0,15997000000.0,37332000000.0,21227000000.0,26193000000.0
2011-09-30,23191000000.0,6541000000.0,169580000000.0,9885000000.0,17543000000.0,26561000000.0,46520000000.0,28774000000.0,16765000000.0,36299000000.0,20744000000.0,25065000000.0
2011-10-31,22056000000.0,6680000000.0,157352000000.0,9502000000.0,16958000000.0,23632000000.0,46637000000.0,30023000000.0,16401000000.0,34830000000.0,16892000000.0,27473000000.0
2011-11-30,21666000000.0,6751000000.0,174386000000.0,10153000000.0,17235000000.0,23270000000.0,46055000000.0,31052000000.0,15942000000.0,33553000000.0,15413000000.0,25029000000.0
2011-12-31,21999000000.0,7148000000.0,174623000000.0,7951000000.0,17078000000.0,25366000000.0,48923000000.0,29187000000.0,13708000000.0,35227000000.0,15955000000.0,24386000000.0
2012-01-31,15949000000.0,6466000000.0,149861000000.0,8064000000.0,15570000000.0,25379000000.0,41210000000.0,27282000000.0,14405000000.0,32671000000.0,15736000000.0,21384000000.0
2012-02-29,17926000000.0,6331000000.0,114409000000.0,8898000000.0,15695000000.0,25194000000.0,46318000000.0,30015000000.0,15218000000.0,36423000000.0,19037000000.0,23825000000.0
2012-03-31,20739000000.0,7067000000.0,165577000000.0,9426000000.0,17252000000.0,28839000000.0,47327000000.0,32312000000.0,16591000000.0,36651000000.0,19866000000.0,26782000000.0
2012-04-30,19462000000.0,6568000000.0,163129000000.0,8163000000.0,16173000000.0,23792000000.0,46096000000.0,30900000000.0,15269000000.0,35820000000.0,16900000000.0,25937000000.0
2012-05-31,23146000000.0,6420000000.0,181034000000.0,9040000000.0,16830000000.0,24821000000.0,46913000000.0,33135000000.0,15125000000.0,35284000000.0,20928000000.0,26498000000.0
2012-06-30,19182000000.0,6763000000.0,179831000000.0,8834000000.0,15441000000.0,24924000000.0,47172000000.0,30273000000.0,14740000000.0,33959000000.0,19759000000.0,24791000000.0
2012-07-31,20837000000.0,5934000000.0,176918000000.0,7983000000.0,16091000000.0,23100000000.0,44669000000.0,30294000000.0,14802000000.0,33694000000.0,19351000000.0,25538000000.0
2012-08-31,22241000000.0,5780000000.0,177870000000.0,8331000000.0,14047000000.0,23135000000.0,43046000000.0,31660000000.0,14766000000.0,33519000000.0,19696000000.0,25103000000.0
2012-09-30,19890000000.0,5693000000.0,186116000000.0,8780000000.0,15898000000.0,24902000000.0,45415000000.0,29280000000.0,16130000000.0,33974000000.0,20646000000.0,27803000000.0
2012-10-31,21187000000.0,7368000000.0,175516000000.0,9598000000.0,15324000000.0,24033000000.0,47090000000.0,33940000000.0,18333000000.0,36323000000.0,19522000000.0,26947000000.0
2012-11-30,19708000000.0,6546000000.0,179341000000.0,9394000000.0,16317000000.0,23251000000.0,47789000000.0,31469000000.0,16696000000.0,34727000000.0,19551000000.0,25272000000.0
2012-12-31,19684000000.0,7127000000.0,199112000000.0,7090000000.0,15394000000.0,25458000000.0,45032000000.0,30209000000.0,13385000000.0,32569000000.0,18093000000.0,26531000000.0
2013-01-31,15757000000.0,6822000000.0,187288000000.0,8488000000.0,15375000000.0,25775000000.0,45674000000.0,27299000000.0,16103000000.0,34170000000.0,18269000000.0,26076000000.0
2013-02-28,15479000000.0,5576000000.0,139304000000.0,8750000000.0,15016000000.0,26669000000.0,42336000000.0,29091000000.0,16413000000.0,30337000000.0,17928000000.0,19965000000.0
2013-03-31,18360000000.0,6189000000.0,182102000000.0,8845000000.0,15025000000.0,30541000000.0,47318000000.0,31838000000.0,16489000000.0,33920000000.0,20583000000.0,27763000000.0
2013-04-30,20551000000.0,6773000000.0,186931000000.0,8977000000.0,14761000000.0,24546000000.0,46165000000.0,32729000000.0,17195000000.0,36907000000.0,17400000000.0,25557000000.0
2013-05-31,21655000000.0,7021000000.0,182680000000.0,8895000000.0,16133000000.0,24909000000.0,48309000000.0,32845000000.0,15844000000.0,36638000000.0,19826000000.0,27151000000.0
2013-06-30,19332000000.0,6349000000.0,174235000000.0,8770000000.0,14759000000.0,24023000000.0,46685000000.0,31088000000.0,16778000000.0,34457000000.0,19098000000.0,27024000000.0
2013-07-31,20357000000.0,6429000000.0,185915000000.0,8738000000.0,15088000000.0,25835000000.0,45829000000.0,32252000000.0,16997000000.0,36565000000.0,19058000000.0,25819000000.0
2013-08-31,21215000000.0,6421000000.0,190493000000.0,8157000000.0,13084000000.0,26338000000.0,46296000000.0,32677000000.0,16379000000.0,34423000000.0,20458000000.0,26039000000.0
2013-09-30,20746000000.0,5841000000.0,185313000000.0,9663000000.0,14707000000.0,28136000000.0,44659000000.0,31378000000.0,18615000000.0,35743000000.0,19296000000.0,25732000000.0
2013-10-31,20637000000.0,6987000000.0,185294000000.0,10371000000.0,15698000000.0,27480000000.0,50487000000.0,35082000000.0,20141000000.0,38508000000.0,19393000000.0,27189000000.0
2013-11-30,18918000000.0,6068000000.0,202083000000.0,9868000000.0,15939000000.0,24202000000.0,47878000000.0,31673000000.0,18317000000.0,34495000000.0,18751000000.0,26297000000.0
2013-12-31,19538000000.0,6295000000.0,207367000000.0,7983000000.0,16968000000.0,26393000000.0,48013000000.0,32061000000.0,15761000000.0,33773000000.0,18439000000.0,26815000000.0
2014-01-31,15742000000.0,5491000000.0,207037000000.0,8899000000.0,14472000000.0,26892000000.0,45563000000.0,27052000000.0,18244000000.0,35337000000.0,17863000000.0,24779000000.0
2014-02-28,15826000000.0,6189000000.0,114052000000.0,9083000000.0,14634000000.0,25353000000.0,42912000000.0,30462000000.0,17818000000.0,32474000000.0,18353000000.0,21598000000.0
2014-03-31,17468000000.0,7292000000.0,170002000000.0,10006000000.0,15193000000.0,30341000000.0,49066000000.0,33245000000.0,19390000000.0,35727000000.0,19752000000.0,28304000000.0
2014-04-30,19577000000.0,6670000000.0,188450000000.0,9607000000.0,14292000000.0,25634000000.0,50267000000.0,34060000000.0,19480000000.0,36793000000.0,17194000000.0,27153000000.0
2014-05-31,20540000000.0,6906000000.0,195596000000.0,9596000000.0,14824000000.0,27999000000.0,47578000000.0,34374000000.0,18696000000.0,34946000000.0,19380000000.0,27179000000.0
2014-06-30,20288000000.0,6125000000.0,186756000000.0,9519000000.0,15410000000.0,26480000000.0,47828000000.0,33436000000.0,18578000000.0,34845000000.0,19708000000.0,27452000000.0
2014-07-31,21921000000.0,6258000000.0,212744000000.0,9910000000.0,14124000000.0,25793000000.0,48207000000.0,33687000000.0,18749000000.0,35078000000.0,18893000000.0,27298000000.0
2014-08-31,19225000000.0,5858000000.0,208330000000.0,7797000000.0,14482000000.0,26804000000.0,46116000000.0,33287000000.0,16085000000.0,34759000000.0,18936000000.0,28585000000.0
2014-09-30,19370000000.0,5776000000.0,213562000000.0,9866000000.0,15276000000.0,28868000000.0,47448000000.0,34147000000.0,19235000000.0,35839000000.0,19905000000.0,26931000000.0
2014-10-31,18170000000.0,6073000000.0,206771000000.0,9380000000.0,15349000000.0,25891000000.0,51643000000.0,36879000000.0,19749000000.0,35387000000.0,20205000000.0,27372000000.0
2014-11-30,15506000000.0,5588000000.0,211563000000.0,9331000000.0,13616000000.0,26486000000.0,46759000000.0,32192000000.0,18143000000.0,32149000000.0,18542000000.0,27287000000.0
2014-12-31,17290000000.0,6838000000.0,227430000000.0,7626000000.0,14621000000.0,26155000000.0,49704000000.0,34090000000.0,15883000000.0,32044000000.0,18732000000.0,26154000000.0
2015-01-31,13482000000.0,5980000000.0,199876000000.0,7715000000.0,13245000000.0,24431000000.0,45105000000.0,26553000000.0,16047000000.0,31718000000.0,17245000000.0,25491000000.0
2015-02-28,12011000000.0,5122000000.0,168947000000.0,8037000000.0,12173000000.0,22000000000.0,41472000000.0,29731000000.0,16271000000.0,24993000000.0,17219000000.0,20171000000.0
2015-03-31,16749000000.0,6002000000.0,144235000000.0,8839000000.0,13634000000.0,24021000000.0,46823000000.0,34177000000.0,17360000000.0,32611000000.0,18870000000.0,25643000000.0
2015-04-30,14987000000.0,5801000000.0,175902000000.0,8062000000.0,13105000000.0,22177000000.0,46222000000.0,32971000000.0,16283000000.0,31073000000.0,16893000000.0,23802000000.0
2015-05-31,16626000000.0,4988000000.0,188800000000.0,7756000000.0,12755000000.0,22559000000.0,42327000000.0,31244000000.0,16408000000.0,29420000000.0,18426000000.0,26024000000.0
2015-06-30,18746000000.0,5298000000.0,189545000000.0,8858000000.0,13514000000.0,22352000000.0,46555000000.0,33761000000.0,17116000000.0,30480000000.0,18152000000.0,23385000000.0
2015-07-31,18335000000.0,4939000000.0,193161000000.0,8311000000.0,11466000000.0,23292000000.0,45696000000.0,32694000000.0,16381000000.0,30786000000.0,18206000000.0,23833000000.0
2015-08-31,15320000000.0,4655000000.0,196161000000.0,7000000000.0,12726000000.0,21574000000.0,39107000000.0,31009000000.0,14870000000.0,27323000000.0,17668000000.0,24412000000.0
2015-09-30,15468000000.0,4641000000.0,204923000000.0,9118000000.0,12588000000.0,21887000000.0,43432000000.0,32187000000.0,17852000000.0,28541000000.0,18814000000.0,22979000000.0
2015-10-31,15762000000.0,4703000000.0,192189000000.0,8984000000.0,12122000000.0,21467000000.0,43352000000.0,34100000000.0,18341000000.0,30636000000.0,18566000000.0,24450000000.0
2015-11-30,13604000000.0,4800000000.0,196593000000.0,8616000000.0,11122000000.0,19566000000.0,44285000000.0,30981000000.0,16927000000.0,26772000000.0,17163000000.0,22605000000.0
2015-12-31,15694000000.0,5105000000.0,223136000000.0,7228000000.0,11917000000.0,22625000000.0,42380000000.0,31141000000.0,15267000000.0,27235000000.0,17088000000.0,22549000000.0
2016-01-31,11025000000.0,5099000000.0,169399000000.0,7325000000.0,10481000000.0,21174000000.0,36260000000.0,24687000000.0,14796000000.0,24703000000.0,15692000000.0,22187000000.0
2016-02-29,13104000000.0,4802000000.0,121707000000.0,8444000000.0,11312000000.0,20845000000.0,35925000000.0,28966000000.0,16573000000.0,22896000000.0,18982000000.0,17752000000.0
2016-03-31,15846000000.0,5170000000.0,155098000000.0,8727000000.0,11810000000.0,22957000000.0,43002000000.0,31493000000.0,17656000000.0,27712000000.0,19170000000.0,22717000000.0
2016-04-30,15082000000.0,5062000000.0,166689000000.0,8879000000.0,11476000000.0,20878000000.0,41082000000.0,30387000000.0,17735000000.0,28100000000.0,15609000000.0,22230000000.0
2016-05-31,16596000000.0,5101000000.0,175710000000.0,8471000000.0,11514000000.0,22413000000.0,39734000000.0,31410000000.0,16975000000.0,27707000000.0,17697000000.0,23539000000.0
2016-06-30,16603000000.0,4647000000.0,176605000000.0,9399000000.0,12974000000.0,22666000000.0,45209000000.0,31949000000.0,17820000000.0,28698000000.0,18152000000.0,22860000000.0
2016-07-31,15143000000.0,4600000000.0,180659000000.0,7911000000.0,9531000000.0,21708000000.0,40882000000.0,29773000000.0,15800000000.0,27580000000.0,17064000000.0,24092000000.0
2016-08-31,16863000000.0,4977000000.0,188831000000.0,7952000000.0,12748000000.0,21609000000.0,40125000000.0,32446000000.0,16220000000.0,28504000000.0,18745000000.0,24629000000.0
2016-09-30,15684000000.0,4939000000.0,183326000000.0,9297000000.0,12569000000.0,22777000000.0,40846000000.0,32701000000.0,18176000000.0,28988000000.0,19438000000.0,22553000000.0
2016-10-31,13594000000.0,4791000000.0,176836000000.0,8678000000.0,12743000000.0,23363000000.0,41983000000.0,32596000000.0,17915000000.0,27815000000.0,17757000000.0,26736000000.0
2016-11-30,14213000000.0,5248000000.0,193561000000.0,9202000000.0,13504000000.0,20062000000.0,45309000000.0,34344000000.0,18182000000.0,28518000000.0,18909000000.0,25330000000.0
2016-12-31,15773000000.0,6282000000.0,209097000000.0,7635000000.0,13829000000.0,24090000000.0,45069000000.0,33196000000.0,15968000000.0,29259000000.0,18172000000.0,25696000000.0
2017-01-31,14828000000.0,5554000000.0,180273000000.0,8146000000.0,13402000000.0,22367000000.0,40257000000.0,27316000000.0,17007000000.0,28300000000.0,17094000000.0,23742000000.0
2017-02-28,15276000000.0,4627000000.0,118848000000.0,8604000000.0,12614000000.0,24765000000.0,43167000000.0,31346000000.0,17258000000.0,27966000000.0,18437000000.0,22642000000.0
2017-03-31,19855000000.0,5495000000.0,179248000000.0,10086000000.0,14679000000.0,29335000000.0,48638000000.0,36048000000.0,20414000000.0,32847000000.0,20896000000.0,25696000000.0
2017-04-30,17485000000.0,5044000000.0,177763000000.0,8270000000.0,13279000000.0,24568000000.0,50844000000.0,31769000000.0,17559000000.0,28892000000.0,16862000000.0,24293000000.0
2017-05-31,19726000000.0,5771000000.0,189088000000.0,10009000000.0,14345000000.0,23949000000.0,44927000000.0,35342000000.0,19313000000.0,31081000000.0,19971000000.0,25508000000.0
2017-06-30,19535000000.0,5566000000.0,194755000000.0,9879000000.0,11656000000.0,23011000000.0,51272000000.0,35548000000.0,19607000000.0,30661000000.0,20132000000.0,25813000000.0
2017-07-31,17659000000.0,5453000000.0,192119000000.0,8689000000.0,13611000000.0,22304000000.0,48830000000.0,32155000000.0,18552000000.0,31291000000.0,18863000000.0,27086000000.0
2017-08-31,19337000000.0,6231000000.0,198043000000.0,9320000000.0,15229000000.0,23355000000.0,47106000000.0,35927000000.0,19367000000.0,32709000000.0,21367000000.0,27758000000.0
2017-09-30,18533000000.0,5875000000.0,197944000000.0,10592000000.0,14560000000.0,28551000000.0,55115000000.0,33771000000.0,21849000000.0,30522000000.0,21835000000.0,28867000000.0
2017-10-31,18694000000.0,6056000000.0,187903000000.0,10529000000.0,15242000000.0,22905000000.0,44791000000.0,36716000000.0,22391000000.0,32196000000.0,20016000000.0,27543000000.0
2017-11-30,16584000000.0,6127000000.0,215852000000.0,10735000000.0,15320000000.0,26300000000.0,49707000000.0,37508000000.0,22274000000.0,33855000000.0,21441000000.0,28798000000.0
2017-12-31,17476000000.0,7024000000.0,231509000000.0,8946000000.0,14873000000.0,27832000000.0,49040000000.0,35986000000.0,18772000000.0,33125000000.0,19721000000.0,29504000000.0
2018-01-31,16770000000.0,6629000000.0,199469000000.0,10381000000.0,14553000000.0,25406000000.0,49221000000.0,30719000000.0,21827000000.0,33394000000.0,20181000000.0,27364000000.0
2018-02-28,15802000000.0,6285000000.0,170549000000.0,10439000000.0,14132000000.0,26010000000.0,44524000000.0,35094000000.0,21309000000.0,29505000000.0,20456000000.0,22355000000.0
2018-03-31,20229000000.0,6493000000.0,173900000000.0,11308000000.0,15511000000.0,29306000000.0,51310000000.0,39484000000.0,23660000000.0,34771000000.0,22650000000.0,29985000000.0
2018-04-30,19678000000.0,6267000000.0,198936000000.0,10451000000.0,14537000000.0,25935000000.0,49850000000.0,37182000000.0,22435000000.0,33817000000.0,19082000000.0,26717000000.0
2018-05-31,19272000000.0,6472000000.0,211592000000.0,10631000000.0,16209000000.0,28958000000.0,50688000000.0,39214000000.0,21566000000.0,36121000000.0,22406000000.0,29105000000.0
2018-06-30,19830000000.0,6211000000.0,215596000000.0,11161000000.0,12974000000.0,27159000000.0,51079000000.0,37484000000.0,22347000000.0,33955000000.0,21879000000.0,28241000000.0
2018-07-31,21055000000.0,5991000000.0,214403000000.0,9947000000.0,16285000000.0,25757000000.0,51810000000.0,36742000000.0,21227000000.0,35680000000.0,20334000000.0,28355000000.0
2018-08-31,20084000000.0,6175000000.0,216949000000.0,9216000000.0,15865000000.0,27774000000.0,51180000000.0,39545000000.0,20567000000.0,36863000000.0,22827000000.0,28277000000.0
2018-09-30,19041000000.0,5456000000.0,225398000000.0,10328000000.0,14924000000.0,27842000000.0,50650000000.0,37701000000.0,22081000000.0,33452000000.0,20769000000.0,29620000000.0
2018-10-31,21671000000.0,6475000000.0,214770000000.0,11100000000.0,15894000000.0,26700000000.0,54860000000.0,41356000000.0,24386000000.0,38191000000.0,21744000000.0,29545000000.0
2018-11-30,19200000000.0,5909000000.0,224299000000.0,10871000000.0,14906000000.0,26114000000.0,51480000000.0,38595000000.0,23649000000.0,35471000000.0,21225000000.0,27782000000.0
2018-12-31,19258000000.0,6476000000.0,220856000000.0,8872000000.0,14333000000.0,27818000000.0,48207000000.0,37598000000.0,18517000000.0,31736000000.0,19402000000.0,28562000000.0
2019-01-31,16638000000.0,6723000000.0,218008000000.0,10436000000.0,14028000000.0,26418000000.0,46169000000.0,32637000000.0,21976000000.0,32875000000.0,18991000000.0,27303000000.0
2019-02-28,15618000000.0,5453000000.0,135330000000.0,10500000000.0,12789000000.0,26884000000.0,39482000000.0,36438000000.0,21639000000.0,29448000000.0,21612000000.0,20396000000.0
2019-03-31,17309000000.0,6084000000.0,198234000000.0,11194000000.0,14448000000.0,32713000000.0,47003000000.0,39019000000.0,23567000000.0,32672000000.0,21508000000.0,28628000000.0
2019-04-30,19091000000.0,5698000000.0,193606000000.0,10207000000.0,13068000000.0,26045000000.0,48781000000.0,39586000000.0,22433000000.0,32629000000.0,18554000000.0,25790000000.0
2019-05-31,20500000000.0,6127000000.0,213918000000.0,10906000000.0,14752000000.0,29843000000.0,45704000000.0,41750000000.0,22736000000.0,34070000000.0,21005000000.0,27475000000.0
2019-06-30,18307000000.0,5198000000.0,212466000000.0,10222000000.0,11763000000.0,25046000000.0,44008000000.0,37925000000.0,21151000000.0,30433000000.0,21403000000.0,28532000000.0
2019-07-31,19921000000.0,5612000000.0,221772000000.0,10248000000.0,15238000000.0,26260000000.0,46078000000.0,39116000000.0,22326000000.0,33420000000.0,21234000000.0,28115000000.0
2019-08-31,19566000000.0,5898000000.0,214873000000.0,9079000000.0,14262000000.0,25976000000.0,44020000000.0,40051000000.0,20094000000.0,32630000000.0,21955000000.0,28756000000.0
2019-09-30,18621000000.0,5187000000.0,218215000000.0,10739000000.0,14080000000.0,26033000000.0,44629000000.0,37181000000.0,22608000000.0,31551000000.0,20409000000.0,28245000000.0
2019-10-31,19484000000.0,5146000000.0,212979000000.0,11365000000.0,14881000000.0,26244000000.0,46649000000.0,40762000000.0,24734000000.0,34208000000.0,20770000000.0,29149000000.0
2019-11-30,17610000000.0,5220000000.0,221442000000.0,10487000000.0,13944000000.0,25756000000.0,44041000000.0,37484000000.0,23266000000.0,33609000000.0,19649000000.0,28580000000.0
2019-12-31,18463000000.0,6448000000.0,238638000000.0,8414000000.0,14429000000.0,27121000000.0,45668000000.0,38654000000.0,20065000000.0,33220000000.0,19179000000.0,29653000000.0
2020-01-31,14430000000.0,6525000000.0,211588000000.0,10291000000.0,13632000000.0,25866000000.0,43103000000.0,33581000000.0,22486000000.0,31201000000.0,19673000000.0,25042000000.0
2020-02-29,15356000000.0,4983000000.0,80379000000.0,10351000000.0,14061000000.0,27727000000.0,40912000000.0,36434000000.0,22447000000.0,29375000000.0,20790000000.0,25255000000.0
2020-03-31,18312000000.0,5702000000.0,184572000000.0,10026000000.0,14068000000.0,21434000000.0,46167000000.0,38310000000.0,21926000000.0,31015000000.0,22362000000.0,28252000000.0
2020-04-30,17594000000.0,5821000000.0,199483000000.0,6229000000.0,12163000000.0,10182000000.0,36270000000.0,23223000000.0,15428000000.0,27091000000.0,18953000000.0,25317000000.0
2020-05-31,17520000000.0,5786000000.0,206428000000.0,7558000000.0,10454000000.0,19247000000.0,34855000000.0,18116000000.0,17774000000.0,25043000000.0,16285000000.0,27009000000.0
2020-06-30,17479000000.0,6035000000.0,212847000000.0,9801000000.0,12009000000.0,22039000000.0,39214000000.0,33048000000.0,22025000000.0,28659000000.0,16479000000.0,27298000000.0
2020-07-31,19416000000.0,6147000000.0,236839000000.0,9924000000.0,13703000000.0,23803000000.0,42785000000.0,35499000000.0,23009000000.0,30149000000.0,18834000000.0,28357000000.0
2020-08-31,17404000000.0,5721000000.0,234373000000.0,9494000000.0,13096000000.0,22862000000.0,39469000000.0,37001000000.0,22002000000.0,31426000000.0,20175000000.0,31305000000.0
2020-09-30,18223000000.0,5930000000.0,238613000000.0,12220000000.0,13961000000.0,27543000000.0,47820000000.0,38540000000.0,26138000000.0,31173000000.0,19671000000.0,30961000000.0
2020-10-31,17649000000.0,6571000000.0,236230000000.0,12145000000.0,14362000000.0,24884000000.0,44819000000.0,41951000000.0,27731000000.0,31460000000.0,19377000000.0,32616000000.0
2020-11-30,17345000000.0,6903000000.0,266912000000.0,12294000000.0,15259000000.0,23616000000.0,45752000000.0,38314000000.0,27949000000.0,31233000000.0,18960000000.0,32340000000.0
2020-12-31,18452000000.0,7899000000.0,281688000000.0,10321000000.0,16538000000.0,27207000000.0,51332000000.0,43155000000.0,24921000000.0,34708000000.0,20076000000.0,33441000000.0
2021-01-31,14948000000.0,7102000000.0,262775000000.0,11025000000.0,15294000000.0,27538000000.0,48007000000.0,32716000000.0,24941000000.0,33948000000.0,19767000000.0,34812000000.0
2021-02-28,16375000000.0,7272000000.0,203423000000.0,11814000000.0,15256000000.0,27615000000.0,44707000000.0,36213000000.0,26561000000.0,32104000000.0,20204000000.0,28213000000.0
2021-03-31,24336000000.0,7765000000.0,238752000000.0,13130000000.0,18354000000.0,35244000000.0,53691000000.0,43030000000.0,29875000000.0,41301000000.0,24146000000.0,35846000000.0
2021-04-30,26059000000.0,8318000000.0,259769000000.0,11850000000.0,18491000000.0,30731000000.0,51226000000.0,40945000000.0,28652000000.0,37910000000.0,21404000000.0,35234000000.0
2021-05-31,26201000000.0,7753000000.0,259386000000.0,11640000000.0,16933000000.0,32326000000.0,50725000000.0,40846000000.0,28095000000.0,35609000000.0,23092000000.0,37539000000.0
2021-06-30,28258000000.0,7567000000.0,274198000000.0,12688000000.0,18542000000.0,32484000000.0,54779000000.0,42619000000.0,29291000000.0,37264000000.0,23741000000.0,36586000000.0
2021-07-31,25509000000.0,7802000000.0,275981000000.0,11292000000.0,19370000000.0,35507000000.0,55462000000.0,40953000000.0,27555000000.0,36821000000.0,22649000000.0,37804000000.0
2021-08-31,27216000000.0,7738000000.0,289690000000.0,10068000000.0,21427000000.0,33412000000.0,53165000000.0,40471000000.0,26205000000.0,38413000000.0,21975000000.0,39571000000.0
2021-09-30,24376000000.0,7450000000.0,300892000000.0,12267000000.0,20606000000.0,33781000000.0,55914000000.0,41754000000.0,29390000000.0,38662000000.0,23109000000.0,39687000000.0
2021-10-31,22603000000.0,7786000000.0,295825000000.0,11820000000.0,22030000000.0,35725000000.0,55660000000.0,41859000000.0,30146000000.0,40026000000.0,22776000000.0,40062000000.0
2021-11-30,20502000000.0,8606000000.0,320410000000.0,12843000000.0,22844000000.0,31803000000.0,60331000000.0,45677000000.0,31876000000.0,41894000000.0,23723000000.0,41618000000.0
2021-12-31,24432000000.0,9442000000.0,334920000000.0,11394000000.0,22360000000.0,39259000000.0,60734000000.0,47866000000.0,28047000000.0,43404000000.0,25419000000.0,40720000000.0
2022-01-31,19780000000.0,8515000000.0,323277000000.0,12417000000.0,19143000000.0,35249000000.0,55455000000.0,33923000000.0,29088000000.0,40676000000.0,21229000000.0,39950000000.0
2022-02-28,23513000000.0,7202000000.0,214796000000.0,13427000000.0,20489000000.0,37171000000.0,54156000000.0,46288000000.0,29753000000.0,38645000000.0,23498000000.0,37372000000.0
2022-03-31,29422000000.0,8601000000.0,272869000000.0,13905000000.0,26587000000.0,44606000000.0,63787000000.0,51949000000.0,31338000000.0,46461000000.0,28880000000.0,43227000000.0
2022-04-30,28970000000.0,7802000000.0,268965000000.0,12307000000.0,27316000000.0,39696000000.0,57843000000.0,47580000000.0,29848000000.0,44208000000.0,23538000000.0,41059000000.0
2022-05-31,29643000000.0,8654000000.0,303899000000.0,13279000000.0,21493000000.0,39017000000.0,61591000000.0,49965000000.0,30950000000.0,43405000000.0,25526000000.0,41992000000.0
2022-06-30,32742000000.0,8182000000.0,323407000000.0,13339000000.0,26141000000.0,42271000000.0,57680000000.0,51220000000.0,30937000000.0,46423000000.0,26522000000.0,42136000000.0
2022-07-31,29844000000.0,7980000000.0,327463000000.0,11456000000.0,25473000000.0,38341000000.0,60242000000.0,46217000000.0,27838000000.0,46064000000.0,23613000000.0,43162000000.0
2022-08-31,30787000000.0,8039000000.0,310386000000.0,12184000000.0,27929000000.0,37040000000.0,56606000000.0,50464000000.0,28178000000.0,45792000000.0,23672000000.0,40115000000.0
2022-09-30,28587000000.0,7930000000.0,318243000000.0,14212000000.0,24765000000.0,35381000000.0,57176000000.0,52323000000.0,30381000000.0,44183000000.0,24953000000.0,36800000000.0
2022-10-31,26852000000.0,8192000000.0,293614000000.0,12873000000.0,24726000000.0,31620000000.0,52428000000.0,49199000000.0,30505000000.0,40090000000.0,21827000000.0,39612000000.0
2022-11-30,27652000000.0,8050000000.0,290615000000.0,14212000000.0,24059000000.0,34943000000.0,51772000000.0,49249000000.0,33511000000.0,39170000000.0,22388000000.0,36608000000.0
2022-12-31,26342000000.0,9330000000.0,296900000000.0,12182000000.0,23783000000.0,38080000000.0,54849000000.0,49319000000.0,28214000000.0,40686000000.0,21778000000.0,35744000000.0
2023-01-31,22796000000.0,8890000000.0,284409000000.0,13661000000.0,22345000000.0,35869000000.0,46339000000.0,42610000000.0,31737000000.0,37420000000.0,20610000000.0,31726000000.0
2023-02-28,20242000000.0,7770000000.0,208641000000.0,14110000000.0,21355000000.0,37018000000.0,49995000000.0,44891000000.0,30953000000.0,37868000000.0,22567000000.0,31001000000.0
2023-03-31,32823000000.0,9187000000.0,302448000000.0,15725000000.0,23452000000.0,41969000000.0,54882000000.0,53564000000.0,35293000000.0,44046000000.0,28005000000.0,35221000000.0
2023-04-30,27100000000.0,7296000000.0,288077000000.0,13055000000.0,19354000000.0,34641000000.0,49431000000.0,46087000000.0,31066000000.0,37057000000.0,21803000000.0,35796000000.0
2023-05-31,32666000000.0,7760000000.0,280919000000.0,14681000000.0,21789000000.0,34973000000.0,52054000000.0,52835000000.0,32895000000.0,37898000000.0,24527000000.0,36083000000.0
2023-06-30,29600000000.0,7482000000.0,283377000000.0,15203000000.0,20667000000.0,34328000000.0,54298000000.0,51820000000.0,32998000000.0,39475000000.0,24871000000.0,32205000000.0
2023-07-31,28300000000.0,6899000000.0,280779000000.0,12842000000.0,20934000000.0,34488000000.0,50458000000.0,47787000000.0,30497000000.0,39262000000.0,22320000000.0,38455000000.0
2023-08-31,31101000000.0,7552000000.0,283839000000.0,12740000000.0,22056000000.0,38272000000.0,51994000000.0,52459000000.0,29511000000.0,40013000000.0,24461000000.0,37144000000.0
2023-09-30,28713000000.0,7005000000.0,296453000000.0,14232000000.0,20816000000.0,34399000000.0,54651000000.0,49642000000.0,31125000000.0,39996000000.0,25694000000.0,38621000000.0
2023-10-31,29682000000.0,7502000000.0,274198000000.0,14099000000.0,22220000000.0,33441000000.0,54990000000.0,51857000000.0,33740000000.0,42494000000.0,23753000000.0,38001000000.0
2023-11-30,27886000000.0,7633000000.0,292629000000.0,14497000000.0,22076000000.0,33759000000.0,55561000000.0,50172000000.0,33699000000.0,41330000000.0,23674000000.0,37901000000.0
2023-12-31,28786000000.0,7980000000.0,303276000000.0,11582000000.0,22465000000.0,38402000000.0,57573000000.0,49278000000.0,28003000000.0,39393000000.0,22787000000.0,40183000000.0
2024-01-31,26703000000.0,9424000000.0,306224000000.0,12823000000.0,20570000000.0,37328000000.0,54710000000.0,42136000000.0,31526000000.0,43275000000.0,22263000000.0,36972000000.0
2024-02-29,23348000000.0,7916000000.0,221659000000.0,14037000000.0,19349000000.0,41413000000.0,52076000000.0,50795000000.0,31849000000.0,38033000000.0,23411000000.0,31367000000.0
2024-03-31,27657000000.0,8208000000.0,279138000000.0,13636000000.0,22620000000.0,41681000000.0,56518000000.0,50646000000.0,32951000000.0,42559000000.0,25081000000.0,41637000000.0
2024-04-30,30328000000.0,8484000000.0,291717000000.0,13684000000.0,19693000000.0,39807000000.0,56148000000.0,51523000000.0,32569000000.0,41192000000.0,23258000000.0,37195000000.0
2024-05-31,30190000000.0,7986000000.0,301603000000.0,13272000000.0,22442000000.0,38783000000.0,58021000000.0,55754000000.0,31131000000.0,42271000000.0,26234000000.0,37438000000.0
2024-06-30,28732000000.0,7412000000.0,307236000000.0,13470000000.0,21058000000.0,35450000000.0,57342000000.0,48824000000.0,31194000000.0,38514000000.0,24804000000.0,39822000000.0
2024-07-31,30841000000.0,8056000000.0,300224000000.0,13087000000.0,22527000000.0,32682000000.0,57459000000.0,54551000000.0,31901000000.0,44083000000.0,25744000000.0,39751000000.0
2024-08-31,28736000000.0,7904000000.0,308242000000.0,12078000000.0,23599000000.0,32894000000.0,57643000000.0,51903000000.0,29502000000.0,42507000000.0,26225000000.0,44107000000.0
2024-09-30,28471000000.0,7805000000.0,303372000000.0,14165000000.0,22151000000.0,34086000000.0,58545000000.0,49630000000.0,33605000000.0,42072000000.0,26026000000.0,40625000000.0
2024-10-31,29301000000.0,8337000000.0,308855000000.0,14384000000.0,24809000000.0,38994000000.0,57500000000.0,57898000000.0,35819000000.0,42938000000.0,27290000000.0,41162000000.0
2024-11-30,27857000000.0,7954000000.0,311877000000.0,13711000000.0,24113000000.0,31955000000.0,56289000000.0,52265000000.0,32969000000.0,43679000000.0,25638000000.0,40849000000.0
2024-12-31,24881000000.0,9398000000.0,335646000000.0,10921000000.0,23600000000.0,37812000000.0,61359000000.0,51754000000.0,27831000000.0,44536000000.0,24765000000.0,43442000000.0
2025-01-31,25398000000.0,9822000000.0,324280000000.0,12657000000.0,21428000000.0,36339000000.0,49177000000.0,44398000000.0,31243000000.0,43662000000.0,25372000000.0,38723000000.0
2025-02-28,22754000000.0,7876000000.0,214776000000.0,13144000000.0,21944000000.0,36907000000.0,52292000000.0,49099000000.0,30870000000.0,40026000000.0,26795000000.0,41245000000.0
2025-03-31,28726000000.0,8719000000.0,313085000000.0,14940000000.0,23247000000.0,42104000000.0,58065000000.0,55405000000.0,34529000000.0,43670000000.0,29626000000.0,49369000000.0
2025-04-30,29886000000.0,9081000000.0,315121000000.0,14154000000.0,20744000000.0,38277000000.0,58036000000.0,54348000000.0,34208000000.0,51507000000.0,25653000000.0,49011000000.0
2025-05-31,29920000000.0,8728000000.0,315634000000.0,14206000000.0,24614000000.0,38278000000.0,57261000000.0,55477000000.0,34230000000.0,44988000000.0,31045000000.0,52987000000.0
2025-06-30,29036000000.0,8625000000.0,324689000000.0,14549000000.0,23436000000.0,34990000000.0,59834000000.0,54002000000.0,34961000000.0,44805000000.0,28641000000.0,53757000000.0
2025-07-31,32129000000.0,8534000000.0,321229000000.0,14413000000.0,24749000000.0,36993000000.0,60724000000.0,56708000000.0,35732000000.0,50180000000.0,28581000000.0,56390000000.0
2025-08-31,29559000000.0,8498000000.0,321313000000.0,12107000000.0,24963000000.0,34750000000.0,58259000000.0,55718000000.0,31194000000.0,44284000000.0,27743000000.0,57727000000.0
2025-09-30,30487000000.0,9279000000.0,328175000000.0,15693000000.0,24679000000.0,36135000000.0,65904000000.0,56488000000.0,37695000000.0,48746000000.0,30971000000.0,54299000000.0
2025-10-31,31509000000.0,10170000000.0,304923000000.0,15273000000.0,24236000000.0,34130000000.0,59512000000.0,66133000000.0,39737000000.0,54237000000.0,28836000000.0,61316000000.0
2025-11-30,28165000000.0,8901000000.0,330002000000.0,14845000000.0,22521000000.0,37872000000.0,60753000000.0,56412000000.0,36264000000.0,49245000000.0,27446000000.0,63688000000.0
2025-12-31,30710000000.0,12129000000.0,357317000000.0,12962000000.0,26347000000.0,38262000000.0,69514000000.0,60651000000.0,33234000000.0,51522000000.0,28928000000.0,62462000000.0
2026-01-31,24538000000.0,10945000000.0,356577000000.0,14027000000.0,22156000000.0,36433000000.0,65835000000.0,48008000000.0,34511000000.0,60598000000.0,31573000000.0,65784000000.0
2026-02-28,26152000000.0,8796000000.0,299819000000.0,15639000000.0,22167000000.0,36614000000.0,67654000000.0,56851000000.0,35791000000.0,47321000000.0,29440000000.0,49947000000.0
2026-03-31,31766000000.0,10566000000.0,321045000000.0,16971000000.0,22527000000.0,38910000000.0,87321000000.0,70727000000.0,39664000000.0,64386000000.0,35157000000.0,79603000000.0
2026-04-30,34211000000.0,9718000000.0,359442000000.0,16081000000.0,25303000000.0,43560000000.0,85830000000.0,72042000000.0,37081000000.0,70344000000.0,31583000000.0,67986000000.0
2026-05-31,31904000000.0,9540000000.0,376783000000.0,,,,87821000000.0,,,62146000000.0,,78596000000.0
