date,Fundamental,Momentum,Technical
2014-01-03,0.5416895037209668,0.2866995522766519,0.17161094400238125
2014-01-10,0.563786941494971,0.2667125730896835,0.16950048541534563
2014-01-17,0.5735519938215468,0.25437535817657286,0.1720726480018804
2014-01-24,0.569062206996936,0.2564746821099003,0.1744631108931637
2014-01-31,0.5602391755605045,0.2653038369055444,0.17445698753395122
2014-02-07,0.572303123078786,0.25162513924782276,0.17607173767339118
2014-02-14,0.5909529160636157,0.22729317266848215,0.1817539112679022
2014-02-21,0.5839846995160121,0.23195573239514694,0.18405956808884102
2014-02-28,0.5670368307669305,0.23778450403489182,0.19517866519817778
2014-03-07,0.5619830623882808,0.24337116323141972,0.19464577438029945
2014-03-14,0.5768510068553849,0.25507555403113424,0.16807343911348083
2014-03-21,0.572283517627277,0.24889413992216636,0.1788223424505565
2014-03-28,0.5662048973862391,0.25314389237808826,0.18065121023567268
2014-04-04,0.5526492882579106,0.24650200598489835,0.20084870575719121
2014-04-11,0.5597368651851757,0.23941873890855436,0.20084439590626987
2014-04-18,0.5492922638074298,0.25662054483783875,0.19408719135473151
2014-04-25,0.5474426299763194,0.25909070010937535,0.19346666991430522
2014-05-02,0.5378066089488177,0.27260368515344446,0.189589705897738
2014-05-09,0.5331686677981353,0.2774378336848393,0.18939349851702542
2014-05-16,0.5957981686091862,0.3142021367545671,0.08999969463624673
2014-05-23,0.5777820059720861,0.32138675899208563,0.10083123503582841
2014-05-30,0.5604953490376432,0.3142813146832454,0.12522333627911145
2014-06-06,0.5783859029006215,0.3346493033795795,0.086964793719799
2014-06-13,0.5945646145313367,0.32210205213533,0.08333333333333333
2014-06-20,0.5698346313823014,0.3394309863322706,0.09073438228542803
2014-06-27,0.53096482913944,0.3427517582459007,0.1262834126146593
2014-07-04,0.5649955872693206,0.33858666888923805,0.09641774384144121
2014-07-11,0.5820936639118457,0.3345730027548209,0.08333333333333333
2014-07-18,0.3708755918176527,0.37319448099897784,0.2559299271833694
2014-07-25,0.5160280475617657,0.2732382356891451,0.21073371674908936
2014-08-01,0.4273008150208998,0.38314282750695533,0.18955635747214483
2014-08-08,0.515083706527688,0.32402175976926645,0.16089453370304566
2014-08-15,0.5772640266245824,0.2631624692403414,0.1595735041350762
2014-08-22,0.7152867133837951,0.1459838839417842,0.13872940267442074
2014-08-29,0.6621715076071925,0.25449515905947434,0.08333333333333333
2014-09-05,0.8300582241630278,0.08660844250363896,0.08333333333333333
2014-09-12,0.6680790960451978,0.24858757062146886,0.08333333333333333
2014-09-19,0.7071865443425077,0.20948012232415897,0.08333333333333333
2014-09-26,0.6608956602031394,0.2557710064635272,0.08333333333333333
2014-10-03,0.6390436397400187,0.2776230269266481,0.08333333333333333
2014-10-10,0.5718229459105372,0.34484372075612946,0.08333333333333333
2014-10-17,0.5830426356589149,0.3336240310077519,0.08333333333333333
2014-10-24,0.5945402298850576,0.32212643678160924,0.08333333333333333
2014-10-31,0.666874480465503,0.24979218620116372,0.08333333333333333
2014-11-07,0.6430817610062893,0.27358490566037735,0.08333333333333333
2014-11-14,0.6332472748135399,0.28341939185312676,0.08333333333333333
2014-11-21,0.6334103749357987,0.28325629173086797,0.08333333333333333
2014-11-28,0.6418699186991871,0.27479674796747966,0.08333333333333333
2014-12-05,0.616576209859792,0.3000904568068747,0.08333333333333333
2014-12-12,0.5759149357072206,0.34075173095944605,0.08333333333333333
2014-12-19,0.6229016786570745,0.29376498800959233,0.08333333333333333
2014-12-26,0.6415662650602411,0.2751004016064257,0.08333333333333333
2015-01-02,0.6222554890219562,0.2944111776447106,0.08333333333333333
2015-01-09,0.6042107117688513,0.31245595489781536,0.08333333333333333
2015-01-16,0.3333333333333333,0.3333333333333333,0.3333333333333333
2015-01-23,0.5989079842463302,0.31775868242033656,0.08333333333333333
2015-01-30,0.3333333333333333,0.3333333333333333,0.3333333333333333
2015-02-06,0.5730088495575221,0.34365781710914456,0.08333333333333333
2015-02-13,0.5580168776371308,0.35864978902953587,0.08333333333333333
2015-02-20,0.560667875491085,0.35599879117558175,0.08333333333333333
2015-02-27,0.5424362357080035,0.3742304309586632,0.08333333333333333
2015-03-06,0.5586944208439535,0.35797224582271314,0.08333333333333333
2015-03-13,0.5561196858922285,0.3605469807744381,0.08333333333333333
2015-03-20,0.5497895290712971,0.3668771375953696,0.08333333333333333
2015-03-27,0.5672043010752688,0.3494623655913978,0.08333333333333333
2015-04-03,0.5615167705550609,0.35514989611160586,0.08333333333333333
2015-04-10,0.5715223097112861,0.3451443569553806,0.08333333333333333
2015-04-17,0.5424362357080035,0.3742304309586632,0.08333333333333333
2015-04-24,0.5154208447280462,0.4012458219386204,0.08333333333333333
2015-05-01,0.4984018264840182,0.4182648401826484,0.08333333333333333
2015-05-08,0.5172286305826679,0.3994380360839988,0.08333333333333333
2015-05-15,0.477165932452276,0.43950073421439056,0.08333333333333333
2015-05-22,0.49396977622784066,0.4226968904388259,0.08333333333333333
2015-05-29,0.5005085730892183,0.41615809357744843,0.08333333333333333
2015-06-05,0.5016147149677057,0.415051951698961,0.08333333333333333
2015-06-12,0.49476927486385774,0.4218973918028088,0.08333333333333333
2015-06-19,0.4914878397711016,0.42517882689556513,0.08333333333333333
2015-06-26,0.5142516147149676,0.4024150519516989,0.08333333333333333
2015-07-03,0.47761904761904755,0.4390476190476191,0.08333333333333333
2015-07-10,0.49338832155014395,0.42327834511652274,0.08333333333333333
2015-07-17,0.48688663282571903,0.42978003384094765,0.08333333333333333
2015-07-24,0.4905210514073039,0.4261456152593626,0.08333333333333333
2015-07-31,0.4869809589355356,0.429685707731131,0.08333333333333333
2015-08-07,0.4916288615251674,0.4250378051414993,0.08333333333333333
2015-08-14,0.48729778992936884,0.42936887673729773,0.08333333333333333
2015-08-21,0.3333333333333333,0.3333333333333333,0.3333333333333333
2015-08-28,0.3333333333333333,0.3333333333333333,0.3333333333333333
2015-09-04,0.3333333333333333,0.3333333333333333,0.3333333333333333
2015-09-11,0.3333333333333333,0.3333333333333333,0.3333333333333333
2015-09-18,0.3333333333333333,0.3333333333333333,0.3333333333333333
2015-09-25,0.3333333333333333,0.3333333333333333,0.3333333333333333
2015-10-02,0.3333333333333333,0.3333333333333333,0.3333333333333333
2015-10-09,0.3333333333333333,0.3333333333333333,0.3333333333333333
2015-10-16,0.3333333333333333,0.3333333333333333,0.3333333333333333
2015-10-23,0.2588386978803943,0.08333333333333333,0.6578279687862724
2015-10-30,0.3333333333333333,0.3333333333333333,0.3333333333333333
2015-11-06,0.08333333333333333,0.08333333333333333,0.8333333333333334
2015-11-13,0.8333333333333334,0.08333333333333333,0.08333333333333333
2015-11-20,0.3333333333333333,0.3333333333333333,0.3333333333333333
2015-11-27,0.08333333333333333,0.8333333333333334,0.08333333333333333
2015-12-04,0.3333333333333333,0.3333333333333333,0.3333333333333333
2015-12-11,0.3333333333333333,0.3333333333333333,0.3333333333333333
2015-12-18,0.3333333333333333,0.3333333333333333,0.3333333333333333
2015-12-25,0.3333333333333333,0.3333333333333333,0.3333333333333333
2016-01-01,0.3333333333333333,0.3333333333333333,0.3333333333333333
2016-01-08,0.8333333333333334,0.08333333333333333,0.08333333333333333
2016-01-15,0.8333333333333334,0.08333333333333333,0.08333333333333333
2016-01-22,0.3333333333333333,0.3333333333333333,0.3333333333333333
2016-01-29,0.27738927738927727,0.6392773892773895,0.08333333333333333
2016-02-05,0.12632696390658188,0.7903397027600849,0.08333333333333333
2016-02-12,0.5248280237761305,0.3918386428905363,0.08333333333333333
2016-02-19,0.5221259549096331,0.39454071175703365,0.08333333333333333
2016-02-26,0.3200589970501475,0.5966076696165192,0.08333333333333333
2016-03-04,0.32918395573997233,0.5874827109266944,0.08333333333333333
2016-03-11,0.5286329548996547,0.3818730663595607,0.08949397874078474
2016-03-18,0.5210614845036148,0.395605182163052,0.08333333333333333
2016-03-25,0.5059815722990043,0.41068509436766226,0.08333333333333333
2016-04-01,0.5104996096799376,0.406167056986729,0.08333333333333333
2016-04-08,0.492649215427482,0.4240174512391846,0.08333333333333333
2016-04-15,0.5099864725073605,0.4066801941593061,0.08333333333333333
2016-04-22,0.6065791975660773,0.3100874691005894,0.08333333333333333
2016-04-29,0.5897770712690664,0.3268895953976003,0.08333333333333333
2016-05-06,0.5814757310265795,0.3351909356400871,0.08333333333333333
2016-05-13,0.4951250437215809,0.4215416229450856,0.08333333333333333
2016-05-20,0.5032697066101096,0.4133969600565571,0.08333333333333333
2016-05-27,0.592941389947378,0.32372527671928863,0.08333333333333333
2016-06-03,0.5882561646265745,0.3284105020400922,0.08333333333333333
2016-06-10,0.5880055224433446,0.32866114422332215,0.08333333333333333
2016-06-17,0.5074603546597922,0.40920631200687446,0.08333333333333333
2016-06-24,0.5175244192727572,0.3991422473939096,0.08333333333333333
2016-07-01,0.5698590592630328,0.34680760740363387,0.08333333333333333
2016-07-08,0.5781278095443594,0.3385388571223073,0.08333333333333333
2016-07-15,0.5166193517861367,0.40004731488052997,0.08333333333333333
2016-07-22,0.4968784835540437,0.3862180813501812,0.11690343509577505
2016-07-29,0.5771354221612689,0.33953124450539784,0.08333333333333333
2016-08-05,0.5575394759673782,0.3591271906992885,0.08333333333333333
2016-08-12,0.5781278095443594,0.33853885712230725,0.08333333333333333
2016-08-19,0.5593055702730387,0.35736109639362784,0.08333333333333333
2016-08-26,0.5735522560601135,0.3431144106065532,0.08333333333333333
2016-09-02,0.5951199338296113,0.32154673283705537,0.08333333333333333
2016-09-09,0.6193991760545409,0.2972674906121258,0.08333333333333333
2016-09-16,0.6208346698029154,0.29583199686375133,0.08333333333333333
2016-09-23,0.6202974180565505,0.29636924861011626,0.08333333333333333
2016-09-30,0.6062937839801711,0.2831574078991351,0.11054880812069381
2016-10-07,0.48996583010502565,0.3553053832199755,0.1547287866749988
2016-10-14,0.5112895280698626,0.34128085088923144,0.147429621040906
2016-10-21,0.5128113823518926,0.34367013368522165,0.14351848396288575
2016-10-28,0.5099487048814891,0.3486303087421468,0.14142098637636413
2016-11-04,0.5135830274198915,0.3873519458589746,0.09906502672113401
2016-11-11,0.49976074564140976,0.4169059210252569,0.08333333333333333
2016-11-18,0.502208463526598,0.41445820314006865,0.08333333333333333
2016-11-25,0.4891233832056116,0.427543283461055,0.08333333333333333
2016-12-02,0.47209182623018325,0.44457484043648343,0.08333333333333333
2016-12-09,0.4676222041322634,0.4490444625344032,0.08333333333333333
2016-12-16,0.4797125079650662,0.4369541587016005,0.08333333333333333
2016-12-23,0.49513065010902907,0.42153601655763756,0.08333333333333333
2016-12-30,0.4818162807497814,0.43485038591688524,0.08333333333333333
2017-01-06,0.509578436858795,0.4070882298078717,0.08333333333333333
2017-01-13,0.5005662619286324,0.4161004047380343,0.08333333333333333
2017-01-20,0.4919511285207983,0.4247155381458683,0.08333333333333333
2017-01-27,0.4938090147871013,0.42285765187956526,0.08333333333333333
2017-02-03,0.48282770955869697,0.43383895710796955,0.08333333333333333
2017-02-10,0.484842515437748,0.42628266355126626,0.08887482101098572
2017-02-17,0.4614250328353625,0.4166809009960155,0.12189406616862199
2017-02-24,0.42913278688846646,0.4089078090023156,0.16195940410921783
2017-03-03,0.47308413982454095,0.4221190498629824,0.10479681031247673
2017-03-10,0.47240228701877346,0.42351517910036834,0.10408253388085813
2017-03-17,0.45710282374578065,0.43848735107875436,0.104409825175465
2017-03-24,0.4372718402785589,0.4132459784735065,0.1494821812479345
2017-03-31,0.43061408462607426,0.4027115189907865,0.16667439638313924
2017-04-07,0.46189868197697664,0.4031557830495147,0.1349455349735086
2017-04-14,0.477862109670187,0.4024331019401266,0.11970478838968644
2017-04-21,0.4710303111590549,0.41019104230069986,0.11877864654024531
2017-04-28,0.47297805317939917,0.41016054791030304,0.11686139891029773
2017-05-05,0.46894455671658725,0.41276511147650236,0.11829033180691029
2017-05-12,0.4486938971946886,0.3974732344738226,0.15383286833148874
2017-05-19,0.6116890125294392,0.25718707796607027,0.1311239095044905
2017-05-26,0.6143341322201012,0.25414967470231337,0.1315161930775854
2017-06-02,0.6081669004457968,0.26175654729715986,0.1300765522570433
2017-06-09,0.5997303057611937,0.2715267295389908,0.1287429646998156
2017-06-16,0.6013986283187142,0.2714045134335291,0.12719685824775667
2017-06-23,0.626968866236224,0.27317027652688164,0.09986085723689432
2017-06-30,0.6170389413858531,0.2575597959552037,0.12540126265894327
2017-07-07,0.6272140150776014,0.24601722116325087,0.12676876375914786
2017-07-14,0.6468898492742294,0.23907938902381032,0.1140307617019602
2017-07-21,0.6356450130173712,0.24962638826862038,0.11472859871400841
2017-07-28,0.6597127012364755,0.22519709334252513,0.11509020542099938
2017-08-04,0.673393500155047,0.21127111841193535,0.1153353814330177
2017-08-11,0.6612293880888729,0.22354417940516913,0.11522643250595796
2017-08-18,0.6795874096694613,0.2197447285852024,0.10066786174533635
2017-08-25,0.6781317518688195,0.20670287876145743,0.11516536936972319
2017-09-01,0.6653648892533055,0.20076473632242592,0.1338703744242686
2017-09-08,0.6884803839378799,0.18942302668788308,0.12209658937423709
2017-09-15,0.6859041349467382,0.17581863911628157,0.13827722593698039
2017-09-22,0.7395545550666804,0.17711211159998635,0.08333333333333333
2017-09-29,0.7367464764815759,0.1799201901850908,0.08333333333333333
2017-10-06,0.752905231182226,0.16376143548444067,0.08333333333333333
2017-10-13,0.744860232887599,0.17180643377906774,0.08333333333333333
2017-10-20,0.7169923940107098,0.19967427265595689,0.08333333333333333
2017-10-27,0.7007002116919069,0.2159664549747598,0.08333333333333333
2017-11-03,0.6957301425347061,0.22093652413196052,0.08333333333333333
2017-11-10,0.6918724770350593,0.22479418963160736,0.08333333333333333
2017-11-17,0.6880963337935267,0.22857033287314,0.08333333333333333
2017-11-24,0.6796143250688705,0.2370523415977961,0.08333333333333333
2017-12-01,0.6828963244165858,0.23377034225008086,0.08333333333333333
2017-12-08,0.6790506126487966,0.23761605401787012,0.08333333333333333
2017-12-15,0.6897613198677707,0.22690534679889607,0.08333333333333333
2017-12-22,0.6806314783284046,0.2360351883382621,0.08333333333333333
2017-12-29,0.669097316919202,0.23804830400080285,0.09285437907999514
2018-01-05,0.6991745973082018,0.217492069358465,0.08333333333333333
2018-01-12,0.7211523480103456,0.19551431865632107,0.08333333333333333
2018-01-19,0.7201511485497507,0.1965155181169161,0.08333333333333333
2018-01-26,0.704364234840101,0.21230243182656566,0.08333333333333333
2018-02-02,0.6947178611133709,0.22194880555329588,0.08333333333333333
2018-02-09,0.688696280245576,0.2279703864210907,0.08333333333333333
2018-02-16,0.6738959544063562,0.2427707122603105,0.08333333333333333
2018-02-23,0.6776504697387862,0.23901619692788045,0.08333333333333333
2018-03-02,0.6422349490674611,0.24677723293939874,0.11098781799314016
2018-03-09,0.6357968490832512,0.25769983825286125,0.1065033126638876
2018-03-16,0.6600280089413159,0.25663865772535077,0.08333333333333333
2018-03-23,0.6565749491232472,0.2600917175434195,0.08333333333333333
2018-03-30,0.6761204772582564,0.24054618940841016,0.08333333333333333
2018-04-06,0.6839686626249204,0.2326980040417463,0.08333333333333333
2018-04-13,0.6720137457044674,0.24465292096219932,0.08333333333333333
2018-04-20,0.6664171780310101,0.2478708893389604,0.0857119326300294
2018-04-27,0.6861703658922763,0.23049630077439043,0.08333333333333333
2018-05-04,0.6745534269150407,0.2421132397516259,0.08333333333333333
2018-05-11,0.6680491283215461,0.24861753834512063,0.08333333333333333
2018-05-18,0.46592988693465653,0.4135127778762802,0.1205573351890633
2018-05-25,0.47799963130144,0.3999924839593683,0.1220078847391916
2018-06-01,0.4676459480620883,0.4089661149706409,0.1233879369672708
2018-06-08,0.4863669194655111,0.43029974720115555,0.08333333333333333
2018-06-15,0.4634371159943172,0.4445061658813189,0.09205671812436395
2018-06-22,0.4587485091185223,0.44871358212384993,0.0925379087576277
2018-06-29,0.4539124397987225,0.45368406319243737,0.09240349700884012
2018-07-06,0.45391916697757817,0.4536927397879789,0.09238809323444289
2018-07-13,0.4508453914286213,0.4568567962561089,0.09229781231526978
2018-07-20,0.44985602077311637,0.458381416112582,0.09176256311430162
2018-07-27,0.4513647731308724,0.45691401859319575,0.09172120827593183
2018-08-03,0.454276572238478,0.45407416596042877,0.09164926180109319
2018-08-10,0.46547514196098366,0.4429453901131971,0.0915794679258192
2018-08-17,0.46727547717413265,0.44066908270280775,0.09205544012305963
2018-08-24,0.48106578525697224,0.4265750034862065,0.09235921125682137
2018-08-31,0.44117225049062486,0.420583688228766,0.13824406128060907
2018-09-07,0.4418457645018555,0.4505297009007779,0.10762453459736658
2018-09-14,0.4507841112660723,0.44182020234902936,0.10739568638489817
2018-09-21,0.4324472933831029,0.46064964156999827,0.10690306504689877
2018-09-28,0.42776799712157426,0.43834724498550953,0.1338847578929163
2018-10-05,0.45997863991565263,0.44826413510925467,0.09175722497509257
2018-10-12,0.19682296243679753,0.275834729534146,0.5273423080290565
2018-10-19,0.18993435735092884,0.211254562154448,0.5988110804946231
2018-10-26,0.1774174183516775,0.14974562864039986,0.6728369530079227
2018-11-02,0.08333333333333333,0.08333333333333333,0.8333333333333334
2018-11-09,0.09814825478152592,0.08333333333333333,0.8185184118851409
2018-11-16,0.08333333333333333,0.08333333333333333,0.8333333333333334
2018-11-23,0.17604916175063023,0.08333333333333333,0.7406175049160364
2018-11-30,0.08333333333333333,0.08333333333333333,0.8333333333333334
2018-12-07,0.1736146797011236,0.08333333333333333,0.7430519869655431
2018-12-14,0.08333333333333333,0.08333333333333333,0.8333333333333334
2018-12-21,0.11701440354017306,0.08333333333333333,0.7996522631264936
2018-12-28,0.22959227979297336,0.08333333333333333,0.6870743868736934
2019-01-04,0.1914382133036272,0.08333333333333333,0.7252284533630394
2019-01-11,0.18094698299768425,0.08333333333333333,0.7357196836689824
2019-01-18,0.22503631958271136,0.08333333333333333,0.6916303470839553
2019-01-25,0.2625671123122358,0.08333333333333333,0.6540995543544309
2019-02-01,0.2607426216979313,0.08333333333333333,0.6559240449687355
2019-02-08,0.2441542287690231,0.08333333333333333,0.6725124378976436
2019-02-15,0.29931232929571033,0.08333333333333333,0.6173543373709562
2019-02-22,0.46429045253722784,0.4438673001178133,0.09184224734495877
2019-03-01,0.4709587181779058,0.44570794848876083,0.08333333333333333
2019-03-08,0.20947761896658068,0.08333333333333333,0.707189047700086
2019-03-15,0.46799144867521797,0.44867521799144866,0.08333333333333333
2019-03-22,0.47281100563845524,0.4306223501523249,0.09656664420921973
2019-03-29,0.4587856575402182,0.4554857835969937,0.08572855886278818
2019-04-05,0.461714512730162,0.4549521539365046,0.08333333333333333
2019-04-12,0.4584509496427948,0.4582157170238717,0.08333333333333333
2019-04-19,0.453614663256607,0.46305200341005964,0.08333333333333333
2019-04-26,0.44732087103409046,0.45965816432098955,0.09302096464491998
2019-05-03,0.4460775430453675,0.45472100251739,0.09920145443724238
2019-05-10,0.41993446451854405,0.4359111480231414,0.14415438745831455
2019-05-17,0.42151742759982297,0.4346514064953508,0.14383116590482614
2019-05-24,0.42426358009161985,0.4320091324283891,0.14372728747999106
2019-05-31,0.2394766234624942,0.10278370857433605,0.6577396679631698
2019-06-07,0.42457993464224403,0.4322142256500643,0.14320583970769163
2019-06-14,0.40728287598898094,0.41421257924926697,0.17850454476175204
2019-06-21,0.6707994994033587,0.24586716726330804,0.08333333333333333
2019-06-28,0.6563987964829258,0.26026787018374087,0.08333333333333333
2019-07-05,0.4135893274573814,0.40404661454842355,0.18236405799419503
2019-07-12,0.4233637648287685,0.3956117640611919,0.18102447111003955
2019-07-19,0.4169804473042187,0.4032843729219624,0.17973517977381892
2019-07-26,0.4067086933975854,0.4153564947607299,0.1779348118416847
2019-08-02,0.39895490746701456,0.422924183199536,0.17812090933344943
2019-08-09,0.38956340915899873,0.43129342463404224,0.17914316620695905
2019-08-16,0.39539295190072793,0.42238567788523496,0.18222137021403706
2019-08-23,0.3860795327972912,0.4327007502690534,0.18121971693365538
2019-08-30,0.3871430966176674,0.43476201969201583,0.17809488369031679
2019-09-06,0.3990217639407837,0.4449750189700769,0.1560032170891394
2019-09-13,0.3987668939067597,0.436663693766122,0.1645694123271183
2019-09-20,0.41324078171836953,0.4240874846751202,0.16267173360651024
2019-09-27,0.42686459914824565,0.41138223405764945,0.16175316679410484
2019-10-04,0.40708585005181286,0.41111658381360144,0.18179756613458564
2019-10-11,0.42679134149060255,0.4198007950954798,0.1534078634139176
2019-10-18,0.42861514331721745,0.4284517092007846,0.1429331474819978
2019-10-25,0.43035233881261964,0.42793651962224716,0.14171114156513306
2019-11-01,0.6480207021961113,0.26864596447055533,0.08333333333333333
2019-11-08,0.4383864773046992,0.4266868610197517,0.13492666167554918
2019-11-15,0.43191993922472244,0.41789507578163243,0.15018498499364513
2019-11-22,0.42770817392536176,0.3872718335773807,0.18501999249725753
2019-11-29,0.43899372320281377,0.37732848795926716,0.18367778883791902
2019-12-06,0.45411640459117214,0.36176037316847676,0.18412322224035113
2019-12-13,0.6480207021961114,0.26864596447055533,0.08333333333333333
2019-12-20,0.44252383839148157,0.3704825027283896,0.18699365888012887
2019-12-27,0.6668279238865923,0.24983874278007445,0.08333333333333333
2020-01-03,0.6885550658151179,0.2281116008515487,0.08333333333333333
2020-01-10,0.7017637785907617,0.21490288807590496,0.08333333333333333
2020-01-17,0.44662120063738847,0.3646704682124862,0.1887083311501252
2020-01-24,0.45105139566079167,0.36300032030301943,0.18594828403618885
2020-01-31,0.691560240261255,0.22510642640541173,0.08333333333333333
2020-02-07,0.4574915952170909,0.35791846404599054,0.18458994073691865
2020-02-14,0.4607782228344871,0.3512895847645056,0.18793219240100723
2020-02-21,0.46510186191230635,0.3491176343532071,0.1857805037344865
2020-02-28,0.22730891018546512,0.09546920571167394,0.677221884102861
2020-03-06,0.40085624637799067,0.08333333333333333,0.5158104202886759
2020-03-13,0.18151456225484558,0.09043077156862336,0.7280546661765311
2020-03-20,0.1999920734407214,0.10655450434996983,0.6934534222093087
2020-03-27,0.17003315982876144,0.08333333333333333,0.7466335068379052
2020-04-03,0.17936585010243752,0.08333333333333333,0.7373008165642292
2020-04-10,0.14878692951808997,0.093357757974242,0.757855312507668
2020-04-17,0.1474924830230504,0.14229038980496528,0.7102171271719844
2020-04-24,0.21176423435168146,0.12021371945950401,0.6680220461888146
2020-05-01,0.21025802081850398,0.09663343416462689,0.6931085450168691
2020-05-08,0.21712075244458184,0.11749892589884314,0.6653803216565751
2020-05-15,0.24597779239673712,0.10203309448387396,0.651989113119389
2020-05-22,0.25826341976924244,0.13900327205084964,0.6027333081799079
2020-05-29,0.27761413390136125,0.13094708674187938,0.5914387793567594
2020-06-05,0.6897804373780613,0.22688622928860547,0.08333333333333333
2020-06-12,0.5186166041487389,0.08341755751983923,0.39796583833142185
2020-06-19,0.6928567121883572,0.22380995447830937,0.08333333333333333
2020-06-26,0.568962646063862,0.08333333333333333,0.34770402060280464
2020-07-03,0.6823004031664753,0.2343662635001913,0.08333333333333333
2020-07-10,0.6905789931336392,0.2260876735330275,0.08333333333333333
2020-07-17,0.6817299614727268,0.2349367051939399,0.08333333333333333
2020-07-24,0.6914536925113682,0.22521297415529845,0.08333333333333333
2020-07-31,0.6908122288662212,0.22585443780044556,0.08333333333333333
2020-08-07,0.6793989496768237,0.23726771698984306,0.08333333333333333
2020-08-14,0.6893245151436559,0.22734215152301085,0.08333333333333333
2020-08-21,0.676853125264935,0.2398135414017316,0.08333333333333333
2020-08-28,0.6777266544757864,0.2389400121908803,0.08333333333333333
2020-09-04,0.6788193017661901,0.23784736490047664,0.08333333333333333
2020-09-11,0.6794686167889297,0.23719804987773707,0.08333333333333333
2020-09-18,0.6702814941179334,0.24638517254873332,0.08333333333333333
2020-09-25,0.6633152015117297,0.25335146515493706,0.08333333333333333
2020-10-02,0.6663378760460417,0.25032879062062496,0.08333333333333333
2020-10-09,0.6713497353972115,0.24531693126945514,0.08333333333333333
2020-10-16,0.663128611509839,0.2535380551568277,0.08333333333333333
2020-10-23,0.6736454800069377,0.24302118665972905,0.08333333333333333
2020-10-30,0.6617349425609123,0.25493172410575454,0.08333333333333333
2020-11-06,0.6440775711277226,0.2725890955389442,0.08333333333333333
2020-11-13,0.6403647421045205,0.2763019245621461,0.08333333333333333
2020-11-20,0.6409475367446431,0.2757191299220235,0.08333333333333333
2020-11-27,0.6404216459244582,0.27624502074220847,0.08333333333333333
2020-12-04,0.6380509502031496,0.2786157164635172,0.08333333333333333
2020-12-11,0.6375130647183008,0.2791536019483659,0.08333333333333333
2020-12-18,0.6247262056666553,0.2919404610000113,0.08333333333333333
2020-12-25,0.6198925930439717,0.2967740736226951,0.08333333333333333
2021-01-01,0.6297062057345099,0.2869604609321569,0.08333333333333333
2021-01-08,0.6203791716590086,0.2962874950076581,0.08333333333333333
2021-01-15,0.6138382987586731,0.30282836790799356,0.08333333333333333
2021-01-22,0.6123917383732916,0.30427492829337505,0.08333333333333333
2021-01-29,0.6108497879284419,0.3058168787382248,0.08333333333333333
2021-02-05,0.613954335720167,0.3027123309464997,0.08333333333333333
2021-02-12,0.6227532990639452,0.29391336760272146,0.08333333333333333
2021-02-19,0.6232579083703592,0.2934087582963074,0.08333333333333333
2021-02-26,0.6151588312310073,0.3015078354356593,0.08333333333333333
2021-03-05,0.6224353004641107,0.294231366202556,0.08333333333333333
2021-03-12,0.6345811086399383,0.28208555802672836,0.08333333333333333
2021-03-19,0.632056892936138,0.2846097737305287,0.08333333333333333
2021-03-26,0.6353146442960004,0.28135202237066637,0.08333333333333333
2021-04-02,0.6311231333642032,0.2855435333024635,0.08333333333333333
2021-04-09,0.6298262438333405,0.2868404228333262,0.08333333333333333
2021-04-16,0.6373497212224638,0.27931694544420294,0.08333333333333333
2021-04-23,0.6395526356666379,0.2771140310000288,0.08333333333333333
2021-04-30,0.6301908327478027,0.28647583391886394,0.08333333333333333
2021-05-07,0.6357792684908536,0.28088739817581304,0.08333333333333333
2021-05-14,0.6288257399107958,0.28784092675587086,0.08333333333333333
2021-05-21,0.6327426338086589,0.2839240328580078,0.08333333333333333
2021-05-28,0.622361936042408,0.29430473062425877,0.08333333333333333
2021-06-04,0.6289292124053475,0.2877374542613192,0.08333333333333333
2021-06-11,0.619450369656111,0.2972162970105558,0.08333333333333333
2021-06-18,0.45796383923922035,0.36325835091716846,0.17877780984361114
2021-06-25,0.6153431307968904,0.3013235358697763,0.08333333333333333
2021-07-02,0.46372280478620326,0.35974537710553767,0.17653181810825905
2021-07-09,0.471125367604638,0.352229370237033,0.17664526215832904
2021-07-16,0.4739297378787513,0.3395265823337729,0.18654367978747577
2021-07-23,0.4792558365322263,0.34545391369345985,0.1752902497743138
2021-07-30,0.47929002292309913,0.35082904531450515,0.16988093176239558
2021-08-06,0.4753173438772498,0.3450792280032465,0.17960342811950375
2021-08-13,0.47110048286669154,0.35939517419888306,0.16950434293442546
2021-08-20,0.46065098139687777,0.3696453596106503,0.1697036589924718
2021-08-27,0.4655277825000073,0.37812554591766834,0.15634667158232435
2021-09-03,0.4679209578680646,0.36946331104360364,0.16261573108833172
2021-09-10,0.46918936101894887,0.35490871841330285,0.1759019205677483
2021-09-17,0.4680000967526861,0.3394158103801232,0.19258409286719058
2021-09-24,0.46173549201010405,0.3357869303721004,0.20247757761779556
2021-10-01,0.45801248389097543,0.3411322853120024,0.2008552307970221
2021-10-08,0.4554087454604105,0.3467817966829817,0.19780945785660775
2021-10-15,0.45565593962972184,0.36027047665658013,0.18407358371369797
2021-10-22,0.46072799898470773,0.35777742144112856,0.1814945795741636
2021-10-29,0.4665363676711799,0.35109367405779573,0.18236995827102426
2021-11-05,0.47006102492284424,0.34825332442219564,0.18168565065496006
2021-11-12,0.47657051795372357,0.35273100955644626,0.1706984724898301
2021-11-19,0.4817427568379267,0.35273162556094056,0.16552561760113266
2021-11-26,0.4804031236915937,0.3528165863496185,0.16678028995878783
2021-12-03,0.48224748643381626,0.3508775639788209,0.1668749495873627
2021-12-10,0.4938116557559539,0.3558648707381705,0.15032347350587544
2021-12-17,0.4887235534020447,0.35976769959365945,0.15150874700429573
2021-12-24,0.507877533535866,0.3521620066739347,0.13996045979019928
2021-12-31,0.5190954382087088,0.3496527289224351,0.13125183286885603
2022-01-07,0.511955154463596,0.33683163490758883,0.15121321062881526
2022-01-14,0.5102943873411813,0.3431652552267645,0.14654035743205432
2022-01-21,0.515566232891451,0.33403582448146635,0.1503979426270827
2022-01-28,0.2721117339453444,0.11113306417905221,0.6167552018756035
2022-02-04,0.5155093432484403,0.3198079741765151,0.16468268257504454
2022-02-11,0.519534150088567,0.3201533541764517,0.16031249573498124
2022-02-18,0.2526853788790061,0.1475911181184063,0.5997235030025876
2022-02-25,0.28811520124505735,0.13458544724008276,0.5772993515148599
2022-03-04,0.31183082856390876,0.15746251967171448,0.5307066517643767
2022-03-11,0.33057517607666276,0.12622298250433106,0.5432018414190062
2022-03-18,0.30888086089477684,0.1152201156504069,0.5758990234548163
2022-03-25,0.32214281542052553,0.11029638069667258,0.5675608038828018
2022-04-01,0.28968431298427133,0.13032908736721885,0.5799865996485098
2022-04-08,0.2954655056236511,0.11315398212406236,0.5913805122522865
2022-04-15,0.3012250725841514,0.09862452251662132,0.6001504048992273
2022-04-22,0.2824846259052396,0.12780913580415876,0.5897062382906016
2022-04-29,0.28065462139329833,0.14209496821346226,0.5772504103932394
2022-05-06,0.28166732756677587,0.14838270329816028,0.5699499691350638
2022-05-13,0.2673349480038854,0.13343404301348197,0.5992310089826327
2022-05-20,0.2515022706709095,0.15256681012778825,0.5959309192013023
2022-05-27,0.2329922371873327,0.12775980504713302,0.6392479577655342
2022-06-03,0.23459807674949829,0.08956757639967866,0.6758343468508231
2022-06-10,0.2537576784197081,0.11591445547318145,0.6303278661071104
2022-06-17,0.27060636071636524,0.09622290022158556,0.6331707390620492
2022-06-24,0.27346969982670627,0.09204623062081417,0.6344840695524796
2022-07-01,0.26295497063175477,0.09213252490774429,0.644912504460501
2022-07-08,0.2707545901296927,0.09293022784968713,0.6363151820206202
2022-07-15,0.27030797752398295,0.09869546839299806,0.630996554083019
2022-07-22,0.27985519871512005,0.09357216828771212,0.6265726329971678
2022-07-29,0.2626640878158582,0.08333333333333333,0.6540025788508085
2022-08-05,0.23413998592120827,0.08333333333333333,0.6825266807454584
2022-08-12,0.23479938549027984,0.08333333333333333,0.6818672811763868
2022-08-19,0.2435910310951464,0.08333333333333333,0.6730756355715203
2022-08-26,0.2528039943957648,0.09650910338039215,0.6506869022238432
2022-09-02,0.2823148195030455,0.10801288394219377,0.6096722965547606
2022-09-09,0.26441642384887315,0.1392706219817303,0.5963129541693967
2022-09-16,0.2651650351704018,0.1581947835012536,0.5766401813283447
2022-09-23,0.2516453222625336,0.15352825895784905,0.5948264187796174
2022-09-30,0.25664745827255536,0.1618434141611356,0.5815091275663091
2022-10-07,0.26673201861322293,0.14493281008215472,0.5883351713046224
2022-10-14,0.2585873376984206,0.143892912762515,0.5975197495390644
2022-10-21,0.2609763065816072,0.14024762969334004,0.5987760637250528
2022-10-28,0.26865791951656764,0.11848907213596122,0.6128530083474711
2022-11-04,0.26698632693969543,0.11355131602207655,0.6194623570382282
2022-11-11,0.23296534383176093,0.11086480216726687,0.6561698540009723
2022-11-18,0.22113013834744838,0.09536101505322163,0.68350884659933
2022-11-25,0.21625901654993845,0.08333333333333333,0.7004076501167282
2022-12-02,0.18566513577589916,0.10238010203706081,0.71195476218704
2022-12-09,0.18733902757316379,0.11790238294839361,0.6947585894784426
2022-12-16,0.22222307691823973,0.1400070999102091,0.6377698231715512
2022-12-23,0.21806988018531043,0.13867582484539354,0.6432542949692961
2022-12-30,0.7175615212527963,0.19910514541387037,0.08333333333333333
2023-01-06,0.7748226950354609,0.14184397163120582,0.08333333333333333
2023-01-13,0.6159435981231146,0.3007230685435521,0.08333333333333333
2023-01-20,0.6203995458372339,0.29626712082943285,0.08333333333333333
2023-01-27,0.6165886173118088,0.30007804935485777,0.08333333333333333
2023-02-03,0.6254157796282238,0.2912508870384428,0.08333333333333333
2023-02-10,0.6379726741071408,0.2786939925595259,0.08333333333333333
2023-02-17,0.6429305142218952,0.27373615244477145,0.08333333333333333
2023-02-24,0.5207795900556125,0.32495470022937945,0.15426570971500814
2023-03-03,0.6524634062497812,0.2642032604168855,0.08333333333333333
2023-03-10,0.8333333333333334,0.08333333333333333,0.08333333333333333
2023-03-17,0.8333333333333334,0.08333333333333333,0.08333333333333333
2023-03-24,0.6582810911795949,0.25838557548707175,0.08333333333333333
2023-03-31,0.6685980676025223,0.24806859906414447,0.08333333333333333
2023-04-07,0.6683853596915119,0.24828130697515488,0.08333333333333333
2023-04-14,0.6679008741723517,0.24876579249431507,0.08333333333333333
2023-04-21,0.6661357213014133,0.2505309453652534,0.08333333333333333
2023-04-28,0.6665577809088651,0.2501088857578016,0.08333333333333333
2023-05-05,0.6625085283471926,0.2541581383194741,0.08333333333333333
2023-05-12,0.661326142251585,0.2553405244150816,0.08333333333333333
2023-05-19,0.654011429174837,0.2626552374918298,0.08333333333333333
2023-05-26,0.6486681359536558,0.26799853071301105,0.08333333333333333
2023-06-02,0.648912634248731,0.26775403241793566,0.08333333333333333
2023-06-09,0.6533866533803601,0.26328001328630657,0.08333333333333333
2023-06-16,0.6625666358981505,0.25410003076851617,0.08333333333333333
2023-06-23,0.6687997948228436,0.24786687184382328,0.08333333333333333
2023-06-30,0.6688790749950317,0.2477875916716349,0.08333333333333333
2023-07-07,0.6743078520124449,0.24235881465422182,0.08333333333333333
2023-07-14,0.6816720321568355,0.2349946345098312,0.08333333333333333
2023-07-21,0.6759086511658975,0.2407580155007692,0.08333333333333333
2023-07-28,0.6675408276558155,0.24912583901085122,0.08333333333333333
2023-08-04,0.6737386346675595,0.2429280319991074,0.08333333333333333
2023-08-11,0.6845556976062283,0.2321109690604386,0.08333333333333333
2023-08-18,0.6926510788745688,0.22401558779209796,0.08333333333333333
2023-08-25,0.6862292935110506,0.2304373731556162,0.08333333333333333
2023-09-01,0.6938403073085786,0.22282635935808803,0.08333333333333333
2023-09-08,0.5286123936552848,0.32613018887151557,0.14525741747319973
2023-09-15,0.5321640946643822,0.31464513308663006,0.15319077224898764
2023-09-22,0.5393806923622126,0.3192326141155121,0.14138669352227526
2023-09-29,0.5351051623716567,0.3333353679528501,0.1315594696754932
2023-10-06,0.5370570443205956,0.3401261469177325,0.12281680876167181
2023-10-13,0.5332969778874543,0.33880091961700376,0.12790210249554196
2023-10-20,0.23002036966058126,0.1360217403256549,0.6339578900137639
2023-10-27,0.2249686883901431,0.11742677158999995,0.6576045400198569
2023-11-03,0.5279773128727263,0.33567453583086343,0.1363481512964103
2023-11-10,0.5426363585056843,0.34252061769997283,0.11484302379434282
2023-11-17,0.5486249698430076,0.34370323814175147,0.10767179201524087
2023-11-24,0.6876946793784054,0.22897198728826124,0.08333333333333333
2023-12-01,0.6891376208354271,0.22752904583123973,0.08333333333333333
2023-12-08,0.5366457743991792,0.3364595956504995,0.12689462995032139
2023-12-15,0.6829144244105432,0.2337522422561235,0.08333333333333333
2023-12-22,0.6678762922247565,0.2487903744419102,0.08333333333333333
2023-12-29,0.6638800041686865,0.25278666249798026,0.08333333333333333
2024-01-05,0.671410898363512,0.24525576830315465,0.08333333333333333
2024-01-12,0.6761033144686907,0.2405633521979761,0.08333333333333333
2024-01-19,0.6871266464030823,0.2295400202635844,0.08333333333333333
2024-01-26,0.6819847764457563,0.2346818902209104,0.08333333333333333
2024-02-02,0.5484842667185119,0.33126350535234933,0.1202522279291387
2024-02-09,0.560081342105442,0.3327215834532459,0.10719707444131224
2024-02-16,0.5558634686315124,0.33703650678550595,0.10710002458298186
2024-02-23,0.5516759743004205,0.34183246644395426,0.10649155925562535
2024-03-01,0.5475855300998057,0.32556515175803724,0.12684931814215714
2024-03-08,0.6850095142839073,0.23165715238275936,0.08333333333333333
2024-03-15,0.5544319935945959,0.3168451733642909,0.12872283304111323
2024-03-22,0.5506544134059149,0.3086982328949629,0.1406473536991221
2024-03-29,0.5480317168874733,0.3121110177243518,0.13985726538817497
2024-04-05,0.552917147843022,0.3065365267297195,0.14054632542725848
2024-04-12,0.5547741469286825,0.30538155734892436,0.139844295722393
2024-04-19,0.5507083610185471,0.3092960519860055,0.13999558699544729
2024-04-26,0.55603691687874,0.3035247464560403,0.14043833666521977
2024-05-03,0.5630926978222506,0.295478036463922,0.14142926571382736
2024-05-10,0.5602159239612934,0.30761055726775016,0.13217351877095657
2024-05-17,0.5565985451867483,0.3210063112359771,0.12239514357727456
2024-05-24,0.5496740119307431,0.3268576863797494,0.12346830168950755
2024-05-31,0.539856303700345,0.3234482727124021,0.1366954235872529
2024-06-07,0.5264034596136075,0.33890778904664004,0.13468875133975253
2024-06-14,0.5441986604286039,0.33859147095334935,0.11720986861804684
2024-06-21,0.5272728180041125,0.3392625277736882,0.13346465422219916
2024-06-28,0.53037984248138,0.33058470425057046,0.13903545326804956
2024-07-05,0.5223707872088146,0.33475587169191534,0.14287334109926997
2024-07-12,0.6815115223868463,0.23515514427982048,0.08333333333333333
2024-07-19,0.5191907878768728,0.3323055600391009,0.14850365208402638
2024-07-26,0.6787502714005446,0.23791639526612218,0.08333333333333333
2024-08-02,0.6787575832425808,0.23790908342408573,0.08333333333333333
2024-08-09,0.6840812972228397,0.23258536944382707,0.08333333333333333
2024-08-16,0.6851787281221035,0.23148793854456334,0.08333333333333333
2024-08-23,0.6833136757010775,0.23335299096558926,0.08333333333333333
2024-08-30,0.6768738756206171,0.23979279104604956,0.08333333333333333
2024-09-06,0.6735389344609288,0.2431277322057379,0.08333333333333333
2024-09-13,0.6689515219268501,0.24771514473981643,0.08333333333333333
2024-09-20,0.6712200194404058,0.24544664722626086,0.08333333333333333
2024-09-27,0.6586668959558243,0.2579997707108424,0.08333333333333333
2024-10-04,0.6574555221438562,0.2592111445228105,0.08333333333333333
2024-10-11,0.646167169387844,0.2704994972788227,0.08333333333333333
2024-10-18,0.6431877015794433,0.2734789650872234,0.08333333333333333
2024-10-25,0.5110849577588095,0.33967581008504416,0.14923923215614657
2024-11-01,0.5121003420773504,0.33908574451382867,0.14881391340882089
2024-11-08,0.517498285053317,0.33398965477864706,0.14851206016803598
2024-11-15,0.5241787838021781,0.32754336403716444,0.14827785216065759
2024-11-22,0.5350371048969496,0.3299520879567236,0.13501080714632696
2024-11-29,0.535498567275586,0.3289173370750094,0.1355840956494047
2024-12-06,0.5486198637550943,0.3178696488741276,0.13351048737077814
2024-12-13,0.557617166000457,0.3349598074653423,0.10742302653420077
2024-12-20,0.5564477090947288,0.346413203153505,0.09713908775176612
2024-12-27,0.5631481613466428,0.3290147549190727,0.10783708373428452
2025-01-03,0.5602970364656561,0.318405053561561,0.12129790997278289
2025-01-10,0.5627299683090268,0.3144691871442733,0.12280084454669993
2025-01-17,0.5522533928633235,0.32203860360236297,0.12570800353431344
2025-01-24,0.5530540698595863,0.3315345151173507,0.11541141502306301
2025-01-31,0.5589214022806959,0.3207117347994136,0.12036686291989057
2025-02-07,0.5556297067979175,0.31817286446165416,0.1261974287404283
2025-02-14,0.5694617423657927,0.32089458917832836,0.10964366845587895
2025-02-21,0.5599892995519685,0.324108320333399,0.11590238011463255
2025-02-28,0.5584877813270555,0.32596111492124347,0.1155511037517011
2025-03-07,0.6397883542265393,0.2768783124401274,0.08333333333333333
2025-03-14,0.6407581262624614,0.27590854040420515,0.08333333333333333
2025-03-21,0.6413558450588225,0.27531082160784426,0.08333333333333333
2025-03-28,0.6473038830854939,0.26936278358117277,0.08333333333333333
2025-04-04,0.6211692597831213,0.2954974068835454,0.08333333333333333
2025-04-11,0.6356589147286822,0.28100775193798444,0.08333333333333333
2025-04-18,0.6254887585532748,0.2911779081133919,0.08333333333333333
2025-04-25,0.3886077073343989,0.5280589593322678,0.08333333333333333
2025-05-02,0.6431638850138229,0.2735027816528437,0.08333333333333333
2025-05-09,0.6454375929214724,0.2712290737451942,0.08333333333333333
2025-05-16,0.6479437779456401,0.2687228887210266,0.08333333333333333
2025-05-23,0.6457224843629944,0.2709441823036722,0.08333333333333333
2025-05-30,0.6445080796674146,0.27215858699925205,0.08333333333333333
2025-06-06,0.6422838788002939,0.27438278786637277,0.08333333333333333
2025-06-13,0.6379858335953118,0.2786808330713549,0.08333333333333333
2025-06-20,0.6317499747780445,0.2849166918886221,0.08333333333333333
2025-06-27,0.6268273940661864,0.28983927260048037,0.08333333333333333
2025-07-04,0.63390801462559,0.28275865204107664,0.08333333333333333
2025-07-11,0.6442231970180612,0.2724434696486056,0.08333333333333333
2025-07-18,0.6403712748837787,0.27629539178288803,0.08333333333333333
2025-07-25,0.6433263853349771,0.27334028133168964,0.08333333333333333
2025-08-01,0.640270090659761,0.27639657600690565,0.08333333333333333
2025-08-08,0.6333649560605252,0.28330171060614145,0.08333333333333333
2025-08-15,0.6383839004704592,0.27828276619620745,0.08333333333333333
2025-08-22,0.631955722693993,0.2847109439726737,0.08333333333333333
2025-08-29,0.6381943629647004,0.2784723037019662,0.08333333333333333
2025-09-05,0.6426528124939698,0.2740138541726969,0.08333333333333333
2025-09-12,0.6454000205794416,0.27126664608722495,0.08333333333333333
2025-09-19,0.6503058480100149,0.26636081865665173,0.08333333333333333
2025-09-26,0.638910478335545,0.27775618833112165,0.08333333333333333
2025-10-03,0.6454043082063616,0.2712623584603051,0.08333333333333333
2025-10-10,0.6400923950478693,0.27657427161879755,0.08333333333333333
2025-10-17,0.6353454336006799,0.28132123306598683,0.08333333333333333
2025-10-24,0.6334801293971257,0.2831865372695409,0.08333333333333333
2025-10-31,0.6314854436035856,0.28518122306308097,0.08333333333333333
2025-11-07,0.6315525036841855,0.28511416298248116,0.08333333333333333
2025-11-14,0.6296701171851068,0.2869965494815599,0.08333333333333333
2025-11-21,0.6344446752826699,0.28222199138399695,0.08333333333333333
2025-11-28,0.6448111571736742,0.2718555094929924,0.08333333333333333
2025-12-05,0.6464090311370533,0.2702576355296134,0.08333333333333333
2025-12-12,0.6393320871558063,0.2773345795108605,0.08333333333333333
2025-12-19,0.6328996676768827,0.283766998989784,0.08333333333333333
2025-12-26,0.6278971696996968,0.2887694969669698,0.08333333333333333
2026-01-02,0.6339593503525739,0.2827073163140928,0.08333333333333333
2026-01-09,0.6218240388500542,0.29484262781661236,0.08333333333333333
2026-01-16,0.6206575317006757,0.2960091349659909,0.08333333333333333
2026-01-23,0.6095025883855137,0.3071640782811529,0.08333333333333333
2026-01-30,0.6088199419317122,0.30784672473495445,0.08333333333333333
2026-02-06,0.608665854231061,0.30800081243560556,0.08333333333333333
2026-02-13,0.6053297326417943,0.3113369340248724,0.08333333333333333
2026-02-20,0.5969712113224224,0.31969545534424443,0.08333333333333333
2026-02-27,0.5962346605023312,0.3204320061643356,0.08333333333333333
2026-03-06,0.5534582951904143,0.3167893521379799,0.12975235267160573
2026-03-13,0.5453060270449868,0.317553538417023,0.13714043453799027
2026-03-20,0.5368842709040117,0.32156409080690973,0.14155163828907852
2026-03-27,0.5467331037075777,0.32620469019504605,0.1270622060973763
2026-04-03,0.5520534539375292,0.3174301502531725,0.13051639580929836
2026-04-10,0.5985173551908811,0.3181493114757856,0.08333333333333333
2026-04-17,0.6047738053816836,0.31189286128498317,0.08333333333333333
2026-04-24,0.5954020770305765,0.3212645896360902,0.08333333333333333
2026-05-01,0.588899608049587,0.3277670586170798,0.08333333333333333
2026-05-08,0.5921244853608401,0.3245421813058267,0.08333333333333333
2026-05-15,0.5487346762821277,0.310569451674159,0.1406958720437134
2026-05-22,0.5390438363150549,0.3132544471675126,0.14770171651743258
2026-05-29,0.5538328440734921,0.31258231030226596,0.13358484562424194
2026-06-05,0.5476382739230368,0.3203961961247103,0.13196552995225283
2026-06-12,0.5640126573542001,0.3180306283778799,0.11795671426792002
2026-06-19,0.5781861749496091,0.3188136004069144,0.10300022464347662
2026-06-26,0.5648466091331102,0.30547066453736,0.12968272632952968
2026-07-03,0.5674155232893926,0.3060706847291621,0.12651379198144533
2026-07-10,0.5555781729809143,0.3103586952222846,0.13406313179680107
2026-07-17,0.5673791515952832,0.3083910227740622,0.1242298256306546
