date,LIVE composite,carry/vol only,ESI only,TSMOM 12w,MA cross,STFV fade,ML ridge
2014-01-24,0.0011123009314554838,,,,,,
2014-01-31,0.004032058516358982,,,,,,
2014-02-07,-0.003449072594139295,,,,,,
2014-02-14,0.0004886369993352426,,,,,,
2014-02-21,0.0028071865642607836,-0.0034102445108668486,0.0034467215371221387,,,,
2014-02-28,0.00015563032379556062,-1.908145608294159e-05,0.0035108933723274473,,,,
2014-03-07,0.002841426982823094,0.0022230933388799738,0.005295894293674662,,,,
2014-03-14,0.0009443542167235802,-0.0027092899348185534,0.0023823434790607475,,,,
2014-03-21,0.011561875720503781,0.029027353398833663,0.005654518835172576,,,,
2014-03-28,0.011081452178339684,0.009135818799399315,0.009925050180881132,,,,
2014-04-04,-0.0003138621138402822,0.0025333031500512845,0.0017349873613557683,,,,
2014-04-11,0.0010956833556019156,-0.0013821739549694282,0.005718386648755272,,,,
2014-04-18,1.0369590057705313e-05,0.0006518276600555552,-0.00677175778427608,0.0034625350182426063,,,
2014-04-25,0.0028742278724485128,0.0051941912163423745,0.0028017292425674776,-3.474289157763359e-05,,,
2014-05-02,0.006737634917859352,0.0024695962267206107,0.005138749041636434,0.004415226361639706,,,
2014-05-09,-0.005580876668487978,-0.006917995530501181,9.280786040969284e-05,-0.0003894939457735825,,,
2014-05-16,0.012300219069284248,0.012248980542143453,-0.001563644905170169,0.004613410924768511,,,
2014-05-23,-0.004996711128392297,0.005140695303474974,0.0062232167322155,0.0017011174590459682,,,
2014-05-30,-0.002090097063200546,-0.01799082855767209,0.011896816576774251,-0.0037002652310436745,,,
2014-06-06,-0.0002722253098674105,-0.0031869461682788127,-0.0061286432035886265,-2.3898901512050744e-05,,,
2014-06-13,0.0038720259788081594,0.006631404265297307,-0.003802194436247553,-0.002198787082837937,,,
2014-06-20,-0.0010078041808696584,-0.0016001661718898909,0.0005480208211662678,0.0011017506614009122,,,
2014-06-27,0.002672637232051588,0.004532156949255135,-0.006748802395394368,0.006932382496877938,,,
2014-07-04,0.001189531662956192,0.0020752219153299,0.0008655945078665192,-0.0016683061492238245,,,
2014-07-11,0.0010345219154002906,0.0017802420234698819,-0.001603756301972977,-0.007770479669163608,,,
2014-07-18,0.000810102488990179,0.001713914781851908,-0.0013529383900010795,-0.0007159156918981027,,,
2014-07-25,0.0013756525673014547,0.0019238995618712203,-0.0016596045362703114,0.0044835122722957635,,,
2014-08-01,0.0022105716861348505,0.0011077604145230135,0.008733413610315375,0.0037345646600897516,,,
2014-08-08,0.0016787411676427754,7.961926435195619e-05,0.00573210693055756,0.0023653494814076005,,,
2014-08-15,0.0010888858510028215,-0.002821497903817541,0.006627300040902522,0.005653054443389587,,,
2014-08-22,0.006258089815581992,-0.0015161481320663018,0.01075476521108425,0.0034052204825953604,,,
2014-08-29,0.0062932339486710285,0.0006648373849064322,0.007203695020232003,0.00913687846869815,,,
2014-09-05,,0.0024910248282969546,-0.010442892527265787,0.001971484047520552,,,
2014-09-12,-0.004167725653246399,0.007319733568033265,-0.007817704118155962,0.0016376822832308527,,,
2014-09-19,0.0016993372299578665,0.007997553799270458,-0.008834640059390234,0.0008720766164606808,,,
2014-09-26,0.005598922726058528,0.00590449125997906,-0.002163551052015911,0.006056665306424448,,,
2014-10-03,-0.003424729012701996,-0.004693710319299806,-0.00036545080231792067,0.001727393175489798,,,
2014-10-10,0.0010765018498604022,-0.002133350884995678,0.0006638629496812013,-0.011316236635180568,,,
2014-10-17,0.0049104541681533635,0.0027385555429838586,,-0.0055777952517999906,,,
2014-10-24,0.005608968930520915,0.010214800311233752,0.001969528094839232,0.011015477593867161,0.007155070100043568,,
2014-10-31,0.01065561482543153,0.006122104450119175,0.0031961281862535195,0.0058762720671306804,-0.000662112980928614,,
2014-11-07,0.005915306924651439,0.0043658648922147575,0.0012872513193977486,0.01598419296699005,0.008685527738093139,,
2014-11-14,0.00026616625814278734,-0.0019677601110248055,-6.593509950600712e-05,-0.005552776627347765,-0.005444701568319642,,
2014-11-21,0.006240065346095598,0.008395153499991507,-0.0020574256838477687,-0.0031101096890126497,-0.0072835530025359,,
2014-11-28,-0.001365616187427348,-0.00787876769819981,-0.006381856669045583,-0.006878705474301472,0.00544019212329574,,
2014-12-05,0.017894773778254647,0.019859174691412445,0.003705831906659895,0.010782149536073924,0.010117245733769174,,
2014-12-12,-0.008893264272561598,-0.010025573455311779,-0.013944868185541765,0.006089517509677612,-0.00017081874978445202,,
2014-12-19,0.012759181814429863,0.018583984462377374,-0.0130089762429438,-0.015590229407654308,0.023111095529341794,,
2014-12-26,0.009449174113384721,0.018081651830523397,-0.009565416997022817,0.005584040994924419,0.017550486515720297,,
2015-01-02,0.0049219457852620165,0.002685838170805295,-0.004663545953009532,6.153223155108358e-05,0.001303951677754841,,
2015-01-09,0.008712391066843314,0.017717098602916027,-0.0022193695310705366,-0.008248589164716597,0.0009041666098075408,,
2015-01-16,0.005100302713057507,0.014220360564380531,-0.018097067520191554,0.020691470430025866,0.02682905645167317,,
2015-01-23,-0.004830309153273502,-0.004863075092238055,0.0013023524896545234,-0.0026149287245188307,-0.00559912416175299,,
2015-01-30,0.005332463340557468,-0.0007385032029631343,0.007212606626930377,0.0013620217492790407,0.004910900460692224,,
2015-02-06,-0.006638767542757688,-0.013499651715334298,0.00363920398637818,-0.0104701135919808,0.00024425994177085757,,
2015-02-13,-0.007690349661379935,-0.007004054571982468,-0.0005196689470232678,-0.0011080475109661923,0.003380923685344086,,
2015-02-20,0.013430149577833074,0.007261095327967007,0.012497683141735839,0.004588043116169416,0.004418041195069558,,
2015-02-27,-0.0007578913467979696,-0.0012661729699870658,0.007142876233489469,0.0068664818576404255,0.0049931554231750115,,
2015-03-06,0.01870944286693692,0.010571063943501388,0.017151020793568717,0.03180326287742196,0.03241969701499568,,
2015-03-13,0.008447975960023646,9.610601173027516e-05,-0.002399034080388402,0.019725474246612692,0.02646804748290076,1.827141343099388e-05,
2015-03-20,-0.00461535242179935,-0.0014692274191196266,0.01954563147589062,-0.01639078359661435,-0.013887649652454872,-0.0032931658683729515,
2015-03-27,-0.0067335919981989355,-0.009201689855118806,-0.007179268692216563,-0.012015557499931846,-0.00902702791513696,,
2015-04-03,-0.009829771241207303,-0.007766258855363759,-0.0031844211805520366,-0.014758136979449369,-0.012050176798048236,0.035014618310556425,
2015-04-10,0.013258977697993517,0.014903859541681717,-0.0006092741071657495,0.01058721607261302,0.009654800158549158,,
2015-04-17,-0.007825893409372162,-0.00557712210662514,-0.008624116434095592,-0.0063330099293906475,-0.002142233984402762,0.0003356052606929262,
2015-04-24,-0.02300278694563161,-0.016148336121570964,-0.009329200594036005,0.004014184578883676,-0.008586287899679542,0.0029959961058916664,
2015-05-01,0.0014641863287293616,-0.013811933890485293,-0.013843498235286838,0.012641263575643949,-0.00889284227023914,-0.0024374182888613405,
2015-05-08,0.002793263096776789,-0.0004523513303784056,0.006575395282579532,-0.005919667875028078,-0.008192084494621188,-0.00585313377647958,
2015-05-15,0.0028986316759615958,-0.007139512659191925,0.0023089420556875527,-0.001271030776329673,-0.0036071115669750573,-0.004892248569595263,
2015-05-22,0.005198313141977463,0.01974540196842755,-0.01079482256757636,0.000755605728549751,0.022177326773776537,0.007941291171147532,
2015-05-29,0.011936879469282374,0.00864191901093938,0.0015799795940660082,0.00393958433890805,0.006300005520563855,0.00016187776630273098,
2015-06-05,0.000396310850894174,0.0015665398832895834,-0.006929069852082026,-0.0033041572674709263,-0.002791762975071301,0.003941479377441289,
2015-06-12,-0.009306919431197977,-0.007828552411703455,0.006366764525430084,-0.002387224265800683,-0.007875042535281457,0.005000657744767729,
2015-06-19,-0.0014452324106920468,-0.0018932037506162321,0.00014439986578238654,0.0012056231967910087,-0.0024126313413803304,0.00358757142169946,
2015-06-26,0.008868992781182514,0.010963833056356311,-0.00929237556813087,-0.005029520216364399,0.006437647577590856,-0.007806929521562021,
2015-07-03,0.00548523287802661,0.0017549939402627826,0.006643100747007463,0.0009154364109154033,0.004136732446511961,-0.0037860328732346065,
2015-07-10,-0.004079252106235545,-0.0032224617540248276,0.0002027632673864984,0.0009737115662984965,-0.001036392487300179,0.004728620687809,
2015-07-17,0.011871871907690117,0.010049507690777467,0.0005758407957344772,0.006501927500227415,0.004615720818674108,-0.011892670414967886,
2015-07-24,0.0032125548123603225,0.0008774218747665423,0.008588958906125302,0.0119387110103334,0.006796331080812663,0.010564926757100556,
2015-07-31,0.001549995556099307,-0.002029708366042818,0.003930695044556328,0.0035518611862716746,-0.003817714521904897,0.0007577247780377658,
2015-08-07,0.012135003877045435,0.012782019992989137,0.0038897438857190512,0.006838236426353863,0.0076287574486229685,0.009414779119079711,
2015-08-14,-0.03395292628703371,-0.021952838867594398,-0.01655531727595763,-0.017797930309780635,-0.006716001911459867,-0.011737284000832196,
2015-08-21,0.0011052397154580392,-0.01192048261709249,0.0008311109414282037,0.0021484207656297066,0.006205980169722099,-0.008266362664515765,
2015-08-28,0.003269348287244453,0.0034782790319039174,0.008773292183193719,-0.00456313427328037,0.0005025006325084787,-0.00671839010773423,
2015-09-04,0.005807486363650659,0.00686295101463681,1.2995172729527311e-05,0.006806047324222661,0.004515540444370292,-0.025978691556263374,
2015-09-11,-0.012194164943063275,-0.0134330801162915,-0.0062614669951602305,0.007637190968275719,0.002450105414702079,-0.005579376735242298,
2015-09-18,-0.003595184901805284,-0.0032143965227465943,0.008275540474248904,0.0005293552584246892,-0.0019686262474591953,-0.0033380747239481973,
2015-09-25,0.013469898138407444,0.012299474398375644,0.0042308096399245815,-0.0038298681331087546,0.004494100274959247,0.0035469071973989906,
2015-10-02,-0.0042642908107481175,-0.0015848702211315544,-0.009096862173875548,0.00960404500269048,0.0005846484229451573,-0.0068871508644682885,
2015-10-09,0.01632392801288173,0.016040329867159846,0.018607431137560006,-0.006250819065001324,-0.012674923822855993,0.028465609669577837,
2015-10-16,-0.010218032162411864,-0.009788229133197343,-0.012098633429340123,0.02260558102361119,0.005945185267629499,-0.0052663401104645945,
2015-10-23,0.019373306694729052,0.007912722809665105,0.026912379435875957,-0.018108732126842993,-0.011052947379997081,-0.005215405639885817,
2015-10-30,0.002600197109948028,0.003065478488852764,-0.0034087534634566824,-0.007040104845182979,0.0008605924804207878,0.0028214146746049413,
2015-11-06,0.008385892233749359,0.00350905363133236,0.006598915812555632,-0.0016170546667368562,-0.011157262317762125,-0.002345675917082813,
2015-11-13,9.70340091923224e-05,0.0035126764712912215,-0.003958034889580936,,0.0010263873944675059,0.0005537690555888695,
2015-11-20,0.0041726708257178,0.002788732692293465,0.0010537380060105272,0.0019366888385244983,-0.00565162508451081,-0.007278380957201397,
2015-11-27,-0.0032755939555065947,-0.0028886470260113266,-0.00010807856220500043,0.003026727851924116,-0.002079591675939604,,
2015-12-04,0.0007340056021093315,-0.0018271850376949535,0.007220791533975892,-0.012471119123804044,0.0032514131776889446,,
2015-12-11,-0.0057976101380850355,-0.0005274761682142721,-0.0012995992624929994,-0.01197299787916701,0.00260889235692197,0.0043417879765396804,
2015-12-18,0.0017925194298258247,0.0013773692925442295,-0.004005191076472739,0.003843723349286619,-0.005480364959167905,0.008894491468802092,
2015-12-25,0.007348739424335851,-0.0009268812378531874,0.0004142549899544571,0.002930887562882435,0.002960772472715887,0.012361741625605684,
2016-01-01,0.006829866145359458,0.0036371863921620855,-0.0006317909637824045,0.0006362059273783292,0.001341054405716472,-0.002272717315898068,
2016-01-08,0.009484478056839638,0.004534059791013419,0.002083669102980469,0.0024024567948805514,-0.001059355288621758,-0.004517445498550747,
2016-01-15,-3.9743542875490515e-05,0.001581117465237304,0.003019479179079167,-0.00018096587004386494,0.0030842689356025133,0.0059819094428852065,
2016-01-22,-0.0017071090891330868,0.006897480994425122,-0.00842485398628356,0.004963142832092783,0.0029464985968354076,-0.0018112391052085815,
2016-01-29,0.0014729146971322628,0.0015602861969828976,0.004369950903034609,0.0004378927947864706,-0.007165339256550023,0.0038396554991180377,
2016-02-05,0.0014417053614926571,-0.005972675349099839,-0.0005393475216403974,-0.00010306328014129466,-0.00030084101091172973,0.0018749576543202983,
2016-02-12,0.0067323466159302766,-0.005199859905924287,0.01388354416555298,0.0062874027753108165,0.010903962469548348,0.0012908565137315598,
2016-02-19,0.00447750816298709,0.005671755077100055,0.004309260530096088,-0.005376624441623957,-0.008970563926186951,0.000629243749953671,
2016-02-26,0.0034923533112776214,0.010626778744375984,0.006360514741093691,-0.0022534948035790436,-0.009392674664589014,-0.0014195430533647804,
2016-03-04,-0.0010569174020865193,0.0002901268403374422,-0.0033151022641948347,-0.00979034335141308,-0.00020558752546063903,0.0026922176740166908,
2016-03-11,-0.0019767818657237804,-0.0021024467991142826,0.0024871234455598828,-0.0038311341991371386,-0.0030645603395741796,-0.0004919094188081578,
2016-03-18,-0.005435769930522078,-0.006281478984561592,-0.0025708024079575094,-0.012625965803409718,-0.0014228957789641033,0.006267502937447294,
2016-03-25,5.319708725889263e-05,0.0032688359001501782,0.005902157244866225,-0.0014935979504274095,-0.0014479281524223024,-0.0021545115996463764,
2016-04-01,0.0023978600927760415,-0.0037029281994691685,-0.00019866612887435188,0.0008094301163538858,0.003800193641718413,-0.005204005060621514,
2016-04-08,-0.00014393417779321745,-0.002489507673527641,0.0009032336988661139,-0.002358006938984743,0.0038931485531659227,0.006225099583643298,
2016-04-15,0.001121561727099665,0.004418802575933494,-0.002721274626402459,0.005157571822653088,-0.0052107364318483675,-0.005255623232383802,
2016-04-22,0.0025163558596824403,-0.0024963043192370218,0.009673332403370982,-0.005781166017894654,-0.0008371120740565324,0.0008037411240239767,
2016-04-29,-0.00498078927564836,0.004356289712100642,-0.00558823792759576,0.0025254757066515018,0.0008498157630888367,-0.005962852070421316,
2016-05-06,0.011001708378299927,0.0024443761902253,0.001491259577461645,-0.00566724446805435,-0.0011669500484234275,0.0007979021525664872,
2016-05-13,0.0017022952831596608,0.009214983210595728,-0.003082339705035733,-0.004746738803805797,0.002568207393519521,0.0040581193580986686,
2016-05-20,,-0.0020696986636351464,0.005343533094696064,0.002372210938011614,-0.0035448238339712093,-0.0012931181232390516,
2016-05-27,,0.004773352413010801,0.0006107710540754586,-0.0018953087520360591,-0.001017362143935935,0.010144986052058413,
2016-06-03,-0.012478157367686078,-0.006366976105334515,-0.012243552281341082,0.0018277746862677786,0.0075293991259376605,,
2016-06-10,0.002441755685101771,0.0026145088350878185,0.00039835470983569794,0.014209324438946893,0.008409824505730535,-0.013735775044599446,
2016-06-17,0.001531309438928604,-0.0027972725391196074,0.005360496148561593,0.012854003926872788,0.0035649770605804066,0.003370901189573105,
2016-06-24,0.002815136344498474,0.001731481816420107,-0.0020070864242384893,,0.005666374232347591,0.0006743645284152826,
2016-07-01,0.00990225520562514,0.013585850590586424,0.007507777145690901,,0.007336115425831564,,
2016-07-08,-0.001753867092572912,-0.00015334492905550142,0.0010787803902073622,,0.0021622815276391943,0.0014403601105964353,
2016-07-15,-0.003920972671051056,-0.001750699019924054,-0.003172276012991479,-0.0010225376461100778,0.0027018897453033024,-0.002486712108962185,
2016-07-22,0.0012820952706122503,0.0017854595221213079,-0.00395703734898263,0.0005989656195510151,0.0018909326363159378,-0.001891881852716621,
2016-07-29,0.0029130926237816218,-0.0006643339464703121,0.00725975329002876,-0.004060189500460109,,-0.006484783289917249,
2016-08-05,0.0007395372642591286,0.0033528736789644087,0.00046360249038662673,0.006117629184239703,0.01373204354823131,-0.003240707969360374,
2016-08-12,-0.0035162199071866423,-0.0037532346015537992,-0.009371435675052997,0.0006978135267904954,-0.013426649967922987,-0.0038631015766889126,
2016-08-19,-0.0036235922687862933,-0.0026396785385971867,0.0049385774445997194,-0.01046360630540602,-0.011407619571080866,0.000345209910692954,
2016-08-26,0.0026624579700169466,0.0002797641309862237,0.002032622656788737,0.0020826822732160372,0.0050322054728622,-0.0015360649520066217,
2016-09-02,0.0036852925767272633,0.007907305520852406,0.008062404711053501,-0.0010854537397750569,0.007118530576109492,0.004034599796512926,
2016-09-09,-0.005103048169919619,-0.005662857670758693,-0.009831319802157307,0.006548812929705575,0.0032612680237726122,0.0040207990672356045,
2016-09-16,0.005019303689905025,0.00959180642684228,-0.011341343803611558,-0.0052309590133272615,-0.0069891683880306124,0.004182582094350423,
2016-09-23,-0.00556572848228852,-0.010407498890737304,-0.003393506449646047,0.011672249496701715,0.015900277320391055,0.00022849116035509402,
2016-09-30,0.004231398944746514,0.003869407134996157,0.001971571889190993,0.0004723299282158806,-0.003340516147454223,0.0004562130168358217,
2016-10-07,0.0028809906920373436,0.004731665845047153,-0.0044782625561023675,-0.00039626962132079525,-0.00020480921368179822,0.0019336320197920103,
2016-10-14,0.010566275055110078,0.013438707977058996,-0.0035356253526764533,-0.0059205380877204155,-0.0031980370650897243,0.004675138707380694,
2016-10-21,0.0043365520452618884,0.0064978216627911084,-0.0016610019210024818,-0.0066730033759935725,0.0020641481114514865,0.002631405862947826,
2016-10-28,0.002030011350512618,-0.00013888717285117134,0.009937853121829604,-0.001465650577700159,-0.001982884997426104,-0.003557325996950471,
2016-11-04,-0.00803660478709105,-0.015160136199190587,0.007671281332901764,-0.003577084290768782,-0.0033003600142915545,0.0012796719085199665,
2016-11-11,-0.003559915510108776,0.011627140785602343,-0.0026938098036497853,-0.004847049899979856,-0.005841488022475358,0.012737977814499122,
2016-11-18,0.0066164634772861546,0.01801797204404599,-0.026112376139199693,0.003387802919813962,0.00345886581646082,-0.00043439600029945884,
2016-11-25,-0.009275071554290913,-0.007739667955905781,0.001271267219101148,-0.0032585733773879155,0.004402664317755193,-0.0018325059496818736,
2016-12-02,0.013248562369779348,0.008024858086346408,0.012555886749355632,0.00588043775966571,-0.005492107414756229,0.0011340701725462432,
2016-12-09,0.011604243322566049,0.00959832448194989,-0.0013729277606138763,0.009697267767377917,0.005714814394901345,0.01695681468366607,
2016-12-16,0.012885602196513767,0.005525113729970157,0.009105309283388726,-0.0037809204759445404,-0.007978423369464178,-0.005793316593068533,
2016-12-23,0.006682023280381196,0.0033123737270776368,0.005374680371698297,-0.0022227886406970907,0.002358297482787119,0.0035638175184163146,
2016-12-30,-0.005043553730056895,0.0003948776256106802,-0.000722033467897435,-0.004078422949755886,-0.0028369158980016285,0.0011037053700627025,
2017-01-06,0.010686455848295662,0.004283837110303835,0.0013770789510761784,-0.0024263286141504295,0.009931059621894488,-0.0023799405741946928,
2017-01-13,-0.014581880809626234,-0.007467454952956272,-0.0026189568450030176,-1.772561902672874e-05,0.00984935605107583,0.0007113012156796834,
2017-01-20,0.0024337030651795807,0.00013430873487115078,0.004401300620805443,0.0005068560063710308,0.0016315926585872996,-0.004856936842865093,
2017-01-27,0.007749499470263941,0.0045270133225359735,-0.0024088671086688104,-0.015546230145019112,-0.0027066005981963835,-0.002623692922710875,
2017-02-03,-0.0073478724653465695,-0.006296415694305516,0.007131086790190069,-0.004259484586659465,0.005921325624309776,,
2017-02-10,0.00441197547968901,0.00812541821174614,0.00019263764768340892,0.0029207102548510916,0.0020339331711339043,0.0025024623590752973,
2017-02-17,-0.0012565773026222864,0.0006044061230525107,-0.001102446775941347,-0.0006490338327276191,0.0032240991246625934,0.001355314650675827,
2017-02-24,-0.017123381954448257,-0.007369450265788123,-0.011384439498902683,0.0033412992026535513,-0.0016158712854350272,-0.010038146190412087,
2017-03-03,0.0015184620569258778,0.007307904244634043,-0.00442408857407557,-0.008368253941929618,-0.009423474376966423,0.00018998577534191574,
2017-03-10,0.003907187306671913,0.0009373722654688808,-0.0021100531721340724,-0.0003861403751932937,-0.002612264800474926,-0.0017184532677564472,
2017-03-17,-0.008851540591325051,-0.011079489906284,-0.0005792387183388858,0.008905944870726767,0.0013749835677334431,,
2017-03-24,-0.00258217185865732,-0.002803616270034412,9.82628726091209e-05,0.0046413297280746375,-0.0004756132990090118,,
2017-03-31,0.0014501605399947224,-0.0011438573318983576,0.0008326145494070513,-0.0026393117496568623,-0.003572615902329291,,
2017-04-07,0.012017824072704597,0.01175865944020207,0.011714532694023488,-0.003299322857442904,0.00024471834864615095,,
2017-04-14,-0.000724349335155224,0.0013748679134655223,0.00010080552045705038,-0.0032885508798400345,0.0037234655499196823,,
2017-04-21,-0.0038423958366707537,-0.004132041001095146,-0.00219557925740113,-0.002799009757474044,9.310563649624534e-05,0.0061259589269335975,
2017-04-28,-0.003296838857078501,-0.005024343471581544,-0.010875767215639154,0.004789893664509677,0.0012008331922596684,0.007132710261970687,
2017-05-05,0.0007580138442086919,-0.0014367011385073968,-0.006993147207377281,0.00012517172187471223,-0.0001020342525501056,0.006064275202249999,
2017-05-12,-0.002746801051606444,0.0008993892124956858,-0.00039682720944671994,0.0014072709598223069,0.0032117491214950864,0.003151352658334625,
2017-05-19,0.003826511403585631,-0.004875596401333272,0.016523461456892825,-0.004110820013984685,-0.011843041462812582,-0.004087681532661352,
2017-05-26,0.009744217663560375,0.005896781374740367,0.006053579290498314,-0.0015234893388966094,-0.0013562813510042374,0.005066415438044243,
2017-06-02,0.0017726521767116084,0.002591658638014069,-0.003484014838276151,-0.0010940419278859179,-0.004068458371113551,-0.0037988202541247872,
2017-06-09,0.006415629489704061,0.0034949217245868447,0.004384641940737993,-0.001386136807369288,0.004195764906233329,0.006951450619863966,
2017-06-16,0.005636372611021588,0.0015273355094532202,0.0071021009997699405,0.0008752953001416104,0.00017749579850123755,-0.0018469240198673888,
2017-06-23,0.00030848616204898714,0.002481079401617022,-0.0017894476134276906,-0.00034464913810755646,0.0014719651509708335,-0.0003869081347612043,
2017-06-30,-0.00754445427533703,-0.007151960008982383,0.0026263143676988733,0.010384949203772108,-3.712556995334616e-05,-0.005707325486327064,
2017-07-07,0.0031192522428923684,0.002026047693394194,-0.0021565540136644057,0.001213398370288947,0.00016519983349224803,1.573814104382729e-05,
2017-07-14,-0.0002274853095503757,-0.006255258286158299,0.007544295548296633,-0.0028195236722003774,0.0027894566410007616,0.0055492006155576845,
2017-07-21,-0.013756104932773506,-0.013835083363517393,-0.002116929803992178,0.0032187892668525423,0.005943205733226399,-0.0016748666287849756,
2017-07-28,-0.0010098585788464968,-0.0007121837007684328,0.0010615643342821654,0.0010950501461516027,0.0015372465426432447,0.0026902721091390407,
2017-08-04,0.005336332335116457,0.0028303244044001656,0.0035791247057100077,-0.0014793878979020676,-0.0023962661824781166,7.991849203139003e-05,
2017-08-11,-0.0006286167332658485,-0.0012239976019253343,-0.0005725321132679732,0.005992018697899754,0.00016582603798213552,-0.006515646390616693,
2017-08-18,-0.0010697410291388497,0.0005415372321932049,-0.0017571359070120102,3.603741826063613e-05,8.614177053836835e-05,-0.0010474970351303165,
2017-08-25,0.0021127167181936575,0.006932608015353403,0.0006806077583106842,0.0037732947827017003,0.004389290178228458,0.006707259409557962,
2017-09-01,0.000568417210303314,0.0001441636594234512,0.007232343607337105,-0.0008238089010999385,-0.00835985263575543,-0.010487895372690929,
2017-09-08,0.011949305477428975,0.0005861505981956704,0.0027577510714420946,0.0030995487211687932,-0.001344891630372953,-0.0024182750057881912,
2017-09-15,-0.00205307841836946,-0.002039464901986748,0.0016229906518027415,-0.004200994448325675,-0.0004226432841064849,-0.000936393752317944,
2017-09-22,-0.004478707041069321,-0.0044395588401510335,0.00018986156000392284,-0.0004339263580717045,-0.004278678707760801,0.0021353708381589512,
2017-09-29,0.0023691860628598767,-0.005472560488824101,-0.0013386383185724467,-0.008358028503305267,-0.01230921958611347,-0.0032531981451931675,
2017-10-06,-0.005034783929280691,-0.0024126921267982574,0.0013041807319373272,0.00304083595019189,-0.011373820940485729,-0.008900127079185277,
2017-10-13,-0.007197293327290186,-0.012338875073713479,-0.0013072708852081315,0.0018345829106297304,0.005623678695723734,0.0025225542481783284,
2017-10-20,0.0021925216183972564,0.0003854072596753894,0.0010588992673652904,-0.004616299321495538,0.003112177456046429,-0.003268561205094447,
2017-10-27,0.0019257968613775368,0.0016601924749438046,0.010951433063856937,-0.002673221813664341,-0.014563962571178065,-0.011416774924981095,
2017-11-03,0.0041411242423195094,0.00130690342655757,0.005909558868076925,0.003767182860541878,-0.004130637892075985,-0.009032517674510281,
2017-11-10,-0.003594754695287703,0.004201389898102056,-0.006752975494362408,-0.00801488761340866,0.003009371687827677,0.01008960794159183,
2017-11-17,-0.00030267762176214183,0.001504485588896328,0.005974156485675382,0.004544030609433037,-0.0002996443092236886,,
2017-11-24,0.0052569461388488805,0.0061064715393815,0.002682584542276593,-0.01448134982066146,0.001638156040350076,0.01274836210711425,
2017-12-01,0.003053951158965965,0.006185918935705645,0.006053410712845036,0.00912892510561325,-0.01300841940214809,-0.010102112351534881,
2017-12-08,0.0002086983666537022,-0.0006912231436092735,0.0019408417296956082,0.007966863704793416,-0.004810361704882578,0.0011387690820133607,
2017-12-15,-0.004977626519534726,-0.005884180106908361,-0.0034668430201506262,-0.00044664317394820153,0.008223131583743945,0.0039009332447857807,
2017-12-22,0.0012262116497322134,-0.003776751616528801,-0.003723658819819788,-0.0023014466545330414,0.016144374358028644,0.0069573533906785775,
2017-12-29,-0.003655733496300408,-0.009051525902463733,0.012035808991989062,-0.005190291607002688,0.009939004225513236,0.00522520909744041,
2018-01-05,-1.8562679500376125e-05,0.003387822221711847,-0.010671743194055415,-0.014995712178345848,-0.0007089013096627823,0.014311191824409306,
2018-01-12,0.007153679036292405,0.000939100586558643,0.004386324019659962,0.0016516093827549808,0.004253223537676635,0.008768305294514092,
2018-01-19,-0.0003639102779030589,-0.004014255122390964,0.000248733403645462,-0.014792844178771242,-0.008019107100089563,,
2018-01-26,0.0035361710669372303,-0.004673716407677121,0.0058169882728865375,0.0033112369994712215,0.00888700894851947,0.012885970166777684,
2018-02-02,0.004783859367170112,-0.0012116712812687952,0.0020002129713195356,0.005202504689776508,0.005038582188635378,-0.00829118844328041,
2018-02-09,0.0013808174657528847,0.0034264190981567106,0.0006919870582304132,-0.01161032943348316,0.007984136482942644,0.0021237414738877964,
2018-02-16,-0.006994033545310311,-0.010680298496084019,0.007250115543762449,0.014389776625162715,0.0030778508236532233,-0.006256961662608679,
2018-02-23,0.007711037038849254,0.011788777947453305,0.00505402139433742,-0.008203570969483657,-0.00019936880169307128,0.0023483518668650804,
2018-03-02,-0.003667908891842655,-0.005205175848258381,-0.001750922494514486,-0.0013058178628926136,0.00341047297751862,-0.0009280864894865981,
2018-03-09,-0.000588412232698753,-0.0004329601801334723,0.00808250447388358,-0.0026003241315834275,-0.004759228695180786,0.0006486243929356382,
2018-03-16,0.002382966531778639,-0.00417152251339282,0.00800048635302295,-0.006720561447233463,-0.0004316772303542003,0.0006118965998535638,
2018-03-23,-0.006130143724759036,0.0007986646000804483,-0.024167219908104283,0.005881901171980307,0.0010722850144211764,0.0014718048070307926,
2018-03-30,0.010199627883019462,0.007228226139529181,0.00773353093352384,0.004377176968404651,-0.006981541523000847,-0.003957615668685405,
2018-04-06,0.008356025567445236,0.007278520569011507,0.0011244286171160625,-0.0075134956750239745,0.0019479451381245953,-0.00039093917787956473,
2018-04-13,-0.0059825106943210355,-0.007233777193778191,0.0028290639984474997,0.009926523413208594,0.00961609115122576,0.0036378103991983445,
2018-04-20,-0.008655926522357915,-0.007060219146572928,0.0003192926557794664,9.205897844778802e-05,0.005443042967339041,0.015989212139778188,
2018-04-27,0.018583327208297164,0.020424228327672295,0.014041350439244772,-0.010628258682632459,-0.019270176086309904,,
2018-05-04,0.009366281600439539,0.008322302861851816,-0.005668405704234745,0.0012384750189820563,-0.006964159247298455,0.012362044734564625,
2018-05-11,-0.010647968982752278,-0.008981647996331292,0.002335324348835565,0.007319192696813107,0.007432877079651712,0.0022757153817758342,
2018-05-18,0.012837174236333135,0.002911040767547566,0.004515953321986318,0.02317821791520511,-0.0030750334497768703,-0.005872683488527896,
2018-05-25,0.0015784199682704354,0.008929539732272547,0.0013089201912073706,0.004664029143640878,-0.0023126873748355987,0.017756332957681507,
2018-06-01,0.006852293149929354,0.014697965568410338,-0.015989373465665178,0.006734508294812308,-0.009058012888424666,-0.015084425397569143,
2018-06-08,-0.0009310675873204982,-0.011698095582833823,0.013623465906371602,-0.009303760722845913,0.008489269589925874,-0.0006148767652077195,
2018-06-15,0.013216124856682275,0.009129198380722861,-0.007279670473136373,0.004521037982150035,-0.008170009248066617,-0.006829915878523353,
2018-06-22,0.01731623846440904,0.01362539270778524,-0.000821450568779532,-0.008743314637146246,-0.01596930150231852,0.018341613810632908,
2018-06-29,0.0001754710348492981,-0.004054871088493504,0.0026843093577721914,-0.0018218761249469092,-0.0038990423326332657,0.006209650093167589,
2018-07-06,-0.018502645503170993,-0.008727861668758718,-0.008319245960580816,-0.015381461652077603,-0.0046675771928454644,0.004196156537684444,
2018-07-13,0.011367438566790459,0.011015411402511778,0.0009608757770106733,-0.0015718944990915794,-0.013174743302983924,-0.009702466208830838,
2018-07-20,0.01573300594299342,-0.0010953968252179758,0.01132167835891981,-0.0054851345462136394,-0.006582304368258068,-0.0057151753040344845,
2018-07-27,0.0011187666253931782,0.0006286445452925705,0.013370497109277322,-0.005472376804951811,-0.004468916669381102,-0.009213609322769522,0.0022931477886465063
2018-08-03,-0.0009497698331209491,0.003455331871253185,0.0020684140248602486,-0.00044641551196413745,-0.004050762851443248,0.0041949096698006205,0.0024074999974509027
2018-08-10,-0.0004991645115432022,0.005542165759835392,-0.010421895455670774,0.0058147070429597,0.007374610234669848,0.015838909478975566,-0.00444816462095092
2018-08-17,-0.010310688531896414,-0.009244399677973312,-0.0003843735375818317,-0.005094106182683534,0.004400820075769163,0.007391325370262372,-0.0016170242648396423
2018-08-24,-0.005730419314673933,-0.009458593441270395,0.005145488762417714,-0.006662416428801992,0.008554948850336811,-0.00128624646828296,-0.0066452976602368145
2018-08-31,-0.00891686395022187,-0.007070553515500714,-0.013477279291198413,0.005035182374730699,0.0006642398292146136,-0.0025646258921264735,-0.006107682415314412
2018-09-07,-0.003915578441936899,-0.004760916816735981,-0.005038347638760425,-0.0037583312687846913,-0.0033802978774972433,0.0025823397425419566,-0.0011936795138659312
2018-09-14,3.310146033161495e-05,-0.001834719507356099,0.005720983614570898,0.012024228193195236,0.010134719521340896,-0.01015438846418092,0.002181728004172095
2018-09-21,-0.016234918464266158,-0.013802592535195946,-0.02277298510635482,-0.02330872382570774,-0.020361808258980544,0.01597227662243047,-0.0009064191958565492
2018-09-28,-0.005869807739948738,-0.002263399848914284,-0.0017937890671627153,-0.0008998272317747043,-0.0034988752324698457,0.007109645594532779,0.005558135611436325
2018-10-05,0.009936329879350097,0.008281826245395078,0.009535260691747238,-0.005491494127969308,0.003040613494700277,0.0017926149541036013,0.00912240430690251
2018-10-12,-0.0015910131915091185,-0.0008047019461208671,-0.0016127122001326792,0.0013738859260930014,0.0015713419172182256,-0.0046121768019530655,0.0006959311661840446
2018-10-19,0.005349879339454347,0.004131330049892127,0.004628184616551061,0.000165264937180342,-0.00032159098438873737,0.004612500179942275,0.005548958614562829
2018-10-26,0.02043405928548952,0.009600202020189134,0.00701589189104433,-0.007778151656541448,-0.0028885199036891213,0.0006160438617344799,0.004731427106508755
2018-11-02,0.0015191515842843514,-0.0014028973475098017,0.007785675509450176,-0.005740219622560866,-0.006654757229229342,0.004368683517755121,-0.000766530508298947
2018-11-09,-0.0005270875331504012,0.010595808360801024,-0.0032452804725943145,-0.0021816604951689638,0.0023840752801892063,0.012653402238171522,-0.008584558318823963
2018-11-16,0.005332136666530842,0.008383134251106006,-0.0046501966210660125,-0.004024529515418462,-0.003980094138216203,0.00421685109055489,-0.004181523312629479
2018-11-23,0.013273264233744492,0.01426555090767157,0.00019703839407597925,-0.004897921190192938,-0.00450021477020074,-0.0069571670838483755,-0.00814762369370805
2018-11-30,0.0027509134531312003,0.004094180829042927,-0.006819951696065955,0.002526427630852719,0.0003585394693544,,-0.011386322104936638
2018-12-07,-0.009729482885939545,-0.01233012705866777,0.007730237434231695,-0.010509428636534979,0.0038141739593277905,0.008426758090883318,0.011273493368393868
2018-12-14,0.0007359310657496447,-0.0030765980683085765,0.0037671891819766744,0.001847163727972218,0.005083666937589231,0.004597828214495418,0.004022879887148843
2018-12-21,0.0022848174126422907,0.005448121526789654,-0.014441455771015854,-0.01004094502629092,-0.0018420924220155337,0.0017786027498351473,-0.0033774248453274326
2018-12-28,0.004224668158145873,0.007358469805343423,-0.0025773330282983925,0.0016786166443694967,0.0016944061876788565,-0.003502389558296243,-0.001958248381060235
2019-01-04,0.013499424955230533,0.009951968861140793,-0.0026613025867115933,0.006053216786522982,0.00397409678391626,0.023023956765220573,-0.009133345844229548
2019-01-11,-0.0013013299351221912,0.009124585525502802,-0.010399263942177401,-0.005435210971442528,-0.011502941420936831,-0.0018199611607082953,-0.0017469119722929932
2019-01-18,-0.007059103500830919,-0.008581611618882405,-0.007710697791404835,-0.008454328542997618,-0.00380153812005388,-0.003886224367854858,0.00251209972983761
2019-01-25,0.002667713531903865,0.003416592339057846,-0.0006068139395532998,0.001668356799766667,-0.0011933396061804314,-0.0021317854370135727,-0.002755087788886291
2019-02-01,-0.0007400050814953605,0.0002433912813018197,0.007797904471440345,-0.0069785125965507585,0.003425197207924662,-0.003960305450627402,0.009375971400993504
2019-02-08,0.008987388688914931,0.011896774414692645,-0.00040673241139044404,0.008998155810066065,0.004409183141349982,-0.0011308128760781876,-0.0005521037815899535
2019-02-15,-0.00826643830120223,-0.005781700044969931,0.006223522972919914,-0.0005984799814300169,0.004142730887200754,-0.0009122785788128257,0.0004945455697186753
2019-02-22,0.0036901793881627277,0.0047740901138932975,-0.001318374343575523,0.00010276405744856338,-0.007573163949291695,-0.00013483594531029608,0.006922866872268625
2019-03-01,-0.004817367371512489,0.0001712821357770041,7.607035471201143e-05,-0.010816801412701105,-0.007926099919319484,0.001823030232948438,0.005500567950869977
2019-03-08,0.004837470436560194,0.0032458006500746765,0.0072483612452963865,0.00037729036154761494,-0.0027575897557522997,0.0029103400544847426,0.0018204208596738496
2019-03-15,0.01188946506513851,0.0046977559764895625,0.013491104256428715,0.004611447688066363,-0.004574894870035137,0.0032308740342838617,0.012966076291351816
2019-03-22,0.0002959533124399379,0.004292334008022642,-0.0015268991439346042,0.001601424226433332,-0.0012473911513332654,0.00021779917838441671,-0.001963266240745297
2019-03-29,-0.0019496056086624523,0.003043080427930387,-0.008860614329706706,-0.0003430726094174318,0.0017260427638296247,0.0050855148947931824,-0.009579056909867857
2019-04-05,0.010145919689716214,0.011891622998409828,0.0014258708850291024,0.0023123961556714913,0.0003735302360457896,0.0036311382222639953,0.009384571815861114
2019-04-12,0.009712637209737331,0.00623103886312589,0.005248822844655395,-0.0009106148563987981,0.0009367179954512574,0.001841421221225606,0.006703335446219266
2019-04-19,0.0023241479190757417,0.0025731004270029955,-0.0013732427890465967,0.005377811899335441,0.002341082867887183,0.0011669305082127155,-0.002369232128095545
2019-04-26,0.0010949791390752728,0.002072701314476943,0.007553699646974991,0.006388890087669095,0.005521994814290366,-0.002685102688137551,-0.0021479920804629306
2019-05-03,0.004372534245726374,0.0055131546147940405,0.00428453599895209,0.002883145652797876,-0.0006396738019003548,0.00038103090637537154,0.0025073037816318857
2019-05-10,-0.004577348355628127,-0.008526407968378452,-0.004661807180893366,-0.0027395272444272005,-0.0042285975525235674,0.005324253552412591,0.005655056479742739
2019-05-17,0.009436124004753467,0.009464831475064597,0.004010031827994549,0.011782541047918092,0.006414829322377731,0.0004119993249552187,0.0032689519843738953
2019-05-24,0.008628880718331906,0.005077819062027711,0.006406039751828678,0.004302355889761943,-0.0002621288589993679,0.0007379410385183998,0.005970438703417676
2019-05-31,-0.003306565335891671,4.8794884789778066e-05,-0.010221022846818476,-0.006360462973943764,0.001203280572377695,-0.0065611300589578135,-0.013826902653408735
2019-06-07,-0.004907117958295976,-0.010635929623011943,0.006820217763977754,-0.013557018639951703,-0.013670440414613549,-0.005577449894890272,0.017440094972445787
2019-06-14,0.0068424748361534645,0.010973949043314358,-0.0009695462505628807,0.00860075999346009,0.010810435878644236,0.0031862987494941618,-0.0003262683513742117
2019-06-21,0.0019037801091838459,-0.004244327479033931,0.005512288278099415,-0.0045704224680712365,-0.002543508998844565,-0.0010522775953414846,0.0027436055760222226
2019-06-28,0.0015736078962309914,0.0006709528527766722,0.003945810886287598,-0.0014103175846610627,-0.0008709142368837234,-0.003875397633665787,-0.004098325760247708
2019-07-05,0.009343969638446496,0.015582814353715524,0.004842956683403993,0.009312320671554696,0.015771913191645854,0.013325629978176644,0.0003447203557122845
2019-07-12,0.007470902895682779,0.00749906270148009,0.004944868520271235,0.0047508721085041,0.0001006304053856551,0.0020508060810205254,0.005515811459061265
2019-07-19,6.633375601194707e-05,0.0005792832617400073,-0.0005016933771954448,0.002623091486276144,0.0015198360146426286,-0.001045939249901052,-0.0020596334638194585
2019-07-26,0.007416830549552133,0.006545492993011237,0.003385230715230712,0.0058299372473970094,0.014927000273007265,-0.004973914312015468,0.001014951060609853
2019-08-02,-0.009228284564576441,-0.007484183666625781,-0.004298778911457047,0.0026004780768739896,0.007931509029850785,0.002735478880900382,-0.017080443409664442
2019-08-09,-0.01082051282259953,-0.008730714606759248,-0.013497420702468973,-0.0025931975336076166,-0.008630822315827133,0.011248592159092255,-0.006028036667776341
2019-08-16,0.007552632446880257,-1.4752405742984265e-06,0.015327780335303435,-0.0064783244138821635,-0.003924496608243633,0.0076586324388519395,0.011045580043814807
2019-08-23,-0.00126551096822152,-0.002695141283465099,0.005196331291220614,0.0069937844071532845,0.007538804282831068,-0.005325579497012599,-0.00917950289016329
2019-08-30,0.004018842596380962,0.0021947258262085805,0.010880699120447996,0.009300027141087405,0.010147260761510414,0.00013018577730085172,-0.004886563562558811
2019-09-06,0.004495559008999132,0.004744968877758494,-0.0015658135606659606,-0.004399694567669332,-0.004821140135400651,0.004156039866202926,0.004264349964095982
2019-09-13,0.004190063282589152,0.003962240503397179,0.003266757203425042,-0.0005636367047241944,-0.0004945356023582741,-0.0030417604725103352,0.002531495566251286
2019-09-20,0.004578896023297753,0.006818249238682338,-0.000604098439913193,0.01656376659297865,0.012371105680784922,-0.0004335382573123415,-0.006541409021426602
2019-09-27,0.004176086826789259,0.010382515868566202,-0.004484604085887097,0.0030046061755522003,0.009741787734109456,-0.0015451906965498548,-0.0012067027723420582
2019-10-04,-0.008848487831530236,-0.009085167327621132,0.008793577644682714,-0.012203277647969106,-0.006425262895132718,0.017143678015872736,0.0049493572456511745
2019-10-11,-0.002052796827885701,-0.008774238428078679,-0.0022576834072490126,0.0003137390153209202,-0.0029895324365171584,-0.008841963292418988,-0.001935338836056508
2019-10-18,0.005701254114927687,-0.005535095933619497,0.007719434467477594,-0.0055508499778191955,-0.000731021862864736,0.0025637355517622367,0.0049413582247465355
2019-10-25,0.0002691862032774918,0.007284827818345677,-0.0038654517691399898,0.0038703533643726752,0.004380329366693092,0.007026496189421429,-0.008102371856779311
2019-11-01,-0.004521195905346111,-0.007455272197562839,-0.003099810922169476,-0.0013377102454261963,0.002962898389371787,-0.004241866748398761,-0.001483252606958673
2019-11-08,0.004552412978305869,0.003560060685385583,-0.0024850407082472135,0.027087394174378974,0.030735617200476156,0.0033075329595531502,-0.005151021271502477
2019-11-15,-0.003211099944398807,-0.00013843828514535937,-0.004411884978967764,0.009307917814935625,0.014252056911444246,-0.0077096148798946,-0.010712099446598723
2019-11-22,-0.002327058106898477,0.0022471121166312336,-0.0033039967741081435,-0.0016849119887580592,0.004984870315164246,-0.0034780594565555272,-0.00601661279963974
2019-11-29,-0.0010263363966255853,0.0015811820006140565,0.0009574476372114921,0.004542381135185496,0.006997014094131101,-0.005642126403255467,-0.001777616101276319
2019-12-06,0.009585770684075932,-0.001063744139008359,0.0035466303889486687,-0.01439509498899499,-0.01726663104410358,0.014927255548160004,0.009380500096946682
2019-12-13,-0.001448792411500641,-0.0049861182684201085,0.002213296040026197,-0.0015213555564526668,-0.0111192727915667,0.0034000487279711843,0.0037761318613521223
2019-12-20,-0.005843342098920604,-0.000538764109355538,-0.006875507312021895,-0.01672278137359254,0.0008953234650052526,0.010476737027351624,-0.0022700841083629964
2019-12-27,-0.0022406015975676716,-0.003262666155773506,-0.0013145050381369223,-0.00189666034085219,-0.00532410947822807,-0.002416368857536098,0.0003778621313634085
2020-01-03,0.005439113596333523,-0.002435593637349433,0.015345309615199795,0.012414933892702169,0.001404292110435763,-0.00022501221780625287,0.01055717654397052
2020-01-10,0.023151030529651156,0.018111692169623633,0.008596841837328048,0.01833233930908389,0.017347408266574337,0.009683980740293946,0.006837098973195452
2020-01-17,0.007151863755639466,0.008860596204408436,-0.0061573879018005755,0.00502361884494388,0.010256910951646873,0.00021813522671959074,0.0005718244034810169
2020-01-24,0.004318594973220695,-0.0010114156191290142,-0.0064499206926032625,0.006251914591614283,0.003459357544858249,0.0012496363533148606,-0.004835858580278835
2020-01-31,0.005151196549033811,,-0.007635170079099235,0.004125510772384188,0.0022724857225137336,2.0136994490232554e-05,0.003178793806694151
2020-02-07,0.005385306012327143,0.008625020696536015,0.016521267652620488,0.006936197038271884,0.007390818137008233,-0.012086931130839166,0.008613940942675934
2020-02-14,0.006922525654639075,0.0007191520978649822,9.023912764166303e-05,0.00291540180537742,0.005974340583595211,-0.0035753499506236616,-0.0020106737832524687
2020-02-21,0.00236396490396735,0.006017198784453481,-0.01442797139021823,0.0024465131064170557,0.0012796349229958288,0.0007221732218376465,-0.0005377225112513775
2020-02-28,-0.03731466917520899,-0.045033118694379315,0.0007347836842798084,-0.018491141817762683,-0.005701451144806199,0.00506168116078159,-0.008280314755973585
2020-03-06,-0.019214146294082562,-0.024872792141555397,0.006782334731151267,-0.0031477422346732125,0.0002467272395539538,-0.0005240572366063297,-0.020893650869423994
2020-03-13,0.01218803492960743,0.008918066559180987,0.0033413352048579947,-0.005468686739964807,0.010081001967003969,-0.0075053017067196375,0.017473811155518448
2020-03-20,0.008875676958963944,-0.02417145558911421,0.017704214386364305,0.015603642742756529,0.021965561073530326,-0.0550945746141183,0.014890207855531364
2020-03-27,-0.0037898276462022765,0.002248359114761171,0.018648627538792737,-0.004391722022238906,-0.002249554215828779,-0.006974049327597192,0.01560069158347501
2020-04-03,-0.006883546602080484,-0.003771806014644909,,0.026769017408340638,0.031194421700857212,-0.002504960608573463,0.015470083063595973
2020-04-10,0.0042607276371886505,,-0.00448272584595334,-0.02483534796153408,-0.019016432290019585,0.007909305955980918,-0.029289250153373844
2020-04-17,0.00023624080853654715,,0.0061289039677000666,0.00573973054573292,0.010729405743048122,0.0007756722505933983,0.0073162231102675045
2020-04-24,0.010780518783057039,,0.017851290767975272,0.01928405392851813,0.025912365092511998,-0.01622071761157403,0.009303498352025498
2020-05-01,-0.00024338990457381293,,-0.008953274773782346,-0.005916727437071004,-0.010315452158141922,0.009363794243393748,-0.0023142900888348905
2020-05-08,0.005208587430393634,0.0027510014938043922,-0.011032736197312626,-0.0028247106067907537,-0.004720321749419057,-0.033460124146903726,0.0044047317225646716
2020-05-15,-0.002294463841278131,0.0012795312567469533,-0.004849844410659441,0.0028075599348567565,-0.0018335884150830215,,0.0038007168342734255
2020-05-22,-0.006976832443433432,0.0029402964272540314,-0.0016729928763789881,-0.008981145881256617,-0.02242826404332186,0.020117562788627457,0.00691991343144784
2020-05-29,0.0038208373305070047,0.0038812203423893815,0.003233901032964523,-0.012541870755935805,-0.007391151553580577,0.0033204034344383663,0.006247929970618573
2020-06-05,-0.005955403304346487,0.0038707785653592716,-0.00021472322126198838,-0.007816765753768147,-0.01013674368700869,0.0009457542927572263,0.00022946453148671745
2020-06-12,0.0009192481144410645,-0.002692411714325769,0.0027172522833333224,-0.003132877365814566,0.006835561128872597,0.005947189592360622,-0.004309243880775369
2020-06-19,0.00953515022873135,-0.0006545229601830886,-0.0014755124792834925,0.027818577255198096,0.015408181053193653,0.004290674423261074,-0.002842680442137016
2020-06-26,-3.132347205045048e-05,0.0054919238432302835,-0.0035134739049358958,-0.0010803345971770342,0.00956271754717315,0.0006265620748886786,-0.0020009629674629294
2020-07-03,0.012453050776433631,0.010661310174716741,0.0007532620965747061,0.0022866085419310533,-0.009298750877997817,,0.0034479209072163686
2020-07-10,0.0014943838882598725,0.007606582467673915,0.0036891629497449283,-0.00180086581595161,0.0010588880342696021,,0.001000300521878581
2020-07-17,0.0018927062595528485,-0.0035833892370282926,0.00847043616155391,-0.0031351948881735286,-9.907398362579523e-05,0.0007970975936298963,0.0026242772937708097
2020-07-24,-0.005658709415291688,0.012545467273518702,0.028511704639753374,0.0063201781960405285,-0.013838342205203318,0.010229388540446714,-0.0003612592093260162
2020-07-31,-0.00361568429641176,,-0.003515030263281657,-0.0014158315471152357,0.0022216299490425847,-0.0005962433088213104,-0.00365381977814515
2020-08-07,0.0013922631720928588,-0.0012596730005211723,0.0013997485410364178,-0.004002903959003623,0.011153585502965512,-0.0003145387505275965,-0.002748098542769425
2020-08-14,0.0023126404109996795,0.007131355200417476,-0.004994492886294197,-0.0012007197377106014,-0.005164473054258119,-0.0009960012965017043,0.0022405007439264377
2020-08-21,0.00392746704265109,0.000400829238028977,0.006487270032702188,-0.005833324480435753,0.007825958712166741,0.008372482180975398,0.0033665828135077992
2020-08-28,0.00719019189830844,0.008362682694465025,0.007015481697043802,-0.0003446272816919537,-0.0015035355450889604,0.003543111721829736,0.010150430340325967
2020-09-04,0.001250866281099206,0.004111255873722432,3.5033647132065445e-05,-0.007884279034162915,-0.009984517533559225,0.0028406997943018555,0.001134429282324957
2020-09-11,0.0029403239819864447,0.0013669953401459324,0.00453797099765412,0.001700433510675879,-0.002396247784933492,-0.0022301526194118174,0.0011159030278245397
2020-09-18,0.005482115041150464,0.00042142579513223296,0.004404716064838321,-0.00210424515800278,-0.003296167245034762,-0.0021431109362994457,-0.0006624441650381364
2020-09-25,-0.00184943170967541,,0.005800704966338574,-0.0015751920924518441,0.013518724477795035,0.01204163985716412,0.00284404637344899
2020-10-02,-0.006990197514919739,0.005781388257837196,-0.004368191618390306,0.003306635898060137,-0.0005852252952216598,0.0031049238433083232,-0.0005786841524344996
2020-10-09,-0.006901868385462887,,-0.0003382143865041643,0.00042842428855279543,-0.0060901961145284475,-0.005388139481535875,-0.006014800836413173
2020-10-16,0.001548357759423518,,0.0064216212745563,0.0031065840113456526,-0.0025860805255432592,-0.005419311681350257,0.0023867049593901497
2020-10-23,-0.007334627849131962,,-0.010228715462579157,0.0018279333994653717,0.00032219878765895666,-0.0006201338463047389,0.0006294940967353661
2020-10-30,0.0011785922705875626,-0.002213216678281868,0.005237003655938365,0.0024787095127325244,-0.0003568872101730756,-0.0030246565912402366,-0.00461840702339458
2020-11-06,0.003677903068680608,0.017516067293706954,-0.0010240931660703224,-0.008396326309713749,-0.007564086918347686,0.0021288858346439556,0.013089043273884195
2020-11-13,-0.0015540923359008791,-0.007294387489434709,0.004687147894073948,0.0017943204111480302,0.003204880852928086,-0.0024441360190947895,-0.005532692592411965
2020-11-20,0.0006832450528555991,0.006919050664717576,-0.010101840965776718,-0.0007494955940881197,-0.0011174212135428869,-0.0025295727369301275,0.0070772963202159
2020-11-27,0.004937777687611433,0.0008314818058197916,0.000925703770667675,-0.00027299248438388316,0.00031963894015416873,-0.00019364124531625455,-0.0009793643169260945
2020-12-04,-0.010669819339764346,-0.005786296554042676,-0.0009620997773041312,-0.0011948665309526791,-0.005899498121780091,-0.0035717538836449697,-0.007745432227227802
2020-12-11,0.0024708659221949784,0.0022444164633600586,0.001513009304517809,-0.004783971792063592,-0.006757374188210675,-2.3313400643798514e-05,0.006499614096827919
2020-12-18,0.00206484532555272,0.003542713069803614,0.0012676392144310355,-1.8093254735550068e-05,-0.00010744516021680209,-0.0005088610993845344,0.0029465320464637876
2020-12-25,0.0012836280292172972,0.0020724247606663227,-0.007764280042732597,-0.0009418458332880376,0.003443582746796103,0.002786756039033439,0.0029838347988960733
2021-01-01,0.0026193059058262605,0.006446557672953036,0.0006088007437101505,0.0032102280239542326,-0.00019482974356288568,0.0034743985954161904,0.006234020086277746
2021-01-08,-0.001376498486843031,-0.008001266984408324,0.000550109728963926,-0.004923749621218392,0.0015624619032218443,0.0005248879186102338,-0.0008231498657786181
2021-01-15,0.00147424093999139,0.0005909694786693798,0.00022051513803603924,-0.0013361962849118044,-0.005236819170988381,-0.0014876336083756519,0.006903782531883555
2021-01-22,-5.183339066826815e-05,-0.00014218060546763683,0.004900644604199574,-0.0025491670705463016,0.0007749399662414475,-0.001509991780319391,-0.0005655774363024739
2021-01-29,0.001432169398126992,-4.571173373876145e-05,0.0016823978194136276,-0.0010969636516755192,-0.0039643779538929705,,0.0045898963200848115
2021-02-05,0.0015505095413374558,0.00027791910605952564,-0.0026578934118626826,-0.0005054693338516164,-0.002613057456913124,0.01204868116603681,-0.0021337086361376597
2021-02-12,0.0041879746819188535,0.005338397289148143,0.005529844399210805,0.00419172568136055,0.0055771636579618426,0.000646213341145058,0.006401111580897403
2021-02-19,-0.010840263207170318,,-0.00814140351727294,0.0008114107091684525,0.0018285021540987063,-0.003894920998709459,-0.008220218591404808
2021-02-26,-0.012554997378293097,,0.004332931616195765,-0.003315436688448187,-0.0025377077278206425,0.0070097832931278825,-0.006349872793012215
2021-03-05,0.008853744535414269,0.012162084859867694,-0.003082019066552801,0.0004540746764891043,-0.006112916203608937,0.004613737217911548,0.0043100143678210115
2021-03-12,0.0072675445793649335,0.004255172060635304,-0.007855010031387753,0.00016139228979246745,-0.0005979748070126,-0.006121376680306822,0.0031353249779547568
2021-03-19,0.006166907743064395,0.004018558817768741,0.0017045903258255703,-0.00373065901300037,0.00047697069783636206,-0.005597100101321276,-0.0003496000557141335
2021-03-26,0.012254949602170004,0.006998163810954698,0.005986586110919586,0.0033705409403121736,-0.001348069919902725,0.006719951156793566,0.01260063053002122
2021-04-02,-0.01291353629723088,-0.0074313264274289,0.0012996948098141165,-0.004284668762231776,0.0005726136836244966,-0.004334554380712027,-0.005266024963019835
2021-04-09,-0.008876272567153202,-0.008844637081413684,0.01297291412924767,-0.011147817246977578,-0.002557407691202818,-0.0005231787845405983,0.002877652816592596
2021-04-16,0.00015237076436089858,-0.0009631887644614942,0.002372399622775528,-0.0005581445092964522,0.0027627736208714624,-0.0012989817583071413,-0.00019122614468636886
2021-04-23,-0.001347355793133909,0.001179326482076184,0.002327326724456331,-0.0011228360757084054,-0.001920855738930976,0.0009468694439997865,-0.005290642020324999
2021-04-30,0.004246997102684774,0.0030034248168192253,0.004846688565546846,-0.005618136939652829,-0.002691485407380336,0.0030982329694537415,0.00634388786933358
2021-05-07,0.006014235278628243,0.004811507390941192,0.007544523015189504,0.0015719096538140654,-0.0013201641574800273,0.001477207100854089,0.005379515591660794
2021-05-14,0.004484125247351532,-0.0008946327184544986,-0.00352822956188182,0.0009222582965853478,-0.004351588589323043,-0.006084043300624446,-0.0009798534012677139
2021-05-21,-0.0012121504490346306,-0.0021262193800007313,-0.007923229238152571,-0.006157297777606959,-0.006226778134013997,-0.003935451040032012,-0.003495673520275813
2021-05-28,0.000948072651462694,-0.0012625401731757979,-0.0020358354777425575,-0.0016648087024522143,-7.025796393902467e-05,-0.009531973012286829,0.00021077894359327492
2021-06-04,-0.0004901089633547514,-0.0016184243412335395,0.007815261800393937,0.005426903665501159,-0.003327249926200277,-0.0027631124070591137,0.00947452810008053
2021-06-11,0.0032631303119341564,0.0037501963828576665,-0.0048187207597760896,-0.0043232298715380054,0.0017094512601057924,0.002652617696562102,0.0015896626510658652
2021-06-18,-0.0030279472672771874,-0.001691624626144405,-0.007747275957145588,-0.00896283663162815,-0.016505424903787428,-0.0012557106204789136,0.005345591779297173
2021-06-25,0.012413197224419432,0.016646629505412798,-0.0016236362757170246,0.017985485086399328,0.01831591937280792,-0.0007233095541915571,0.006916048798678792
2021-07-02,0.0017610763504112025,-0.0021852095746840595,0.006430611145498755,-0.002459311418665875,-0.0012809578503828107,0.016067723172451344,-3.169739029116674e-05
2021-07-09,0.0021916254725475133,0.006181629988273757,0.0005570760900718883,-0.016195225199822486,-0.005158668429402428,,0.010732536815946915
2021-07-16,0.0025639880286714746,0.00705197258785518,-0.004456602118706191,0.00790701327014998,8.26852663413763e-05,-0.016015684036506442,-0.006536749675176803
2021-07-23,0.008293483295888518,0.004027228232931483,-0.0023003130818192866,-0.006574070432107832,-0.00219840270175809,0.0037429977995857514,0.0050229852314103395
2021-07-30,0.0005770188400144136,-0.003003249663224732,0.0005396025218334398,0.0024763230151052685,0.00496926030009448,-0.0035814437169229794,-5.008619843072892e-05
2021-08-06,0.006052238238340321,0.0011683827571671499,-0.010202369878784116,0.012848017368718708,0.0018845701669068973,-0.0030303897879607124,-0.014098852250192554
2021-08-13,4.273065061639456e-05,5.8709212053545184e-05,0.002478211721599402,-0.003091191411052277,0.0018725730518837263,0.001064989077711375,0.004327893791141929
2021-08-20,0.011752852004713422,0.0036146215312306117,0.0024562781603317827,-0.0054980290227878955,-0.006901711003938187,0.007757101042348497,0.0012124696806589904
2021-08-27,-0.00904509515504395,-0.001120411978394345,-0.0049434354347998154,-0.002753632124111253,-0.00202421125709807,-0.00020090777529997922,-0.006208765797745458
2021-09-03,-0.005633134482428041,-0.0018644287677737528,-0.0030497739651731246,-0.004027600850361172,0.0034039731670660904,0.007129492603496117,-0.0003845312847922131
2021-09-10,0.005562585795079321,0.00048227221830919234,-0.0017039592664001115,0.010451291097415797,0.005481016510519271,-0.003650518451843306,-0.002851079145710462
2021-09-17,0.01216128017453783,0.005951814956534616,0.0042304422342388254,0.006820164976288248,-0.0001372930493431619,0.004188519137523235,0.006178712673132059
2021-09-24,-0.0031173916295451306,-0.0011418402908224743,-0.014400533370665991,0.0008872570261516413,0.003176970625692772,0.0038928322386310894,-0.008416850957181395
2021-10-01,0.009306347711775576,0.0039050377002366,0.004525964361526011,0.0038769751692725885,-0.0022161618180695617,-0.0005893590600423771,0.0012169715901610672
2021-10-08,0.010212344772728138,0.003981188690428984,0.007818569682213394,0.008008834669541736,-0.003847033316966078,-0.007443086193101987,0.006953576418889808
2021-10-15,-0.0018415319593170771,-0.0016105623892361818,-0.003902104178498678,-0.00416653223747548,0.0012088553706651912,0.001997858769725127,-0.002374434431821624
2021-10-22,0.0007247660928168965,0.00015905548594557522,0.0004999282669664174,0.005894984855154854,-0.0016522999887951877,-0.006750387959341573,0.005582188874475603
2021-10-29,0.002123492461427291,0.000983013830251402,0.0027669243888077204,-0.010207930632716928,-0.003159180993332891,0.0017492627480738313,0.0013962525334997708
2021-11-05,0.006689016945168364,0.0074712963486664305,0.0045151541037442506,-0.005837547270659918,0.0015329652596794783,0.005016369333066526,0.000450315705918622
2021-11-12,0.008725634180309229,0.00861603978921664,-0.010331834984572746,0.008338234678360505,-0.004207731957659896,-0.002996379885657279,-0.007676592222490911
2021-11-19,0.0027025750972598807,-0.0010436891136555737,0.006061253009109353,0.0134759358537197,0.005319291383402685,-0.007903055910363603,0.0032991979387742543
2021-11-26,-0.00021475311512697038,0.005413205295340335,0.008696320146649188,-0.0009788247876116075,0.004895650726272348,0.004126422074544127,0.011313633390509854
2021-12-03,-0.010415073608946597,-0.0020450010562704864,-0.0027066202167635844,-0.006930308714313595,-0.0014150322816810278,0.012209979102873577,-0.001276999802419522
2021-12-10,-0.0038544842478624337,-0.0018583450796853466,0.003490879357597784,0.0031916935764915388,0.000687705790048747,-0.00030210855725985283,-0.0021743413354926543
2021-12-17,0.0079595929378342,-0.0027419226749808285,0.005687743212862159,0.005141502668457132,0.00048740072839787183,0.0011897994677208185,-0.001837508334868325
2021-12-24,0.010172099731066296,0.005131367389104881,0.00553126469372535,0.0038389403775970386,0.006105011749271189,-0.003173211490513259,-0.0009282782197590648
2021-12-31,0.006939631813633063,0.003043637843399663,0.0022916952098953887,-0.013793146786827503,-0.009288627103157164,0.006284271589400454,0.010382514779410336
2022-01-07,-0.0006616758829076358,0.00691527495409274,-0.008652177814700249,-0.014352168001497719,-0.017211046704028874,0.00416473458338793,0.008063609125478665
2022-01-14,0.005083576075811692,0.0019523522054427421,0.0071974715426020765,-0.006529617299279696,-0.007789503846118292,0.005728217670373027,0.006977221524308396
2022-01-21,-0.0012225630682324163,0.0009518139689002084,-0.007841152359905422,0.0009429958827915303,0.0011413533830821458,0.001786361157590242,0.00558733788775698
2022-01-28,-0.01016495126639135,0.0035476155967869172,-0.008444312382307815,0.009336717240283328,0.009631872888460088,0.005691006229364402,0.0015796156175697821
2022-02-04,0.007858268736094355,-0.000489191116112875,0.02453726388219129,-0.010930662698633775,-0.01552648873460058,-0.007471273770231903,0.010355491367713483
2022-02-11,0.010078075566957568,-0.003243636523268816,0.010945829045714927,0.01712702379060746,-0.008161455321052443,-0.009489346265262003,0.0038449134918827482
2022-02-18,0.0007035844012758342,0.0027896298031921877,-0.010865796910791908,-0.0031053812402765113,0.001066662036553034,-0.012106347869742948,-0.004049334524984908
2022-02-25,0.01583545078151994,0.011430410031022544,0.002801886191016751,-0.013619010365423737,0.014281012690241946,0.002188844168657596,0.009908331034043536
2022-03-04,0.01772360057923578,0.002527597622434663,-0.008326028278809582,0.0022664198411381396,0.03991031659892298,-0.005769114010570355,0.007810468042991415
2022-03-11,0.0019263635898481837,0.006633685249726997,0.006854726804548135,0.00942448623200604,-0.008403653551781775,-0.004979549171397704,-0.0016625594960769875
2022-03-18,-0.0023915779156346716,-0.002623693150590287,0.01579040410050457,-0.005106765017128069,-0.009690634878767923,-0.003887231539018419,-0.007527875364340773
2022-03-25,0.021942720224804986,0.020493210876254216,0.027139981942605213,0.006955063169797538,0.0014393550769625115,-0.022621000841703955,0.022604721581902937
2022-04-01,0.004572668206823465,0.004493562077651802,0.0036178127105678907,-0.005687053987624183,-0.006171069835377758,0.006852529974333366,0.0016517505174198895
2022-04-08,0.0023866527344632003,0.008377166425883644,0.009858188942489505,0.001318485706784681,0.008641163172895273,0.006834158206141652,0.015528842428730028
2022-04-15,0.00024382959963465574,-0.0011932591192352422,0.004796894049185136,0.007821477365489835,-0.00044137392281471516,-0.007117265667853904,0.00013890930776883586
2022-04-22,-0.005684671359196889,-0.0021956903822273528,-0.0021989311609919653,-0.009946542299748708,-0.011698133785779864,-0.0007676570454627967,0.0007496645404064415
2022-04-29,0.0017798744887525585,-0.004245953181782822,-0.0024437819771581035,0.009809298036932706,-0.0015014643721118937,0.007072389634586124,-0.003962370725045493
2022-05-06,0.004495245939644503,-0.00602653255279852,0.008641515034135416,0.0042741948002967215,-0.006405264002782779,-0.006229584354401225,0.006135161861967346
2022-05-13,0.0053073290641128855,0.006331774838430269,-0.0040558751240682344,0.009646447649736415,,-0.001828914504800025,0.0006946904819562452
2022-05-20,-0.00415015466878884,-0.011656822328027217,0.0041092407522305835,-0.000316037965907352,0.014392262648473339,0.009596699343472107,-0.020521550919573684
2022-05-27,-0.00443986786920903,-0.012758923250287317,-0.003059448493929736,-0.0009101847727961235,0.02037071430522813,0.008382662722415175,-0.0024138253165287343
2022-06-03,-0.006620225226909886,-0.00021177215679985274,0.005444263791898011,-0.0023104201512387916,-0.007187054319721689,0.0051192870558365525,-0.0024455569138547733
2022-06-10,0.0065838992400161535,0.010293101964219868,0.0061307585036746385,-0.006793187286762742,0.0004328764155515259,-0.0007802494677985678,0.01116087688228144
2022-06-17,-0.0032063754958206996,0.006232483503110367,-0.004702974763027193,-0.012591845150464114,-0.004691422076732866,0.018384830985493678,-0.00029195100370230743
2022-06-24,-0.0049435697884722,-0.0008383111623052428,-0.005191597642170205,-0.000873967621545408,0.0015351391129580427,0.0017451206486143213,-0.009907112436604961
2022-07-01,-0.004111231401089187,-0.002847010438114719,-0.003257615501962785,0.0030866563948391775,0.0006121233862844296,-0.0028542263295872057,-0.0009698851510408065
2022-07-08,-0.009064388091143552,-0.006355306437611552,0.0007289926119832212,0.0035743237670134054,0.019528215276419892,-0.00973250426839901,-0.004652865605308215
2022-07-15,-0.00041002751959546006,0.01188200336641156,0.0036762639778200506,0.00203056223477888,-0.007330090058881372,-0.005833618788915941,-0.001212718735153832
2022-07-22,0.012328958482672495,0.006483006148211891,0.0036547161835531576,-0.006019212862932598,-0.017670472496843684,0.004088439533699639,0.0071243891278452
2022-07-29,0.015972285422895176,0.026494187888273613,0.0016221230273811746,-0.012627486644696321,0.004685526623606584,0.02917059072381384,0.01362737964313593
2022-08-05,-0.006783357073410068,-0.004359728340543073,-0.01372119684563747,-0.007850779118736238,-0.002064130938818243,-0.009813714143995454,-0.004878627254431411
2022-08-12,-0.0010782795850571838,0.004762848254567237,-0.009148828710106182,0.0002736030199876986,-0.0022300587998226816,0.002299334421663848,0.00923755437421069
2022-08-19,0.0007309284140846217,0.001213597971925096,0.007427609342191958,0.004700222823822534,0.014823524890887294,0.010236360735818082,0.009843703117240837
2022-08-26,0.006332596141987108,0.012284261826207968,0.0017357984866120052,-0.001961227740047784,0.0009026148438397355,-0.012128806383597151,0.010153469127119234
2022-09-02,0.017476198847643842,0.007003555952627004,-0.005383539291683105,-0.005385097965399418,-0.011533996278649414,-0.0007780279309779396,0.00254226861615657
2022-09-09,0.0049000036724529406,0.009399429645592743,-0.005431615194154063,-0.0024570778398506935,-0.0020495816452718602,-0.0065415947011858554,0.002936318517297018
2022-09-16,0.0064286161811808774,0.010685501371668167,-0.009630494807636286,0.0014508738583934127,0.0059046407991061875,0.006099745203869049,-0.02433724165390277
2022-09-23,0.006606275374753374,0.0068702775469873575,0.0044148573856321715,0.01012673407954206,0.011834219877898034,0.0007834395639524022,-0.005501354139685211
2022-09-30,-0.0038523063568812704,0.0018035666191707539,-0.008193238797441021,-0.0025657818934260415,0.0014606091937042311,0.0019876645911606123,-0.013524507867830226
2022-10-07,0.002849840269118755,-0.015518068402918745,0.00047138940696495225,0.002934888465298998,0.002156188781345846,-0.0006284494542789043,-0.00031637679930966673
2022-10-14,0.003401223933251316,0.008675062533828125,-0.007625787655374561,0.0021446118989711964,0.0008710839429151257,-0.005059020563022709,0.003704425735603805
2022-10-21,0.005019187465727096,0.017585646784265423,0.003580393871973272,0.002960300532077483,0.0003893406225187158,0.008698425418191465,0.021244067179114322
2022-10-28,0.012005282148633774,0.014794409217605588,-0.0005829197030244252,0.0032146032913315265,-0.006928329595709379,0.003429239345844726,-0.002211401976347243
2022-11-04,0.0002409605962354334,0.0018090366721100193,0.0027482774477936645,0.009537446027928722,0.0023183517178755556,-0.0006785194870778131,0.019563720306620173
2022-11-11,-0.014304873361376905,0.0019758645919288977,-0.012046918413055574,-0.019222365643147454,-0.018590177054663207,-0.0012614524421673088,-0.024421495642062526
2022-11-18,0.015161949911820795,0.006870099569498526,0.011386693790416317,-0.0027413643958038155,0.005568943639892923,-0.0022220122545542334,0.00022903485991802934
2022-11-25,0.0055160761845408695,0.002118273059822263,0.007777879419647149,0.006200952127444931,-0.0014153859215409168,-0.0039870271192838985,-0.001241060079837048
2022-12-02,-0.010487696183575333,-0.017139325373655166,-0.007991481672078828,-0.0063970131552261245,-0.0038710310578532734,0.0014779256782641976,-0.0009323794396719157
2022-12-09,-0.0025941480941346715,-0.016479416349445573,-0.006924043999482859,-0.005418278900260198,-0.004311856077129314,0.0030607321887580414,-0.011012199818676863
2022-12-16,0.010311355012271262,0.020009155680809607,0.00343284232228675,0.006855772531143396,-0.0002739722940938023,-0.002246523645724671,-0.0010743454555678248
2022-12-23,0.005737292083470491,0.01836258847494055,-0.003309881198313207,0.009361474820278869,0.00030581577009614026,0.007657716101542428,0.001425990072484058
2022-12-30,-0.007167447521707523,-0.0027357349105556743,-0.008116791661737033,0.00470810234557627,-0.003090692126692764,0.002175221123555996,-0.008097260501198028
2023-01-06,-0.008781348811339604,-0.012811796132960705,-0.005120583402924008,-0.0012006754655944176,0.0001730633416670016,-0.002013044520508201,-0.005134659864639542
2023-01-13,-0.0018216258548878039,0.001147166993491036,-0.005886478373837632,0.0009153484620688548,-0.0019911621207849535,0.0015921998701269556,0.0014891080142052635
2023-01-20,0.009027521766044717,0.008593626814262902,0.006043530200333404,0.0037797855038601033,-0.00046419893723638234,-0.0018447360233583602,-0.0032323015738886275
2023-01-27,-0.002921644777771988,0.002593647886809564,-0.004891710280265978,0.0032056557171770733,0.0017287875653454585,0.002655424666188822,-0.0019086919308653934
2023-02-03,-0.0024635211043013486,0.00652025202946775,-0.008218746467860619,0.0020586816323539415,0.00021942587339493912,0.0015613630643655587,0.0032836888851302455
2023-02-10,0.005184682778469885,7.57514810675095e-05,0.005780109573035509,-0.00399747412430136,-0.003433152632339768,-0.005821040210828742,0.00262618002889768
2023-02-17,0.017419992818222724,0.01470558685674823,0.0023233721915970466,0.009876465791104507,-0.0005538751157950756,-0.004946424442973954,0.00545688892244942
2023-02-24,-0.0021107968091723657,0.011432854400123649,-0.011940987806214833,-0.02660905588414762,-0.0024601440756277823,0.002055700716605601,-8.494799352339028e-05
2023-03-03,0.013496007341161525,0.010772346502995767,-0.0013111577338103546,0.007379672635686939,0.0021729178690711704,-0.008158135507368037,0.0013731087684660409
2023-03-10,-0.0019491397173419958,-0.004456193733634045,-0.004073591208537877,-0.0019245457806747407,0.0019548714686461245,0.0025385621818382964,8.315060806611561e-05
2023-03-17,-0.018651928396292473,-0.022497125005682708,-0.0017930984795170057,-0.02685992796780411,-0.006099021326018438,0.025016152088388286,-0.005637063051228853
2023-03-24,0.008230720582938165,0.01708435267571171,-0.004843753966857731,0.015029787853686142,0.004563518829193944,-0.01084610141265112,0.0014096871967429155
2023-03-31,0.02390347590879786,0.019301219266664903,-0.003669318814786983,0.016376583671472336,0.003921038805547892,0.0023726528083379294,0.006517288271341081
2023-04-07,0.002655773758004543,0.005321444991887952,-0.008488104956285393,-0.0007771331277497043,-0.0027260543621205496,-0.005026648503166358,0.00867522532384601
2023-04-14,0.010721602093499918,0.0035931943352458255,-0.005676289136859961,0.005941663146608555,0.003237463082701438,0.00446184964454339,0.002782551175777638
2023-04-21,0.0007056313558038261,-0.001590151569090485,-0.00011587075000921172,0.004367569975441589,0.0033327551739679843,0.0002533642228967286,-0.007335214047293075
2023-04-28,0.005354256779049441,0.004918699005244435,-0.00693904755373004,0.0029743198843019503,-0.0010183682235939278,-0.008357302887181546,-0.004316813980690544
2023-05-05,0.005612821395717715,0.0021307075811220337,0.0032181601494749483,0.002445577487104311,0.0033538840293094742,0.0020445996254106038,-0.00014977714179643505
2023-05-12,0.01032978277287601,0.009554609262676825,-0.007231110870301525,0.005693379710163388,0.0059568471596631875,-0.003000879913726565,-0.0037733296685722156
2023-05-19,-0.004682176000071657,-0.004491030427602044,-0.0010034322418825863,-0.004062327926429394,-0.0033117114970458903,0.00786497835328774,0.004613167270747169
2023-05-26,0.006750216357841312,0.004866355430379612,-0.0006783223106963058,0.0021861144786764803,0.0004100412551651043,0.0009975073177797536,0.0005660548363593688
2023-06-02,0.008784954238751983,0.008253781938105746,-0.0025574884007752543,0.003565468229036113,0.0031729097334562755,-0.006842309362849809,-0.001500072771267299
2023-06-09,0.013911113697371148,0.011552886828190372,0.00914242983113416,0.006924447468084546,0.006690606869180084,-0.0070387500933893725,0.0038909717642741305
2023-06-16,0.0073624644978242115,0.007246058188022724,0.008725129024212333,0.0036221297087817494,0.0008118413557518188,-0.002242009062317352,0.0033813671271576812
2023-06-23,0.011367417049887701,0.013029068434115453,0.011760535920345191,0.006612008491406458,0.003408336801682987,0.004920949997463499,0.009955395717362193
2023-06-30,0.0029293883745381568,0.0025881084442783667,0.0030131084083956598,0.000686698180017742,0.0035049375882797713,8.5694034757407e-05,-0.003387039090352784
2023-07-07,-0.012061517750435501,-0.008980755633415964,-0.01177954991504458,-0.004184617863637394,-0.0031653072753961807,0.0017226563669960812,-0.005504912337178998
2023-07-14,0.010687210273475387,0.00947937933455914,-0.008395893996307061,0.004398486821625597,0.005885028273914236,-0.006230374485443826,-0.01356937534830143
2023-07-21,-0.0002740304812150145,0.0005501205029935107,0.0016112680527311937,0.00159795961561544,-0.0022192884685901027,0.0019391084708582228,-0.000830632690646808
2023-07-28,-0.0016202351369689943,0.0049068303491840385,-0.004351141593370023,0.004014629830766248,0.00044965603560241744,-0.007598852208183446,-0.009789418117869556
2023-08-04,-0.014468086528272889,-0.013990631280373929,-0.005658123458929552,-0.005528577183247568,-0.004568097329378624,0.0011607237822199529,-0.0012086794561026683
2023-08-11,0.014152237894322106,0.01138058360689809,-0.004495969557000564,0.005242055674302706,0.0057986872955860655,0.006663891618837416,0.007900216101554138
2023-08-18,-0.002264329189013722,-0.003093281654987628,0.007255023872739909,-0.0019718745206048077,-0.0030036636744043546,-0.003521579209913528,-0.0009573026821117785
2023-08-25,0.004357001604351442,0.005328602012741648,0.0042875262323059,0.00033397739247984084,-0.00027276193452894175,0.00782340790887158,0.0015007695466546977
2023-09-01,-0.005551514271363121,-0.0040218379709664725,-0.003332726970848451,-0.0037543784451043506,-0.004405506417022152,-0.0043834706342533065,-0.00432277989363129
2023-09-08,-0.005010519928300247,-0.0007364414062149113,-0.001267480686555256,-0.004755179408557532,-0.006883253267633068,0.002283729148329468,-0.01940493076888477
2023-09-15,0.007138106506048123,0.009942733419565471,0.01089999754452733,0.0013610673270327673,0.003270115407628135,0.006562061415809105,0.00526396007516706
2023-09-22,-0.0037015248431915976,0.002222702911411756,-0.0051375378385923615,0.0006641011484090399,0.002809805882305349,0.002267499938620417,-0.0020115680242104765
2023-09-29,0.0032701249234631377,0.0008387361703319677,-0.001616856089423377,-0.003151686674313533,-0.0063953881277579875,-0.004033066732354348,-0.0018895656774523184
2023-10-06,-0.001423587840349439,-0.0016780100074938519,-0.004179798117629602,-0.00464062185199827,-0.013019775973740972,-0.001521510099760412,-0.0018070812942204758
2023-10-13,-0.0015870623113079065,0.0006321787179556599,0.0018139511258099764,0.0030780151232704,0.011818090255733951,0.0029610012047997228,-0.0023782910218540093
2023-10-20,0.008818838480151614,0.005162650779381496,0.006667162977414742,-0.003254446833280916,0.00370438676632779,0.0068417480280183575,0.005934362319118301
2023-10-27,0.0017498331503012425,0.0018257935200148216,0.0006074750268820389,-0.005432999329046792,0.004743781696137696,0.00932254558212218,0.012079048391066747
2023-11-03,0.0010071338426263497,-0.0026813366510715676,-0.005004346210066286,-0.010863738399582377,0.0067245096597600045,0.012406440279472828,0.016384846397989882
2023-11-10,0.002407154382863497,0.0024681623822706967,0.0016737263864121624,0.007696646427985804,0.013799666346227603,-0.01210159635815155,-0.0057700647724536975
2023-11-17,-0.00703925276784965,-0.006278409479699457,0.0024301029860891474,-0.010060728594485178,-0.005637333935222289,0.0020731205334601076,-0.006802636616896637
2023-11-24,-0.0015225316641357517,-0.0032117600179293803,-0.00048532704326149933,-0.00011522524932627986,-0.0077905629143078265,0.00064845640756101,0.0005347889837643875
2023-12-01,-0.0024350350164159458,-0.0017635093822498755,-0.001170770557053651,-0.0023521598559428933,-0.0068695480962993535,-0.0012498545326118837,0.00423702365628318
2023-12-08,0.0018455166749193098,0.00030737198017997556,-0.0002826405183605486,0.0013643805785840343,-0.00010345057491759515,0.0030823183798118626,0.0029080202989308483
2023-12-15,-0.004196649978531131,-0.0012347458701082892,-0.0035120659879617766,0.0019062135818394017,0.0029168274652753086,-0.0017795139312616678,-0.004290654758949631
2023-12-22,-0.0009074978207392125,0.001978771215332592,-0.00958228542321091,0.0044325523706753535,0.004015636370332686,0.0070044954666453295,0.0025023461272669196
2023-12-29,-0.0029828593301534706,-0.009371622746701091,-4.2187389310138185e-05,7.721881239728954e-05,-0.003751520020287721,-0.007496867661749928,-0.005663698416268585
2024-01-05,0.005604241532068013,0.004384434653093324,0.0014252032576946236,0.0005811397346796019,-0.0017439023372699777,-0.0010908598874656392,0.004992859746007757
2024-01-12,0.0062140664761543354,0.0018689268597146497,0.009045009492978987,-0.0014846953617380677,0.00470503330735091,-0.0017173755824907667,0.007494888265335691
2024-01-19,0.0019425992537500283,-0.005658450492377289,-0.0011244915488622241,-0.004686203611396465,-0.006580776533934934,0.000379816626333066,0.006772850551167636
2024-01-26,-0.004565797546334278,-0.004484503926759304,-0.0012351659128864813,-0.0019845975480012375,0.004421201996768458,-0.0033764123314044027,-0.004244616699150669
2024-02-02,0.0022502959044699037,0.00257068561479207,-0.003880554820288285,0.0018540704902703443,0.02637626047135269,-0.004287801567289602,-0.004547339356357247
2024-02-09,0.0034655565432671767,0.0013506995980664715,0.0009465289560789199,0.005392795315933744,0.019093574543522812,-0.009113780914537092,-0.00530224253046499
2024-02-16,-9.410093303812397e-05,-0.0001278244397940998,-0.00473100474438004,-0.001178171457778726,-0.007052479202755421,0.0015065811932377941,-0.0008720449177015438
2024-02-23,0.0013656485814192785,0.0015405225340204907,0.011750232951965183,0.0041538955720914475,0.018066127147240655,-0.0009273142362144212,-0.0029186445243547946
2024-03-01,0.000924138821357645,0.0018592442541688061,-0.010834904666559035,-0.005090408262089652,0.002840984759185918,-0.0007488673299924736,0.005568943807421487
2024-03-08,-0.0027174393927320837,-0.0026606289583430347,-0.010605424490633245,0.0055521486244466175,0.002745687671496964,-0.0023786473166132775,-0.007904481426172684
2024-03-15,0.0029823469471366966,0.004459995643191753,-0.005042263984681371,-0.008795305990565033,-0.018649927534926246,0.006250404480573065,0.00667852263252462
2024-03-22,0.0025149588743831257,0.002080201119336168,-0.003921246083034584,0.00994204846501374,0.016928751653584605,0.0037630933601903206,-0.006023577989171023
2024-03-29,0.0018362373762838573,0.007766961825540546,-0.0013607334909472458,0.001270464894815342,,-0.005493393341805792,-0.0022179693570251774
2024-04-05,0.0008224860350089093,-0.0012687960340881672,-0.0035695528901837055,0.0007437638629357313,,-0.015484423569653532,0.007567699809033241
2024-04-12,-0.006227681236480639,-0.00031159559459419274,0.00328976405400781,0.0025594040495275287,,0.005414504377132078,-0.007280557449423317
2024-04-19,-0.012881694875871087,-0.014576475857897902,-0.005233958634069325,-0.0017478469401546294,,0.0007725216367631079,0.0017033303798894015
2024-04-26,0.01242671570822964,0.005256935360099277,0.003450958222941272,0.0014433059304044614,,-0.002353418116978165,0.010134172714037389
2024-05-03,-0.005558589993518066,-0.005652805322157121,0.007521370299776886,-0.005191017068118497,-0.00024128563332331446,0.0010586298687143298,0.006822498638034845
2024-05-10,0.003523710114637797,0.0047803895125233305,0.00790818085591912,0.008004783493027787,-0.007488169242662989,-0.0031431951185292408,0.003916336576167821
2024-05-17,-0.0012025010605475027,-0.0019465753191286444,0.0020616392897247968,-0.00034411127907680667,-0.004471871937306174,-0.0026924351087060667,0.0036203278003581036
2024-05-24,0.0038991540578201117,0.005261607328631874,-0.005726709294346231,0.0024587024567118898,0.0010093792520096756,-0.0022787790952584304,-0.002926732685607313
2024-05-31,-0.006609706544531826,-0.004888373591986727,-0.011786435656763536,-0.006621290351610919,0.004403894649393538,0.012813651206397287,-0.005473488052306163
2024-06-07,-0.010670916988111656,-0.013844525076396243,-0.0019904286643479996,-0.02042334395513174,-0.008371341417077476,-0.00012074976892483475,-3.6895009919628214e-05
2024-06-14,0.00020603522775530583,-0.0005286391440833926,-0.003803807343732512,-0.014425187600498152,-0.0007177532961934605,0.015782353468467104,0.0016577477733050194
2024-06-21,0.0006511093003308084,-0.0005035016915366259,,0.0015018850413430714,0.0031864215991238925,-3.9662956217300036e-07,0.0020410535055966042
2024-06-28,0.003909984701651855,0.0040085846977652075,-0.003367712858904357,0.001919508451303441,-0.0010483200693351855,-0.0013645623130535587,-0.006440134235312628
2024-07-05,-0.0017780733249072296,-0.001990266142934101,-0.007106144052245167,0.0017308752546944903,-0.0005636818382498685,1.4206975838652233e-05,0.007054408771699386
2024-07-12,0.003208876021345773,-0.00046641662969974297,-0.002800728004411613,-0.005442141636045981,-0.0018949615069350479,0.009382461721050171,0.011866166110803418
2024-07-19,-0.0028273062941658773,-0.005330291726008195,0.003944814076869544,0.005490845208724915,0.0015361278650860974,-0.003494399353618,-0.011029655880742003
2024-07-26,-0.009488925029695656,-0.009782715228619813,-0.008739572593864441,0.005649427538101874,0.0020575874295685795,0.000131292819403253,-0.003411433791686138
2024-08-02,-0.01852203143010897,-0.013866902124143364,-0.00200325897495065,0.019894315330657192,-0.0004314870931838231,0.005413129306948695,-0.009630588246337411
2024-08-09,0.004699701187981797,0.00507191468044385,-0.005210940493494151,-0.007986921769668443,-0.010376268998165983,-0.0003100575106537517,0.003238362381749035
2024-08-16,0.003159805609304006,0.003721272790563778,-0.003194964594657947,0.006343285795307056,-0.0014176310988631034,-0.006141095436259062,-0.001570164072158712
2024-08-23,-0.010933745465218768,-0.011123035427681711,-0.01031743386837524,0.01043826712708525,0.0006440694948731427,-0.013475266904499114,-0.009474465820731047
2024-08-30,-0.005827899312287301,-0.004035100053984081,-0.008428189784038186,0.019267385031363573,0.01593032464810458,-0.009977209420127713,-0.0037370194312126136
2024-09-06,-0.0024480850197186863,-0.0022970938723674067,0.005366044451017689,0.0031495229591536264,0.0029455932512131304,-0.003519099137524842,-0.008110121265953377
2024-09-13,0.0014443695527236373,0.005464497950382267,0.0006895224233900767,-0.004248545144070801,-0.002310513717105204,0.0050288182642845985,0.01606318388918332
2024-09-20,0.0026063786784804137,0.003578547675255756,-0.002079597189633096,0.0010370971872568611,0.00023861647335978497,-0.006888084383649922,-0.0005782806700019156
2024-09-27,-0.00770276051437942,-0.014425416147292121,0.05192649952756722,0.00416897788862708,0.006567504797257335,-0.000650909882615765,0.00687902718603409
2024-10-04,0.01583272986143194,0.015324640650851042,,-0.017462633000385724,-0.021821317238842577,0.0068058515460388165,0.04757019699328338
2024-10-11,-0.005928347123965232,-0.007072192667410254,-0.003015519034714374,0.003322966108349066,0.012696904307324813,0.003581618282365,-0.011271022702410117
2024-10-18,-0.0018784652033036727,0.0014359953482497682,-0.016438616207219186,0.006897269269215417,-0.0024666560780387463,-0.0022544546902858896,0.0007503195207566993
2024-10-25,0.0061121207157620394,0.003294578038056976,-0.011532091911671144,-0.006132895195074386,-0.003216484928952699,-0.0041314181662700745,0.005026254439225908
2024-11-01,0.00039915604134873293,-0.0028239191499616393,-0.005381177434488969,-0.0005065690072614106,0.005067819873457177,0.0002013833597657248,-0.0005187119152655694
2024-11-08,0.005430338181525292,0.004813126719438934,-0.003543082533757853,0.003926974899716407,-0.0009588751603541182,0.007423468888724718,0.0022376182601743944
2024-11-15,0.008079635137795487,0.00889145472119661,0.0005993325526854006,-0.001321966072632806,-0.005524811306787003,0.008243590687585532,0.005471362846390313
2024-11-22,-0.0013690901346444398,0.002265869205565343,0.011313648581402842,0.007081453179940979,0.003414146214147314,-0.0013806062892767858,-0.0005385782027260307
2024-11-29,-0.005233778619773746,-0.0013194827413723015,-0.012671499728941,-0.008352417384554984,0.0062248914454288,0.005550894917183732,-0.0019553942476416893
2024-12-06,-0.0017551138313800878,-0.00256108539203239,-0.0008228040435269723,-0.0015358467387111185,0.00314250211703696,0.005096991869509459,-0.0036663876051161457
2024-12-13,0.0036431118059357752,0.001857830826899057,0.009801083618689836,0.0005571247849408738,-0.00497851815460818,0.007690442877255757,0.008162778716780204
2024-12-20,0.0033718700297424584,0.0023887321205521405,-0.008384158977647058,0.006123711888820513,-0.0013433786581544271,-0.0018892136522126294,-0.0023781693827802726
2024-12-27,-0.0006133508158595788,-0.005988761517748621,-0.001136652385801872,0.0020133916469905326,0.0020004131877567506,-0.002209526432924313,-0.006127184688307885
2025-01-03,-0.005892586888342523,0.002955165240526671,-0.004285723814430162,-0.00010634911650753118,0.0019033538758824193,0.024353398557122565,-0.005409910553431058
2025-01-10,0.0015051922760376869,-0.0011769007224830164,0.004528189461889792,-0.003888392045932265,-0.0021615310417469947,0.00013327602696220855,0.0004951313212936477
2025-01-17,-0.0074209919824662,-0.005439519837042024,-0.0020593793516191262,-0.005661085064458759,-0.0022151593727403095,0.0025793804729008943,-0.008672341173074825
2025-01-24,-0.0009329232625649467,-0.003197435876850331,0.0030768059202465367,-0.013364958845067812,-0.007180472431508618,0.0010777802837799062,-0.005367821368725952
2025-01-31,-0.00022172074165459135,0.002336387921915144,-0.0046615186420689,0.0031181234979626837,0.0004353687387217025,-0.007652065330796507,0.0017927422442729655
2025-02-07,-0.006398263928622955,-0.003926744144637008,-0.006088241745502589,-0.0009801706168216936,-0.003253363421288169,-0.000832096986895466,-0.0041027176566855355
2025-02-14,0.005333242643219482,0.004059254342797365,0.0019481943189412804,-0.001959329470693481,-0.005762519488864786,0.0015717273551095357,0.0032597080405494965
2025-02-21,-0.0016394917361572969,0.0028980059235513725,-0.0004194126416212028,-0.00026930968596801765,-0.00017169964840403067,-0.0035557987470010437,-4.08037106246361e-05
2025-02-28,0.00047311767006493247,-0.006398429537223041,0.0011432138160121568,0.0012320704742392388,0.001801836901419334,0.003095843607072339,-0.0056264127481078135
2025-03-07,0.009782294412203347,-0.00034315196432616545,0.0020303736424433236,0.014229328088436525,-0.010162424232403666,-0.007216204526605002,-0.001956401865433185
2025-03-14,0.00505786608262694,0.007850875448119523,-0.01046426864909518,-4.3548081741544865e-05,-0.0030332491570084314,-0.0019207614403546748,0.0019105385717064242
2025-03-21,0.009167278035147433,0.005131577466339641,0.012365545409668003,-0.0011316149717736832,0.0007392915302107176,-0.006720102057077682,0.006567787149764956
2025-03-28,0.0033225639198369646,0.00323335351822136,0.008519064403936773,-0.004543840845816395,0.004091827223239667,0.0021325459541661792,0.0026539781967737973
2025-04-04,-0.000282823455049002,-1.4300019665184192e-05,0.0006315715889792967,-0.003864613113386517,-0.004646187250636565,-0.01157979010460259,-0.0009350457542362099
2025-04-11,-0.019672273981311578,-0.022294184572868067,-0.0028491596526286117,-0.006283357783683743,0.0053378091991886,0.009008425066695799,-0.010575569484075665
2025-04-18,0.0084790869590927,0.018161121736605026,-0.011537238872962607,0.01006210450308526,-0.0010679623530417584,-0.007428547133925846,-0.001044813050062404
2025-04-25,0.007990720633579333,0.007878440458665568,0.003191226813201592,0.0050700736117283195,0.0046394016022038645,0.0057614121378625,-0.005339287075689474
2025-05-02,-0.0009960317124075805,-0.020807704338719132,0.002506288537258296,-0.01714116139690258,-0.005841835232440999,-0.00887466049604648,0.003859665803865555
2025-05-09,0.0007138360648914094,-0.010036257868642526,0.003758811938824173,0.002452722848483687,0.0033335294095794966,-0.0033822611646503265,-0.00265365270523576
2025-05-16,-0.0022322819037156392,-0.0018316226337626008,0.00361722322871297,-0.00430439231838053,-0.005877033290471044,-0.0027941898757110777,0.0007638336336729976
2025-05-23,0.0026724512882654646,0.0005714317027935216,0.001609443167369719,0.0012525077285763906,0.0008704942800446123,0.0026712338976330233,-0.0034489392893672136
2025-05-30,0.0017437389257827932,-0.0037648480005199802,0.000839161933025565,0.0030918291162544157,0.0008815825489696395,0.003965981005637303,-0.002225152648259654
2025-06-06,0.018530751236243093,0.016558708623489477,-0.0014457894522268287,0.00118277234523413,-0.001431719158635558,0.0001951127332588462,0.0022224851575569113
2025-06-13,0.0011068711158648964,0.007474215901557277,0.005961682519587538,0.005300405947027353,0.010732583863875284,0.002914891572828697,-0.005361097612574046
2025-06-20,0.002359992528955487,0.003440304362779571,0.002793961019781764,-0.0008986536282598863,0.00036436652514406346,-0.007862094678428383,0.0013899889943877945
2025-06-27,0.001072043642875868,0.004402849136138006,0.004039353099086902,0.0058572375563191795,0.009960006034403297,0.004436953832200371,-0.003156525013769674
2025-07-04,0.00528489343821648,0.004284414711304545,-0.0009339995850536146,0.001698011706643298,0.002006225063558292,0.0005372623641739992,0.0010081947408873662
2025-07-11,-0.00465807786809645,-0.0064940454849256105,0.0027192539876103473,-0.006380383851186733,-0.005693553489076274,0.014026237832463727,0.0016502201658775547
2025-07-18,1.5721029679832082e-05,0.005063533203122597,-0.0023882836747930207,0.001600643188848998,-0.00019018453798891582,-0.006724802453595052,0.0012628900990733995
2025-07-25,-0.003037941577910243,0.0007841782341684778,0.00018927105122093358,0.004629134498149829,0.004394849508450027,-0.008553397933161335,-0.00468483307509359
2025-08-01,-0.003848610527602202,-0.003577038659891218,0.00047132477208284006,-0.003249150208590985,-0.006631485089895462,0.009269697129977142,0.0022244313757025292
2025-08-08,0.01178713703371769,0.00791778141150198,0.005040125150866217,0.009295193467168584,0.0038243211946702447,-0.011645244092176241,0.001256960301299705
2025-08-15,0.003838173678202747,0.001933528644288974,0.004700323705753338,0.0019631634938354244,-9.167014271300693e-05,-0.0009986472215633242,0.0006186190593301505
2025-08-22,0.0011202763188144394,0.0017232291446781054,-0.0040910386416199715,-0.0026894828964979154,-0.002863691720380055,-0.0005680871431016639,0.0022354408790863133
2025-08-29,-0.01526361136240731,-0.006389501504106017,-0.004439900574270481,0.004632299657885939,-0.0013086185126615496,-0.009476163948111498,-0.0029488886549050974
2025-09-05,0.003727014535453649,0.0011354775987415253,0.002600446805655195,0.0018389075414239845,0.003473918302049909,-0.0017146236039739483,-0.0010302328767816489
2025-09-12,-0.002499501149521693,0.002591714637169886,-0.0026198175799705668,0.004842066914676114,0.002052390952336198,-0.003468543352728095,-0.0007716017482395822
2025-09-19,0.0023936064292289904,0.005999462882408153,-0.00280628794783122,0.006205240046825593,0.003441329635581039,-0.000844596090932486,0.003839833987216249
2025-09-26,0.0027560871694136796,0.003424670917805109,0.0026490168058091903,0.0031965514289324544,0.0012636963293892057,-0.00030750503847576496,0.0016398761898782951
2025-10-03,0.0022524964977560387,-0.00023685912443692202,1.975061018184738e-05,0.0033609015576336254,0.0022714978021814215,0.0049678630914046645,-0.00011817047037990664
2025-10-10,0.0027113550012341035,0.005431003706003246,0.0022722132337684156,-0.004384311988272216,-0.008682288939526746,0.00017653356341041323,0.012560833861926099
2025-10-17,0.006381293471959953,0.0021446451102882613,0.0009343873979526433,-0.0022002808025607334,0.0008865951885495115,0.004289542025767777,0.0005062429100282101
2025-10-24,0.003979054160861116,0.004932899597793068,0.0012826361876211246,0.004864239785354057,0.0006635320540968702,-0.01185194939628636,0.0035884530513413987
2025-10-31,-0.006302311397962282,-0.007161735965508604,-0.0017134916708764314,-0.0035492541713930763,-0.0010563945391482768,0.006984741972663118,-0.010256713920980206
2025-11-07,0.010950093603819466,0.002845256451788001,0.0010899212877600692,0.011942391386509285,0.00898738397434496,-0.005085420096085594,0.0021037000136503708
2025-11-14,0.002257952126128981,0.004809929341872091,-0.0012107811829145361,0.0065448415789791225,0.007481289345567647,0.0010580943627361947,0.0008143504495235175
2025-11-21,-0.008396778479251354,-0.003646729064878183,-0.012162154284566887,-0.003211914954243631,-0.009444248326114273,-0.0040095074521387915,-0.006696751359007206
2025-11-28,0.0012000577488593147,0.002840119409887275,0.005254502814819486,0.006178761074808478,0.007756205242545552,-0.009202441402356997,0.004342848087941012
2025-12-05,0.00039810720803698773,0.0006218364575812472,0.0037687332728871437,0.004923088227548369,0.007917264794399387,-0.008166595289682934,0.0041934482165023445
2025-12-12,0.0006686748684254832,-0.003989594532328892,0.010410675993613104,0.003925753872553416,0.0030485057299160265,-0.010966334959741204,0.0010682946239694091
2025-12-19,-0.008734305907930761,0.0001267715387379339,-0.0018886651311678816,-0.0028270222932330787,-0.008495148108870957,-0.00563590382010011,-0.009289402727776057
2025-12-26,-0.007274196336765245,-0.0046462711800539245,-0.004024144756779013,-0.0015363156772893046,0.0006400612704146665,0.004594566281802169,-0.0010874935372639377
2026-01-02,0.009340935416307268,0.0037506318217537197,0.0003105678940947961,-0.0013450478374119718,0.007939912461652281,0.009249801679634038,0.005639545301494506
2026-01-09,-0.0021081483008935993,-0.001386432013038846,0.0034071370413332634,0.005376752393820833,0.0033246270517551637,-0.002804315451936562,0.001651389172580323
2026-01-16,0.0038418027523704316,0.001591979742638433,0.013451486735035276,0.006692910195514887,0.009218224106043327,-0.0010774407965186302,0.008619691117114019
2026-01-23,-0.002257038240920829,-0.00043706565726196734,-0.019148239752280985,0.013543843705635435,0.01797598569238856,0.007703511970512119,-0.012159204717466968
2026-01-30,0.004665337827867474,-0.0013222765097383987,0.0034298036563240306,-0.002568022495418088,0.005681126676358649,-2.4649975776397207e-05,0.0036880524132223277
2026-02-06,0.008954033443082024,0.009327722559657832,0.020220918343062527,-0.0001653000981373372,0.00042591113645111355,-0.005919311392766794,0.014539782747071512
2026-02-13,-0.0019774284838394397,0.0003830475704114142,0.0024269501294435034,-0.004141782428220383,-0.004476615153445754,0.006652372901897093,-0.004207760906713881
2026-02-20,0.002610415766998694,0.007287848655489491,0.004033204630919639,0.0032458961755548596,0.0005054508117541082,-0.007397122671822174,0.004029011525180611
2026-02-27,0.00231772722961339,0.008069377131571591,0.00219478157459263,-0.0019475861099863222,-0.002734334693137388,0.00209006117837217,0.0022575146035178446
2026-03-06,-0.005280317361137366,-0.022474760337450196,0.016179353375002762,-0.01996320922822628,-0.02775564700285581,-0.008908940121031484,0.004699551343154094
2026-03-13,0.0034413132438419008,0.0002572342176554127,0.0009863730438562793,-0.0005586354862194829,-0.0014784773344181845,-0.002322124917182583,0.00367041449098271
2026-03-20,-0.01412367332054026,-0.010392734197353636,-0.020301271192960473,0.000960154760459251,0.0035687004304259186,0.005192796891889212,-0.010959573492768276
2026-03-27,0.0002894055252244712,-0.008676398417666577,-0.002521214412168943,0.002485036755931822,0.0063491362293290245,0.001840406113154233,-0.00010073151949965434
2026-04-03,0.01436390217843386,0.01887493966863802,-0.005848756006841377,-0.003099363024569909,0.004144598068442488,0.008564824976217265,0.011316184803682659
2026-04-10,-0.0021014872721550988,-0.00014673028237976088,0.006398111291248532,0.001829030262248114,0.02351721919649062,0.018593809118834476,-0.01569044656744905
2026-04-17,0.006899579716615565,0.004944228062767839,0.0030037298117837922,-0.005741529174337179,0.002475945943145873,-0.003391424085290987,0.006609581002451503
2026-04-24,-0.0007870285256233943,-0.002742972616515633,0.006560241429393374,0.004496146370215932,-0.000405992705604949,0.006174878121852615,-0.0009727620307558157
2026-05-01,-0.0028289866903893164,-0.0035343716981622196,0.005318978950852077,0.0041856617689646596,0.005862734520308308,-0.012583075554509073,-0.003528146309834716
2026-05-08,0.007101288867267177,0.004067391206454442,0.002582757687607449,0.010235730707740913,0.004405802668768415,-0.007749873219985133,0.007903565903015108
2026-05-15,-0.013178151528326715,-0.015834806054929755,-0.021921744961349063,-0.007887474252391221,0.004534729031814023,0.010035671524662148,-0.028428835530867492
2026-05-22,-0.0007616292473411389,0.0023819963158141087,-0.0016497894761276447,0.001224276931471257,0.0028343318841460626,-0.0019069975142502115,-0.0009401260371797724
2026-05-29,0.005771868139259892,4.244064770435856e-05,0.010534978319155095,0.006295637521184526,0.0020116000309744852,-0.001998026056745693,0.0026204004263699738
2026-06-05,-0.009194307466078242,-0.0026940959352496044,-0.009549405327205425,0.0014696117550068407,0.0032873248851358837,-0.008739206462307528,0.0008431556861112223
2026-06-12,0.008224792355764714,0.0046728686313372595,0.007778486776922625,-0.005705313652538573,-0.005970620630213234,0.013918124394714454,0.00338143340803753
2026-06-19,0.006586619857898132,0.004792741307965616,0.004359436169787987,0.0010743454856355797,-0.005626026256652119,-0.0005242377773413591,0.0058067312215987835
2026-06-26,0.0023987255790550296,0.0007926965389443234,0.006691423155988605,-0.002942776085683618,-0.0012904267101643172,-0.003189996487558372,0.0029655157454021295
2026-07-03,-0.00824113880390663,-0.0062800122847379404,-0.005871926809672454,0.002317598332176465,0.005969754824939647,0.0034307649730801197,-0.009177565387782152
2026-07-10,0.0015184401808987559,0.00131025356154209,-0.00013616531762668474,-0.0008857441993747323,-0.0010355606506871392,-0.0055698879998138315,0.0048805571634208626
2026-07-17,-0.0012268585166624404,0.0006349529688398615,0.007332226195717697,-0.006034213080725053,-0.0020059942124106933,-0.01400967300136606,0.00801009753774774
2026-07-24,0.002926306093448019,0.0033745975867259677,-0.00031199953466991975,0.004586742225089546,-0.0013189430373826208,-0.008227802730390957,0.0043659275075677625
